date,tenor_years,zero_bootstrap_gsw,zero_gsw,diff_bp
1961-06-30,2.0,0.03333323624486639,0.03333868309675769,-0.054468518912997865
1961-06-30,5.0,0.03780618476253528,0.0378061355420678,0.0004922046747957154
1961-07-31,2.0,0.03282159595538614,0.03283143834213509,-0.09842386748948329
1961-07-31,5.0,0.03863488465664977,0.038634635365694114,0.0024929095565617843
1961-08-31,2.0,0.03456797300513825,0.03457426093377958,-0.06287928641324214
1961-08-31,5.0,0.03957642851329202,0.03957502517290412,0.014033403878954687
1961-09-30,2.0,0.033799987624484995,0.0338089591772619,-0.0897155277690409
1961-09-30,5.0,0.03815128661809819,0.03815178253223306,-0.004959141348681584
1961-10-31,2.0,0.03291867856854114,0.03292646320553927,-0.07784636998131589
1961-10-31,5.0,0.037792538126725894,0.037792644150000054,-0.0010602327416009416
1961-11-30,2.0,0.033557836802504015,0.03356397548565093,-0.0613868314691679
1961-11-30,5.0,0.03854998949775257,0.03854947081738813,0.005186803644363636
1961-12-31,2.0,0.03479817958769482,0.03480396191557267,-0.057823278778457166
1961-12-31,5.0,0.03928446079003134,0.039283984913393466,0.004758766378731849
1962-01-31,2.0,0.03630112605303837,0.03631173387574371,-0.10607822705344105
1962-01-31,5.0,0.04012837418182169,0.04012926635347469,-0.00892171652999707
1962-02-28,2.0,0.03399278287717422,0.03399816352846141,-0.05380651287190119
1962-02-28,5.0,0.037717059187685864,0.037716888052108155,0.001711355777089807
1962-03-31,2.0,0.03209667226939317,0.03210251668628672,-0.058444168935523066
1962-03-31,5.0,0.036603683459886405,0.03660401499439736,-0.0033153451095557784
1962-04-30,2.0,0.032956129445677274,0.03296364922755912,-0.07519781881848431
1962-04-30,5.0,0.03654167749277737,0.03654285716168659,-0.011796689092236079
1962-05-31,2.0,0.03190961867757447,0.031914691120894734,-0.050724433202642416
1962-05-31,5.0,0.03668855751258082,0.03668902000878482,-0.004624962040011837
1962-06-30,2.0,0.0335871859604,0.03359084849836136,-0.03662537961357515
1962-06-30,5.0,0.03822975841943843,0.03822860860667032,0.0114981276810866
1962-07-31,2.0,0.03454189704434496,0.034548396900558,-0.06499856213038058
1962-07-31,5.0,0.03871192495220721,0.03871253588457946,-0.0061093237224696395
1962-08-31,2.0,0.03190155070522449,0.03190334012172302,-0.01789416498532148
1962-08-31,5.0,0.0371426682318865,0.037142152112682236,0.005161192042635321
1962-09-30,2.0,0.03121961210752322,0.031222508616353783,-0.02896508830563249
1962-09-30,5.0,0.03698915227842137,0.03698866643239018,0.004858460311840673
1962-10-31,2.0,0.031479363187380205,0.03148344091757793,-0.040777301977268365
1962-10-31,5.0,0.03686557819530112,0.036866308988982244,-0.007307936811251636
1962-11-30,2.0,0.032027245653717396,0.032030272038710894,-0.030263849934986098
1962-11-30,5.0,0.03667758689853118,0.03667761649228418,-0.00029593753003709367
1962-12-31,2.0,0.03225637883020349,0.032259408192275574,-0.030293620720822645
1962-12-31,5.0,0.03594227672210226,0.03594287255969375,-0.005958375914882907
1963-01-31,2.0,0.03205187858809566,0.03205504106246693,-0.03162474371265489
1963-01-31,5.0,0.03709686077151653,0.03709548176592792,0.01379005588608706
1963-02-28,2.0,0.03217777365284147,0.03218508819043775,-0.07314537596281312
1963-02-28,5.0,0.03745498558213245,0.037455416343138204,-0.004307610057541211
1963-03-31,2.0,0.032661249048478114,0.03266619853153774,-0.04949483059624171
1963-03-31,5.0,0.037560980468352545,0.03756124219263168,-0.0026172427913806473
1963-04-30,2.0,0.032643673552348984,0.03264864335538209,-0.04969803033105791
1963-04-30,5.0,0.037564568015250765,0.0375633173171912,0.012506980595627937
1963-05-31,2.0,0.033313316521603964,0.0333169832122624,-0.03666690658432614
1963-05-31,5.0,0.03801814444477736,0.03801683157250646,0.013128722708977136
1963-06-30,2.0,0.03349484995986107,0.03349886300626004,-0.04013046398965159
1963-06-30,5.0,0.03853207476428189,0.03853077709515751,0.012976691243782312
1963-07-31,2.0,0.03589647851423439,0.035898327973889144,-0.01849459654756913
1963-07-31,5.0,0.03911621244928609,0.03911459542947071,0.016170198153808713
1963-08-31,2.0,0.03666927919388652,0.03667346979011166,-0.04190596225139842
1963-08-31,5.0,0.03952032803872285,0.039519929156627276,0.003988820955758143
1963-09-30,2.0,0.036472294101351554,0.03647548406562029,-0.03189964268734968
1963-09-30,5.0,0.03971318339190533,0.03971225813340307,0.009252585022601068
1963-10-31,2.0,0.03727143340222483,0.03727491480478373,-0.03481402558902502
1963-10-31,5.0,0.04016381138487146,0.04016463134973236,-0.008199648608986365
1963-11-30,2.0,0.0377674111806201,0.037766699658203784,0.007115224163189993
1963-11-30,5.0,0.0401839667757935,0.04018231429876984,0.016524770236614472
1963-12-31,2.0,0.038887678402571346,0.038888093137313895,-0.004147347425487169
1963-12-31,5.0,0.04091084850919091,0.04090861500360843,0.022335055824829197
1964-01-31,2.0,0.0383333877987837,0.03833555166082947,-0.021638620457675728
1964-01-31,5.0,0.04094002465522251,0.04093880179114984,0.012228640726696938
1964-02-29,2.0,0.03980590590313238,0.0398027170347659,0.03188868366477138
1964-02-29,5.0,0.04145714948911561,0.04145419404709605,0.02955442019558774
1964-03-31,2.0,0.04079127095501134,0.04079932533684083,-0.0805438182949203
1964-03-31,5.0,0.04231147871645202,0.04231374827455103,-0.02269558099010638
1964-04-30,2.0,0.03933005486216534,0.03933595041176585,-0.05895549600509753
1964-04-30,5.0,0.04186544418119098,0.041865649710888464,-0.0020552969748344196
1964-05-31,2.0,0.03915380435189686,0.03916135663838438,-0.07552286487522153
1964-05-31,5.0,0.04125578912935546,0.04125633654728489,-0.005474179294306936
1964-06-30,2.0,0.038468011543360436,0.03847469794734493,-0.06686403984490497
1964-06-30,5.0,0.040728486699208366,0.040729594118065204,-0.011074188568382937
1964-07-31,2.0,0.03738261827018685,0.037386946545187705,-0.0432827500085331
1964-07-31,5.0,0.04061882772408043,0.04061928262770098,-0.004549036205503398
1964-08-31,2.0,0.03834542009749753,0.03834905011074086,-0.03630013243327568
1964-08-31,5.0,0.04099502064483174,0.04099501400416261,6.640669125701493e-05
1964-09-30,2.0,0.03896518094575541,0.038970168538607464,-0.04987592852057077
1964-09-30,5.0,0.040996294371083986,0.04099709599627266,-0.008016251886733272
1964-10-31,2.0,0.0390526264502733,0.03905640664142784,-0.0378019115454542
1964-10-31,5.0,0.040977405506480435,0.0409773172393475,0.0008826713293608179
1964-11-30,2.0,0.04090726334868089,0.04090653318846016,0.0073016022072991404
1964-11-30,5.0,0.04174433215787943,0.041742716817406045,0.016153404733820764
1964-12-31,2.0,0.03971182682947694,0.03970809929268837,0.03727536788566965
1964-12-31,5.0,0.041540467828422356,0.04153647217836931,0.03995650053045807
1965-01-31,2.0,0.03942577723173013,0.03942741599982891,-0.016387680987772768
1965-01-31,5.0,0.0410569281553097,0.041057475578831326,-0.005474235216240686
1965-02-28,2.0,0.04043386387174053,0.04043510931449501,-0.01245442754482795
1965-02-28,5.0,0.04158796114156749,0.04158855030392039,-0.005891623529041823
1965-03-31,2.0,0.04019742456766773,0.04019895734894274,-0.01532781275015438
1965-03-31,5.0,0.04188118009355146,0.041881277812844564,-0.000977192931017612
1965-04-30,2.0,0.04004605738006961,0.040046059340491436,-1.9604218248758798e-05
1965-04-30,5.0,0.041646148997760424,0.04164479760430018,0.013513934602471522
1965-05-31,2.0,0.04004416248895226,0.040041899164574346,0.022633243779157652
1965-05-31,5.0,0.0417113510195275,0.0417083398749738,0.030111445536995518
1965-06-30,2.0,0.039248151832928624,0.03924761061047555,0.005412224530765286
1965-06-30,5.0,0.04147481632651617,0.041472940391305446,0.01875935210726709
1965-07-31,2.0,0.0399245449172525,0.03992542099476726,-0.008760775147553801
1965-07-31,5.0,0.04188168387403657,0.041880235932087784,0.014479419487845036
1965-08-31,2.0,0.04111448685190977,0.04111265308722811,0.018337646816579678
1965-08-31,5.0,0.04252326399597384,0.04252014682949201,0.03117166481825251
1965-09-30,2.0,0.042640467338464605,0.042641086180871035,-0.006188424064301756
1965-09-30,5.0,0.04339383944220154,0.04339414486656601,-0.0030542436446623356
1965-10-31,2.0,0.042558672075784454,0.04255663567318191,0.020364026025454507
1965-10-31,5.0,0.044150335738643465,0.04414774745695804,0.025882816854227997
1965-11-30,2.0,0.04368275638278951,0.0436758993208195,0.06857061970011458
1965-11-30,5.0,0.04493929766546012,0.04493533174050257,0.0396592495754966
1965-12-31,2.0,0.04864280008353572,0.04864095790338774,0.018421801479817645
1965-12-31,5.0,0.04877096037652384,0.048769948673979435,0.010117025444067451
1966-01-31,2.0,0.04880034521121912,0.048800363443503025,-0.00018232283904850988
1966-01-31,5.0,0.04935810736865154,0.04935742432306611,0.006830455854256456
1966-02-28,2.0,0.050044533667190416,0.05003552822315638,0.09005444034038135
1966-02-28,5.0,0.05122759042485647,0.0512216877956051,0.05902629251375302
1966-03-31,2.0,0.048168645646169184,0.04817022380100333,-0.015781548341475826
1966-03-31,5.0,0.048756345540984514,0.04875631475326747,0.0003078771704245753
1966-04-30,2.0,0.04881633856665224,0.0488192420199518,-0.02903453299563097
1966-04-30,5.0,0.04920161345223417,0.0492021309162618,-0.005174640276273124
1966-05-31,2.0,0.05022351064620123,0.05022770230821383,-0.041916620125981296
1966-05-31,5.0,0.05013621976067939,0.05013843674735763,-0.022169866782384418
1966-06-30,2.0,0.05116693638331049,0.05117333271014202,-0.06396326831525911
1966-06-30,5.0,0.051575104570728,0.05157706078073132,-0.019562100033176932
1966-07-31,2.0,0.05248700521855709,0.052488120947481676,-0.011157289245833368
1966-07-31,5.0,0.053233650995759385,0.053232493153560156,0.011578421992286536
1966-08-31,2.0,0.057421175667467406,0.05741262033547723,0.08555331990178772
1966-08-31,5.0,0.05776021989768254,0.0577563352877406,0.03884609941939843
1966-09-30,2.0,0.05433394657130908,0.05432737040418312,0.06576167125960097
1966-09-30,5.0,0.054199094623127,0.05419664191558682,0.02452707540179233
1966-10-31,2.0,0.05321532628169745,0.053211428714342146,0.03897567355304332
1966-10-31,5.0,0.05289104330673622,0.052889195321379256,0.018479853569619564
1966-11-30,2.0,0.053640356442122616,0.053634904821679985,0.054516204426313664
1966-11-30,5.0,0.053676502894411726,0.0536738900343805,0.0261286003122585
1966-12-31,2.0,0.04849272987236364,0.048487867499405146,0.048623729584917896
1966-12-31,5.0,0.04832715719613967,0.04832536447425251,0.01792721887161619
1967-01-31,2.0,0.045774692598210764,0.04576952293324932,0.0516966496144633
1967-01-31,5.0,0.0467036710837776,0.04670067210857942,0.02998975198176268
1967-02-28,2.0,0.047084081126707256,0.04707441095693721,0.09670169770048531
1967-02-28,5.0,0.04784082077777008,0.047835910825365424,0.04909952404652529
1967-03-31,2.0,0.04191413127356447,0.041911492808016426,0.026384655480438113
1967-03-31,5.0,0.04428746840022768,0.04428453977157587,0.029286286518104276
1967-04-30,2.0,0.04309430995916408,0.04309681990609837,-0.025099469342926284
1967-04-30,5.0,0.04710694811366989,0.04710477655515399,0.021715585158954553
1967-05-31,2.0,0.044098694422022744,0.04410598238236685,-0.07287960344104505
1967-05-31,5.0,0.04745543403614061,0.047455615417528296,-0.0018138138768719614
1967-06-30,2.0,0.051267415563744256,0.05128476298910978,-0.17347425365521474
1967-06-30,5.0,0.05290280812658765,0.052908147497463975,-0.053393708763227465
1967-07-31,2.0,0.05061730432841016,0.050627915298526505,-0.106109701163426
1967-07-31,5.0,0.05119775506056623,0.05120171477328128,-0.039597127150514666
1967-08-31,2.0,0.052656594460166684,0.05266390114091757,-0.07306680750884809
1967-08-31,5.0,0.05366504365711111,0.0536665143429651,-0.014706858539881296
1967-09-30,2.0,0.05328516659136251,0.05329252911667859,-0.07362525316079171
1967-09-30,5.0,0.05395284035436476,0.05395525852404148,-0.02418169676721149
1967-10-31,2.0,0.055219402880720914,0.055226040102696716,-0.06637221975802632
1967-10-31,5.0,0.057215414155741495,0.057215959878084366,-0.00545722342870647
1967-11-30,2.0,0.05611953656806312,0.05611385847772188,0.05678090341243447
1967-11-30,5.0,0.05795580968206493,0.05795203831174045,0.03771370324479051
1967-12-31,2.0,0.05743206443493176,0.057431653933945226,0.004105009865362774
1967-12-31,5.0,0.05854588008786821,0.05854465737104442,0.012227168237899377
1968-01-31,2.0,0.05418493777529543,0.05419137094555482,-0.06433170259390053
1968-01-31,5.0,0.056015953317335,0.05601670047207863,-0.00747154743629963
1968-02-29,2.0,0.05543660621187674,0.05542866295356785,0.07943258308884538
1968-02-29,5.0,0.0566556217170211,0.056650500613390165,0.051211036309339875
1968-03-31,2.0,0.05694829650445099,0.05695485978318371,-0.06563278732718558
1968-03-31,5.0,0.05830316690017456,0.05830333670076571,-0.001698005911432432
1968-04-30,2.0,0.05780544225142781,0.057798646387368535,0.0679586405927246
1968-04-30,5.0,0.0596328280923768,0.05962810264330365,0.04725449073150756
1968-05-31,2.0,0.059193158843641625,0.059185270654732225,0.07888188909399574
1968-05-31,5.0,0.0593757285745562,0.05937170366799127,0.04024906564925601
1968-06-30,2.0,0.05675628601168525,0.056756170946880236,0.0011506480501743965
1968-06-30,5.0,0.05765654084102145,0.057656910865244715,-0.0037002422326182227
1968-07-31,2.0,0.05277004174391631,0.052771278334977634,-0.01236591061326564
1968-07-31,5.0,0.05459533828048868,0.05459731276215418,-0.0197448166550096
1968-08-31,2.0,0.051993330253490955,0.05198620383053876,0.07126422952197231
1968-08-31,5.0,0.055084457633101325,0.055078318797814996,0.0613883528632897
1968-09-30,2.0,0.05240693436517807,0.052400768058638025,0.06166306540045241
1968-09-30,5.0,0.05541672485835947,0.05541072081880616,0.06004039553308971
1968-10-31,2.0,0.053238926838472755,0.053230386690680476,0.0854014779227974
1968-10-31,5.0,0.05640293861532775,0.05639799131980627,0.04947295521473549
1968-11-30,2.0,0.05474258238402263,0.05472387203309004,0.18710350932593656
1968-11-30,5.0,0.05750684948897988,0.05749615923222673,0.10690256753154159
1968-12-31,2.0,0.062253106961941196,0.062225249849760855,0.27857112180340593
1968-12-31,5.0,0.06329321231402463,0.0632805633993232,0.12648914701429703
1969-01-31,2.0,0.061683152440692,0.06167091296385374,0.12239476838260543
1969-01-31,5.0,0.06254870027681925,0.06254184014382691,0.06860132992336787
1969-02-28,2.0,0.06534966336160775,0.06535065660817918,-0.00993246571434625
1969-02-28,5.0,0.06430309863177475,0.06430393146242919,-0.008328306544402864
1969-03-31,2.0,0.06287025569023141,0.06286809056562848,0.02165124602937496
1969-03-31,5.0,0.06341024509169513,0.0634113549521369,-0.011098604417725255
1969-04-30,2.0,0.06270468482419878,0.0627086723087118,-0.03987484513023887
1969-04-30,5.0,0.06321883557741859,0.0632199581344759,-0.01122557057309237
1969-05-31,2.0,0.06760720841482804,0.06762974530027921,-0.2253688545117427
1969-05-31,5.0,0.06650312149539284,0.06651358843850086,-0.10466943108022875
1969-06-30,2.0,0.07442117075814658,0.07444150892764667,-0.20338169500089265
1969-06-30,5.0,0.06946450538773097,0.06947941281477177,-0.1490742704080006
1969-07-31,2.0,0.07630936046157455,0.07631696984578018,-0.07609384205631287
1969-07-31,5.0,0.06946604831351588,0.06947192648508427,-0.058781715683853264
1969-08-31,2.0,0.07612324503050227,0.07612217410378475,0.010709267175279535
1969-08-31,5.0,0.07129537133172703,0.07129907409040626,-0.03702758679224871
1969-09-30,2.0,0.08199253641680149,0.08199655878639067,-0.04022369589185004
1969-09-30,5.0,0.07987362072531279,0.07987252309688864,0.010976284241515089
1969-10-31,2.0,0.07596850102694597,0.07596399577058377,0.0450525636219723
1969-10-31,5.0,0.07284768066215186,0.07284607454671121,0.016061154406443734
1969-11-30,2.0,0.07857938706555934,0.07856451041469703,0.14876650862305496
1969-11-30,5.0,0.07504066354904348,0.07503906451166897,0.015990373745111697
1969-12-31,2.0,0.0845322706610816,0.08452705721916298,0.052134419186167236
1969-12-31,5.0,0.08069882358445146,0.08069569954988598,0.03124034565482603
1970-01-31,2.0,0.083687954635147,0.08368904173864422,-0.010871034972215199
1970-01-31,5.0,0.08275853132161992,0.08275746979609999,0.010615255199297735
1970-02-28,2.0,0.07325726463656324,0.07326563938143882,-0.08374744875583318
1970-02-28,5.0,0.07401724890534944,0.0740150403082247,0.022085971247420844
1970-03-31,2.0,0.0716967463652225,0.07170624509615209,-0.09498730929591304
1970-03-31,5.0,0.07337486819714534,0.0733740446853921,0.008235117532340297
1970-04-30,2.0,0.07990653833621564,0.07992003853323681,-0.13500197021176774
1970-04-30,5.0,0.08094068396328757,0.08094212626096087,-0.014422976732930692
1970-05-31,2.0,0.08032474739506945,0.08034236982869114,-0.17622433621689026
1970-05-31,5.0,0.07932065028817403,0.07932516649430199,-0.04516206127958
1970-06-30,2.0,0.07821942909979174,0.07824206783365129,-0.22638733859547955
1970-06-30,5.0,0.07921709226648654,0.07922047703067325,-0.03384764186709077
1970-07-31,2.0,0.07548935613564423,0.0755121857790999,-0.22829643455679616
1970-07-31,5.0,0.0772610331055017,0.07726454565144891,-0.03512545947215173
1970-08-31,2.0,0.0734899723964968,0.07350822482706199,-0.1825243056519099
1970-08-31,5.0,0.07631865162352036,0.07632019880153318,-0.015471780128173407
1970-09-30,2.0,0.06976548129758808,0.0697778391994921,-0.12357901904014312
1970-09-30,5.0,0.0733672438601467,0.0733686778285858,-0.014339684391018181
1970-10-31,2.0,0.06884885906785287,0.06887746536946282,-0.28606301609945817
1970-10-31,5.0,0.07179048050247827,0.07179734399863369,-0.06863496155418147
1970-11-30,2.0,0.05539514675939916,0.055407554591393016,-0.12407831993854757
1970-11-30,5.0,0.06254570275443205,0.06254609031968794,-0.0038756525588823365
1970-12-31,2.0,0.05642620933871667,0.056446586745093175,-0.2037740637650387
1970-12-31,5.0,0.061973425504202595,0.061975656244443345,-0.022307402407495402
1971-01-31,2.0,0.04884548610445805,0.048863293353188064,-0.17807248730017378
1971-01-31,5.0,0.060236834996630906,0.06023650376863943,0.0033122799147911053
1971-02-28,2.0,0.04392188391310259,0.043938938789029436,-0.17054875926847402
1971-02-28,5.0,0.05647882361338041,0.05647828061810123,0.0054299527918466595
1971-03-31,2.0,0.04312262353681806,0.04313541520244346,-0.12791665625400128
1971-03-31,5.0,0.05237993877644653,0.052381825015300976,-0.018862388544427233
1971-04-30,2.0,0.05474438824839378,0.05476817136599488,-0.23783117601094972
1971-04-30,5.0,0.06205896679602074,0.06206061769535576,-0.016508993350150547
1971-05-31,2.0,0.05645924779255429,0.05647933709691011,-0.20089304355819237
1971-05-31,5.0,0.06363077285137586,0.06363256751927637,-0.017946679005120814
1971-06-30,2.0,0.0668412058133987,0.0668730640860491,-0.3185827265039798
1971-06-30,5.0,0.07001081802069153,0.07001856629409442,-0.0774827340288553
1971-07-31,2.0,0.06701938807049435,0.06704164334758578,-0.22255277091431935
1971-07-31,5.0,0.07095714770787787,0.0709605970651801,-0.03449357302232059
1971-08-31,2.0,0.05684998950794107,0.05686502243824343,-0.1503293030236108
1971-08-31,5.0,0.061753040299276085,0.06175372652475186,-0.006862254757766806
1971-08-31,10.0,0.06388752567391043,0.06388574219693743,0.017834769729940803
1971-09-30,2.0,0.05664011461232343,0.056653670569646986,-0.13555957323552192
1971-09-30,5.0,0.06104743553659131,0.06104789501160246,-0.004594750111497348
1971-09-30,10.0,0.06292899209336578,0.06292867577345285,0.0031631991292968564
1971-10-31,2.0,0.05108518026509401,0.05109554876156297,-0.10368496468959876
1971-10-31,5.0,0.0582905541891825,0.05828746226977377,0.0309191940872644
1971-10-31,10.0,0.061300507197863396,0.061296209270670365,0.04297927193031015
1971-11-30,2.0,0.05190683567858123,0.05191887886791546,-0.12043189334232096
1971-11-30,5.0,0.05902374821842571,0.05902322770492385,0.005205135018560014
1971-11-30,10.0,0.0627215562996235,0.06271929944857058,0.0225685105292861
1971-12-31,2.0,0.04906428778995031,0.04907833236907155,-0.14044579121241796
1971-12-31,5.0,0.05675135177268742,0.05675194393065053,-0.005921579631085194
1971-12-31,10.0,0.0614957394347968,0.06149362872503472,0.021107097620820525
1972-01-31,2.0,0.05040380653898602,0.050427264529463,-0.23457990476982715
1972-01-31,5.0,0.059405824041085964,0.059407722918239925,-0.01898877153960754
1972-01-31,10.0,0.0634649985452247,0.06346346338517561,0.015351600490820516
1972-02-29,2.0,0.04964852213307647,0.049670179433711326,-0.216573006348586
1972-02-29,5.0,0.05885016711420854,0.05885167983778805,-0.015127235795109328
1972-02-29,10.0,0.06329752608650141,0.06329438613649496,0.03139950006447734
1972-03-31,2.0,0.05726855438461409,0.05729631134435209,-0.27756959738001186
1972-03-31,5.0,0.06206613311523945,0.062071238354635794,-0.05105239396341332
1972-03-31,10.0,0.06373973307394865,0.06374106357436804,-0.013305004193941983
1972-04-30,2.0,0.05310480862407774,0.05312928142668838,-0.2447280261064222
1972-04-30,5.0,0.06045758554737701,0.060460237273989526,-0.026517266125125616
1972-04-30,10.0,0.06343297648850554,0.06343155995982785,0.01416528677689044
1972-05-31,2.0,0.05189207560004139,0.05190941164060825,-0.1733604056686211
1972-05-31,5.0,0.05938270756562658,0.05938335682082396,-0.00649255197382459
1972-05-31,10.0,0.06324769620814341,0.06324547571968075,0.022204884626564336
1972-06-30,2.0,0.05661551663786968,0.05663465097475373,-0.19134336884052416
1972-06-30,5.0,0.0613333960423168,0.06133547795687955,-0.02081914562745979
1972-06-30,10.0,0.06315680837196358,0.06315616685074543,0.0064152121814764484
1972-07-31,2.0,0.05544456941196185,0.055472991888313006,-0.28422476351153136
1972-07-31,5.0,0.06125779773217843,0.06126224833535154,-0.044506031731117446
1972-07-31,10.0,0.06334057045074015,0.06334010877812846,0.004616726116957182
1972-08-31,2.0,0.05888949645299757,0.05890674155673192,-0.17245103734353506
1972-08-31,5.0,0.06365977467049322,0.06366128598629683,-0.015113158036150764
1972-08-31,10.0,0.06561948842572685,0.06561915880350022,0.0032962222662469287
1972-09-30,2.0,0.059904373849982706,0.05992166028359214,-0.17286433609431384
1972-09-30,5.0,0.06393064474187149,0.06393255419945065,-0.019094575791633872
1972-09-30,10.0,0.06546618004294946,0.06546572069244161,0.004593505078531734
1972-10-31,2.0,0.060138430107937735,0.06015910932879587,-0.20679220858133007
1972-10-31,5.0,0.063666473860988,0.063669795310622,-0.033214496339972754
1972-10-31,10.0,0.06490190825144349,0.06490330328317806,-0.013950317345745589
1972-11-30,2.0,0.05860216339701485,0.05861875809055528,-0.16594693540428196
1972-11-30,5.0,0.06263797969991347,0.06263959848993528,-0.016187900218067597
1972-11-30,10.0,0.0641830266544603,0.06418260772982665,0.004189246336494534
1972-12-31,2.0,0.06097911765780806,0.060991660963382266,-0.12543305574208574
1972-12-31,5.0,0.06373623709965659,0.06373680861862363,-0.005715189670407739
1972-12-31,10.0,0.06477211972185848,0.06477126346020934,0.008562616491403219
1973-01-31,2.0,0.06479376927601921,0.06480320707726483,-0.09437801245626432
1973-01-31,5.0,0.06571805990917512,0.06571933171248068,-0.012718033055580946
1973-01-31,10.0,0.06598479508697563,0.06598579485191336,-0.009997649377258
1973-02-28,2.0,0.06818624829403963,0.0681946708451755,-0.08422551135867096
1973-02-28,5.0,0.06828350038530195,0.06828440296622285,-0.009025809208917934
1973-02-28,10.0,0.06715935909110593,0.06716009154375069,-0.0073245264475829686
1973-03-31,2.0,0.0710926491917998,0.07109233332023268,0.0031587156712475917
1973-03-31,5.0,0.06890695045447148,0.06890953217442353,-0.02581719952043926
1973-03-31,10.0,0.06802692379591968,0.06802911350222018,-0.021897063005038575
1973-04-30,2.0,0.06930997448040377,0.06931579498169449,-0.0582050129072087
1973-04-30,5.0,0.06843063642724512,0.06843397325231382,-0.033368250687004775
1973-04-30,10.0,0.06809387172205472,0.06809640145591911,-0.025297338643870404
1973-05-31,2.0,0.07055297567749497,0.0705794029492035,-0.2642727170854009
1973-05-31,5.0,0.06905525872471485,0.06906774249246017,-0.12483767745319341
1973-05-31,10.0,0.06855818428825766,0.06856433014865959,-0.06145860401929326
1973-06-30,2.0,0.07353935391956212,0.073560828018846,-0.2147409928388022
1973-06-30,5.0,0.0700976695820843,0.07011166195896479,-0.13992376880489488
1973-06-30,10.0,0.06895651166807193,0.06896404795070499,-0.07536282633058278
1973-07-31,2.0,0.0840043963078041,0.08400660914922731,-0.02212841423210321
1973-07-31,5.0,0.07792053084736783,0.07793265676279537,-0.12125915427541045
1973-07-31,10.0,0.07586719360664773,0.07587469446499018,-0.07500858342446293
1973-08-31,2.0,0.07922592756568658,0.07918702171444525,0.38905851241333167
1973-08-31,5.0,0.07293475660423843,0.07293405153183108,0.007050724073476289
1973-08-31,10.0,0.0722538039015721,0.07225509918829887,-0.012952867267657098
1973-09-30,2.0,0.07110949538978195,0.07108912004805279,0.2037534172916189
1973-09-30,5.0,0.06796574432871694,0.06796610164339167,-0.00357314674737097
1973-09-30,10.0,0.0699668068621222,0.06996827660329563,-0.014697411734321264
1973-10-31,2.0,0.06986087655233875,0.06984095795398981,0.19918598348933614
1973-10-31,5.0,0.06878766630125699,0.06878233950820856,0.05326793048432421
1973-10-31,10.0,0.06856792794005284,0.06856539871352418,0.025292265286580573
1973-11-30,2.0,0.07054355277679769,0.0704991125049117,0.44440271885992644
1973-11-30,5.0,0.06813757478810101,0.06812524044808299,0.12334340018016476
1973-11-30,10.0,0.06734017604667142,0.06733405281613081,0.061232305406111465
1973-12-31,2.0,0.07026815101622796,0.07024222354581866,0.25927470409303766
1973-12-31,5.0,0.06902955544582356,0.06902498063800322,0.04574807820345583
1973-12-31,10.0,0.06970056984485318,0.06969867856837064,0.018912764825351758
1974-01-31,2.0,0.06968568973308376,0.0696665880893732,0.19101643710550675
1974-01-31,5.0,0.07037110564553406,0.07036637884461805,0.04726800916010632
1974-01-31,10.0,0.0716050872398879,0.07160122303029781,0.03864209590087597
1974-02-28,2.0,0.07055656634576657,0.07052587531725796,0.30691028508611495
1974-02-28,5.0,0.070957298835292,0.07094453277670665,0.12766058585356177
1974-02-28,10.0,0.07121042731328697,0.07120373271556613,0.06694597720846573
1974-03-31,2.0,0.08037912677244008,0.08034020914611206,0.3891762632801665
1974-03-31,5.0,0.07723195145766981,0.07722361037648917,0.08341081180640586
1974-03-31,10.0,0.07618432508004425,0.07618136245102503,0.029626290192208415
1974-04-30,2.0,0.08672269852462566,0.08669176166434478,0.30936860280883494
1974-04-30,5.0,0.08184963185773153,0.08184725356357547,0.023782941560579474
1974-04-30,10.0,0.08005347690320863,0.08005395692078343,-0.004800175747998736
1974-05-31,2.0,0.08410436695988732,0.0840770718688355,0.2729509105181549
1974-05-31,5.0,0.08064285802686166,0.08063950483458471,0.03353192276955852
1974-05-31,10.0,0.07943777212844161,0.07943634271192801,0.014294165135986248
1974-06-30,2.0,0.08657527353915806,0.08656136647681278,0.13907062345275278
1974-06-30,5.0,0.08248438585674855,0.08248464929053889,-0.002634337903373307
1974-06-30,10.0,0.08022690199834259,0.08022893983503798,-0.020378366953899274
1974-07-31,2.0,0.08899730975376241,0.08899036898014145,0.06940773620955909
1974-07-31,5.0,0.08526718312823389,0.08526587168290156,0.013114453323304076
1974-07-31,10.0,0.07985801035557882,0.0798584848453372,-0.004744897583730534
1974-08-31,2.0,0.09192171728739029,0.09190295027642081,0.18767010969478193
1974-08-31,5.0,0.08607825538028657,0.08608447072320624,-0.062153429196687426
1974-08-31,10.0,0.08411449058454035,0.08412043581898354,-0.059452344431942805
1974-09-30,2.0,0.08296617897418423,0.08297620889690416,-0.10029922719922979
1974-09-30,5.0,0.08172079442525648,0.0817271751829034,-0.06380757646917701
1974-09-30,10.0,0.08129090145691897,0.08129565213457846,-0.047506776594818945
1974-10-31,2.0,0.0808112252229698,0.08081134017640101,-0.0011495343121836754
1974-10-31,5.0,0.08040045930616246,0.08039962949165957,0.008298145028895476
1974-10-31,10.0,0.07765487982543662,0.07765243070300354,0.02449122433079154
1974-11-30,2.0,0.07682013389878217,0.0768197272554163,0.004066433658689306
1974-11-30,5.0,0.07648426986187107,0.07648381190603204,0.004579558390283012
1974-11-30,10.0,0.0758392976973179,0.07583919118588023,0.001065114376697096
1974-12-31,2.0,0.07416491733195385,0.07415896796656374,0.05949365390112149
1974-12-31,5.0,0.07422544408187326,0.07422234521528415,0.030988665891129585
1974-12-31,10.0,0.07424512968323738,0.07424382987703426,0.012998062031144286
1975-01-31,2.0,0.06896818954544659,0.0689747376446328,-0.0654809918620991
1975-01-31,5.0,0.07380845893472521,0.07380348018464034,0.04978750084871919
1975-01-31,10.0,0.07551564138995537,0.07551111026745194,0.045311225034261327
1975-02-28,2.0,0.06479846722338722,0.06480107747298036,-0.026102495931379366
1975-02-28,5.0,0.0718139950791008,0.07180591841168327,0.08076667417533656
1975-02-28,10.0,0.07476980323739402,0.07476281497167592,0.0698826571809974
1975-03-31,2.0,0.06989234661514443,0.0699062202429046,-0.13873627760174756
1975-03-31,5.0,0.07536523496230907,0.0753616246126183,0.0361034969076357
1975-03-31,10.0,0.07728525167773292,0.07728070474082638,0.04546936906546506
1975-04-30,2.0,0.07690065231643484,0.07693603006619854,-0.35377749763698674
1975-04-30,5.0,0.08142280889090392,0.0814275782514684,-0.047693605644827386
1975-04-30,10.0,0.08293151500902018,0.08293180778256848,-0.002927735482938232
1975-05-31,2.0,0.07013245715089034,0.07016302855152712,-0.30571400636780766
1975-05-31,5.0,0.07730580016731303,0.0773065597879996,-0.0075962068657453585
1975-05-31,10.0,0.07989301327582976,0.07989088108582387,0.02132190005887935
1975-06-30,2.0,0.07393663818067431,0.07395597110542562,-0.19332924751314096
1975-06-30,5.0,0.07823150645672827,0.07823128546688474,0.002209898435356905
1975-06-30,10.0,0.07919381907288248,0.07919133847116577,0.0248060171670339
1975-07-31,2.0,0.07863010888149136,0.0786540349842797,-0.23926102788340842
1975-07-31,5.0,0.08086246292729227,0.08086538209444649,-0.02919167154225022
1975-07-31,10.0,0.08019435792544494,0.08019545325694777,-0.010953315028316979
1975-08-31,2.0,0.07980703901280783,0.07982824923106224,-0.21210218254408275
1975-08-31,5.0,0.08214815300227163,0.08215021320694404,-0.020602046724160772
1975-08-31,10.0,0.08223025554068242,0.08223137751655818,-0.011219758757619047
1975-09-30,2.0,0.08269759401251964,0.08272498755924218,-0.27393546722542794
1975-09-30,5.0,0.08518727236794144,0.08518990573072305,-0.02633362781612192
1975-09-30,10.0,0.08491517806046667,0.08491538741260474,-0.002093521380697183
1975-10-31,2.0,0.07169861315552284,0.07172017736789771,-0.21564212374869385
1975-10-31,5.0,0.07829687438157662,0.07829490298942576,0.019713921508568433
1975-10-31,10.0,0.08068657281264491,0.08068273127930126,0.03841533343651449
1975-11-30,2.0,0.07399714552542336,0.07402792856603768,-0.3078304061432391
1975-11-30,5.0,0.08018084641003242,0.08018357117231356,-0.027247622811366057
1975-11-30,10.0,0.08249855665393269,0.08249763918426956,0.009174696631308876
1975-12-31,2.0,0.0692082139528103,0.06923559930444645,-0.2738535163615552
1975-12-31,5.0,0.07643594485706884,0.07643752409731497,-0.01579240246130098
1975-12-31,10.0,0.07947510805629099,0.07947196469899698,0.0314335729401094
1976-01-31,2.0,0.0660972232137218,0.06612331588936549,-0.26092675643685226
1976-01-31,5.0,0.076047306843958,0.0760436200523329,0.03686791625101549
1976-01-31,10.0,0.07971135670705842,0.0797040761224912,0.07280584567226356
1976-02-29,2.0,0.06966881704084837,0.06969974826758407,-0.3093122673569759
1976-02-29,5.0,0.0760957714738697,0.07609849967637405,-0.02728202504354016
1976-02-29,10.0,0.07838008636692284,0.07837901327211738,0.010730948054593625
1976-03-31,2.0,0.06853293297789431,0.0685632615848637,-0.3032860696938755
1976-03-31,5.0,0.07536218554119656,0.07536485070233145,-0.026651611348960103
1976-03-31,10.0,0.07803564606194957,0.07803398719498689,0.016588669626838026
1976-04-30,2.0,0.0680051450536725,0.06803445366113792,-0.2930860746541697
1976-04-30,5.0,0.075014504073043,0.07501756394538517,-0.03059872342170422
1976-04-30,10.0,0.07784850188108394,0.07784642559954702,0.020762815369224086
1976-05-31,2.0,0.07463594041939348,0.0746671653376152,-0.31224918221717246
1976-05-31,5.0,0.07897626230933796,0.07897983769657846,-0.03575387240495331
1976-05-31,10.0,0.08031153883088171,0.08031320097848704,-0.01662147605330233
1976-06-30,2.0,0.07122927877392282,0.07125408047416681,-0.24801700243992642
1976-06-30,5.0,0.07715438115236584,0.0771557474267408,-0.013662743749698336
1976-06-30,10.0,0.07958066597566882,0.07957883771362906,0.018282620397602756
1976-07-31,2.0,0.06893694015327845,0.06896404795070499,-0.27107797426539904
1976-07-31,5.0,0.07628061738467462,0.07628252825381354,-0.01910869138921356
1976-07-31,10.0,0.07953064183406089,0.0795280987006326,0.025431334282899343
1976-08-31,2.0,0.0665243565953042,0.0665477174193918,-0.2336082408760376
1976-08-31,5.0,0.07434640976411355,0.07434803658247602,-0.016268183624656984
1976-08-31,10.0,0.07830180128133835,0.07829921617766411,0.025851036742352562
1976-09-30,2.0,0.06448631149274697,0.06450510391567343,-0.18792422926461327
1976-09-30,5.0,0.0725014612576429,0.07250281872671649,-0.013574690735929096
1976-09-30,10.0,0.07749906803389672,0.07749618242882517,0.028856050715564407
1976-10-31,2.0,0.06173589928030365,0.06175372652475186,-0.17827244448209711
1976-10-31,5.0,0.07025450630354868,0.07025506652955893,-0.005602260102488543
1976-10-31,10.0,0.07598103841916681,0.0759769074160026,0.04131003164209446
1976-11-30,2.0,0.05511417183690437,0.055126853516769714,-0.12681679865345075
1976-11-30,5.0,0.06372920126026016,0.06373148994787714,-0.022886876169803116
1976-11-30,10.0,0.07272506218030927,0.07272163161989309,0.03430560416184392
1976-12-31,2.0,0.05505466087495714,0.05506987820502718,-0.1521733007003867
1976-12-31,5.0,0.06386347381449076,0.06386340083093645,0.0007298355431117898
1976-12-31,10.0,0.06966741011414701,0.06966337909442255,0.04031019724459739
1977-01-31,2.0,0.06360554543180275,0.06362831299751526,-0.22767565712511484
1977-01-31,5.0,0.07121706901088554,0.07121872967280263,-0.01660661917091133
1977-01-31,10.0,0.07497999727783733,0.074976714054108,0.03283223729333429
1977-02-28,2.0,0.06281105687154387,0.06283514216552377,-0.24085293979903
1977-02-28,5.0,0.07149060121052675,0.07149192527982873,-0.01324069301977815
1977-02-28,10.0,0.0759660573615486,0.07596291980712588,0.03137554422716349
1977-03-31,2.0,0.06174683842335593,0.06176965295009773,-0.22814526741798957
1977-03-31,5.0,0.07115738926611126,0.07115767194537304,-0.002826792617760532
1977-03-31,10.0,0.07612693572217966,0.07612217410378475,0.04761618394910627
1977-04-30,2.0,0.062338985348326936,0.062361223383862185,-0.22238035535249168
1977-04-30,5.0,0.07126842788263144,0.07126907813627703,-0.006502536455954555
1977-04-30,10.0,0.07624962750628117,0.07624485902454015,0.047684817410242886
1977-05-31,2.0,0.06313500790402626,0.06315085108320062,-0.15843179174357402
1977-05-31,5.0,0.07062688870794931,0.07062758010631409,-0.006913983647827138
1977-05-31,10.0,0.07609481469055002,0.07609096701324058,0.03847677309432029
1977-06-30,2.0,0.061630856586759375,0.061644371522799,-0.13514936039626946
1977-06-30,5.0,0.06892604555817883,0.0689266348637596,-0.005893055807781877
1977-06-30,10.0,0.07444790151026481,0.07444473225700832,0.03169253256496418
1977-07-31,2.0,0.06621628990544681,0.06622993355174867,-0.13643646301852996
1977-07-31,5.0,0.07207916906420553,0.07207926377093044,-0.0009470672490685672
1977-07-31,10.0,0.07575350659020841,0.07574990023863726,0.036063515711504124
1977-08-31,2.0,0.06671655154958067,0.06672691248788243,-0.10360938301756661
1977-08-31,5.0,0.07136446508729222,0.07136549669207914,-0.010316047869274314
1977-08-31,10.0,0.07455620076710612,0.07455433120915012,0.0186955795600241
1977-09-30,2.0,0.06923267419313262,0.06923987625539763,-0.07202062265010412
1977-09-30,5.0,0.07283842781741123,0.07283856465047411,-0.0013683306288037045
1977-09-30,10.0,0.07539389377728756,0.07539173515965314,0.021586176344179364
1977-10-31,2.0,0.07292523202572743,0.07293512446641914,-0.09892440691716686
1977-10-31,5.0,0.0757613121856322,0.07576173355262306,-0.004213669908548212
1977-10-31,10.0,0.07706320851335158,0.0770620389530925,0.011695602590844345
1977-11-30,2.0,0.07189270634635547,0.0719013133834352,-0.08607037079721991
1977-11-30,5.0,0.07502599921143949,0.07502616412029739,-0.0016490885790254595
1977-11-30,10.0,0.07681481184924355,0.07681434317024016,0.004686790033847643
1977-12-31,2.0,0.07361734749351334,0.07362846448153748,-0.11116988024140184
1977-12-31,5.0,0.07750337640117033,0.07750372492850088,-0.0034852733055146246
1977-12-31,10.0,0.07987809746767272,0.07987684259562,0.012548720527139068
1978-01-31,2.0,0.07589257534218863,0.07590266757069508,-0.10092228506453083
1978-01-31,5.0,0.07938211361992509,0.07938237224406519,-0.002586241401036915
1978-01-31,10.0,0.08149647392269377,0.0814946288398668,0.018450828269678254
1978-02-28,2.0,0.07684967119420438,0.07686280090597375,-0.1312971176936628
1978-02-28,5.0,0.08050390148609998,0.08050443333862467,-0.005318525246877925
1978-02-28,10.0,0.08229718151817167,0.08229523105149239,0.01950466679279117
1978-03-31,2.0,0.0781528912168783,0.07816767169766692,-0.14780480788623152
1978-03-31,5.0,0.08142422298974106,0.08142541539847481,-0.011924087337522593
1978-03-31,10.0,0.08276344058692064,0.08276180083464135,0.016397522792921393
1978-04-30,2.0,0.07996303415934314,0.0799826757119324,-0.19641552589266809
1978-04-30,5.0,0.0825114300446832,0.08251495928505692,-0.035292403737230416
1978-04-30,10.0,0.08340081541924516,0.0834019021902539,-0.010867710087403282
1978-05-31,2.0,0.083043514174713,0.0830639335226242,-0.20419347911193597
1978-05-31,5.0,0.08442217082966708,0.08442728531947674,-0.05114489809665557
1978-05-31,10.0,0.08488021516404465,0.08488284043918926,-0.026252751446076417
1978-06-30,2.0,0.08660471426771776,0.08662221561709549,-0.17501349377724296
1978-06-30,5.0,0.08723631661836562,0.08724067959409676,-0.043629757311425266
1978-06-30,10.0,0.0874260619166003,0.08742878850261815,-0.02726586017853805
1978-07-31,2.0,0.08605614282853757,0.0860790403144287,-0.22897485891126834
1978-07-31,5.0,0.08651615814544789,0.08652442401837801,-0.08265872930124374
1978-07-31,10.0,0.08666300370902391,0.08666676804125428,-0.037643322303715365
1978-08-31,2.0,0.0858783785472852,0.08588573544989608,-0.07356902610888838
1978-08-31,5.0,0.08546128913167839,0.08546449351076246,-0.032043790840763364
1978-08-31,10.0,0.08527100204280891,0.08527346857059226,-0.024665277833513244
1978-09-30,2.0,0.0879817253085815,0.08797590277093792,0.058225376435849796
1978-09-30,5.0,0.08649547687764225,0.08649617475059546,-0.006978729532036709
1978-09-30,10.0,0.086000178011155,0.08600084543857545,-0.006674274204421238
1978-10-31,2.0,0.09610332469471095,0.09611268716836485,-0.09362473653906633
1978-10-31,5.0,0.09219154216525949,0.09220435708292296,-0.1281491766347287
1978-10-31,10.0,0.0908169815538531,0.09082468291333701,-0.07701359483913706
1978-11-30,2.0,0.09687547981022204,0.0968648784438717,0.10601366350337926
1978-11-30,5.0,0.09092278092368322,0.09093158897057374,-0.08808046890518284
1978-11-30,10.0,0.0888004689634665,0.08880743396512436,-0.06965001657865955
1978-12-31,2.0,0.10260041915769769,0.102588944093988,0.11475063709687205
1978-12-31,5.0,0.09485288644596301,0.09486383068843751,-0.10944242474497656
1978-12-31,10.0,0.0919185245544274,0.09192697240556935,-0.0844785114195723
1979-01-31,2.0,0.09772161749534836,0.09771747364476346,0.04143850584892306
1979-01-31,5.0,0.09159267540866023,0.09160380985215455,-0.11134443494320578
1979-01-31,10.0,0.08943529518461513,0.0894445726588915,-0.09277474276370157
1979-02-28,2.0,0.09949633791576407,0.09948952070149897,0.0681721426509796
1979-02-28,5.0,0.09419826519915664,0.09420710942610477,-0.08844226948134803
1979-02-28,10.0,0.09232924809895793,0.09233542946995899,-0.06181371001057201
1979-03-31,2.0,0.09821428914080133,0.09819947740777835,0.14811733022979112
1979-03-31,5.0,0.09361928674199627,0.09362295881176652,-0.036720697702552485
1979-03-31,10.0,0.09183197356754236,0.09183525439209772,-0.03280824555362827
1979-04-30,2.0,0.09970678260390176,0.09969404477249832,0.12737831403430988
1979-04-30,5.0,0.09532618824922312,0.09533034204017365,-0.04153790950534031
1979-04-30,10.0,0.09367400639706824,0.0936776413267586,-0.03634929690354838
1979-05-31,2.0,0.09606612625426592,0.09604692238009815,0.1920387416776137
1979-05-31,5.0,0.09233188403371151,0.09233324480128458,-0.013607675730664681
1979-05-31,10.0,0.09105258502408486,0.09105487120544264,-0.02286181357780137
1979-06-30,2.0,0.09065522561525219,0.0906261708861893,0.2905472906289397
1979-06-30,5.0,0.08895829285503054,0.08895116603251552,0.071268225150245
1979-06-30,10.0,0.08839628316711745,0.08839376574215785,0.02517424959602721
1979-07-31,2.0,0.09423555874737666,0.09420710942610477,0.2844932127188393
1979-07-31,5.0,0.09152226079408421,0.09151757655743631,0.04684236647900519
1979-07-31,10.0,0.09062322690042413,0.0906218083902306,0.014185101935293432
1979-08-31,2.0,0.09955843404006393,0.0995280035081687,0.3043053189522027
1979-08-31,5.0,0.09460943360852858,0.09460985174241476,-0.0041813388618194836
1979-08-31,10.0,0.09294448064410021,0.09294730862063383,-0.028279765336147733
1979-09-30,2.0,0.10295465235175238,0.10291866747946177,0.3598487229061753
1979-09-30,5.0,0.09702184115106038,0.09702393538259546,-0.02094231535076929
1979-09-30,10.0,0.09504716185238182,0.0950510684118544,-0.03906559472577342
1979-10-31,2.0,0.12364200107160017,0.12358222900433735,0.5977206726281992
1979-10-31,5.0,0.11287446053359251,0.1128752705269267,-0.0080999333418319
1979-10-31,10.0,0.10799732779797355,0.10800488814658049,-0.0756034860693866
1979-11-30,2.0,0.11230377291629501,0.11225445934839962,0.4931356789539265
1979-11-30,5.0,0.10517702671529161,0.10517754912104915,-0.0052240575754147756
1979-11-30,10.0,0.10453259101221724,0.10453783653477333,-0.0524552255609656
1979-12-31,2.0,0.11340214727105469,0.11334722968990207,0.5491758115261369
1979-12-31,5.0,0.10486701393469167,0.10486924759490712,-0.022336602154560126
1979-12-31,10.0,0.10474921415702987,0.10475545192298252,-0.062377659526546836
1980-01-31,2.0,0.11843486902513756,0.1183887126078571,0.46156417280451834
1980-01-31,5.0,0.11207517714856063,0.1120787370262517,-0.03559877691072799
1980-01-31,10.0,0.11400568196770644,0.11401209642900167,-0.06414461295234375
1980-02-29,2.0,0.14954368955785613,0.14953556007836522,0.08129479490914804
1980-02-29,5.0,0.13222414913689629,0.13225814831831761,-0.33999181421329183
1980-02-29,10.0,0.12758054626696103,0.12761073451237648,-0.30188245415452286
1980-03-31,2.0,0.15011907848753459,0.15002076645606333,0.9831203147125933
1980-03-31,5.0,0.1285826728569992,0.128600082892397,-0.1741003539779129
1980-03-31,10.0,0.12649258718479617,0.12652424153805963,-0.31654353263466106
1980-04-30,2.0,0.10755643640828438,0.10751968827210168,0.36748136182707114
1980-04-30,5.0,0.10695396687843006,0.10695389028509217,0.0007659333789433731
1980-04-30,10.0,0.11116534594620187,0.11116165041844672,0.036955277551431465
1980-05-31,2.0,0.09376835159192409,0.0937924835082069,-0.24131916282810195
1980-05-31,5.0,0.09868737972202801,0.09869817316589291,-0.10793443864898222
1980-05-31,10.0,0.10659044892322078,0.10659086894783254,-0.0042002461175805195
1980-06-30,2.0,0.09273665408100618,0.0927582450907094,-0.21591009703225694
1980-06-30,5.0,0.09799051622010646,0.09799193731970446,-0.014210995979979657
1980-06-30,10.0,0.10291362292297723,0.10291425581361535,-0.006328906381192212
1980-07-31,2.0,0.0996824893450261,0.09971273973016603,-0.3025038513992939
1980-07-31,5.0,0.10466661473478611,0.10466707502195205,-0.004602871659376007
1980-07-31,10.0,0.11002864676720159,0.11003217345635696,-0.03526689155375351
1980-08-31,2.0,0.11906230292302267,0.11907785228805357,-0.15549365030897988
1980-08-31,5.0,0.11845685641880377,0.11845358103435455,0.03275384449219487
1980-08-31,10.0,0.11623084265777606,0.11623565269813652,-0.04810040360458956
1980-09-30,2.0,0.1248717289509107,0.12487059232995934,0.011366209513585801
1980-09-30,5.0,0.12080785383206583,0.12081376794619025,-0.05914114124427883
1980-09-30,10.0,0.1220323102477785,0.1220428532515736,-0.10543003795104866
1980-10-31,2.0,0.13375580987907432,0.1337333085483463,0.2250133072800864
1980-10-31,5.0,0.1293883904674007,0.12939376769819244,-0.05377230791747678
1980-10-31,10.0,0.12788672214252905,0.12789267243677682,-0.05950294247769605
1980-11-30,2.0,0.141923027479119,0.14181602579153307,1.070016875859281
1980-11-30,5.0,0.13215805885935406,0.13214492816458767,0.131306947663834
1980-11-30,10.0,0.12795531781851643,0.127956964151402,-0.01646332885574253
1980-12-31,2.0,0.1308710614569324,0.1307475922108603,1.234692460720943
1980-12-31,5.0,0.12751003029575303,0.12747655681870063,0.33473477052403666
1980-12-31,10.0,0.12572313543272662,0.12571005887392706,0.13076558799562932
1981-01-31,2.0,0.13469827453421246,0.13455442867335288,1.4384586085958162
1981-01-31,5.0,0.12940356039633083,0.12937118004871584,0.3238034761499087
1981-01-31,10.0,0.12789974791113656,0.12788703298751325,0.12714923623313723
1981-02-28,2.0,0.14099035660828219,0.14087441603768558,1.1594057059660656
1981-02-28,5.0,0.13784887355610076,0.1378152769626675,0.33596593433271593
1981-02-28,10.0,0.13681088268642339,0.13679852466106035,0.12358025363035097
1981-03-31,2.0,0.13570862573093478,0.13570317892475714,0.05446806177644703
1981-03-31,5.0,0.136696647136326,0.1366905339308584,0.061132054676171776
1981-03-31,10.0,0.13702494660344477,0.13702022198815622,0.04724615288553835
1981-04-30,2.0,0.15060223506776382,0.15054414496438207,0.5809010338175824
1981-04-30,5.0,0.14585119192861962,0.1458388627664271,0.12329162192514787
1981-04-30,10.0,0.14296879034486398,0.142969842556965,-0.010522121010048124
1981-05-31,2.0,0.14919304953884116,0.1490540055714067,1.3904396743447123
1981-05-31,5.0,0.13977346958177517,0.13974322977812426,0.30239803650911057
1981-05-31,10.0,0.13542130425286403,0.1354170177814864,0.04286471377623613
1981-06-30,2.0,0.14866017781050367,0.1485841385774782,0.7603923302546001
1981-06-30,5.0,0.14248534763408682,0.14246933138587337,0.16016248213457374
1981-06-30,10.0,0.13947817069031698,0.13947656106381245,0.016096265045284497
1981-07-31,2.0,0.16174501411977737,0.16167856737023945,0.6644674953792951
1981-07-31,5.0,0.1527902810081665,0.15278067265939832,0.0960834876817529
1981-07-31,10.0,0.14614384003086967,0.14615171947896055,-0.07879448090886143
1981-08-31,2.0,0.16998855383493217,0.16995817464030005,0.30379194632113027
1981-08-31,5.0,0.16000171943590757,0.16001507416074623,-0.1335472483865452
1981-08-31,10.0,0.15544989562419964,0.1554686277547208,-0.1873213052117073
1981-09-30,2.0,0.17091199131925627,0.1709495490019941,-0.3755768273783211
1981-09-30,5.0,0.1638803491069496,0.16389949374342283,-0.19144636473233945
1981-09-30,10.0,0.1605600888914469,0.16058129966472268,-0.21210773275770478
1981-10-31,2.0,0.1506878856028857,0.15068567059786075,0.02215005024952532
1981-10-31,5.0,0.1515400187930045,0.15153979620685787,0.002225861466254031
1981-10-31,10.0,0.15190429171713649,0.15190028457655735,0.04007140579131985
1981-11-30,2.0,0.1262933519237004,0.12634401207815493,-0.5066015445454042
1981-11-30,5.0,0.1310077508283165,0.13100995608528576,-0.022052569692565527
1981-11-30,10.0,0.13308304192040898,0.13308386544576623,-0.008235253572408396
1981-12-31,2.0,0.1438429451824612,0.14390746219937722,-0.6451701691601031
1981-12-31,5.0,0.14422707442828941,0.14425297442268104,-0.25899994391620496
1981-12-31,10.0,0.14467374570195357,0.14468558380503516,-0.11838103081585061
1982-01-31,2.0,0.14741523919127553,0.1474280965147996,-0.1285732352407365
1982-01-31,5.0,0.14619308703831146,0.14619985886209852,-0.06771823787055098
1982-01-31,10.0,0.14626507911532505,0.14626977918603723,-0.0470007071218248
1982-02-28,2.0,0.1469562313825714,0.1469738049442475,-0.1757356167608748
1982-02-28,5.0,0.14374888354895288,0.14375533262374574,-0.06449074792858056
1982-02-28,10.0,0.1435548582949524,0.14356548499631927,-0.10626701366867053
1982-03-31,2.0,0.14848460856257328,0.14848536458890305,-0.007560263297623493
1982-03-31,5.0,0.1466873669300761,0.14668480396105466,0.02562969021457917
1982-03-31,10.0,0.14306256253571092,0.1430647129909659,-0.021504552549789224
1982-04-30,2.0,0.1436949695528773,0.14371072703558796,-0.15757482710654358
1982-04-30,5.0,0.14162114498572653,0.14162421681160553,-0.030718258789974584
1982-04-30,10.0,0.1390351956810003,0.1390413641453896,-0.06168464389277872
1982-05-31,2.0,0.1393837117829415,0.13943212234449165,-0.48410561550138453
1982-05-31,5.0,0.1400231988828997,0.1400350413952407,-0.11842512340987099
1982-05-31,10.0,0.13964973778315604,0.13965661258415607,-0.06874801000034125
1982-06-30,2.0,0.1517201908753425,0.1517413333051758,-0.21142429833309606
1982-06-30,5.0,0.14890058133327622,0.14890463825976807,-0.040569264918577375
1982-06-30,10.0,0.14558244690852873,0.14559024270945864,-0.07795800929910612
1982-07-31,2.0,0.1369573953581953,0.13704751080094835,-0.9011544275305816
1982-07-31,5.0,0.13934659333777155,0.13937515216264074,-0.2855882486918482
1982-07-31,10.0,0.1401600174080937,0.14017299398121263,-0.12976573118939072
1982-08-31,2.0,0.12486459935309635,0.1250022098887391,-1.376105356427626
1982-08-31,5.0,0.12878378244832267,0.12882695430887203,-0.43171860549362506
1982-08-31,10.0,0.1300761787439868,0.13009533904328952,-0.19160299302711792
1982-09-30,2.0,0.11687241719014141,0.11698489816483915,-1.1248097469773732
1982-09-30,5.0,0.12160747776592795,0.12164011216360704,-0.3263439767908771
1982-09-30,10.0,0.12318253333044482,0.12319578319005076,-0.13249859605934944
1982-10-31,2.0,0.10518303229740855,0.10522507277741266,-0.4204048000411298
1982-10-31,5.0,0.11084364045816164,0.11084501447084327,-0.013740126816319531
1982-10-31,10.0,0.1127316720101732,0.11272949341509708,0.02178595076118839
1982-11-30,2.0,0.10322101032911779,0.10326172852827598,-0.40718199158185087
1982-11-30,5.0,0.11173044865343695,0.1117295991203453,0.008495330916513666
1982-11-30,10.0,0.1144406474833104,0.11443438703256259,0.06260450747808122
1982-12-31,2.0,0.09876471036042034,0.09880255445037611,-0.3784408995577415
1982-12-31,5.0,0.10828366237844578,0.10828192399665548,0.017383817902949517
1982-12-31,10.0,0.11060404260586898,0.11059510245874304,0.08940147125935383
1983-01-31,2.0,0.09994330885838254,0.0999833023419765,-0.399934835939586
1983-01-31,5.0,0.110867671432608,0.11086723159330303,0.004398393049775962
1983-01-31,10.0,0.11533952565522365,0.11532852191112308,0.11003744100568369
1983-02-28,2.0,0.09633183376212284,0.09636811118021682,-0.3627741809397733
1983-02-28,5.0,0.10564096812086188,0.10563960990055699,0.013582203048922992
1983-02-28,10.0,0.10910546398011522,0.10909902884079048,0.06435139324745265
1983-03-31,2.0,0.10136880256280678,0.10139768943457028,-0.28886871763500466
1983-03-31,5.0,0.10895424230177642,0.10895374638422117,0.0049591755524325265
1983-03-31,10.0,0.1119842378739968,0.11197643048861816,0.07807385378644227
1983-04-30,2.0,0.09640327514733538,0.09643389524038981,-0.3062009305443425
1983-04-30,5.0,0.1050631102051991,0.10506261663253369,0.004935726654053951
1983-04-30,10.0,0.10858615867443522,0.10857787477803371,0.08283896401506397
1983-05-31,2.0,0.10234006297486942,0.10237506258601092,-0.3499961114150629
1983-05-31,5.0,0.11090162045411645,0.1109005581101461,0.010623439703483228
1983-05-31,10.0,0.11376620687335026,0.11375924438290519,0.06962490445072689
1983-06-30,2.0,0.10526549503859783,0.10529580944561978,-0.3031440702194743
1983-06-30,5.0,0.11284130270873072,0.11283965908805604,0.0164362067467394
1983-06-30,10.0,0.11525049522144593,0.11524264492124248,0.07850300203449123
1983-07-31,2.0,0.1133941139507153,0.11343630103108349,-0.42187080368183416
1983-07-31,5.0,0.12107158219775993,0.12107158476061497,-2.562855039300871e-05
1983-07-31,10.0,0.12401769882720304,0.12401039539410563,0.07303433097405332
1983-08-31,2.0,0.11487662381580299,0.11492261620846711,-0.4599239266411814
1983-08-31,5.0,0.12235238001954785,0.12235370217251229,-0.013221529644447116
1983-08-31,10.0,0.12538875609639133,0.12538365028838627,0.05105808005057
1983-09-30,2.0,0.10804319337969082,0.10808577545576603,-0.42582076075214914
1983-09-30,5.0,0.11700178384511939,0.11700165306397303,0.001307811463568953
1983-09-30,10.0,0.12018872681697479,0.12018180721074812,0.06919606226674091
1983-10-31,2.0,0.10839732992506668,0.1084481787540501,-0.5084882898342968
1983-10-31,5.0,0.11886626958053093,0.11886524769419493,0.010218863359945374
1983-10-31,10.0,0.12301701249532537,0.1230082251557898,0.08787339535576422
1983-11-30,2.0,0.1087710653074696,0.10881180938884549,-0.40744081375887475
1983-11-30,5.0,0.1182877649118721,0.11828358900975844,0.04175902113656704
1983-11-30,10.0,0.12126941303866268,0.12125994060830303,0.09472430359647177
1983-12-31,2.0,0.11122373430951127,0.11126832705728362,-0.44592747772354
1983-12-31,5.0,0.1201936462296378,0.12019300908482955,0.006371448082465037
1983-12-31,10.0,0.12350326059587502,0.1234945930083231,0.08667587551913769
1984-01-31,2.0,0.10818294675062057,0.10822097016708132,-0.3802341646075291
1984-01-31,5.0,0.11810750042539508,0.1181035598446647,0.03940580730388277
1984-01-31,10.0,0.1216745981825933,0.12166366685328578,0.10931329307517501
1984-02-29,2.0,0.11259303992933956,0.11263825333753119,-0.4521340819163555
1984-02-29,5.0,0.12220523941153583,0.1222044390563406,0.008003551952295851
1984-02-29,10.0,0.12562815522946158,0.12561888005195043,0.09275177511147703
1984-03-31,2.0,0.11877882008172147,0.1188216128004207,-0.42792718699224963
1984-03-31,5.0,0.12762134701317573,0.12761975543433612,0.015915788396103636
1984-03-31,10.0,0.13025956020939367,0.13024791221251752,0.1164799687614071
1984-04-30,2.0,0.1207621117452129,0.1208126471329829,-0.50535387770001
1984-04-30,5.0,0.13071388553935348,0.13071140886684596,0.024766725075231477
1984-04-30,10.0,0.13360759335212835,0.13359613511717194,0.11458234956407409
1984-05-31,2.0,0.13368876958687448,0.13379113042152735,-1.0236083465287038
1984-05-31,5.0,0.14202327744645982,0.1420444118345343,-0.21134388074495192
1984-05-31,10.0,0.14531315489219132,0.14531533404156805,-0.021791493767242542
1984-06-30,2.0,0.13583911736901588,0.13593488600657655,-0.95768637560667
1984-06-30,5.0,0.1420828564237384,0.14210037338176096,-0.1751695802254538
1984-06-30,10.0,0.14412588806726956,0.14412940177448652,-0.03513707216962203
1984-07-31,2.0,0.12917472965870314,0.12924018058994569,-0.6545093124254997
1984-07-31,5.0,0.13263014892663638,0.132646579475326,-0.16430548689605473
1984-07-31,10.0,0.1342266330394022,0.1342311267338956,-0.044936944934015344
1984-08-31,2.0,0.12885558959270682,0.12890033044560067,-0.4474085289385421
1984-08-31,5.0,0.13228988451825052,0.13229211657228834,-0.022320540378206744
1984-08-31,10.0,0.13216143485109222,0.1321619104658771,-0.004756147848894443
1984-09-30,2.0,0.12414592010858216,0.12419137563628269,-0.4545552770052197
1984-09-30,5.0,0.12899885599405003,0.12899854904679664,0.00306947253392309
1984-09-30,10.0,0.1284851754275258,0.12848158610488358,0.035893226422167857
1984-10-31,2.0,0.11438603573732342,0.11443215816601748,-0.46122428694062023
1984-10-31,5.0,0.12037592242902284,0.12037785618079444,-0.01933751771598935
1984-10-31,10.0,0.12161912908927874,0.12161655796857151,0.02571120707228758
1984-11-30,2.0,0.10788673740580768,0.10794173366787585,-0.5499626206817432
1984-11-30,5.0,0.11822260342335844,0.11822096688220984,0.01636541148597459
1984-11-30,10.0,0.12093177075612571,0.12092361307777266,0.08157678353049036
1984-12-31,2.0,0.10461099342494018,0.10467149369908935,-0.605002741491667
1984-12-31,5.0,0.11690325002825963,0.11690336124340694,-0.0011121514731371462
1984-12-31,10.0,0.12163127379970295,0.12161992282329281,0.1135097641014049
1985-01-31,2.0,0.102116620647688,0.10216673338691162,-0.5011273922361781
1985-01-31,5.0,0.11337487252153777,0.11337283697066769,0.020355508700831138
1985-01-31,10.0,0.11671421671214977,0.11670568684316751,0.08529868982254385
1985-02-28,2.0,0.10983938994965459,0.10989120832180332,-0.5181837214873752
1985-02-28,5.0,0.12111467613107596,0.12111306517663412,0.016109544418441146
1985-02-28,10.0,0.1251572903939846,0.12514621938801618,0.11071005968421588
1985-03-31,2.0,0.10806285487699219,0.10811901852767325,-0.5616365068106255
1985-03-31,5.0,0.1186318056413238,0.11863254792428957,-0.00742282965759955
1985-03-31,10.0,0.12303609293409878,0.12302843948577102,0.0765344832776016
1985-04-30,2.0,0.10329739616995126,0.10335440640588867,-0.5701023593740473
1985-04-30,5.0,0.11533661652120042,0.11533744457498907,-0.008280537886484751
1985-04-30,10.0,0.12126075550195026,0.12125209181618968,0.08663685760579298
1985-05-31,2.0,0.09229682139554374,0.09234416818834945,-0.47346792805713633
1985-05-31,5.0,0.10354800561770316,0.10354861387117187,-0.006082534687035235
1985-05-31,10.0,0.10893781735499664,0.10893156753108268,0.062498239139507916
1985-06-30,2.0,0.08981523879522335,0.08986299970764433,-0.47760912420979906
1985-06-30,5.0,0.103443191536857,0.10344267828922948,0.0051324762750937225
1985-06-30,10.0,0.10897740177134185,0.10896705390902262,0.10347862319237677
1985-07-31,2.0,0.0934735015443513,0.09351906956549683,-0.45568021145525606
1985-07-31,5.0,0.10663885036842413,0.10663734674035519,0.015036280689439963
1985-07-31,10.0,0.11258295647981109,0.11257149704503977,0.11459434771321497
1985-08-31,2.0,0.09158584541052606,0.09163546682166412,-0.4962141113806773
1985-08-31,5.0,0.10385619490067843,0.1038565468891004,-0.0035198842196493274
1985-08-31,10.0,0.10924429552581483,0.1092376748845929,0.0662064122192163
1985-09-30,2.0,0.09163243983048064,0.09168022479333615,-0.477849628555127
1985-09-30,5.0,0.10347193080076633,0.10347357511677502,-0.016443160086865305
1985-09-30,10.0,0.11017073560872781,0.11016316498117273,0.0757062755507576
1985-10-31,2.0,0.08958940350716227,0.0896254354691508,-0.3603196198853631
1985-10-31,5.0,0.10037097090294367,0.10037276536189288,-0.01794458949211375
1985-10-31,10.0,0.106940348516114,0.10693285836098054,0.07490155133460519
1985-11-30,2.0,0.08667264860136381,0.08670262863629619,-0.2998003493237533
1985-11-30,5.0,0.09638995275904505,0.09639113515230258,-0.011823932575261153
1985-11-30,10.0,0.10290021545630146,0.10289440353568158,0.0581192061988034
1985-11-30,30.0,0.11242157487778615,0.11240907346368112,0.12501414105026143
1985-12-31,2.0,0.08258016662562939,0.08259723354834514,-0.17066922715747168
1985-12-31,5.0,0.08957341636579863,0.0895753138519253,-0.018974861266674026
1985-12-31,10.0,0.09616020175500206,0.09615653255275336,0.036692022487017084
1985-12-31,30.0,0.10787474028754107,0.10786528832564746,0.0945196189361397
1986-01-31,2.0,0.08264011944822469,0.08265894334936985,-0.18823901145159638
1986-01-31,5.0,0.09033293378256557,0.09033610290548522,-0.03169122919643996
1986-01-31,10.0,0.09749625763568193,0.09749136713496265,0.048905007192789895
1986-01-31,30.0,0.10695174987878953,0.10694282080153683,0.08929077252695095
1986-02-28,2.0,0.07946077107326266,0.07947304417150147,-0.12273098238813063
1986-02-28,5.0,0.08286252402114047,0.08286250236466741,0.00021656473059294967
1986-02-28,10.0,0.08568406995554456,0.08568269380235272,0.01376153191845475
1986-02-28,30.0,0.09209796538366732,0.09209186582754247,0.06099556124850025
1986-03-31,2.0,0.07259768331408156,0.07260685654588572,-0.09173231804160409
1986-03-31,5.0,0.07575518861605635,0.07575527900158541,-0.000903855290612654
1986-03-31,10.0,0.07798306662429955,0.07798224280547683,0.008238188227149834
1986-03-31,30.0,0.08108576645507215,0.08108373895493015,0.02027500141998928
1986-04-30,2.0,0.07175785068961393,0.0717737647164387,-0.1591402682477039
1986-04-30,5.0,0.07616481057415236,0.07616629601741587,-0.014854432635047488
1986-04-30,10.0,0.07860653508798676,0.07860549664482619,0.010384431605725553
1986-04-30,30.0,0.08338468490254991,0.08338456789849347,0.0011700405644354817
1986-05-31,2.0,0.07698367375788284,0.07701141822685798,-0.2774446897513272
1986-05-31,5.0,0.08378681952369527,0.08378766192859288,-0.008424048976163334
1986-05-31,10.0,0.08642968082949509,0.08642664122050814,0.03039608986954434
1986-05-31,30.0,0.09089006997133131,0.09088904346824656,0.010265030847556034
1986-06-30,2.0,0.07188008475878349,0.07189809768431865,-0.18012925535160207
1986-06-30,5.0,0.07751389299877776,0.07751557753466431,-0.016845358865591464
1986-06-30,10.0,0.08044774056410797,0.08044608767457162,0.0165288953635212
1986-06-30,30.0,0.08477056987578724,0.08476567941923085,0.04890456556383427
1986-07-31,2.0,0.06901790516448902,0.06903460190612454,-0.1669674163551349
1986-07-31,5.0,0.07581622283340206,0.07581767461722277,-0.014517838207162015
1986-07-31,10.0,0.08138801639634718,0.0813843220134689,0.036943828782831645
1986-07-31,30.0,0.0882834793098024,0.0882773138395112,0.06165470291197295
1986-08-31,2.0,0.06164270910626701,0.06166029630780745,-0.1758720154043658
1986-08-31,5.0,0.069631572771097,0.06963342893911206,-0.018561680150686044
1986-08-31,10.0,0.0764167410623171,0.07641384273228091,0.028983300361939968
1986-08-31,30.0,0.08494647232100427,0.08493925581367923,0.07216507325047417
1986-09-30,2.0,0.06629966496954287,0.06632163326906548,-0.21968299522612256
1986-09-30,5.0,0.0753974923556735,0.07539926292814658,-0.01770572473080989
1986-09-30,10.0,0.08235789793715109,0.08235367657198411,0.042213651669786856
1986-09-30,30.0,0.09071110592727405,0.09070578950270813,0.05316424565915412
1986-10-31,2.0,0.06399733067295221,0.06401448016023292,-0.17149487280709863
1986-10-31,5.0,0.07255569000282147,0.0725575177652853,-0.018277624638241008
1986-10-31,10.0,0.0801113028075,0.08010688086129858,0.04421946201427218
1986-10-31,30.0,0.08866603947061513,0.0886593662229398,0.0667324767533728
1986-11-30,2.0,0.06312830287237348,0.06314234591041257,-0.14043038039091016
1986-11-30,5.0,0.07066036888004357,0.07066291139942082,-0.025425193772576904
1986-11-30,10.0,0.07820335602284612,0.07820001721299819,0.03338809847930335
1986-11-30,30.0,0.08673324326087162,0.0867276230841898,0.056201766818197996
1986-12-31,2.0,0.06566913144395947,0.06567990082668329,-0.10769382723818666
1986-12-31,5.0,0.07152694660629466,0.07153049968347402,-0.03553077179363484
1986-12-31,10.0,0.07856300422159745,0.07856127472601937,0.01729495578084439
1986-12-31,30.0,0.08745687383411416,0.08745271219912487,0.041616349892859006
1987-01-31,2.0,0.06422151684246002,0.06423262548779785,-0.11108645337820633
1987-01-31,5.0,0.07046209417758842,0.07046378661707942,-0.016924394909967333
1987-01-31,10.0,0.07745048250337883,0.0774487736397993,0.01708863579530373
1987-01-31,30.0,0.08584435105024424,0.0858379575286583,0.06393521585934536
1987-02-28,2.0,0.06489390274728923,0.06490543309191454,-0.11530344625310107
1987-02-28,5.0,0.07034179527917472,0.07034497173111309,-0.0317645193836924
1987-02-28,10.0,0.07667963633107844,0.07667867311039411,0.009632206843246394
1987-02-28,30.0,0.0846523982643308,0.08464527711126713,0.0712115306367167
1987-03-31,2.0,0.06742067947232777,0.06743331949887188,-0.12640026544108451
1987-03-31,5.0,0.07325852415528677,0.07326134632746739,-0.028221721806165334
1987-03-31,10.0,0.07964701924061468,0.0796446940313269,0.023252092877790176
1987-03-31,30.0,0.08713644466693249,0.08713087383074236,0.05570836190127437
1987-04-30,2.0,0.07608596625876629,0.07612002186158873,-0.34055602822435915
1987-04-30,5.0,0.08178161579252285,0.0817931625531838,-0.1154676066095206
1987-04-30,10.0,0.0872159248241986,0.08721676056225602,-0.00835738057425317
1987-04-30,30.0,0.09161347642966367,0.09160926788484902,0.04208544814643389
1987-05-31,2.0,0.07936376825693436,0.07939640430611261,-0.3263604917824736
1987-05-31,5.0,0.08456283460178682,0.08457043916908513,-0.07604567298313825
1987-05-31,10.0,0.08927419010577964,0.08927463256122903,-0.004424554493898114
1987-05-31,30.0,0.09374922967224553,0.09374654518861103,0.026844836344963596
1987-06-30,2.0,0.07635204483073865,0.07637616890708099,-0.24124076342335599
1987-06-30,5.0,0.08348671559331566,0.08348857780940766,-0.018622160919967712
1987-06-30,10.0,0.08872230760104816,0.08871924413470955,0.03063466338604215
1987-06-30,30.0,0.09343794900104974,0.0934315915390993,0.0635746195043474
1987-07-31,2.0,0.07710004063524867,0.07712774174138337,-0.27701106134703224
1987-07-31,5.0,0.08545904597659248,0.08546232258394637,-0.032766073538859075
1987-07-31,10.0,0.09149332812370647,0.09148919746937567,0.04130654330802841
1987-07-31,30.0,0.09746325465814709,0.0974562479731238,0.07006685023291936
1987-08-31,2.0,0.08080017511596416,0.08083079495561662,-0.3061983965246817
1987-08-31,5.0,0.08884662040050584,0.08884989828309786,-0.03277882592023218
1987-08-31,10.0,0.09447425658388608,0.09447084511835091,0.03411465535174685
1987-08-31,30.0,0.09977353651100684,0.09976662697463956,0.06909536367283309
1987-09-30,2.0,0.08817642352799426,0.08821746023323929,-0.4103670524502334
1987-09-30,5.0,0.09594218965370982,0.09594828259594079,-0.060929422309730086
1987-09-30,10.0,0.10122353789025063,0.10122037868047018,0.03159209780445593
1987-09-30,30.0,0.10587587765647855,0.10586739512126875,0.08482535209797248
1987-10-31,2.0,0.07939764835703311,0.07943850158677224,-0.40853229739123975
1987-10-31,5.0,0.08867034574842703,0.08867678491214859,-0.06439163721561059
1987-10-31,10.0,0.09387487837871755,0.09387233327398392,0.025451047336311206
1987-10-31,30.0,0.09750715939755117,0.09750124460171539,0.059147958357819164
1987-11-30,2.0,0.07971555072080427,0.07975374365233723,-0.38192931532954333
1987-11-30,5.0,0.08886031166718755,0.08886732002084385,-0.0700835365630148
1987-11-30,10.0,0.09482255169248943,0.09482003701108943,0.025146814000009954
1987-11-30,30.0,0.09919133945299463,0.09918720265394265,0.041367990519791675
1987-12-31,2.0,0.07980344859904243,0.07985033183652557,-0.46883237483141826
1987-12-31,5.0,0.08726550598973226,0.08728104255087188,-0.15536561139617433
1987-12-31,10.0,0.09360104234227418,0.09360280046068126,-0.01758118407080289
1987-12-31,30.0,0.09016383699773356,0.0901615400760194,0.02296921714162181
1988-01-31,2.0,0.0739169743279513,0.07393615204775594,-0.19177719804641669
1988-01-31,5.0,0.08053448736463609,0.0805390815100877,-0.045941454516196245
1988-01-31,10.0,0.08854568394564621,0.08854361492761509,0.0206901803112558
1988-01-31,30.0,0.08073363176177373,0.0807274211824085,0.06210579365228952
1988-02-29,2.0,0.07271685228585101,0.07273798512616714,-0.21132840316129275
1988-02-29,5.0,0.07915301223271487,0.07915828970396688,-0.05277471252007615
1988-02-29,10.0,0.08720605649170521,0.0872048976640809,0.011588276243035267
1988-02-29,30.0,0.08171260775039668,0.08170643382901277,0.06173921383911818
1988-03-31,2.0,0.0756259238268917,0.07565432800270977,-0.28404175818064203
1988-03-31,5.0,0.08350036810587458,0.0835081317776123,-0.07763671737714972
1988-03-31,10.0,0.09158569278147888,0.09158335785600258,0.02334925476299432
1988-03-31,30.0,0.08842067523983688,0.08841542647530831,0.0524876452856482
1988-04-30,2.0,0.07888439897664634,0.07891418929084981,-0.2979031420347056
1988-04-30,5.0,0.0863073887485859,0.08631396844531292,-0.06579696727015971
1988-04-30,10.0,0.09492803036984987,0.09492674102073972,0.012893491101451104
1988-04-30,30.0,0.0884322326539051,0.08842506816690832,0.07164486996780184
1988-05-31,2.0,0.08421980200225154,0.08425762572466056,-0.3782372240901388
1988-05-31,5.0,0.09040154344196516,0.0904135367160106,-0.11993274045440927
1988-05-31,10.0,0.09721758415161763,0.09721852971254719,-0.009455609295550005
1988-05-31,30.0,0.09479554105025056,0.09479158627805617,0.0395477219439222
1988-06-30,2.0,0.08201006476413286,0.08204264843832276,-0.32583674189901046
1988-06-30,5.0,0.08693096991967786,0.08694226092144164,-0.11291001763780173
1988-06-30,10.0,0.09302353666798546,0.0930253171328621,-0.017804648766439612
1988-06-30,30.0,0.09097321708773842,0.09096997006972884,0.03247018009577829
1988-07-31,2.0,0.08592331075764603,0.08594711650444209,-0.23805746796057292
1988-07-31,5.0,0.08999392732177225,0.09000145102189072,-0.07523700118472476
1988-07-31,10.0,0.09728435775239963,0.0972860101901436,-0.01652437743970836
1988-07-31,30.0,0.08985373968300325,0.08984754406059703,0.06195622406224288
1988-08-31,2.0,0.08917521385666971,0.08919810992585497,-0.22896069185263102
1988-08-31,5.0,0.0922397903129879,0.09224768998527977,-0.07899672291866722
1988-08-31,10.0,0.09685398936960632,0.0968554658058931,-0.014764362867847325
1988-08-31,30.0,0.09460335072348891,0.09460046226249452,0.02888460994387998
1988-09-30,2.0,0.08635718837138362,0.08637550867685628,-0.18320305472663279
1988-09-30,5.0,0.0887393406831336,0.08874687693408045,-0.07536250946849066
1988-09-30,10.0,0.09275577757176379,0.09275753969217027,-0.017621204064788287
1988-09-30,30.0,0.09235983544760051,0.09235748332353144,0.023521240690715928
1988-10-31,2.0,0.08424440417459444,0.08425965020256765,-0.15246027973203624
1988-10-31,5.0,0.0860257166761833,0.0860339225974287,-0.08205921245396652
1988-10-31,10.0,0.0906346340116635,0.09063683575033821,-0.022017386747119616
1988-10-31,30.0,0.08767971818919174,0.08767730879438895,0.024093948027825718
1988-11-30,2.0,0.09077373513299736,0.09078859344527745,-0.14858312280097152
1988-11-30,5.0,0.09167848839671922,0.0916861905523878,-0.07702155668587451
1988-11-30,10.0,0.09414826762059936,0.09415070702571038,-0.024394051110210313
1988-11-30,30.0,0.09196473947614359,0.09196404714472584,0.006923314177509354
1988-12-31,2.0,0.09384335324314841,0.0938656926403314,-0.2233939718299105
1988-12-31,5.0,0.09420442602825485,0.09421462558813887,-0.10199559884016551
1988-12-31,10.0,0.09424068415732001,0.09424435716553647,-0.03673008216464879
1988-12-31,30.0,0.0901723366813334,0.0901743671382984,-0.020304569650075877
1989-01-31,2.0,0.09343717348882818,0.0934427785377363,-0.056050489081194144
1989-01-31,5.0,0.09292652257045164,0.09292968809431001,-0.03165523858372765
1989-01-31,10.0,0.09228161161608117,0.0922826978013982,-0.010861853170229807
1989-01-31,30.0,0.08828038121510251,0.08828182398995543,-0.014427748529222129
1989-02-28,2.0,0.09816455535559787,0.09817400390913855,-0.09448553540680749
1989-02-28,5.0,0.09692439316684087,0.0969303478587431,-0.05954691902232412
1989-02-28,10.0,0.09578238057666799,0.09578517845473145,-0.027978780634541067
1989-02-28,30.0,0.09148619903467692,0.09148854909981519,-0.02350065138267965
1989-03-31,2.0,0.10037413312292243,0.10038789423155547,-0.13761108633048025
1989-03-31,5.0,0.09764434597774097,0.09765265830589098,-0.08312328150017478
1989-03-31,10.0,0.09497775043730838,0.094983261359604,-0.05510922295615117
1989-03-31,30.0,0.0914568513713494,0.09146046027261812,-0.03608901268714604
1989-04-30,2.0,0.09463648238205091,0.09464167548945124,-0.05193107400325303
1989-04-30,5.0,0.09328244302387545,0.09328824436218675,-0.058013383112953676
1989-04-30,10.0,0.0930909211085631,0.09309366045286227,-0.027393442991741068
1989-04-30,30.0,0.08932697826126312,0.0893284694408294,-0.014911795662708727
1989-05-31,2.0,0.09045336352809819,0.09044787257493203,0.05490953166154
1989-05-31,5.0,0.08933213963218778,0.08933289052937243,-0.007508971846537094
1989-05-31,10.0,0.08888115969363675,0.08888177454913726,-0.006148555005136558
1989-05-31,30.0,0.08757498020796817,0.08757564029242548,-0.006600844573156905
1989-06-30,2.0,0.08284548573134543,0.08284047019423446,0.05015537110963919
1989-06-30,5.0,0.08305013290098917,0.08305184574104696,-0.017128400577881564
1989-06-30,10.0,0.08417913114225661,0.08417859937582373,0.005317664328874372
1989-06-30,30.0,0.08073808847261721,0.08073787377547803,0.002146971391780994
1989-07-31,2.0,0.07739085098507825,0.0773794635688223,0.11387416255947969
1989-07-31,5.0,0.0780649475307198,0.07806470932693088,0.0023820378891592497
1989-07-31,10.0,0.08094091694792493,0.08093945657708845,0.014603708364813173
1989-07-31,30.0,0.08092570136945065,0.08092344696612597,0.022544033246862938
1989-08-31,2.0,0.08568957525716847,0.08569295437182167,-0.03379114653201398
1989-08-31,5.0,0.08522895315845536,0.08523234235427202,-0.033891958166609726
1989-08-31,10.0,0.08531487199837873,0.08531631571417941,-0.014437158006863626
1989-08-31,30.0,0.08379038793613436,0.08379103897740925,-0.006510412748905736
1989-09-30,2.0,0.08637064275484652,0.08637108608645883,-0.004433316123098052
1989-09-30,5.0,0.08616640961748812,0.08616810249488238,-0.016928773942659348
1989-09-30,10.0,0.08601216544037316,0.08601260896974372,-0.00443529370564022
1989-09-30,30.0,0.08421805226132051,0.08421864288623415,-0.005906249136433672
1989-10-31,2.0,0.08058414907606881,0.0805754390504767,0.08710025592106874
1989-10-31,5.0,0.08130606453779898,0.08130390099648732,0.02163541311661632
1989-10-31,10.0,0.0823029690579149,0.08230080782654992,0.021612313649832515
1989-10-31,30.0,0.08065564178034923,0.08065472411249774,0.009176678514855041
1989-11-30,2.0,0.07919664595163178,0.07919024318482704,0.06402766804747273
1989-11-30,5.0,0.08034316903069438,0.08034121630083946,0.019527298549260053
1989-11-30,10.0,0.08109819578765087,0.08109599522174737,0.02200565903498486
1989-11-30,30.0,0.08258844918750752,0.08258766060767941,0.007885798281037637
1989-12-31,2.0,0.08078519990598965,0.0807808624815951,0.043374243945404345
1989-12-31,5.0,0.0814461465303069,0.08144549094710629,0.006555832006149842
1989-12-31,10.0,0.08232178779063948,0.08232054545262102,0.01242338018458966
1989-12-31,30.0,0.08236078808333325,0.08236011702447965,0.006710588535963069
1990-01-31,2.0,0.08498583200544241,0.0849863402327744,-0.005082273319967356
1990-01-31,5.0,0.08646108593648916,0.0864594569483943,0.016289880948594515
1990-01-31,10.0,0.08716587786283903,0.08716417110742714,0.017067554118899153
1990-01-31,30.0,0.08764044834213314,0.08763953656118062,0.00911780952517205
1990-02-28,2.0,0.08601479656287969,0.08601752068243185,-0.027241195521554573
1990-02-28,5.0,0.0877209507172736,0.08771853627057835,0.024144466952424892
1990-02-28,10.0,0.08830942258913566,0.08830739524558595,0.020273435497042414
1990-02-28,30.0,0.08870024546278499,0.08869926620106683,0.009792617181592078
1990-03-31,2.0,0.08847001269702415,0.0884757647275598,-0.05752030535655095
1990-03-31,5.0,0.08947811211132528,0.08947685083814272,0.012612731825623058
1990-03-31,10.0,0.0894148837978801,0.08941409166543801,0.007921324420845366
1990-03-31,30.0,0.08931738072535511,0.08931714980382255,0.0023092153256243364
1990-04-30,2.0,0.09175514931711315,0.09176866117478544,-0.1351185767228813
1990-04-30,5.0,0.09318101883151142,0.09318196265357281,-0.009438220613944281
1990-04-30,10.0,0.09333796834730324,0.09333801324186863,-0.00044894565398578834
1990-04-30,30.0,0.09340587043411475,0.09340579317489217,0.0007725922257506568
1990-05-31,2.0,0.0865477750541892,0.08655153037980812,-0.037553256189148954
1990-05-31,5.0,0.08859029609026181,0.08858756345084373,0.0273263941807933
1990-05-31,10.0,0.08897955739880148,0.08897712520152323,0.02432197278245951
1990-05-31,30.0,0.08881372463641224,0.08881287737755517,0.0084725885707293
1990-06-30,2.0,0.08430284203632321,0.08431028752436376,-0.07445488040547232
1990-06-30,5.0,0.08645138610257508,0.08645183936817813,-0.00453265603050923
1990-06-30,10.0,0.08747037826657955,0.08746895414397882,0.014241226007349894
1990-06-30,30.0,0.08664322186713269,0.0866426205783497,0.006012887829864866
1990-07-31,2.0,0.08114236459095236,0.08114742052409785,-0.050559331454813616
1990-07-31,5.0,0.08401448741071049,0.08401496021328803,-0.004728025775335709
1990-07-31,10.0,0.08689399647558638,0.08689218369823393,0.018127773524501123
1990-07-31,30.0,0.08529366798780957,0.08529072530801196,0.029426797976128682
1990-08-31,2.0,0.08343903501091776,0.08344711502010638,-0.08080009188615733
1990-08-31,5.0,0.08831388585656286,0.08831384586294844,0.0003999361442019733
1990-08-31,10.0,0.09296040888543877,0.09295665659796626,0.03752287472513771
1990-08-31,30.0,0.09137388739344643,0.09136885539376105,0.050319996853787075
1990-09-30,2.0,0.08239999981627966,0.08241082240952546,-0.10822593245807255
1990-09-30,5.0,0.08764031445380227,0.08764182696774414,-0.015125139418703526
1990-09-30,10.0,0.09269890244475176,0.09269543492469756,0.03467520054201145
1990-09-30,30.0,0.09032515898683013,0.09032023825735158,0.04920729478552488
1990-10-31,2.0,0.07990697232942101,0.07991713008624646,-0.10157756825446285
1990-10-31,5.0,0.08517618826482609,0.08517786395823879,-0.01675693412694912
1990-10-31,10.0,0.09063644011043426,0.09063325891578677,0.03181194647483565
1990-10-31,30.0,0.08908936929831834,0.08908403220948635,0.053370888319914656
1990-11-30,2.0,0.07768793149212105,0.07769585534716206,-0.07923855041003236
1990-11-30,5.0,0.0819454623380389,0.08194682401902464,-0.01361680985745295
1990-11-30,10.0,0.08644309634699376,0.0864407690637925,0.023272832012644074
1990-11-30,30.0,0.08542907181429671,0.0854247822745513,0.042895397454056905
1990-12-31,2.0,0.07407171126577561,0.07408258747859842,-0.10876212822807929
1990-12-31,5.0,0.0799573720932385,0.07995902825666978,-0.016561634312850515
1990-12-31,10.0,0.08566846387355342,0.0856649456594416,0.035182141118195176
1990-12-31,30.0,0.08305814179894733,0.08305328509444743,0.04856704499900388
1991-01-31,2.0,0.0723573539195137,0.07237232399320659,-0.14970073692888164
1991-01-31,5.0,0.07898388325370087,0.07898570685855377,-0.018236048529018944
1991-01-31,10.0,0.08484519490082487,0.08484170335030283,0.034915505220389775
1991-01-31,30.0,0.08312958839515439,0.08312479772351855,0.04790671635834798
1991-02-28,2.0,0.07175528367920081,0.07177368565334152,-0.18401974140713762
1991-02-28,5.0,0.07923854836936717,0.07923988788953218,-0.013395201650112654
1991-02-28,10.0,0.08476142185680091,0.08475749357578044,0.03928281020471047
1991-02-28,30.0,0.08331649812261821,0.08331093724699024,0.05560875627974582
1991-03-31,2.0,0.07193450047094085,0.07195962037666637,-0.2511990572551248
1991-03-31,5.0,0.08038300186581515,0.08038402884583573,-0.010269800205797708
1991-03-31,10.0,0.08518601484145183,0.08518186045953602,0.04154381915810745
1991-03-31,30.0,0.08404850412558718,0.08404314260168899,0.05361523898184117
1991-04-30,2.0,0.07014061383626324,0.07016594784052099,-0.2533400425774879
1991-04-30,5.0,0.07920280909151978,0.0792047607909645,-0.019516994447243974
1991-04-30,10.0,0.08518391338652309,0.08517927912964107,0.046342568820190166
1991-04-30,30.0,0.08319513264296408,0.0831903101693412,0.04822473622878576
1991-05-31,2.0,0.0698976992394782,0.06992316024247702,-0.2546100299882781
1991-05-31,5.0,0.07936496216630484,0.07936767368551978,-0.027115192149373968
1991-05-31,10.0,0.0859468426854284,0.08594171367591041,0.05129009517990113
1991-05-31,30.0,0.08502136384233405,0.08501662531466736,0.04738527666692249
1991-06-30,2.0,0.07169117940335012,0.0717205269829786,-0.29347579628469234
1991-06-30,5.0,0.08180244636214318,0.08180501445341526,-0.02568091272081574
1991-06-30,10.0,0.0880708215637167,0.08806506734707042,0.05754216646280952
1991-06-30,30.0,0.08673051554717048,0.08672598376928242,0.04531777888061583
1991-07-31,2.0,0.0698492819440708,0.06987411043372882,-0.24828489658013098
1991-07-31,5.0,0.08031844639676855,0.08031961700247647,-0.011706057079230447
1991-07-31,10.0,0.0865612149382311,0.08655436599554456,0.0684894268654368
1991-07-31,30.0,0.0865673546571919,0.08656196492515211,0.05389732039784434
1991-08-31,2.0,0.06496506765545207,0.06498586465449607,-0.20796999044003783
1991-08-31,5.0,0.0759348643594544,0.07593677863440962,-0.019142749552170102
1991-08-31,10.0,0.08396472610398109,0.08395747457775249,0.07251526228602145
1991-08-31,30.0,0.08273762305414278,0.08273208982040559,0.05533233737198273
1991-09-30,2.0,0.06176719721878077,0.06178557186148059,-0.18374642699825472
1991-09-30,5.0,0.07210594705765772,0.07210789469353429,-0.019476358765757595
1991-09-30,10.0,0.08018732058833766,0.08018123657784293,0.06084010494733505
1991-09-30,30.0,0.08195687942423069,0.08195104428513655,0.05835139094134689
1991-10-31,2.0,0.05864359765014826,0.05866169196696336,-0.1809431681509821
1991-10-31,5.0,0.07031014408684189,0.07031292759057384,-0.027835037319512423
1991-10-31,10.0,0.08088493255169316,0.08087828035263711,0.06652199056045305
1991-10-31,30.0,0.08090478788035838,0.08089702165434676,0.07766226011618471
1991-11-30,2.0,0.05540529931672067,0.0554248435240976,-0.1954420737693141
1991-11-30,5.0,0.06869642576376767,0.06869954632901232,-0.03120565244651985
1991-11-30,10.0,0.08067982434200838,0.080672224775308,0.07599566700378091
1991-11-30,30.0,0.08372269296175894,0.08371426133788451,0.0843162387442753
1991-12-31,2.0,0.04930368747887748,0.049322022846613356,-0.1833536773587774
1991-12-31,5.0,0.0626708513575327,0.06267351118535203,-0.026598278193290525
1991-12-31,10.0,0.07385864928177965,0.07385173618638752,0.06913095392135915
1991-12-31,30.0,0.08270447419708726,0.08269730343665449,0.07170760432773093
1992-01-31,2.0,0.05291031533365986,0.05293517847814044,-0.24863144480580246
1992-01-31,5.0,0.06855645590213744,0.06855901206572068,-0.025561635832449525
1992-01-31,10.0,0.0796261044260016,0.07961649463199305,0.09609794008547112
1992-01-31,30.0,0.08367811549050241,0.08367078080834589,0.07334682156523442
1992-02-29,2.0,0.054069401706944964,0.054095936299429104,-0.2653459248413981
1992-02-29,5.0,0.0695027152925285,0.06950477046632786,-0.020551737993645958
1992-02-29,10.0,0.07924516838637574,0.07923567964862688,0.0948873774886394
1992-02-29,30.0,0.08524896658238412,0.08524213388063195,0.06832701752168546
1992-03-31,2.0,0.05782321614348129,0.05785570352103342,-0.3248737755212616
1992-03-31,5.0,0.07320530985223117,0.07320646762789518,-0.01157775664006877
1992-03-31,10.0,0.08069520268950114,0.08068588763221318,0.09315057287961892
1992-03-31,30.0,0.0874355907773976,0.08742908752978651,0.06503247611089336
1992-04-30,2.0,0.05534308220566064,0.055375499723286925,-0.3241751762628198
1992-04-30,5.0,0.07237167704043102,0.07237340178608842,-0.017247456574054354
1992-04-30,10.0,0.08165714723370199,0.08164644033082724,0.10706902874746405
1992-04-30,30.0,0.08919626818131432,0.08918845011864218,0.07818062672138026
1992-05-31,2.0,0.052808464415947,0.052835855194439896,-0.27390778492897283
1992-05-31,5.0,0.06891617101724612,0.06891834663855856,-0.02175621312439091
1992-05-31,10.0,0.07918177361195933,0.07917216581003528,0.09607801924049753
1992-05-31,30.0,0.0865054487725192,0.08649745049102187,0.07998281497334503
1992-06-30,2.0,0.049774832934311286,0.04979684377923643,-0.220108449251466
1992-06-30,5.0,0.06561278185257513,0.06561601626810054,-0.032344155254104834
1992-06-30,10.0,0.07874100872056622,0.0787319315148074,0.0907720575882287
1992-06-30,30.0,0.08421391267953915,0.08420478643959095,0.09126239948198389
1992-07-31,2.0,0.04526086190167744,0.04528072475567235,-0.19862853994911944
1992-07-31,5.0,0.06097356441022117,0.06097667903637438,-0.031146261532111197
1992-07-31,10.0,0.07412647187512178,0.07411827080607569,0.08201069046087639
1992-07-31,30.0,0.08269038844297838,0.08268161297638721,0.0877546659117101
1992-08-31,2.0,0.04297192087189483,0.04298958040589129,-0.17659533996461363
1992-08-31,5.0,0.05893075187358532,0.05893458807946916,-0.03836205883844812
1992-08-31,10.0,0.07457307111067601,0.07456533134164145,0.07739769034564858
1992-08-31,30.0,0.07789265546020308,0.07788173087384975,0.10924586353322496
1992-09-30,2.0,0.03941422426660823,0.03943048104084568,-0.16256774237444205
1992-09-30,5.0,0.05573722228046263,0.05574122440599938,-0.040021255367506114
1992-09-30,10.0,0.0725639702687888,0.07255675829979213,0.0721196899666765
1992-09-30,30.0,0.07777691578561297,0.07776436426639899,0.12551519213976903
1992-10-31,2.0,0.045565036990840246,0.04558575647065166,-0.20719479811415198
1992-10-31,5.0,0.06231033145407028,0.06231222806862968,-0.01896614559404597
1992-10-31,10.0,0.07492342773991889,0.07491419749909967,0.09230240819224633
1992-10-31,30.0,0.08519526117416154,0.08518404777146604,0.11213402695497976
1992-11-30,2.0,0.049505523829571185,0.04953098721018989,-0.25463380618706566
1992-11-30,5.0,0.06567825719297615,0.06567935590841345,-0.010987154372976704
1992-11-30,10.0,0.07582288575994722,0.07581405140365804,0.08834356289177947
1992-11-30,30.0,0.08336150584256408,0.08335275359381367,0.08752248750409919
1992-12-31,2.0,0.046061986564978286,0.046082341251989956,-0.2035468701166998
1992-12-31,5.0,0.06304526708484759,0.0630444122423488,0.008548424987875336
1992-12-31,10.0,0.07353495493335016,0.07352464291666028,0.10312016689884018
1992-12-31,30.0,0.08112839348525536,0.08111912161385226,0.09271871403093712
1993-01-31,2.0,0.042797444454548694,0.04281472497500216,-0.17280520453466508
1993-01-31,5.0,0.05828277857719977,0.058284678948559154,-0.0190037135938681
1993-01-31,10.0,0.07050423475557577,0.07049635879620908,0.07875959366687724
1993-01-31,30.0,0.08073579836194766,0.08072589404058461,0.09904321363052304
1993-02-28,2.0,0.04000940840139955,0.040022470744613736,-0.13062343214187422
1993-02-28,5.0,0.05447570864983442,0.054477635094254184,-0.01926444419764195
1993-02-28,10.0,0.06710417751929332,0.06709712721135741,0.0705030793590744
1993-02-28,30.0,0.07821672008440261,0.07820698108517532,0.09738999227293377
1993-03-31,2.0,0.04039690891715031,0.04041034021107737,-0.13431293927057553
1993-03-31,5.0,0.05477361062407482,0.05477572360492666,-0.021129808518427495
1993-03-31,10.0,0.0674968282705235,0.06748994670705044,0.06881563473060126
1993-03-31,30.0,0.0789206964164455,0.07891077204235186,0.09924374093639443
1993-04-30,2.0,0.038643984488964556,0.038654962494092615,-0.10978005128059465
1993-04-30,5.0,0.05330202901670056,0.05330375363623663,-0.01724619536069838
1993-04-30,10.0,0.06659032949644828,0.06658285840397049,0.07471092477784325
1993-04-30,30.0,0.07826808288959963,0.07825770937683374,0.10373512765893267
1993-05-31,2.0,0.04292006177093177,0.04293563772758735,-0.15575956655577983
1993-05-31,5.0,0.05547626119422233,0.055478791603644106,-0.025304094217748485
1993-05-31,10.0,0.06679712511915259,0.06679238484026206,0.04740278890524863
1993-05-31,30.0,0.07919236440444921,0.07918339187330803,0.08972531141182571
1993-06-30,2.0,0.04104159050745415,0.04105401292208155,-0.12422414627399903
1993-06-30,5.0,0.052084563116633786,0.05208686978928645,-0.023066726526632664
1993-06-30,10.0,0.06280585648943116,0.06280222645697053,0.0363003246062199
1993-06-30,30.0,0.07576760075270772,0.07575958880717293,0.08011945534791565
1993-07-31,2.0,0.04199887437179317,0.042012765628213655,-0.13891256420484055
1993-07-31,5.0,0.05307856483992146,0.053080577766706494,-0.020129267850332866
1993-07-31,10.0,0.06260230203236428,0.06259842076533428,0.038812670299925855
1993-07-31,30.0,0.07302352830665271,0.07301695951665521,0.06568789997496438
1993-08-31,2.0,0.03920721987644238,0.039217107777460125,-0.09887901017746614
1993-08-31,5.0,0.049190153554843796,0.04919211175107385,-0.019581962300563305
1993-08-31,10.0,0.05897836870394646,0.0589750737319481,0.0329497199835771
1993-08-31,30.0,0.06951141939567829,0.06950527360615255,0.06145789525735523
1993-09-30,2.0,0.03962772593831798,0.03963900518949748,-0.11279251179496796
1993-09-30,5.0,0.049281795936320094,0.049283693989653043,-0.018980533329493454
1993-09-30,10.0,0.058437879239409574,0.05843525734336863,0.02621896040944094
1993-09-30,30.0,0.07102309627673287,0.07101678499890696,0.06311277825910011
1993-10-31,2.0,0.040426336411958586,0.04043746027823758,-0.11123866278994754
1993-10-31,5.0,0.04983026210654051,0.04983216051035266,-0.01898403812150562
1993-10-31,10.0,0.05873514283840531,0.05873246729293413,0.026755454711757665
1993-10-31,30.0,0.06970546850086068,0.06969970721519347,0.057612856672051294
1993-11-30,2.0,0.042639409465148326,0.04265339952367353,-0.13990058525203963
1993-11-30,5.0,0.05326242473693488,0.05326448534886441,-0.02060611929532996
1993-11-30,10.0,0.06243519712965373,0.062431620199754345,0.03576929899384851
1993-11-30,30.0,0.07218785908853054,0.07218174486745199,0.06114221078545867
1993-12-31,2.0,0.04295323866269363,0.04296801820211238,-0.14779539418752208
1993-12-31,5.0,0.05346171355699192,0.05346396466570247,-0.022511087105492322
1993-12-31,10.0,0.06261750965576551,0.06261423653510834,0.03273120657176776
1993-12-31,30.0,0.07271702273762015,0.0727108660790392,0.06156658580946939
1994-01-31,2.0,0.04148689361971969,0.041500472962796575,-0.1357934307688602
1994-01-31,5.0,0.05152427840640894,0.05152631315004652,-0.0203474363758005
1994-01-31,10.0,0.0603896373244055,0.06038678926112917,0.02848063276328361
1994-01-31,30.0,0.07119934647542747,0.0711934123363549,0.05934139072572009
1994-02-28,2.0,0.047576725147352894,0.04759472960068134,-0.18004453328446246
1994-02-28,5.0,0.05772340810484211,0.05772642636805858,-0.030182632164699186
1994-02-28,10.0,0.06632471527745931,0.06632159758563638,0.031176918229292028
1994-02-28,30.0,0.07479472071725568,0.07478910473634337,0.05615980912310192
1994-03-31,2.0,0.05343337183850161,0.05345934922827178,-0.25977389770170944
1994-03-31,5.0,0.0646550100742409,0.06465931240857348,-0.0430233433257321
1994-03-31,10.0,0.0722929199529545,0.07228910793604193,0.038120169125743786
1994-03-31,30.0,0.0781531844916683,0.07814826138452013,0.04923107148169237
1994-04-30,2.0,0.05887266086809828,0.05890337334739004,-0.3071247929176124
1994-04-30,5.0,0.06832135734603773,0.06832610556125096,-0.04748215213234985
1994-04-30,10.0,0.07458336363110929,0.0745814460118539,0.019176192553871374
1994-04-30,30.0,0.0782090193306959,0.07820491995097001,0.04099379725897023
1994-05-31,2.0,0.061402714484184884,0.06143164479812846,-0.28930313943575925
1994-05-31,5.0,0.06952063578491541,0.06952453156825711,-0.0389578334170082
1994-05-31,10.0,0.07572514554338561,0.07572431700770976,0.008285356758452878
1994-05-31,30.0,0.07803342818465109,0.07802845539425607,0.04972790395019189
1994-06-30,2.0,0.06294664474256506,0.06298189754982064,-0.3525280725558133
1994-06-30,5.0,0.07159231932656995,0.07160043149697604,-0.08112170406082697
1994-06-30,10.0,0.07806789359283717,0.07806764969812252,0.002438947146465864
1994-06-30,30.0,0.08037906263732442,0.08037542586074009,0.03636776584325929
1994-07-31,2.0,0.06115898985678281,0.061187641036026585,-0.28651179243777136
1994-07-31,5.0,0.06893553385149076,0.06894170192780047,-0.061680763097093916
1994-07-31,10.0,0.07491998264924726,0.0749193922765714,0.005903726758571537
1994-07-31,30.0,0.07777171135465744,0.07776821694457103,0.034944100864020555
1994-08-31,2.0,0.06239754413579868,0.06242269848960169,-0.2515435380301412
1994-08-31,5.0,0.06981753790974743,0.06982131226530153,-0.03774355554098108
1994-08-31,10.0,0.07539349016646724,0.07539222261859879,0.012675478684442965
1994-08-31,30.0,0.08135257401551499,0.08134833239220352,0.0424162331147393
1994-09-30,2.0,0.06725679782991456,0.06728554842313317,-0.2875059321860718
1994-09-30,5.0,0.07478578719355511,0.07478865412739766,-0.02866933842549102
1994-09-30,10.0,0.08000100108831254,0.07999989897902049,0.011021092920504572
1994-09-30,30.0,0.08218828022819102,0.0821831956792205,0.050845489705242386
1994-10-31,2.0,0.06951780067327551,0.06955108061895832,-0.3327994568280701
1994-10-31,5.0,0.07687099092136629,0.07687635113038072,-0.05360209014426687
1994-10-31,10.0,0.08146594960391274,0.0814651762866676,0.007733172451285242
1994-10-31,30.0,0.08509964076451482,0.08509643591540339,0.03204849111426711
1994-11-30,2.0,0.07587194957857957,0.07591127482646454,-0.3932524788496927
1994-11-30,5.0,0.07980660312679566,0.07981637118564988,-0.09768058854220385
1994-11-30,10.0,0.08165985815992882,0.08166227349946231,-0.024153395334902683
1994-11-30,30.0,0.08493483501541577,0.08493274619767321,0.02088817742551541
1994-12-31,2.0,0.07851731043561339,0.078563431850726,-0.4612141511262102
1994-12-31,5.0,0.08047835458056762,0.08049362834831641,-0.152737677487913
1994-12-31,10.0,0.0812411971636966,0.08124807617256335,-0.06879008866755854
1994-12-31,30.0,0.08200902134315324,0.08201170684424985,-0.026855010966109205
1995-01-31,2.0,0.07422955118814722,0.07425457236904554,-0.2502118089831029
1995-01-31,5.0,0.07723731173001247,0.07724192333352531,-0.046116035128385136
1995-01-31,10.0,0.07867615341775691,0.07867776563408557,-0.016122163286613755
1995-01-31,30.0,0.0813015652375575,0.08130213992795454,-0.00574690397048272
1995-02-28,2.0,0.06911379367112924,0.06913081935001619,-0.17025678886950502
1995-02-28,5.0,0.07238607925973506,0.07238806706443612,-0.019878047010646327
1995-02-28,10.0,0.0755043257554866,0.07550465722014943,-0.003314646628282958
1995-02-28,30.0,0.08024262396152704,0.08024190266009268,0.007213014343587787
1995-03-31,2.0,0.06927788634786092,0.06929354387013498,-0.15657522274059588
1995-03-31,5.0,0.07240424945794288,0.07240701104219172,-0.027615842488337705
1995-03-31,10.0,0.07540003195843736,0.07540052106947326,-0.004891110358951067
1995-03-31,30.0,0.0797488714643062,0.0797469983781629,0.018730861433002843
1995-04-30,2.0,0.06712035489903001,0.0671321848383597,-0.11829939329688344
1995-04-30,5.0,0.0702833914992198,0.0702846381588158,-0.012466595959992333
1995-04-30,10.0,0.07347964263461293,0.07348012631022538,-0.004836756124504404
1995-04-30,30.0,0.07677923815457022,0.07677530666444365,0.0393149012656302
1995-05-31,2.0,0.059850366469999416,0.05985189519982792,-0.015287298285038275
1995-05-31,5.0,0.06193949004301369,0.06194071213685204,-0.012220938383489255
1995-05-31,10.0,0.06613958573437051,0.06613974433894287,-0.0015860457236449577
1995-05-31,30.0,0.070748004760252,0.07074434437013966,0.036603901123477556
1995-06-30,2.0,0.05928862461299578,0.059291851644014626,-0.03227031018848692
1995-06-30,5.0,0.06122304721849847,0.06122428313530914,-0.01235916810671256
1995-06-30,10.0,0.06512851863305014,0.0651291857976275,-0.006671645773614898
1995-06-30,30.0,0.06987404127899288,0.0698703724534191,0.03668825573788226
1995-07-31,2.0,0.06005623499882673,0.06006245053920134,-0.06215540374610029
1995-07-31,5.0,0.06347588158722806,0.06347694179917451,-0.010602119464575566
1995-07-31,10.0,0.06755503194158985,0.06755461144538599,0.004204962038567572
1995-07-31,30.0,0.07291896509193196,0.07291509999712598,0.038650948059881785
1995-08-31,2.0,0.05943555798610167,0.05944113335507395,-0.055753689722770616
1995-08-31,5.0,0.062180307165248916,0.06218132804327858,-0.01020878029667216
1995-08-31,10.0,0.06582742515506967,0.0658275277491791,-0.0010259410943014302
1995-08-31,30.0,0.07075197269420541,0.07074843310188061,0.035395923247971695
1995-09-30,2.0,0.05963230541516329,0.059637225922223536,-0.04920507060246493
1995-09-30,5.0,0.06141067096921593,0.06141169749912412,-0.010265299081879675
1995-09-30,10.0,0.06446953064028493,0.06447038056349097,-0.008499232060366069
1995-09-30,30.0,0.06944764148215543,0.06944446387998404,0.03177602171389182
1995-10-31,2.0,0.0575067099982538,0.0575086157246083,-0.01905726354500814
1995-10-31,5.0,0.05942569854226254,0.059426590939015256,-0.008923967527163512
1995-10-31,10.0,0.0627508170326303,0.06275084780572593,-0.0003077309562726782
1995-10-31,30.0,0.06745655106005688,0.06745384184427672,0.02709215780161145
1995-11-30,2.0,0.054743704963859274,0.05474192892663732,0.01776037221956628
1995-11-30,5.0,0.05664767262413717,0.05664799255539843,-0.003199312612611749
1995-11-30,10.0,0.06038420083692175,0.06038370601828502,0.004948186367315088
1995-11-30,30.0,0.06725140798542983,0.06724885654101742,0.02551444412413062
1995-12-31,2.0,0.052818871959344316,0.052820754551277105,-0.018825919327891683
1995-12-31,5.0,0.05497954873401989,0.05498073051201202,-0.011817779921319271
1995-12-31,10.0,0.058480992966077894,0.058480957300119485,0.00035665958408870324
1995-12-31,30.0,0.06532738094053236,0.06532531559484678,0.020653456855868058
1996-01-31,2.0,0.05051193704115642,0.05050971672347737,0.02220317679046957
1996-01-31,5.0,0.05391930197077932,0.05391887342331958,0.004285474597409689
1996-01-31,10.0,0.05890850912824819,0.058906874170122636,0.016349581255514778
1996-01-31,30.0,0.06544544391972562,0.06544197890394399,0.03465015781634051
1996-02-29,2.0,0.055030722252749964,0.05503711500111663,-0.06392748366668144
1996-02-29,5.0,0.059152866923527725,0.05915426175853722,-0.013948350094938888
1996-02-29,10.0,0.06433753069888581,0.06433693689746489,0.005938014209228015
1996-02-29,30.0,0.06940449890064304,0.0694004675403661,0.04031360276934848
1996-03-31,2.0,0.05900722729597074,0.05901895284803205,-0.11725552061303546
1996-03-31,5.0,0.0626679780821886,0.06266997627777338,-0.019981955847736543
1996-03-31,10.0,0.06703476822345467,0.06703532229138531,-0.0055406793064705084
1996-03-31,30.0,0.07120359946261212,0.07119989845138486,0.03701011227263962
1996-04-30,2.0,0.06153851137218358,0.061554217335059835,-0.15705962876255697
1996-04-30,5.0,0.06572166228298637,0.06572391760782192,-0.02255324835553907
1996-04-30,10.0,0.06981508127557223,0.0698155210616962,-0.00439786123962449
1996-04-30,30.0,0.07283290009514265,0.07282940037000385,0.03499725138800258
1996-05-31,2.0,0.06350076289785167,0.06352050958570388,-0.1974668785220679
1996-05-31,5.0,0.06802389870287939,0.06802610193245195,-0.022032295725615825
1996-05-31,10.0,0.07137369178255337,0.07137406592272444,-0.003741401710666281
1996-05-31,30.0,0.07330667655741552,0.07330362670727197,0.03049850143543864
1996-06-30,2.0,0.06263356698853806,0.06264950549944115,-0.1593851090309073
1996-06-30,5.0,0.06623368254863182,0.06623624658742133,-0.02564038789509837
1996-06-30,10.0,0.06979883834994616,0.06979958748216908,-0.007491322229213893
1996-06-30,30.0,0.07244940976168324,0.07244662685859837,0.027829030848636194
1996-07-31,2.0,0.06343758623349949,0.06345185101558748,-0.14264782087991534
1996-07-31,5.0,0.06713335084544236,0.06713515473671405,-0.018038912716900057
1996-07-31,10.0,0.07034933971220747,0.07034949723491524,-0.001575227077665886
1996-07-31,30.0,0.07312096886578878,0.07311826951549061,0.026993502981742523
1996-08-31,2.0,0.06469833664126257,0.06472060698231608,-0.22270341053509668
1996-08-31,5.0,0.06880235640307286,0.06880635229416066,-0.03995891087793524
1996-08-31,10.0,0.07237352075025694,0.07237467281639742,-0.011520661404862409
1996-08-31,30.0,0.07538166781265998,0.07537925715445004,0.024106582099392426
1996-09-30,2.0,0.062234404587912184,0.06225300311599824,-0.18598528086055666
1996-09-30,5.0,0.0663308162739289,0.06633524588790762,-0.04429613978729208
1996-09-30,10.0,0.0698758836569735,0.06987665324629466,-0.0076958932115900325
1996-09-30,30.0,0.07485197723734704,0.07485004835341003,0.019288839370190658
1996-10-31,2.0,0.05860895451467818,0.05861705148831198,-0.08096973633797688
1996-10-31,5.0,0.06243525821642715,0.062436200931188734,-0.009427147615870268
1996-10-31,10.0,0.06619162444033933,0.06619101159694396,0.0061284339536449295
1996-10-31,30.0,0.07011688773367375,0.07011338814855428,0.03499585119470794
1996-11-30,2.0,0.05690212183655352,0.056908024839948945,-0.05903003395424378
1996-11-30,5.0,0.05947716903476863,0.059478175242995146,-0.010062082265172023
1996-11-30,10.0,0.06289469590204533,0.06289502171571959,-0.0032581367426232077
1996-11-30,30.0,0.06738794101251178,0.0673847382446835,0.032027678282808836
1996-12-31,2.0,0.05997960829579774,0.05998967435659863,-0.10066060800895116
1996-12-31,5.0,0.0635344662653865,0.06353529347449549,-0.008272091089889244
1996-12-31,10.0,0.0664890544742538,0.06648879301522981,0.0026145902398688747
1996-12-31,30.0,0.06946548994935209,0.06946238569890917,0.031042504429201756
1997-01-31,2.0,0.06028899904009766,0.060299792082617376,-0.1079304251971891
1997-01-31,5.0,0.0641452124753239,0.06414616464871425,-0.009521733903561369
1997-01-31,10.0,0.06748298040177403,0.06748272068957673,0.002597121973035854
1997-01-31,30.0,0.07144470918002765,0.07144119774121349,0.0351143881416327
1997-02-28,2.0,0.06178902984417589,0.06180155875222959,-0.1252890805369944
1997-02-28,5.0,0.06537371982968865,0.06537467282224285,-0.009529925542040019
1997-02-28,10.0,0.06815398816491092,0.06815410954351075,-0.0012137859983774035
1997-02-28,30.0,0.07153165666422368,0.07152840917999881,0.03247484224866426
1997-03-31,2.0,0.06567549110818272,0.06569158650568352,-0.16095397500803799
1997-03-31,5.0,0.06935904438837315,0.0693605928994907,-0.015485111175550514
1997-03-31,10.0,0.07205199846823662,0.07205225912087676,-0.002606526401383036
1997-03-31,30.0,0.07372911692778916,0.07372638832530454,0.027286024846251422
1997-04-30,2.0,0.06389649976698841,0.06391031126958757,-0.13811502599159198
1997-04-30,5.0,0.06720532275412894,0.06720680946313062,-0.014867090016856821
1997-04-30,10.0,0.06998440496038727,0.06998481965722858,-0.00414696841311013
1997-04-30,30.0,0.07219910537346164,0.07219636636219406,0.027390112675718115
1997-05-31,2.0,0.06320492927274168,0.06322038876811842,-0.15459495376735077
1997-05-31,5.0,0.0664707764206498,0.06647285073415099,-0.020743135011880298
1997-05-31,10.0,0.0693817432918693,0.06938253655210613,-0.007932602368310171
1997-05-31,30.0,0.0718769316682375,0.07187440822806468,0.025234401728191358
1997-06-30,2.0,0.06207802482366631,0.06209045878614616,-0.12433962479851957
1997-06-30,5.0,0.06528501775511963,0.06528616449017388,-0.011467350542471166
1997-06-30,10.0,0.06794144842723449,0.06794183087313233,-0.00382445897839645
1997-06-30,30.0,0.0698715997043422,0.06986866952559456,0.029301787476399
1997-07-31,2.0,0.05817218676545455,0.05817658814890381,-0.04401383449259555
1997-07-31,5.0,0.06011061355800007,0.06011133338308383,-0.007198250837614495
1997-07-31,10.0,0.0626562222507443,0.06265643291617784,-0.002106654335420899
1997-07-31,30.0,0.06510799130221345,0.06510550125782344,0.02490044390013324
1997-08-31,2.0,0.06093573103186101,0.06094496112174319,-0.0923008988218399
1997-08-31,5.0,0.06357127901154169,0.06357258784931608,-0.013088377743830648
1997-08-31,10.0,0.06638035466557324,0.0663806904133788,-0.0033574780555767347
1997-08-31,30.0,0.06820419311663573,0.06820179606409948,0.023970525362404516
1997-09-30,2.0,0.059172896803311614,0.059183741307396565,-0.10844504084950302
1997-09-30,5.0,0.06152914590767544,0.0615325634427637,-0.0341753508825704
1997-09-30,10.0,0.064135599588927,0.06413655471266888,-0.00955123741874786
1997-09-30,30.0,0.06817723635705364,0.06817610569666899,0.01130660384651705
1997-10-31,2.0,0.057562122754006406,0.05756590402943629,-0.03781275429881603
1997-10-31,5.0,0.05888918700104795,0.05888999310863352,-0.00806107585571425
1997-10-31,10.0,0.06118104228029253,0.0611816620503125,-0.006197700199717104
1997-10-31,30.0,0.06364131010595742,0.0636391791259523,0.021309800051216854
1997-11-30,2.0,0.059011668823578445,0.0590153027347462,-0.03633911167755244
1997-11-30,5.0,0.05951206992644931,0.05951258445503349,-0.005145285841834379
1997-11-30,10.0,0.060634893289588154,0.06063586127524423,-0.009679856560751432
1997-11-30,30.0,0.06204442375634378,0.062042775887616086,0.016478687276944015
1997-12-31,2.0,0.05776253311526425,0.05776465464338032,-0.021215281160724686
1997-12-31,5.0,0.05826767802037036,0.058268087744141495,-0.004097237711331303
1997-12-31,10.0,0.05949971062523196,0.05950040630648612,-0.006956812541591972
1997-12-31,30.0,0.061190779225357206,0.06118917394076395,0.016052845932534865
1998-01-31,2.0,0.05445311354199056,0.05445221079968765,0.00902742302910653
1998-01-31,5.0,0.05509412682572634,0.055094918750522304,-0.00791924795962018
1998-01-31,10.0,0.05781938840260059,0.05781988391344317,-0.00495510842579705
1998-01-31,30.0,0.06027083395849764,0.060268802934433374,0.02031024064264031
1998-02-28,2.0,0.056578891250967045,0.05657993422526775,-0.010429743007023262
1998-02-28,5.0,0.057139555263675756,0.05714011997203894,-0.005647083631821204
1998-02-28,10.0,0.05896311374875007,0.058963784793226504,-0.006710444764301826
1998-02-28,30.0,0.06108565065847249,0.06108378576043538,0.0186489803710721
1998-03-31,2.0,0.057149041278053314,0.05715169063755754,-0.026493595042254015
1998-03-31,5.0,0.05776081722298665,0.05776138183910273,-0.005646161160832719
1998-03-31,10.0,0.05929495509228211,0.05929578612327413,-0.008310309920211978
1998-03-31,30.0,0.0609380334881795,0.06093622916279373,0.01804325385768024
1998-04-30,2.0,0.05708368264153951,0.057088760061980715,-0.05077420441201852
1998-04-30,5.0,0.05767051837664838,0.05767264498903635,-0.021266123879648546
1998-04-30,10.0,0.05981341769516435,0.059814662730492074,-0.01245035327723798
1998-04-30,30.0,0.06185810891547838,0.061857016539651255,0.010923758271275119
1998-05-31,2.0,0.0565778468826863,0.05658304449793339,-0.05197615247087839
1998-05-31,5.0,0.05699204354445331,0.05699492459632216,-0.0288105186885268
1998-05-31,10.0,0.05853732065048178,0.05853869223855246,-0.013715880706755001
1998-05-31,30.0,0.06147518465550306,0.061474803726948135,0.0038092855492166677
1998-06-30,2.0,0.05625598368563223,0.05625951101208604,-0.03527326453811597
1998-06-30,5.0,0.05602558759120124,0.056027189711119973,-0.016021199187310486
1998-06-30,10.0,0.056975838512283605,0.05697707796172957,-0.01239449445966656
1998-06-30,30.0,0.05863307178211574,0.05863268578784209,0.003859942736550437
1998-07-31,2.0,0.05615327807894244,0.05615647820396319,-0.03200125020752509
1998-07-31,5.0,0.056322021560923474,0.05632275630611305,-0.0073474518957894475
1998-07-31,10.0,0.05743760134544185,0.05743869846213845,-0.01097116696602285
1998-07-31,30.0,0.05889369029973368,0.05889250816757441,0.011821321592719869
1998-08-31,2.0,0.051168096151691156,0.05116590975179225,0.02186399898906899
1998-08-31,5.0,0.05093765624839475,0.050938315757339536,-0.006595089447891667
1998-08-31,10.0,0.05315299919013361,0.05315385017497487,-0.008509848412607823
1998-08-31,30.0,0.05543971727400687,0.05543798975394498,0.01727520061889365
1998-09-30,2.0,0.044697495152622224,0.04469343278332616,0.040623692960650715
1998-09-30,5.0,0.04403268805839011,0.04403371602282147,-0.010279644313548886
1998-09-30,10.0,0.04802601845049903,0.048027522582005044,-0.01504131506013806
1998-09-30,30.0,0.054833492946014806,0.054830838593158626,0.026543528561795426
1998-10-31,2.0,0.04398009713995732,0.04397735714891726,0.02739991040057177
1998-10-31,5.0,0.04470270813635069,0.04470409364390382,-0.01385507553131049
1998-10-31,10.0,0.05031456262760514,0.0503157112478787,-0.011486202735611073
1998-10-31,30.0,0.05532250387626769,0.055318966499594335,0.03537376673357073
1998-11-30,2.0,0.046947125961731784,0.04694600007830774,0.011258834240468474
1998-11-30,5.0,0.047417489281535996,0.047418282402503786,-0.007931209677902729
1998-11-30,10.0,0.050588276178846536,0.05058911074731931,-0.008345684727739666
1998-11-30,30.0,0.05549635403828046,0.0554940456021229,0.023084361575609336
1998-12-31,2.0,0.04689636269066444,0.04689567974767028,0.006829429941568321
1998-12-31,5.0,0.04774697874535172,0.047747853973947096,-0.00875228595376143
1998-12-31,10.0,0.051285369555216676,0.051286088146467845,-0.007185912511697978
1998-12-31,30.0,0.055831915104514795,0.05582938964676898,0.02525457745816695
1999-01-31,2.0,0.047138304591565205,0.04713830802553498,-3.433969775201717e-05
1999-01-31,5.0,0.04708612250445521,0.04708785191241094,-0.01729407955730622
1999-01-31,10.0,0.05107749091913738,0.05107916039685256,-0.016694777151826656
1999-01-31,30.0,0.0542210658028035,0.05421868808594321,0.023777168602912013
1999-02-28,2.0,0.05253936018447947,0.05254480859274735,-0.05448408267882954
1999-02-28,5.0,0.05402354812031751,0.05402512924276048,-0.015811224429729265
1999-02-28,10.0,0.057315912554882775,0.05731705345873306,-0.011409038502829816
1999-02-28,30.0,0.05783948241914816,0.057837035470981624,0.024469481665345683
1999-03-31,2.0,0.051163725301836216,0.05116949011291383,-0.057648110776131745
1999-03-31,5.0,0.053405320440756965,0.053407104778118164,-0.017843373611992064
1999-03-31,10.0,0.0576954033658601,0.057696301419899676,-0.00898054039577545
1999-03-31,30.0,0.05903785908521875,0.0590348972534005,0.02961831818248939
1999-04-30,2.0,0.05187894436337204,0.051885648926633055,-0.06704563261017427
1999-04-30,5.0,0.05384125214165514,0.05384327117373067,-0.020190320755286706
1999-04-30,10.0,0.05793225362267895,0.057933505936540675,-0.012523138617215324
1999-04-30,30.0,0.0591169956761286,0.05911415940038256,0.02836275746043171
1999-05-31,2.0,0.05541652598833813,0.05542771276380254,-0.1118677546441127
1999-05-31,5.0,0.058179464914432044,0.058181049448433164,-0.015845340011200193
1999-05-31,10.0,0.06103007741047284,0.06103084515352952,-0.007677430566843668
1999-05-31,30.0,0.06010007177287702,0.060097619066928454,0.02452705948563505
1999-06-30,2.0,0.056315946369461356,0.05632740762419508,-0.11461254733724502
1999-06-30,5.0,0.058793194965859774,0.0587965783788309,-0.0338341297112521
1999-06-30,10.0,0.06285927935874747,0.06286049559221185,-0.012162334643850414
1999-06-30,30.0,0.06109846887524428,0.06109622392078706,0.022449544572200608
1999-07-31,2.0,0.057392417379234395,0.05740416634268364,-0.11748963449242922
1999-07-31,5.0,0.06058628220394957,0.06058834062913765,-0.020584251880784166
1999-07-31,10.0,0.06406500468655696,0.06406542373967294,-0.00419053115985335
1999-07-31,30.0,0.06179019515536566,0.06178769860100952,0.0249655435613505
1999-08-31,2.0,0.058683975312260994,0.05869522077680345,-0.11245464542453121
1999-08-31,5.0,0.0612547489763311,0.06125836992819167,-0.03620951860572319
1999-08-31,10.0,0.0652344841069652,0.06523535740223463,-0.008732952694323615
1999-08-31,30.0,0.06316428234979754,0.0631622762974553,0.02006052342240494
1999-09-30,2.0,0.05749342306583194,0.0575036695915534,-0.102465257214579
1999-09-30,5.0,0.060143116792232165,0.06014655812065439,-0.03441328422226775
1999-09-30,10.0,0.06472376221328457,0.06472470034509925,-0.009381318146761686
1999-09-30,30.0,0.062466692411635716,0.062464136365346645,0.025560462890705793
1999-10-31,2.0,0.059301707731963305,0.059312870700005904,-0.1116296804259953
1999-10-31,5.0,0.06138612856696746,0.06138997407087321,-0.038455039057527785
1999-10-31,10.0,0.06540280074338334,0.06540419765329619,-0.013969099128541274
1999-10-31,30.0,0.06305095537289906,0.06304881385423666,0.021415186624018645
1999-11-30,2.0,0.061229847670077886,0.06123938594698264,-0.09538276904752507
1999-11-30,5.0,0.06267782242797892,0.062681662462857,-0.03840034878077603
1999-11-30,10.0,0.06665602702116913,0.06665773471996639,-0.01707698797259738
1999-11-30,30.0,0.06306523303294687,0.06306293735993407,0.0229567301279765
1999-12-31,2.0,0.06376833321777231,0.06378374531208841,-0.1541209431610291
1999-12-31,5.0,0.06558970767155081,0.065596848305576,-0.0714063402518228
1999-12-31,10.0,0.06930276664408352,0.06930499622543396,-0.02229581350432497
1999-12-31,30.0,0.06631852797910143,0.06631745520552657,0.010727735748616851
2000-01-31,2.0,0.06763096097676669,0.06764783171151167,-0.16870734744989235
2000-01-31,5.0,0.06850436008150318,0.06850876397815098,-0.044038966477977226
2000-01-31,10.0,0.06915016898654391,0.06915202496100847,-0.01855974464559651
2000-01-31,30.0,0.06459923187076488,0.06459943093448928,-0.001990637243931559
2000-02-29,2.0,0.06665944232543453,0.06667270617563537,-0.13263850200839755
2000-02-29,5.0,0.06769697971034416,0.06770056857863183,-0.03588868287662805
2000-02-29,10.0,0.06745731113777143,0.06745795733215498,-0.00646194383557841
2000-02-29,30.0,0.06184558765864501,0.06184637633665968,-0.007886780146737493
2000-03-31,2.0,0.06618602939975715,0.06619339148144743,-0.07362081690276412
2000-03-31,5.0,0.06433185329134194,0.06433505772994574,-0.032044386037988204
2000-03-31,10.0,0.0636482430895049,0.06365079621337655,-0.025531238716514082
2000-03-31,30.0,0.05915243093315459,0.05915301601030665,-0.005850771520599096
2000-04-30,2.0,0.06804548326548798,0.06805665632933566,-0.11173063847680353
2000-04-30,5.0,0.06647485131341546,0.06647911520797467,-0.04263894559208836
2000-04-30,10.0,0.0651771666868608,0.06517981734357314,-0.026506567123441016
2000-04-30,30.0,0.06115133105839421,0.06115265437010242,-0.013233117082123158
2000-05-31,2.0,0.06874320815389523,0.06876319495949423,-0.19986805599003787
2000-05-31,5.0,0.0668015322249933,0.06681211896741068,-0.10586742417384443
2000-05-31,10.0,0.06598816997308865,0.0659935394661213,-0.05369493032647554
2000-05-31,30.0,0.0625637313363463,0.0625658397655986,-0.02108429252301036
2000-06-30,2.0,0.06547847128837292,0.06548467217229725,-0.06200883924334377
2000-06-30,5.0,0.06343626740015429,0.06344191404325983,-0.05646643105539084
2000-06-30,10.0,0.06367981771750197,0.06368304612671905,-0.032284092170709044
2000-06-30,30.0,0.06117097406610439,0.061171706917930946,-0.0073285182655702386
2000-07-31,2.0,0.06480023709135052,0.06480002430361864,0.0021278773187916045
2000-07-31,5.0,0.06303454734092484,0.0630371244711343,-0.02577130209457934
2000-07-31,10.0,0.0627799513552445,0.06278149876992623,-0.015474146817240353
2000-07-31,30.0,0.05985181364356107,0.05985237624228268,-0.005625987216095751
2000-08-31,2.0,0.0630517740674581,0.06304777606792378,0.039979995343220054
2000-08-31,5.0,0.06079166088243326,0.06079353873021032,-0.018778477770542423
2000-08-31,10.0,0.06071784959348636,0.060719306836151565,-0.014572426652037507
2000-08-31,30.0,0.05841356884286286,0.05841387531141473,-0.003064685518694432
2000-09-30,2.0,0.06121737115801307,0.06121037181167899,0.06999346334080059
2000-09-30,5.0,0.05960161821439325,0.059604248719022035,-0.026305046287866674
2000-09-30,10.0,0.061729573629017986,0.06173084754062996,-0.012739116119764304
2000-09-30,30.0,0.060287443538900476,0.06028666837076457,0.007751681359025042
2000-10-31,2.0,0.06086646928575057,0.0608583547217596,0.08114563990968549
2000-10-31,5.0,0.05914592432924737,0.05914815618358049,-0.02231854333123451
2000-10-31,10.0,0.06061104340079271,0.060612174269454755,-0.011308686620470354
2000-10-31,30.0,0.05991974942490241,0.05991930987643346,0.004395484689556639
2000-11-30,2.0,0.05785824274213591,0.0578453103892651,0.12932352870809183
2000-11-30,5.0,0.0555520878646123,0.0555525233479941,-0.004354833817998838
2000-11-30,10.0,0.05753258089100011,0.05753333776798497,-0.007568769848642631
2000-11-30,30.0,0.05775175169915481,0.05775060385642572,0.011478427290878557
2000-12-31,2.0,0.05281635056766776,0.0528046490111167,0.1170155655105809
2000-12-31,5.0,0.051735227191557875,0.0517354383089359,-0.002111173780239284
2000-12-31,10.0,0.05488040619602774,0.05488053206609678,-0.001258700690343062
2000-12-31,30.0,0.05714347844666312,0.0571417256118405,0.01752834822621452
2001-01-31,2.0,0.047807775481744086,0.04780318283659479,0.045926451492928067
2001-01-31,5.0,0.05057611725435773,0.05057554296915456,0.00574285203169822
2001-01-31,10.0,0.055240743598681696,0.0552390778444094,0.016657542722953167
2001-01-31,30.0,0.058650206624742074,0.058647434044309055,0.027725804330192005
2001-02-28,2.0,0.04566271057050941,0.045657586956387775,0.05123614121638198
2001-02-28,5.0,0.04853972411740859,0.048539026190248746,0.0069792715984284825
2001-02-28,10.0,0.05353248431232949,0.05353076637354626,0.017179387832300108
2001-02-28,30.0,0.05764602975697075,0.05764307937709989,0.02950379870858555
2001-03-31,2.0,0.04305574958292402,0.04305461796408805,0.011316188359700163
2001-03-31,5.0,0.04775533481236294,0.04775514841812778,0.0018639423515764975
2001-03-31,10.0,0.054108555222852406,0.05410646500747096,0.020902153814450486
2001-03-31,30.0,0.059068618228243164,0.05906488524627962,0.03732981963544546
2001-04-30,2.0,0.044307855161013876,0.0443118526882198,-0.0399752720592339
2001-04-30,5.0,0.0510431252783643,0.05104270593388338,0.004193444809175162
2001-04-30,10.0,0.05780420259904573,0.05780110150206519,0.031010969805400634
2001-04-30,30.0,0.061668374232046075,0.061664199301878275,0.04174930167799573
2001-05-31,2.0,0.04359253853706835,0.043599701718753714,-0.07163181685365672
2001-05-31,5.0,0.05161843066027205,0.05161771390626013,0.007167540119201732
2001-05-31,10.0,0.058545601522219215,0.05854182126079266,0.03780261426555853
2001-05-31,30.0,0.06148215517964739,0.061477889516154294,0.04265663493097094
2001-06-30,2.0,0.04387726931912872,0.04388558638082296,-0.08317061694240735
2001-06-30,5.0,0.051773240585566205,0.051773335588182645,-0.000950026164403539
2001-06-30,10.0,0.05856423697380775,0.058560860879044,0.0337609476375178
2001-06-30,30.0,0.06050206736763619,0.06049819810314916,0.03869264487033064
2001-07-31,2.0,0.03898926835368011,0.03899183309529275,-0.025647416126428624
2001-07-31,5.0,0.04729679314612589,0.04729463880038676,0.021543457391359766
2001-07-31,10.0,0.054673671994054374,0.05466915724267918,0.04514751375195303
2001-07-31,30.0,0.058541502102074316,0.058536835825598876,0.046662764754401564
2001-08-31,2.0,0.03744023422845988,0.03744192951039027,-0.01695281930391701
2001-08-31,5.0,0.045796983291156224,0.04579462170298387,0.023615881723504373
2001-08-31,10.0,0.053245150635508276,0.05324091904720896,0.042315882993193554
2001-08-31,30.0,0.057154546926819094,0.057149357370612996,0.05189556206097734
2001-09-30,2.0,0.029457880103894496,0.029461654427607176,-0.03774323712679717
2001-09-30,5.0,0.04097297792272592,0.04097211236577358,0.008655569523341455
2001-09-30,10.0,0.05175550144159802,0.051750585311140185,0.04916130457832679
2001-09-30,30.0,0.05817569424519764,0.05816999888080043,0.05695364397206859
2001-10-31,2.0,0.025212504508348887,0.025215669781176953,-0.03165272828065113
2001-10-31,5.0,0.037517753787873476,0.037515590502319895,0.02163285553580252
2001-10-31,10.0,0.04815494878520421,0.04814926060615998,0.056881790442275815
2001-10-31,30.0,0.053104847949570155,0.05309874112036361,0.061068292065424856
2001-11-30,2.0,0.028938324555814132,0.028947052261655726,-0.08727705841593547
2001-11-30,5.0,0.04313791706506698,0.04313541520244346,0.0250186262351626
2001-11-30,10.0,0.053879495537685784,0.05387305321992519,0.0644231776059101
2001-11-30,30.0,0.05775028588611253,0.05774364228787521,0.06643598237321413
2001-12-31,2.0,0.031089853347524787,0.031100831539425666,-0.10978191900878898
2001-12-31,5.0,0.046632978568006855,0.04662949888279311,0.0347968521374753
2001-12-31,10.0,0.056661028094554755,0.05665261391650489,0.08414178049864773
2001-12-31,30.0,0.059791617947407394,0.05978493920811445,0.06678739292942382
2002-01-31,2.0,0.03186549933621485,0.031878574738746,-0.13075402531148583
2002-01-31,5.0,0.04628507421170025,0.04628312184722483,0.019523644754215752
2002-01-31,10.0,0.0559461879579779,0.05593961406663217,0.06573891345729166
2002-01-31,30.0,0.058661993053559014,0.05865581039550016,0.06182658058850876
2002-02-28,2.0,0.03076654041808391,0.030777116704211238,-0.10576286127328416
2002-02-28,5.0,0.0446360044997578,0.044635478331315426,0.005261684423718549
2002-02-28,10.0,0.05482591664571079,0.05482091109304554,0.05005552665249269
2002-02-28,30.0,0.05832848024091675,0.058323444655187906,0.050355857288408856
2002-03-31,2.0,0.03756718886628008,0.037589256724365416,-0.2206785808533951
2002-03-31,5.0,0.05125359017175635,0.05125637868369881,-0.027885119424642113
2002-03-31,10.0,0.05998138675414766,0.05997783762027331,0.03549133874347632
2002-03-31,30.0,0.0623430502265685,0.06233785169403716,0.05198532531336397
2002-04-30,2.0,0.032855304519024076,0.03286862094319831,-0.1331642417423673
2002-04-30,5.0,0.0470306243478773,0.047028340696408266,0.022836514690371956
2002-04-30,10.0,0.056282614651493645,0.056276512535968326,0.061021155253193626
2002-04-30,30.0,0.05999963215354276,0.05999479740135327,0.0483475218948648
2002-05-31,2.0,0.03217617461361888,0.032191281319546405,-0.1510670592752561
2002-05-31,5.0,0.045329691514649495,0.045331437288492094,-0.017457738425985525
2002-05-31,10.0,0.05572280543716879,0.05571894574793479,0.03859689233998154
2002-05-31,30.0,0.06074351581798032,0.06073811425645026,0.05401561530060661
2002-06-30,2.0,0.02885491392703088,0.02886473979001747,-0.0982586298658994
2002-06-30,5.0,0.042778406128030966,0.042777681109933186,0.007250180977802501
2002-06-30,10.0,0.05382725923671794,0.05382141470547119,0.058445312467458876
2002-06-30,30.0,0.06083509845716395,0.06082722000043672,0.07878456727228311
2002-07-31,2.0,0.022487360958599822,0.0224901749113513,-0.028139527514792206
2002-07-31,5.0,0.03696816923801083,0.03696688989904939,0.012793389614351725
2002-07-31,10.0,0.050362486156326325,0.05035478754869516,0.07698607631168031
2002-07-31,30.0,0.058711731836055936,0.05870239227595131,0.09339560104626443
2002-08-31,2.0,0.021330908583992114,0.02133337090794707,-0.02462323954954826
2002-08-31,5.0,0.03353299074205229,0.033532969031485615,0.00021710566677768384
2002-08-31,10.0,0.04664748026919585,0.046643105154719144,0.043751144767067984
2002-08-31,30.0,0.054165951805319024,0.05415974567880766,0.062061265113655395
2002-09-30,2.0,0.01719211005018728,0.01719414647248252,-0.020364222952373723
2002-09-30,5.0,0.027980977008462027,0.02798132445974355,-0.003474512815238029
2002-09-30,10.0,0.041959982201011714,0.04195733792228529,0.026442787264269185
2002-09-30,30.0,0.05251896302685033,0.05251232845264875,0.06634574201580534
2002-10-31,2.0,0.017050886482185668,0.017051749260013738,-0.008627778280700937
2002-10-31,5.0,0.02968328602766057,0.029684042161974178,-0.00756134313606438
2002-10-31,10.0,0.044934033817598085,0.04493010707690548,0.0392674069260579
2002-10-31,30.0,0.05589795610723902,0.05588893018157992,0.09025925659100764
2002-11-30,2.0,0.02110553381814917,0.021111765611504296,-0.062317933551270244
2002-11-30,5.0,0.034352456134358667,0.03435392008333449,-0.01463948975821694
2002-11-30,10.0,0.04779642061947231,0.047791902641289186,0.04517978183127269
2002-11-30,30.0,0.055761875648740356,0.055755896557671436,0.05979091068919473
2002-12-31,2.0,0.016071160261978745,0.016072799865263887,-0.016396032851417885
2002-12-31,5.0,0.028867284910901292,0.028866797521554854,0.00487389346437439
2002-12-31,10.0,0.043406532997174896,0.04340249205311353,0.040409440613675685
2002-12-31,30.0,0.053160609917885404,0.053153503678716074,0.07106239169329953
2003-01-31,2.0,0.017395590754260892,0.017398623045130623,-0.030322908697311135
2003-01-31,5.0,0.031079319239718295,0.0310781475706563,0.01171669061994507
2003-01-31,10.0,0.044757990146880866,0.04475352881009331,0.04461336787553449
2003-01-31,30.0,0.05393465162382505,0.05392680211622447,0.078495076005769
2003-02-28,2.0,0.015388318811480062,0.015390228313482357,-0.01909502002295227
2003-02-28,5.0,0.02771444089404751,0.027714084058141575,0.0035683590593471592
2003-02-28,10.0,0.04163281815287956,0.04162813142086841,0.046867320111498856
2003-02-28,30.0,0.05248745070982119,0.052481806037700585,0.05644672120608263
2003-03-31,2.0,0.015509242732360429,0.015511066940407492,-0.018242080470631805
2003-03-31,5.0,0.028796042797442523,0.02879580816168681,0.002346357557136969
2003-03-31,10.0,0.04306392477869525,0.043059269096500374,0.046556821948762206
2003-03-31,30.0,0.0543084858551528,0.05429995824891232,0.08527606240482655
2003-04-30,2.0,0.01544218003287412,0.015444045421723729,-0.01865388849608962
2003-04-30,5.0,0.029273971605573212,0.029273280181616013,0.006914239571997882
2003-04-30,10.0,0.04313971405766415,0.04313541520244346,0.04298855220685738
2003-04-30,30.0,0.05362724327978108,0.053620154036268186,0.07089243512892196
2003-05-31,2.0,0.013339539697526659,0.013340196916556746,-0.006572190300868641
2003-05-31,5.0,0.023539613196246867,0.02353978819034719,-0.0017499410032151275
2003-05-31,10.0,0.03738665038255218,0.03738383438901627,0.028159935359095556
2003-05-31,30.0,0.04907089694772715,0.04906364537522756,0.07251572499589187
2003-06-30,2.0,0.013360426168429251,0.013362490646119163,-0.020644776899114703
2003-06-30,5.0,0.02516147245173994,0.025162359952416002,-0.00887500676061137
2003-06-30,10.0,0.039131271017792235,0.03912914313564042,0.021278821518144753
2003-06-30,30.0,0.05174059083403049,0.051732705703166904,0.07885130863583001
2003-07-31,2.0,0.018352924084229727,0.018358482449241764,-0.05558365012037214
2003-07-31,5.0,0.03427666911422822,0.03427738072523945,-0.007116110112281859
2003-07-31,10.0,0.049897666263495344,0.049891683209398296,0.05983054097047358
2003-07-31,30.0,0.0587673710760761,0.05875956374875013,0.07807327325970448
2003-08-31,2.0,0.01962927865440922,0.019635285377735956,-0.060067233267346865
2003-08-31,5.0,0.03540250109625043,0.03540225149459153,0.0024960165889709174
2003-08-31,10.0,0.049280113467224496,0.04927452836097812,0.055851062463752044
2003-08-31,30.0,0.05736725045610047,0.057358693666981875,0.08556789118596697
2003-09-30,2.0,0.014899501963218986,0.014901943055682265,-0.024410924632789488
2003-09-30,5.0,0.029002011076876055,0.029002616902709555,-0.006058258334995514
2003-09-30,10.0,0.04373154441750793,0.043727040692839614,0.045037246683143906
2003-09-30,30.0,0.05442670282439899,0.05441804645705228,0.08656367346704386
2003-10-31,2.0,0.01866047223841738,0.018666073154800067,-0.056009163826864494
2003-10-31,5.0,0.03339854778241569,0.03339965187762184,-0.011040952061502907
2003-10-31,10.0,0.04748358000522801,0.04747865969455356,0.04920310674449979
2003-10-31,30.0,0.05661332201197622,0.05660506561872336,0.08256393252858985
2003-11-30,2.0,0.02074254009645493,0.02074933526990419,-0.0679517344925884
2003-11-30,5.0,0.03444471962236584,0.034445981678902005,-0.012620565361665115
2003-11-30,10.0,0.04754183623342767,0.04753732014197376,0.04516091453909965
2003-11-30,30.0,0.056814431513159125,0.05680901007639472,0.05421436764407872
2003-12-31,2.0,0.018412221181454358,0.01841754895413583,-0.05327772681473775
2003-12-31,5.0,0.03299792365669263,0.03299773759043845,0.00186066254181938
2003-12-31,10.0,0.04660137463373348,0.04659705387122792,0.043207625055607934
2003-12-31,30.0,0.056048531698678516,0.056039933095046957,0.08598603631559953
2004-01-31,2.0,0.018480419081084998,0.01848578521580513,-0.05366134720130589
2004-01-31,5.0,0.032373002726991285,0.03237296297257508,0.00039754416203408027
2004-01-31,10.0,0.045451678300113985,0.04544747551803385,0.04202782080131584
2004-01-31,30.0,0.05493740418288806,0.05492956324237763,0.07840940510428496
2004-02-29,2.0,0.016583508738375663,0.016587062799545693,-0.035540611700302094
2004-02-29,5.0,0.030583788560879288,0.030583348821022538,0.004397398567501654
2004-02-29,10.0,0.043676357021743994,0.043671724625571784,0.04632396172210562
2004-02-29,30.0,0.0541752735574621,0.05416712482285457,0.08148734607527075
2004-03-31,2.0,0.015881590213621788,0.015884843783762426,-0.032535701406377626
2004-03-31,5.0,0.028562668310361916,0.028563326580450576,-0.006582700886603732
2004-03-31,10.0,0.042220442136370995,0.04221681760330753,0.0362453306346211
2004-03-31,30.0,0.05306625199605253,0.053058724128528745,0.07527867523782206
2004-04-30,2.0,0.023716692878036127,0.02372608938469223,-0.09396506656100811
2004-04-30,5.0,0.037338037097959464,0.037338190504476065,-0.0015340651660089577
2004-04-30,10.0,0.049393813598340275,0.04938995490744147,0.03858690898805861
2004-04-30,30.0,0.05799507337411325,0.057988009292546216,0.07064081567031977
2004-05-31,2.0,0.02593289136301724,0.025943831373498094,-0.10940010480853246
2004-05-31,5.0,0.03917857778059464,0.039181100891730214,-0.025231111355772384
2004-05-31,10.0,0.050766345527909706,0.050763455041725525,0.0289048618418164
2004-05-31,30.0,0.05795884597063217,0.05795203831174045,0.06807658891716528
2004-06-30,2.0,0.027434339397844232,0.027444858238240943,-0.10518840396711582
2004-06-30,5.0,0.039137713077514125,0.039139534479028404,-0.018214015142792306
2004-06-30,10.0,0.05004964935059508,0.050046028630940764,0.03620719654318094
2004-06-30,30.0,0.05769568858459451,0.05769075642791832,0.04932156676185073
2004-07-31,2.0,0.02719216720497286,0.027201382659834072,-0.09215454861211114
2004-07-31,5.0,0.03812498596645053,0.03812686718843761,-0.01881221987076742
2004-07-31,10.0,0.04869404205458494,0.04869234256923893,0.01699485346007279
2004-07-31,30.0,0.05720588104608737,0.05720115895825284,0.047220878345299866
2004-08-31,2.0,0.024214694201283082,0.024220668517110466,-0.05974315827383947
2004-08-31,5.0,0.0340070227266136,0.03400953757081737,-0.025148442037714602
2004-08-31,10.0,0.04495053402105054,0.04494891598811268,0.016180329378556735
2004-08-31,30.0,0.053423875200953486,0.053418931804182224,0.049433967712619875
2004-09-30,2.0,0.02637449835865624,0.026380976550975044,-0.06478192318803977
2004-09-30,5.0,0.03461525361377604,0.03461667934804957,-0.014257342735302103
2004-09-30,10.0,0.044646369922435536,0.04464488009292822,0.014898295073173529
2004-09-30,30.0,0.052482747180782274,0.052478648597018784,0.04098583763489927
2004-10-31,2.0,0.025774530980135824,0.025779693491859046,-0.051625117232223516
2004-10-31,5.0,0.033691201937881,0.0336931790576418,-0.01977119760798729
2004-10-31,10.0,0.04368491959990228,0.04368424876141175,0.00670838490535175
2004-10-31,30.0,0.051474031053659663,0.05146980539064949,0.04225663010171132
2004-11-30,2.0,0.03075337808713452,0.03076165516342244,-0.08277076287921403
2004-11-30,5.0,0.0378140216672227,0.03781651365531369,-0.024919880909912706
2004-11-30,10.0,0.04673270770485716,0.046733120332359546,-0.004126275023885739
2004-11-30,30.0,0.05280045562025815,0.05279654514885834,0.039104713998039387
2004-12-31,2.0,0.03112033922159929,0.03112764050956085,-0.073012879615586
2004-12-31,5.0,0.03690916753859552,0.0369119321102791,-0.02764571683577799
2004-12-31,10.0,0.04505593628892535,0.045055506213552476,0.004300753728703199
2004-12-31,30.0,0.050711228656721064,0.050707766054379544,0.03462602341519627
2005-01-31,2.0,0.03310158476843661,0.03310930737075801,-0.0772260232140276
2005-01-31,5.0,0.0374709697174056,0.03747305323512906,-0.0208351772346127
2005-01-31,10.0,0.043641131146556544,0.04364145858441715,-0.0032743786060329683
2005-01-31,30.0,0.047304031430850824,0.0473016507587416,0.023806721092256566
2005-02-28,2.0,0.03648587966473804,0.03649517728690266,-0.09297622164616826
2005-02-28,5.0,0.04055549921617141,0.040557887901188305,-0.023886850168963747
2005-02-28,10.0,0.04574757351584813,0.04574756200385832,0.00011511989805867984
2005-02-28,30.0,0.047722892658328186,0.04772065521434943,0.02237443978758691
2005-03-31,2.0,0.03856955925242134,0.03858062776886473,-0.11068516443391019
2005-03-31,5.0,0.042297484044709455,0.042299155984221404,-0.016719395119491054
2005-03-31,10.0,0.04710583952795111,0.0471068707668012,-0.01031238850091043
2005-03-31,30.0,0.04803526569301786,0.04803397052856395,0.01295164453907205
2005-04-30,2.0,0.03688855078064757,0.03689637854794947,-0.07827767301904487
2005-04-30,5.0,0.03936121436351403,0.03936297349777518,-0.01759134261147821
2005-04-30,10.0,0.043880591515648604,0.04388152372632481,-0.009322106762077453
2005-04-30,30.0,0.04611558432729912,0.046113637710071265,0.0194661722785483
2005-05-31,2.0,0.03633000095534489,0.036336605655816756,-0.06604700471868341
2005-05-31,5.0,0.03782522260764898,0.03782689187234123,-0.016692646922500387
2005-05-31,10.0,0.041732123912427754,0.041734382909007106,-0.02258996579351802
2005-05-31,30.0,0.04409428773808788,0.044092409092822304,0.018786452655739083
2005-06-30,2.0,0.03685261257388639,0.03685697723419423,-0.043646603078428825
2005-06-30,5.0,0.037566185007693154,0.03756746757876095,-0.012825710677955016
2005-06-30,10.0,0.040881731198930016,0.04088259261351457,-0.008614145845520227
2005-06-30,30.0,0.04244528790339186,0.04244404563650073,0.01242266891132715
2005-07-31,2.0,0.04091789577454796,0.04092318782622795,-0.052920516799837
2005-07-31,5.0,0.041685163938637304,0.04168750591651649,-0.023419778791833323
2005-07-31,10.0,0.044314388507771696,0.04431482446235502,-0.00435954583322129
2005-07-31,30.0,0.04424156654389555,0.044241724983154374,-0.0015843925882386145
2005-08-31,2.0,0.03880235957612843,0.038804985414216064,-0.0262583808763317
2005-08-31,5.0,0.039001988088874784,0.039002377113062314,-0.003890241875303957
2005-08-31,10.0,0.04168804540199078,0.04168958929361177,-0.015438916209919995
2005-08-31,30.0,0.04233605962663467,0.042334594757980515,0.014648686541551825
2005-09-30,2.0,0.042158302016431115,0.04216679239667709,-0.08490380245973483
2005-09-30,5.0,0.04270497084154479,0.04270990276348119,-0.04931921936401906
2005-09-30,10.0,0.04513223704764635,0.04513493345022157,-0.026964025752196363
2005-09-30,30.0,0.04833903008495444,0.04833899279257459,0.0003729237985083955
2005-10-31,2.0,0.04499200301225503,0.044995939747358715,-0.039367351036823095
2005-10-31,5.0,0.045067226686186235,0.04506909202344089,-0.01865337254658428
2005-10-31,10.0,0.04756065416501132,0.04756141377741274,-0.007596124014241923
2005-10-31,30.0,0.04696901035414558,0.046967614813715475,0.013955404301047025
2005-11-30,2.0,0.04497368885567843,0.044975040037561476,-0.01351181883046948
2005-11-30,5.0,0.04455261523818499,0.04455399994170417,-0.01384703519180519
2005-11-30,10.0,0.04716020105667096,0.04716132173979415,-0.01120683123190247
2005-11-30,30.0,0.04649859334194861,0.046497631873729794,0.009614682188185952
2005-12-31,2.0,0.044788815804896354,0.04478905103394726,-0.002352290509044508
2005-12-31,5.0,0.043881136535160126,0.04388152372632481,-0.0038719116468577397
2005-12-31,10.0,0.04542240336228498,0.04542343050261555,-0.010271403305672777
2005-12-31,30.0,0.04424436293849188,0.04424276922540149,0.015937130903864727
2006-01-31,2.0,0.04602728830384084,0.04602576785508927,0.015204487515685372
2006-01-31,5.0,0.04537000897292787,0.04537116063784796,-0.01151664920095996
2006-01-31,10.0,0.04686808830871869,0.04686815761459995,-0.0006930588125619863
2006-01-31,30.0,0.045934346751036026,0.045932675704412285,0.016710466237412902
2006-02-28,2.0,0.047691088357534994,0.047690271755910674,0.008166016243205121
2006-02-28,5.0,0.04663115700481146,0.046631592143884015,-0.004351390725521043
2006-02-28,10.0,0.047067141790959166,0.04706812852931885,-0.009867383596873225
2006-02-28,30.0,0.04480016600993797,0.04479949897669733,0.006670332406422119
2006-03-31,2.0,0.0492781581868007,0.049278725467485796,-0.005672806850931522
2006-03-31,5.0,0.04875262125409807,0.04875421724273554,-0.01595988637470569
2006-03-31,10.0,0.05039951789915542,0.0504010041761056,-0.014862769501799988
2006-03-31,30.0,0.04835010622108782,0.0483494762349197,0.00629986168121377
2006-04-30,2.0,0.04957226735654574,0.049570465503151695,0.01801853394045594
2006-04-30,5.0,0.04975098057252536,0.04975205690088691,-0.010763283615489172
2006-04-30,10.0,0.052467016693942714,0.05246812386315658,-0.011071692138653333
2006-04-30,30.0,0.051376453686918344,0.05137412599183766,0.02327695080683867
2006-05-31,2.0,0.051301954031920394,0.051300532378824704,0.014216530956900897
2006-05-31,5.0,0.05081073995035812,0.05081179127238222,-0.010513220241037402
2006-05-31,10.0,0.05307823162524028,0.05307873243436534,-0.005008091250591207
2006-05-31,30.0,0.05104389326412995,0.051042995297972515,0.0089796615743154
2006-06-30,2.0,0.05264463042383638,0.05264284807342601,0.017823504103731125
2006-06-30,5.0,0.0513492800286659,0.05135099601549653,-0.01715986830630456
2006-06-30,10.0,0.053065853074253155,0.05306714863201978,-0.012955577666229345
2006-06-30,30.0,0.05136261282589927,0.05136045821704038,0.021546088588841883
2006-07-31,2.0,0.050583758810959445,0.05057958752597025,0.04171284989196167
2006-07-31,5.0,0.04944067377467887,0.04944137627504519,-0.007025003663230223
2006-07-31,10.0,0.051393583378549934,0.05139410229000574,-0.0051891145580462705
2006-07-31,30.0,0.04932617474559664,0.04932384542275292,0.023293228437193392
2006-08-31,2.0,0.048573696311560166,0.04856755560544479,0.061407061153762044
2006-08-31,5.0,0.04719727487768499,0.04719797302744899,-0.006981497640001777
2006-08-31,10.0,0.049016147899534124,0.0490164385733467,-0.0029067381257519287
2006-08-31,30.0,0.04968439643032441,0.04968487491909146,-0.004784887670528093
2006-09-30,2.0,0.04771338462660779,0.047705987227852686,0.0739739875510459
2006-09-30,5.0,0.04610879042473992,0.04610840715495912,0.0038326978080149843
2006-09-30,10.0,0.047875923685080535,0.04787677722277728,-0.00853537696743345
2006-09-30,30.0,0.04828877961126121,0.0482876254404383,0.011541708229145797
2006-10-31,2.0,0.04768126178529597,0.047673508845666124,0.07752939629845912
2006-10-31,5.0,0.04589382708922529,0.04589397691134334,-0.0014982211804515089
2006-10-31,10.0,0.047516841252731146,0.04751741712197033,-0.005758692391832909
2006-10-31,30.0,0.04792005074235228,0.04791974105139585,0.0030969095643484934
2006-11-30,2.0,0.04675442377038941,0.04674672795137336,0.0769581901605143
2006-11-30,5.0,0.044492239770592246,0.0444934175666134,-0.011777960211567517
2006-11-30,10.0,0.04599128582170198,0.04599124957430467,0.00036247397305899653
2006-11-30,30.0,0.04610820131056448,0.046107361047075024,0.008402634894544292
2006-12-31,2.0,0.048901158531296174,0.04889580861926612,0.05349912030050419
2006-12-31,5.0,0.04707955390808993,0.0470806934222503,-0.011395141603642855
2006-12-31,10.0,0.04858709688545493,0.04858747857826895,-0.0038169281402211652
2006-12-31,30.0,0.0470278517025442,0.04702624664182098,0.016050607232198644
2007-01-31,2.0,0.04990694197725487,0.04990218217872511,0.047597985297631595
2007-01-31,5.0,0.048442672321048486,0.04844383193372348,-0.011596126749946478
2007-01-31,10.0,0.049669102479096505,0.049670179433711326,-0.010769546148203801
2007-01-31,30.0,0.048911430684337676,0.04890944435341016,0.019863309275169883
2007-02-28,2.0,0.04709887601028284,0.04709116428153881,0.07711728744030921
2007-02-28,5.0,0.04527551204699387,0.045276036190457836,-0.005241434639646769
2007-02-28,10.0,0.04717494425014812,0.04717598210092078,-0.01037850772656057
2007-02-28,30.0,0.047277196520403075,0.04727546854475162,0.01727975651455438
2007-03-31,2.0,0.04697291379458157,0.0469655208805797,0.07392914001869144
2007-03-31,5.0,0.045629267881056146,0.04562939920567577,-0.0013132461962328534
2007-03-31,10.0,0.048309768327108094,0.04831068802188532,-0.009196947772238673
2007-03-31,30.0,0.04918310531437564,0.04918219626515419,0.009090492214536283
2007-04-30,2.0,0.04682224944987956,0.046812675072546606,0.09574377332954853
2007-04-30,5.0,0.04533041152654871,0.0453303919575776,0.00019568971110217603
2007-04-30,10.0,0.047904413358189846,0.047905070277716844,-0.006569195269978678
2007-04-30,30.0,0.04898447228081215,0.04898287058440309,0.016016964090592722
2007-05-31,2.0,0.05002712754790184,0.05002397789587287,0.03149652028966443
2007-05-31,5.0,0.04883351202310093,0.048834974426574806,-0.01462403473873053
2007-05-31,10.0,0.05052560324429711,0.05052705985979644,-0.014566154993289615
2007-05-31,30.0,0.0486273215792834,0.04862522840699057,0.02093172292827461
2007-06-30,2.0,0.049671367962391466,0.049669129764056796,0.02238198334669761
2007-06-30,5.0,0.04966696896209455,0.04966808009545165,-0.011111333571012239
2007-06-30,10.0,0.05200641348634072,0.05200619175829635,0.0022172804436948468
2007-06-30,30.0,0.04928159710389601,0.049280824027035264,0.007730768607494554
2007-07-31,2.0,0.04638122952427093,0.04637415243859877,0.07077085672158034
2007-07-31,5.0,0.04650122939382051,0.04650077137133479,0.004580224857164694
2007-07-31,10.0,0.04976822352132615,0.0497678032998381,0.004202214880510979
2007-07-31,30.0,0.04925810214696846,0.04925669084561535,0.014113013531158458
2007-08-31,2.0,0.04238690389695088,0.04238358563521083,0.03318261740048456
2007-08-31,5.0,0.04299834753403231,0.04299981641257933,-0.014688785470173826
2007-08-31,10.0,0.04775730119620558,0.0477573260790185,-0.00024882812921234176
2007-08-31,30.0,0.048211223611339005,0.04820900681676532,0.022167945736839556
2007-09-30,2.0,0.04037349855195549,0.04037164470851695,0.018538434385373392
2007-09-30,5.0,0.04263446204622201,0.042635872988473045,-0.014109422510344416
2007-09-30,10.0,0.048258632741070784,0.04825827379785075,0.0035894322003571233
2007-09-30,30.0,0.04857119030053236,0.04856860417352471,0.025861270076532605
2007-10-31,2.0,0.039879130740494206,0.0398755057725344,0.036249679598032714
2007-10-31,5.0,0.041690416638184846,0.041691672674873725,-0.012560366888791918
2007-10-31,10.0,0.04711849678973956,0.047118389005729844,0.0010778400971744873
2007-10-31,30.0,0.04844842044954034,0.04844697726993741,0.014431796029334976
2007-11-30,2.0,0.03083145723087477,0.030827626020397902,0.03831210476867852
2007-11-30,5.0,0.03484417895887959,0.034845354901903436,-0.011759430238456048
2007-11-30,10.0,0.043036621727258195,0.04303423597444067,0.023857528175241782
2007-11-30,30.0,0.04615278766124442,0.04615129847891852,0.014891823258977865
2007-12-31,2.0,0.030770771241735106,0.030766808984582728,0.039622571523789674
2007-12-31,5.0,0.03491664609194478,0.034917796612176755,-0.011505202319739283
2007-12-31,10.0,0.04379254456271342,0.04379070998421564,0.018345784977835677
2007-12-31,30.0,0.04612553429954014,0.04612409889875413,0.014354007860095663
2008-01-31,2.0,0.0217078534943822,0.021707247336912427,0.0060615746977354945
2008-01-31,5.0,0.028797958019355363,0.02879992335314996,-0.01965333794595736
2008-01-31,10.0,0.04037999981372953,0.040378927335519066,0.0107247821046208
2008-01-31,30.0,0.04404490641507319,0.04404020577746137,0.04700637611820824
2008-02-29,2.0,0.016346612016049145,0.01634616021374624,0.004518023029032037
2008-02-29,5.0,0.026071516251018556,0.026072082367939897,-0.005661169213411199
2008-02-29,10.0,0.03960387311320246,0.039601014873403395,0.028582397990639663
2008-02-29,30.0,0.045156208400801034,0.04515165574293456,0.04552657866474519
2008-03-31,2.0,0.01616960988330618,0.01617034753626423,-0.007376529580493951
2008-03-31,5.0,0.024700392116282055,0.024702165374211438,-0.017732579293827655
2008-03-31,10.0,0.03897705466426116,0.03897640237832012,0.006522859410384996
2008-03-31,30.0,0.04194552689852604,0.041940666738248256,0.04860160277786463
2008-04-30,2.0,0.02234197473354782,0.02234601396027447,-0.040392267266486925
2008-04-30,5.0,0.031010086202170273,0.031012160680814915,-0.020744786446424968
2008-04-30,10.0,0.041586734853009455,0.04158438395805186,0.02350894957592331
2008-04-30,30.0,0.04548709772352533,0.04548302133647697,0.04076387048357333
2008-05-31,2.0,0.026354334654248968,0.02635942241657996,-0.050877623309908415
2008-05-31,5.0,0.035214427853643704,0.03521589550641946,-0.014676527757551128
2008-05-31,10.0,0.04471919829091098,0.04471696238305056,0.02235907860415054
2008-05-31,30.0,0.04856055037512652,0.048554973982251726,0.055763928747953884
2008-06-30,2.0,0.02630537272621969,0.026310157512742682,-0.047847865229933007
2008-06-30,5.0,0.03433749303715938,0.03433944022807944,-0.019471909200596826
2008-06-30,10.0,0.04347256693760393,0.04347031447196814,0.0225246563578807
2008-06-30,30.0,0.04593120391083505,0.045927444354411984,0.03759556423066357
2008-07-31,2.0,0.02502840657215244,0.025032172087539273,-0.03765515386833229
2008-07-31,5.0,0.03323277023955895,0.03323431993433257,-0.015496947736171052
2008-07-31,10.0,0.043418484564542226,0.043417101207250175,0.013833572920507464
2008-07-31,30.0,0.04601777690150333,0.04601321568503214,0.04561216471188345
2008-08-31,2.0,0.0236586880748908,0.023661595856466322,-0.029077815755229608
2008-08-31,5.0,0.031283579964618724,0.031285415347984236,-0.018353833655115892
2008-08-31,10.0,0.04192253990146044,0.04192191138679702,0.006285146634255057
2008-08-31,30.0,0.044321868776937556,0.04431795774616343,0.039110307741285766
2008-09-30,2.0,0.020076398500567638,0.02007892357105301,-0.025250704853707617
2008-09-30,5.0,0.030204093981058833,0.03020622366132808,-0.021296802692472028
2008-09-30,10.0,0.04330850402689279,0.04330545919415174,0.03044832741050385
2008-09-30,30.0,0.04289342604044322,0.04289030947269845,0.031165677447653195
2008-10-31,2.0,0.014204264960070878,0.014203930997314762,0.003339627561160796
2008-10-31,5.0,0.029086839659262065,0.02909008652951539,-0.032468702533261506
2008-10-31,10.0,0.049550563688358196,0.04954317454351287,0.07389144845326712
2008-10-31,30.0,0.03928003945937064,0.039274630658255205,0.0540880111543629
2008-11-30,2.0,0.007810481744048747,0.007810342809216442,0.0013893483230553727
2008-11-30,5.0,0.019466855482773493,0.01946807879918233,-0.012233164088382154
2008-11-30,10.0,0.03702428359315646,0.037019775395993104,0.04508197163355376
2008-11-30,30.0,0.032170179955895106,0.0321665078842166,0.03672071678506583
2008-12-31,2.0,0.005728178218911806,0.005729350605354844,-0.011723864430379649
2008-12-31,5.0,0.01568820446190644,0.015689812696775274,-0.016082348688328807
2008-12-31,10.0,0.02921160099964526,0.029209468084140155,0.021329155051041937
2008-12-31,30.0,0.025338627301987104,0.025336652274171145,0.019750278159591517
2009-01-31,2.0,0.008196245879491526,0.008197416237479827,-0.011703579883004522
2009-01-31,5.0,0.02016014708986691,0.02016155242887252,-0.014053390056112391
2009-01-31,10.0,0.036438006840154635,0.03643506299000521,0.029438501494283287
2009-01-31,30.0,0.03393900240166414,0.03393509080297985,0.03911598684291917
2009-02-28,2.0,0.00966315992353084,0.009664401396328959,-0.012414727981191476
2009-02-28,5.0,0.021498636182752495,0.021500883561911266,-0.022473791587707126
2009-02-28,10.0,0.0376461267511381,0.037643212420230165,0.02914330907932694
2009-02-28,30.0,0.03657897090797646,0.03657499091142413,0.03979996552327947
2009-03-31,2.0,0.007779974785095067,0.007781116688844847,-0.01141903749779516
2009-03-31,5.0,0.017605643496020784,0.017607210653289407,-0.015671572686226654
2009-03-31,10.0,0.03205095127972868,0.03204988122141672,0.010700583119582774
2009-03-31,30.0,0.036103873231254635,0.036100348571384666,0.03524659869968971
2009-04-30,2.0,0.009160224600716749,0.00916272324835421,-0.024986476374611044
2009-04-30,5.0,0.021472276377352717,0.02147432534790017,-0.020489705474524555
2009-04-30,10.0,0.03693233284647657,0.03693059556569844,0.01737280778124628
2009-04-30,30.0,0.04047123962933585,0.04046736338219925,0.038762471366027285
2009-05-31,2.0,0.009146382684585452,0.00914859513071975,-0.022124461342976076
2009-05-31,5.0,0.023817952094590256,0.023820276404195928,-0.023243096056724255
2009-05-31,10.0,0.04077829930859633,0.040774346611590184,0.03952697006148753
2009-05-31,30.0,0.04456024523484947,0.044555043085656276,0.052021491931952824
2009-06-30,2.0,0.010961699912245049,0.010965687342371133,-0.0398743012608449
2009-06-30,5.0,0.02611719713499272,0.02611928170854516,-0.020845735524410713
2009-06-30,10.0,0.041006869216608344,0.04100230299620389,0.045662204044560895
2009-06-30,30.0,0.044724536917637225,0.044719054656588986,0.05482261048239678
2009-07-31,2.0,0.011159325117178431,0.011163856378357373,-0.04531261178941648
2009-07-31,5.0,0.025904975977242284,0.025906897226791514,-0.019212495492304527
2009-07-31,10.0,0.04041298171956553,0.040410138437277254,0.028432822882784592
2009-07-31,30.0,0.04430847518074432,0.044304383182895535,0.04091997848787443
2009-08-31,2.0,0.009727876662634527,0.00973104167124994,-0.03165008615413356
2009-08-31,5.0,0.02459502350553655,0.024597651767655382,-0.026282621188311595
2009-08-31,10.0,0.03935153322513529,0.03934738211150002,0.041511136352756495
2009-08-31,30.0,0.04313769926779565,0.043132283484977885,0.0541578281776367
2009-09-30,2.0,0.009305007475069349,0.009308053197906174,-0.030457228368252487
2009-09-30,5.0,0.023661318780665352,0.023662620908740717,-0.013021280753644504
2009-09-30,10.0,0.037852082183061686,0.03784868557512033,0.033966079413527694
2009-09-30,30.0,0.041962059262084406,0.04195837913288991,0.036801291944943415
2009-10-31,2.0,0.009090937907784369,0.00909410255768539,-0.03164649901021832
2009-10-31,5.0,0.02375308548856281,0.023754755334957522,-0.01669846394714014
2009-10-31,10.0,0.03867936767824709,0.03867618061920419,0.03187059042897289
2009-10-31,30.0,0.04470284901387189,0.04469815701730795,0.0469199656394359
2009-11-30,2.0,0.006462835223814745,0.006463800612379167,-0.009653885644222981
2009-11-30,5.0,0.02045982272422564,0.02046152514395483,-0.01702419729188165
2009-11-30,10.0,0.03635926709015802,0.03635629620280367,0.029708873543476955
2009-11-30,30.0,0.045463949555865746,0.04545897584649161,0.049737093741342164
2009-12-31,2.0,0.01147714647656195,0.011481411331710989,-0.042648551490387376
2009-12-31,5.0,0.02718445983276263,0.027187001819671375,-0.02541986908743965
2009-12-31,10.0,0.0427161089139636,0.04271094783661544,0.05161077348159182
2009-12-31,30.0,0.048436689579921755,0.048432298619070835,0.04390960850919612
2010-01-31,2.0,0.008231667004556353,0.008233712011245675,-0.020450066893218377
2010-01-31,5.0,0.024118210745381008,0.0241192763658149,-0.01065620433893244
2010-01-31,10.0,0.04035872675531027,0.040353958405956236,0.047683493540340294
2010-01-31,30.0,0.048115179006205766,0.048110482135929944,0.04696870275822107
2010-02-28,2.0,0.008052709759477361,0.008055270270450166,-0.025605109728044084
2010-02-28,5.0,0.023657186122405305,0.023658525586985668,-0.013394645803632699
2010-02-28,10.0,0.04032784794776623,0.04032378977315165,0.04058174614574028
2010-02-28,30.0,0.04863710724099635,0.048631520241239734,0.05586999756612698
2010-03-31,2.0,0.010042607009630444,0.010046126823189061,-0.03519813558616747
2010-03-31,5.0,0.026372143791987268,0.026373791486432374,-0.016476944451060405
2010-03-31,10.0,0.042050762381222295,0.042045906931260646,0.048554499616493274
2010-03-31,30.0,0.04998934784439357,0.04998302693416212,0.06320910231449872
2010-04-30,2.0,0.009530808692375992,0.00953416314108968,-0.03354448713688285
2010-04-30,5.0,0.025056388157568943,0.025057798798709507,-0.014106411405645503
2010-04-30,10.0,0.040120565680632714,0.04011678506761873,0.03780613013981693
2010-04-30,30.0,0.04802041264344559,0.048015103840077344,0.05308803368242465
2010-05-31,2.0,0.007868838559483837,0.00786980562924433,-0.009670697604935441
2010-05-31,5.0,0.022057296962374684,0.022058775338829273,-0.014783764545889255
2010-05-31,10.0,0.0366926401177039,0.03668901958168225,0.03620536021653464
2010-05-31,30.0,0.04478775380114142,0.04478278133800684,0.0497246313457822
2010-06-30,2.0,0.006102234031468923,0.006103551259852402,-0.01317228383479474
2010-06-30,5.0,0.01853738431680374,0.01853772910365925,-0.0034478685551064814
2010-06-30,10.0,0.03293422496322118,0.03293059501816331,0.036299450578702874
2010-06-30,30.0,0.041530725917674705,0.041526055165234554,0.04670752440150139
2010-07-31,2.0,0.005060700199774226,0.005060762835774835,-0.0006263600060840702
2010-07-31,5.0,0.016615741670543693,0.016616544271236267,-0.008026006925732077
2010-07-31,10.0,0.03224809533698636,0.03224495623251222,0.031391044741369
2010-07-31,30.0,0.04316415220756298,0.0431604518670492,0.0370034051377921
2010-08-31,2.0,0.004495866960782191,0.004497081765909128,-0.012148051269367244
2010-08-31,5.0,0.013862230807057507,0.013863214787784628,-0.009839807271205814
2010-08-31,10.0,0.02698945881234005,0.026987748088061814,0.017107242782365972
2010-08-31,30.0,0.038298867110535095,0.038296096000162594,0.027711103725014397
2010-09-30,2.0,0.003924350769025198,0.0039246814663571605,-0.003306973319627815
2010-09-30,5.0,0.01333012101963904,0.013331077409942882,-0.009563903038412036
2010-09-30,10.0,0.02771764360954232,0.02771614020972346,0.015033998188584974
2010-09-30,30.0,0.040424510128522106,0.040419502484201786,0.05007644320320637
2010-10-31,2.0,0.0029359909651904825,0.0029363023777539965,-0.003114125635139686
2010-10-31,5.0,0.012435707723781109,0.012436699891248182,-0.009921674670732017
2010-10-31,10.0,0.028893128128637535,0.028891491472716746,0.016366559207892095
2010-10-31,30.0,0.04456120936523078,0.044555043085656276,0.0616627957450433
2010-11-30,2.0,0.004533030540248895,0.004533244325186647,-0.0021378493775259244
2010-11-30,5.0,0.014966522663366177,0.014967913940225674,-0.01391276859497026
2010-11-30,10.0,0.03082301705953605,0.030821440526610733,0.015765329253181193
2010-11-30,30.0,0.0458554216748186,0.045850048212185746,0.053734626328516555
2010-12-31,2.0,0.005972703730825035,0.005973772324470605,-0.01068593645570104
2010-12-31,5.0,0.02033185954919836,0.02033295565235571,-0.010961031573497593
2010-12-31,10.0,0.03608788388413142,0.036083770817811,0.0411306632042141
2010-12-31,30.0,0.04682051747567062,0.04681476954656616,0.05747929104460425
2011-01-31,2.0,0.005559183450127403,0.00555939667688321,-0.0021322675580748296
2011-01-31,5.0,0.01980841024303337,0.019809657369490585,-0.01247126457215586
2011-01-31,10.0,0.03717100170884091,0.037168080947073356,0.02920761767555291
2011-01-31,30.0,0.050341024144526125,0.050333780454664856,0.07243689861269331
2011-02-28,2.0,0.0066390566350496005,0.006639947621865483,-0.008909868158823997
2011-02-28,5.0,0.021666286386890388,0.02166740139875456,-0.011150118641722884
2011-02-28,10.0,0.03705971041872447,0.03705503557369649,0.04674845027974328
2011-02-28,30.0,0.04899890183386213,0.048992311392690446,0.06590441171683281
2011-03-31,2.0,0.007799657964059348,0.007801272853931618,-0.016148898722700977
2011-03-31,5.0,0.02279857226006965,0.022800036528155765,-0.014642680861154389
2011-03-31,10.0,0.03767307778728424,0.03766915441856589,0.03923368718350417
2011-03-31,30.0,0.04906240327007838,0.04905630374022918,0.060995298492017014
2011-04-30,2.0,0.005822593301771928,0.005823893109923706,-0.012998081517778814
2011-04-30,5.0,0.019995153805361765,0.019996300189898175,-0.011463845364101388
2011-04-30,10.0,0.03616729276541242,0.03616458709268611,0.02705672726310837
2011-04-30,30.0,0.0482921878379996,0.048285529011244055,0.06658826755545633
2011-05-31,2.0,0.00442878192260121,0.004428778327883354,3.594717856714169e-05
2011-05-31,5.0,0.016855121092352876,0.016856493908275594,-0.013728159227177628
2011-05-31,10.0,0.033243665859991944,0.03324052038758163,0.03145472410315264
2011-05-31,30.0,0.04676380010737913,0.046757193003278186,0.06607104100941896
2011-06-30,2.0,0.0048208282744377495,0.004821586682052681,-0.007584076149314001
2011-06-30,5.0,0.017673978762286602,0.01767539301645038,-0.014142541637784944
2011-06-30,10.0,0.034900430889686085,0.034897099497555484,0.03331392130601074
2011-06-30,30.0,0.048378037212983616,0.048371493716710345,0.06543496273270222
2011-07-31,2.0,0.0033833246108843085,0.003383711833002234,-0.0038722211792574512
2011-07-31,5.0,0.013473405433535701,0.013473966714948604,-0.005612814129030141
2011-07-31,10.0,0.03063548757192147,0.030633848913627748,0.016386582937233385
2011-07-31,30.0,0.045520065417655964,0.04551438711120648,0.05678306449485859
2011-08-31,2.0,0.0018975195629238328,0.0018977986020685123,-0.0027903914467941604
2011-08-31,5.0,0.009748185488016814,0.009749217000318167,-0.010315123013526772
2011-08-31,10.0,0.024241196523068442,0.024240130090278145,0.010664327902976112
2011-08-31,30.0,0.04029710100415329,0.04029361953493682,0.03481469216470856
2011-09-30,2.0,0.0028568262771231367,0.0028570735432722483,-0.0024726614911152467
2011-09-30,5.0,0.009564078683237831,0.009564449832093924,-0.0037114885609312864
2011-09-30,10.0,0.020819963690763554,0.02081976983623468,0.0019385452887377141
2011-09-30,30.0,0.03129166072060974,0.031288508492873346,0.03152227736391566
2011-10-31,2.0,0.0024566485190489207,0.00245701348885774,-0.003649698088192821
2011-10-31,5.0,0.010236007590624041,0.010237043351962516,-0.010357613384748277
2011-10-31,10.0,0.0233324027523214,0.0233310066008956,0.013961514258031826
2011-10-31,30.0,0.03392933557255651,0.033926820447859996,0.02515124696511606
2011-11-30,2.0,0.0024797953187283284,0.0024790678603217042,0.007274584066241374
2011-11-30,5.0,0.00989354227581507,0.009894631411082822,-0.010891352677511179
2011-11-30,10.0,0.022307908158858414,0.022308188064234402,-0.0027990537598832077
2011-11-30,30.0,0.03268567068487904,0.03268168806554339,0.03982619335651805
2011-12-31,2.0,0.002427744759505357,0.0024279427623934424,-0.0019800288808546895
2011-12-31,5.0,0.008816307339762464,0.00881663949562661,-0.003321558641466993
2011-12-31,10.0,0.02004163225122091,0.020041181166232214,0.004510849886951718
2011-12-31,30.0,0.03085857866584729,0.030856489951931243,0.0208871391604859
2012-01-31,2.0,0.0018852398014121974,0.0018847739441638645,0.0046585724833292375
2012-01-31,5.0,0.007459620488584395,0.007459685897909907,-0.0006540932551146739
2012-01-31,10.0,0.019194755597681468,0.019194897590635085,-0.0014199295361727593
2012-01-31,30.0,0.031341837765457736,0.03133904264755394,0.02795117903797717
2012-02-29,2.0,0.002957556246632187,0.00295836729372545,-0.008110470932631841
2012-02-29,5.0,0.009097374074232167,0.009097129745412103,0.0024432882006486523
2012-02-29,10.0,0.020792230971411474,0.020792207151653308,0.0002381975816589943
2012-02-29,30.0,0.03279510938891206,0.032793224983224345,0.018844056877131976
2012-03-31,2.0,0.003535462494019148,0.0035362376392948924,-0.007751452757442934
2012-03-31,5.0,0.010912589405793538,0.01091311820613483,-0.005288003412928788
2012-03-31,10.0,0.02373649228902064,0.023736327298180093,0.0016499084054544255
2012-03-31,30.0,0.035722338177656576,0.03571809762190781,0.04240555748769026
2012-04-30,2.0,0.0026726388038278426,0.002672564981055725,0.0007382277211753774
2012-04-30,5.0,0.008598863367701659,0.008598758552678332,0.0010481502332737591
2012-04-30,10.0,0.020494520939307037,0.0204952004355361,-0.006794962290612716
2012-04-30,30.0,0.033444123986732466,0.03344098973118559,0.03134255546877185
2012-05-31,2.0,0.0028006151047306194,0.0028009153644286133,-0.0030025969799396535
2012-05-31,5.0,0.007050701588576791,0.007050740268764288,-0.0003868018749741964
2012-05-31,10.0,0.016276070626266348,0.01627603521326204,0.0003541300430676131
2012-05-31,30.0,0.028476969156482568,0.028475902974306244,0.010661821763235935
2012-06-30,2.0,0.003218714055227778,0.003219170302788843,-0.004562475610647709
2012-06-30,5.0,0.007733901702106527,0.007733752038501462,0.001496636050646316
2012-06-30,10.0,0.01721846744001221,0.01721957611240743,-0.011086723952224986
2012-06-30,30.0,0.02915894443699152,0.029156979618028434,0.0196481896308498
2012-07-31,2.0,0.002127467757154111,0.0021272594723653615,0.002082847887496797
2012-07-31,5.0,0.006292103265757909,0.006292716711916668,-0.006134461587592455
2012-07-31,10.0,0.015642816308850227,0.01564309155180399,-0.0027524295376224472
2012-07-31,30.0,0.027025964311957917,0.027023693131570825,0.022711803870922864
2012-08-31,2.0,0.002113287684941456,0.0021132297007782075,0.0005798416324864775
2012-08-31,5.0,0.006355583689252153,0.006355108351089767,0.004753381623867625
2012-08-31,10.0,0.01622151815469408,0.016222173553293917,-0.006553985998358769
2012-08-31,30.0,0.02819329506669832,0.02819105514377207,0.02239922926250415
2012-09-30,2.0,0.0022094601850144446,0.0022094371746173014,0.00023010397143252703
2012-09-30,5.0,0.006543220268287131,0.006543314389541033,-0.0009412125390184656
2012-09-30,10.0,0.016901045541373838,0.016901236729626623,-0.0019118825278496843
2012-09-30,30.0,0.02950238711235209,0.029500773610203312,0.01613502148778423
2012-10-31,2.0,0.0027958386085693565,0.0027959011380833676,-0.000625295140110893
2012-10-31,5.0,0.007573179533217678,0.007573534950001903,-0.003554167842256817
2012-10-31,10.0,0.017675439893438893,0.017676410861224623,-0.009709677857294707
2012-10-31,30.0,0.029999016527890054,0.029997113934929986,0.019025929600680058
2012-11-30,2.0,0.002387697597217242,0.0023878463653588256,-0.001487681415834885
2012-11-30,5.0,0.006613807170490649,0.0066137751804313805,0.00031990059268238724
2012-11-30,10.0,0.01659471936695467,0.01659519564104106,-0.004762740863917259
2012-11-30,30.0,0.02976277868731625,0.02976024182041903,0.02536866897218104
2012-12-31,2.0,0.0024883047821229187,0.0024880902158792573,0.002145662436614515
2012-12-31,5.0,0.007567383569786479,0.00756748972487209,-0.0010615508561073739
2012-12-31,10.0,0.018302614347193824,0.018302473872840785,0.001404743530386554
2012-12-31,30.0,0.03102541786976909,0.031022470484266984,0.02947385502105604
2013-01-31,2.0,0.0026229764647434095,0.002622432653935247,0.005438108081623483
2013-01-31,5.0,0.009005142709255232,0.00900530588353221,-0.001631742769792055
2013-01-31,10.0,0.020977796920688352,0.02097698750082122,0.008094198671315667
2013-01-31,30.0,0.03344342040373349,0.03344098973118559,0.02430672547903967
2013-02-28,2.0,0.0023279701662737295,0.0023277049263208394,0.0026523995289018387
2013-02-28,5.0,0.007916992971474635,0.007917176674263393,-0.0018370278875856627
2013-02-28,10.0,0.019715141546456705,0.01971481954751364,0.0032199894306472743
2013-02-28,30.0,0.032933082217486476,0.03293059501816331,0.02487199323164546
2013-03-31,2.0,0.002401288129211032,0.0024008775632828883,0.0041056592814392445
2013-03-31,5.0,0.007880156739438648,0.007880892295569097,-0.007355561304489555
2013-03-31,10.0,0.019374836504954418,0.019375311829406217,-0.004753244517985422
2013-03-31,30.0,0.03325898586820997,0.033256020451757795,0.02965416452171965
2013-04-30,2.0,0.0020065586505004784,0.0020070113218919605,-0.004526713914820846
2013-04-30,5.0,0.006903610879612776,0.006903721805526564,-0.0011092591378769612
2013-04-30,10.0,0.01750712114803865,0.0175074904677619,-0.003693197232479406
2013-04-30,30.0,0.030747242823419896,0.03074413250578001,0.03110317639887228
2013-05-31,2.0,0.0031842649636670828,0.0031840583993665295,0.0020656430055332464
2013-05-31,5.0,0.010583058461553163,0.010584624536652987,-0.015660750998236495
2013-05-31,10.0,0.02271245162987734,0.022712079542332564,0.003720875447754679
2013-05-31,30.0,0.03535617451294959,0.035352553485922034,0.036210270275560674
2013-06-30,2.0,0.0038729684700580247,0.0038734824944706148,-0.00514024412590075
2013-06-30,5.0,0.014224994326244245,0.014226243804680738,-0.012494784364935896
2013-06-30,10.0,0.026742450059560108,0.026741298880050612,0.011511795094953925
2013-06-30,30.0,0.03704352050367277,0.03704051696812538,0.030035355473856384
2013-07-31,2.0,0.0032580941617228465,0.0032582968272294455,-0.0020266550659897575
2013-07-31,5.0,0.014009218756785735,0.014010235835099305,-0.010170783135698969
2013-07-31,10.0,0.027839586261978244,0.02783741594043221,0.021703215460355807
2013-07-31,30.0,0.03869436208245447,0.0386896844997795,0.04677582674972314
2013-08-31,2.0,0.004286156080077097,0.004286159547898238,-3.467821141356353e-05
2013-08-31,5.0,0.01656312917979741,0.016563681296473565,-0.005521166761557339
2013-08-31,10.0,0.02977711396032734,0.029774658501869,0.02455458458339166
2013-08-31,30.0,0.03962552757029281,0.039621806970749684,0.03720599543122205
2013-09-30,2.0,0.0033909762079520345,0.0033907355129469963,0.0024069500503820507
2013-09-30,5.0,0.01429624118222983,0.014297241817120332,-0.010006348905022833
2013-09-30,10.0,0.028192043458228566,0.028190025556915854,0.02017901312711956
2013-09-30,30.0,0.04026955402161403,0.04026449184836656,0.05062173247472046
2013-10-31,2.0,0.003182730476767315,0.0031830550493421317,-0.0032457257481688373
2013-10-31,5.0,0.013461589412825603,0.0134628179208649,-0.012285080392970826
2013-10-31,10.0,0.027446782816294313,0.02744485804227126,0.019247740230543542
2013-10-31,30.0,0.03957911290055782,0.03957606446292106,0.03048437636765655
2013-11-30,2.0,0.0029034209192118077,0.0029032062128531155,0.002147063586921405
2013-11-30,5.0,0.014095727113616174,0.014096430165266405,-0.0070305165023043514
2013-11-30,10.0,0.029689159853586222,0.029687130354586255,0.02029498999966961
2013-11-30,30.0,0.04130527835467257,0.04130111223152744,0.04166123145132872
2013-12-31,2.0,0.003960351255159589,0.003960823418845294,-0.0047216368570524025
2013-12-31,5.0,0.01778258361111562,0.017783272028598418,-0.006884174827970213
2013-12-31,10.0,0.03262140442307948,0.0326176654716015,0.03738951477982866
2013-12-31,30.0,0.04281239474019083,0.04280687768666791,0.05517053522918758
2014-01-31,2.0,0.0034802528332902316,0.003481044776492359,-0.007919432021274986
2014-01-31,5.0,0.015414371902906288,0.015414598385861122,-0.0022648295483485015
2014-01-31,10.0,0.028623695083576317,0.028620926617327402,0.027684662489146916
2014-01-31,30.0,0.03878790614946048,0.03878317143203991,0.04734717420573631
2014-02-28,2.0,0.003398031092717746,0.00339876280682172,-0.0073171410397421255
2014-02-28,5.0,0.015517276275858416,0.015517160511261618,0.001157645967975185
2014-02-28,10.0,0.028368347858258147,0.02836483230754383,0.03515550714316973
2014-02-28,30.0,0.03877660715130271,0.03877278192853195,0.0382522277075914
2014-03-31,2.0,0.0044016959682875445,0.004402663376417815,-0.009674081302701865
2014-03-31,5.0,0.01779685158184985,0.017796504279432135,0.0034730241771363524
2014-03-31,10.0,0.029017239796851113,0.029012905900851482,0.043338959996308546
2014-03-31,30.0,0.038470494292051516,0.03846638907379085,0.0410521826066379
2014-04-30,2.0,0.004253225632445901,0.004254022660281409,-0.007970278355085014
2014-04-30,5.0,0.017346181338836253,0.01734571947684338,0.004618619928731249
2014-04-30,10.0,0.02828579494114214,0.028282567470737208,0.03227470404931765
2014-04-30,30.0,0.03721208333973669,0.03720853182119632,0.03551518540367837
2014-05-31,2.0,0.00385992144609415,0.003859428425365463,0.004930207286868438
2014-05-31,5.0,0.015782194308842312,0.015782244272332324,-0.0004996349001196165
2014-05-31,10.0,0.02616896873575958,0.026166484774383436,0.02483961376142929
2014-05-31,30.0,0.03586054689370233,0.03585792874664606,0.026181470562658404
2014-06-30,2.0,0.004553529094282638,0.004553334932316577,0.0019416196606059088
2014-06-30,5.0,0.016610008633906048,0.016610444789989742,-0.0043615608369407255
2014-06-30,10.0,0.02669919695791423,0.026696123104025915,0.030738538883134936
2014-06-30,30.0,0.0359275600607587,0.035924226897861455,0.03333162897245501
2014-07-31,2.0,0.005501639781732903,0.0055020809040784435,-0.004411223455402791
2014-07-31,5.0,0.018243947113665504,0.018242396754737378,0.01550358928126272
2014-07-31,10.0,0.027122082717277562,0.02711921070992518,0.028720073523835765
2014-07-31,30.0,0.03552537427088387,0.035523400712257125,0.019735586267444205
2014-08-31,2.0,0.005282045721275219,0.0052819000772585945,0.0014564401662475746
2014-08-31,5.0,0.016861255120203422,0.016860562017334768,0.006931028686540941
2014-08-31,10.0,0.02473662367412066,0.024733931723620595,0.026919505000666533
2014-08-31,30.0,0.0330646611311336,0.03306178636960566,0.028747615279378635
2014-09-30,2.0,0.006187844909671725,0.006189073494850428,-0.012285851787030566
2014-09-30,5.0,0.018477250468245998,0.018476619459993238,0.006310082527605232
2014-09-30,10.0,0.026499530212021227,0.026496964593068384,0.025656189528433515
2014-09-30,30.0,0.034181929194358585,0.03418016244750888,0.017667468497073457
2014-10-31,2.0,0.005398979531936021,0.0053995252837468755,-0.005457518108542558
2014-10-31,5.0,0.016868970621051638,0.016868695859874716,0.0027476117692160074
2014-10-31,10.0,0.024889399110527455,0.024886628138391265,0.02770972136190153
2014-10-31,30.0,0.03285761409293464,0.03285519486919153,0.024192237431108765
2014-11-30,2.0,0.0049645459385556645,0.0049642814980996874,0.0026444045597706634
2014-11-30,5.0,0.01553565714431926,0.01553543938613866,0.0021775818059843743
2014-11-30,10.0,0.02297932516384149,0.022976995121075205,0.02330042766285345
2014-11-30,30.0,0.030997792699175797,0.030995664716536142,0.021279826396547463
2014-12-31,2.0,0.007087946057308114,0.007089008671399943,-0.010626140918290616
2014-12-31,5.0,0.0170563390324614,0.017055817657495975,0.005213749654231492
2014-12-31,10.0,0.022687584476631217,0.02268548983818497,0.020946384462483536
2014-12-31,30.0,0.029419625241331904,0.029418417902897342,0.012073384345612226
2015-01-31,2.0,0.004898936638667362,0.004898960885242554,-0.0002424657519206619
2015-01-31,5.0,0.012294368265685529,0.012293956830093267,0.004114355922624213
2015-01-31,10.0,0.017902207869489484,0.017901341914681845,0.008659548076384027
2015-01-31,30.0,0.02379815188719614,0.023796728562592184,0.014233246039552228
2015-02-28,2.0,0.006638532169070288,0.006639947621865483,-0.014154527951948381
2015-02-28,5.0,0.01556300691095669,0.01556184318980347,0.01163721153218944
2015-02-28,10.0,0.021186529058369263,0.021185288535248814,0.012405231204493106
2015-02-28,30.0,0.027741892996999695,0.02774080488544617,0.010881115535266161
2015-03-31,2.0,0.005841008338519416,0.005841998109658908,-0.009897711394923903
2015-03-31,5.0,0.014228934861242992,0.014228271386743208,0.006634744997846553
2015-03-31,10.0,0.020406385351330325,0.02040540050552142,0.009848458089045664
2015-03-31,30.0,0.02733132647650094,0.027329791163690054,0.015353128108852587
2015-04-30,2.0,0.006078519466402144,0.006079405255312587,-0.008857889104429972
2015-04-30,5.0,0.014799855168428744,0.014800458088628066,-0.006029201993218436
2015-04-30,10.0,0.021645412637846917,0.021643903073223836,0.01509564623081161
2015-04-30,30.0,0.029839900843546152,0.029837476047337885,0.02424796208266855
2015-05-31,2.0,0.0063319378219410805,0.006332968707384534,-0.010308854434537551
2015-05-31,5.0,0.015339627104694387,0.01534047563008789,-0.00848525393504218
2015-05-31,10.0,0.022571843139402192,0.02256993201754187,0.019111218603207192
2015-05-31,30.0,0.031767289534512244,0.03176610495054,0.011845839722468554
2015-06-30,2.0,0.006653885267463355,0.0066550468399164675,-0.01161572453112214
2015-06-30,5.0,0.01689250917715679,0.016892084353228753,0.0042482392803577795
2015-06-30,10.0,0.024862585786301183,0.024859981897702443,0.026038885987400562
2015-06-30,30.0,0.03473280495238629,0.03473049273589246,0.023122164938271794
2015-07-31,2.0,0.006809076100237288,0.006810083578804749,-0.010074785674607512
2015-07-31,5.0,0.015952557151668767,0.015952910491895844,-0.0035334022707722568
2015-07-31,10.0,0.02296045441886818,0.022958583523247755,0.01870895620426083
2015-07-31,30.0,0.03263387054616329,0.03263212215708844,0.017483890748515307
2015-08-31,2.0,0.007725150106436374,0.0077266979576799955,-0.015478512436217784
2015-08-31,5.0,0.016239857167596794,0.016239449920965043,0.00407246631750624
2015-08-31,10.0,0.023316919065580866,0.023315657863457906,0.012612021229596593
2015-08-31,30.0,0.03233284535193359,0.03233166807264687,0.011772792867237314
2015-09-30,2.0,0.006551736584495371,0.006552373623471386,-0.006370389760146367
2015-09-30,5.0,0.014288130052368508,0.014288112877355985,0.00017175012523296118
2015-09-30,10.0,0.021592951034570484,0.0215918004419835,0.011505925869848
2015-09-30,30.0,0.032123565425540956,0.03212315799023102,0.004074353099348116
2015-10-31,2.0,0.007652575126705585,0.007654144220484715,-0.015690937791301707
2015-10-31,5.0,0.015867809858743698,0.015867574403617857,0.002354551258409998
2015-10-31,10.0,0.022655852836382273,0.022653785476037358,0.02067360344915059
2015-10-31,30.0,0.03218603236758022,0.03218508767069128,0.00944696888938168
2015-11-30,2.0,0.009673741375422429,0.009675507803382333,-0.017664279599038935
2015-11-30,5.0,0.01713304765614554,0.017133116326742304,-0.0006867059676451959
2015-11-30,10.0,0.023418075302173325,0.023416969641076424,0.011056610969006897
2015-11-30,30.0,0.032950211560987874,0.03294918855879092,0.010230021969537262
2015-12-31,2.0,0.010811433621219058,0.010813043025380997,-0.01609404161939665
2015-12-31,5.0,0.018123378408987367,0.018123269015802412,0.0010939318495495343
2015-12-31,10.0,0.024061129652067637,0.024059879080472246,0.012505715953903263
2015-12-31,30.0,0.03319684135082657,0.033195058651135145,0.01782699691421641
2016-01-31,2.0,0.008084028694127277,0.008085512593692501,-0.014838995652244336
2016-01-31,5.0,0.013845466522877548,0.013845980025403604,-0.005135025260560866
2016-01-31,10.0,0.020428422119536327,0.020426829150510084,0.01592969026242841
2016-01-31,30.0,0.03067412851044926,0.030674044944391632,0.0008356605762926961
2016-02-29,2.0,0.007929300573640496,0.00793027945395508,-0.009788803145838187
2016-02-29,5.0,0.01276478092357447,0.012765795583573603,-0.010146599991323058
2016-02-29,10.0,0.018578957039072197,0.018578472117352973,0.0048492171922376315
2016-02-29,30.0,0.029183427830190567,0.029183737580159796,-0.0030974996922950027
2016-03-31,2.0,0.007355041532134177,0.007355923089168881,-0.008815570347042723
2016-03-31,5.0,0.012547047138353085,0.012547061714713204,-0.00014576360118923049
2016-03-31,10.0,0.018756087049313086,0.018755719245336033,0.003678039770527164
2016-03-31,30.0,0.029508826296853252,0.02950798010942335,0.00846187429903722
2016-04-30,2.0,0.0076783790659866735,0.007679335864959835,-0.009567989731618098
2016-04-30,5.0,0.013236493573637542,0.013236842067466448,-0.0034849382890556058
2016-04-30,10.0,0.019112467754231366,0.019111327746903273,0.011400073280931622
2016-04-30,30.0,0.029723288927179903,0.029723169877716282,0.0011904946362051305
2016-05-31,2.0,0.008861724992437647,0.0088630460119703,-0.013210195326518459
2016-05-31,5.0,0.0141528308810146,0.014152207795854466,0.006230851601340959
2016-05-31,10.0,0.019309762702299782,0.019309054529195846,0.007081731039360051
2016-05-31,30.0,0.02954524967983696,0.029544015816836522,0.012338630004382622
2016-06-30,2.0,0.005968152450304132,0.005968742233138702,-0.005897828345702294
2016-06-30,5.0,0.010425864863021106,0.010425975380277563,-0.0011051725645749855
2016-06-30,10.0,0.015462587748425571,0.015462323439591863,0.002643088337084265
2016-06-30,30.0,0.026157105771005273,0.02615724900833616,-0.0014323733088517088
2016-07-31,2.0,0.00665755054178363,0.006658067310719495,-0.00516768935865386
2016-07-31,5.0,0.01059857007550824,0.010598772758752206,-0.0020268324396610637
2016-07-31,10.0,0.015096610329177196,0.015096822661686549,-0.0021233250935281944
2016-07-31,30.0,0.0247756257546492,0.024774921372944902,0.007043817042973188
2016-08-31,2.0,0.008167485228105953,0.008168178892124622,-0.006936640186694376
2016-08-31,5.0,0.012424374032692587,0.012424551121540173,-0.0017708884758604881
2016-08-31,10.0,0.016382612160606547,0.01638274933411399,-0.0013717350744180123
2016-08-31,30.0,0.024735232176694932,0.024734955406529258,0.0027677016567473345
2016-09-30,2.0,0.007854862971881982,0.007855695612250857,-0.008326403688752038
2016-09-30,5.0,0.012005622316222597,0.012005494555980434,0.0012776024216343274
2016-09-30,10.0,0.016632174847909686,0.016631793740419232,0.0038110749045472403
2016-09-30,30.0,0.02563899549358628,0.025638146697994246,0.008487955920344348
2016-10-31,2.0,0.00874211121122892,0.008742998975800997,-0.008877645720772875
2016-10-31,5.0,0.013750599147986042,0.013750682879833054,-0.0008373184701149228
2016-10-31,10.0,0.0191087866895705,0.019108269910175446,0.005167793950544564
2016-10-31,30.0,0.028529218677535217,0.028529384177984785,-0.0016550044956709087
2016-11-30,2.0,0.011491330924830345,0.011493548784043961,-0.02217859213615725
2016-11-30,5.0,0.01921866279376072,0.01921833958780339,0.0032320595733104085
2016-11-30,10.0,0.024999694319998822,0.0249983470805617,0.013472394371216723
2016-11-30,30.0,0.033312858851753946,0.033311817188169,0.010416635849441747
2016-12-31,2.0,0.012087968725795983,0.012090506217339758,-0.025374915437748058
2016-12-31,5.0,0.019982765118193413,0.01998304055569511,-0.0027543750169556347
2016-12-31,10.0,0.025795064951860125,0.025793029775000642,0.020351768594828457
2016-12-31,30.0,0.03384533621444796,0.03384410821065176,0.01228003796205357
2017-01-31,2.0,0.012054147892163636,0.012057108272019779,-0.029603798561428363
2017-01-31,5.0,0.019778728654971323,0.019779064540392355,-0.0033588542103224484
2017-01-31,10.0,0.025580941817221037,0.025579685847365363,0.012559698556735555
2017-01-31,30.0,0.033490955520692145,0.03349059446494462,0.0036105574752198777
2017-02-28,2.0,0.012440859022145201,0.012443788148981838,-0.029291268366371526
2017-02-28,5.0,0.019600168590848233,0.0196006183809887,-0.004497901404665328
2017-02-28,10.0,0.024670628847681897,0.024669375800897564,0.012530467843330229
2017-02-28,30.0,0.03264170447654169,0.032640382155948666,0.013223205930223969
2017-03-31,2.0,0.012873390318161038,0.012875180236729511,-0.017899185684733254
2017-03-31,5.0,0.019871346049966876,0.01987084821258156,0.004978373853159468
2017-03-31,10.0,0.025006109264422705,0.025004498109625573,0.016111547971320306
2017-03-31,30.0,0.0333973483029848,0.0333965515098642,0.007967931205943302
2017-04-30,2.0,0.012863615994177513,0.012865052269687594,-0.014362755100805202
2017-04-30,5.0,0.018646199858034285,0.018645699528025972,0.005003300083128437
2017-04-30,10.0,0.023796404111686487,0.02379570581694712,0.006982947393652239
2017-04-30,30.0,0.0327512098613183,0.03274984876778797,0.013610935303276506
2017-05-31,2.0,0.012922388287206044,0.012922787143885728,-0.003988566796842008
2017-05-31,5.0,0.01805202273634321,0.018052003191999955,0.00019544343254906948
2017-05-31,10.0,0.022928540216930138,0.02292687069489885,0.016695220312890058
2017-05-31,30.0,0.03145411709159074,0.031452497795293466,0.016192962972727543
2017-06-30,2.0,0.01404251439368065,0.014043699442580548,-0.011850488998987885
2017-06-30,5.0,0.019188909004024035,0.0191898019982375,-0.008929942134638935
2017-06-30,10.0,0.023837552356700265,0.023836657936967542,0.008944197327220849
2017-06-30,30.0,0.030875707631160987,0.030876075974805683,-0.003683436446966226
2017-07-31,2.0,0.01365942307374235,0.013660462614079938,-0.010395403375884626
2017-07-31,5.0,0.0187138220327836,0.018713951472676182,-0.001294398925821838
2017-07-31,10.0,0.023755053681000504,0.023754755334957522,0.0029834604298173417
2017-07-31,30.0,0.031437472880929684,0.03143702478609356,0.004480948361251791
2017-08-31,2.0,0.013314802689694094,0.013315877451480107,-0.010747617860129566
2017-08-31,5.0,0.017408508738928186,0.01740879763140768,-0.0028889247949415164
2017-08-31,10.0,0.02182545805180114,0.021824749608084337,0.007084437168014546
2017-08-31,30.0,0.029643447720248517,0.029641824964390162,0.016227558583548074
2017-09-30,2.0,0.014919564893280501,0.014920210913046628,-0.006460197661262157
2017-09-30,5.0,0.019579280853975423,0.01957920708616845,0.0007376780697398999
2017-09-30,10.0,0.023920123707849017,0.02391959240095831,0.00531306890705352
2017-09-30,30.0,0.030946014439652947,0.03094617727464266,-0.0016283498971425558
2017-10-31,2.0,0.01609225518501356,0.016093121921776143,-0.00866736762583642
2017-10-31,5.0,0.02041637278062791,0.020416625672830202,-0.002528922022904112
2017-10-31,10.0,0.024300946416575098,0.024299535388378146,0.014110281969514915
2017-10-31,30.0,0.03101863864341281,0.031017315758439024,0.01322884973786742
2017-11-30,2.0,0.018060965398352558,0.018063201256679484,-0.02235858326926632
2017-11-30,5.0,0.02169617205365304,0.02169703144578894,-0.008593921358990286
2017-11-30,10.0,0.024821085497237272,0.02482103882621267,0.00046671024600541955
2017-11-30,30.0,0.030271750742311587,0.030271128414933512,0.006223273780747718
2017-12-31,2.0,0.01902937871703947,0.01903082113595156,-0.01442418912089849
2017-12-31,5.0,0.022154344807548743,0.022153831158679527,0.005136488692158991
2017-12-31,10.0,0.024618843351320363,0.024618142440340662,0.007009109797007085
2017-12-31,30.0,0.029149173458425937,0.02914977557579257,-0.006021173666326263
2018-01-31,2.0,0.02166945215070415,0.021672509378282134,-0.03057227577984989
2018-01-31,5.0,0.025570980676623334,0.02557148232638884,-0.005016497655052632
2018-01-31,10.0,0.027650550589127132,0.027650367368138085,0.0018322098904732798
2018-01-31,30.0,0.030671862832324592,0.03067095118515284,0.009116471717529606
2018-02-28,2.0,0.022886014931712495,0.02288902291747341,-0.030079857609166538
2018-02-28,5.0,0.02689601319142576,0.026896348545638604,-0.0033535421284369704
2018-02-28,10.0,0.029404346529799508,0.02940400620875927,0.003403210402375123
2018-02-28,30.0,0.03276899290469992,0.03276947076402004,-0.004778593201137937
2018-03-31,2.0,0.022975436523060555,0.022976995121075205,-0.015585980146504141
2018-03-31,5.0,0.025980261962116336,0.025980765210003032,-0.005032478866962009
2018-03-31,10.0,0.027799096954293168,0.027798359731119993,0.007372231731750389
2018-03-31,30.0,0.03099581574666055,0.030995664716536142,0.0015103012440675911
2018-04-30,2.0,0.025162048679314708,0.025165435049128826,-0.033863698141178844
2018-04-30,5.0,0.02836697154218948,0.028366889380558202,0.0008216163127627851
2018-04-30,10.0,0.029836189324574658,0.029835416032665263,0.00773291909395013
2018-04-30,30.0,0.031843781875614985,0.031844522866779634,-0.007409911646494294
2018-05-31,2.0,0.024424753235287255,0.0244275813214605,-0.02828086173245481
2018-05-31,5.0,0.027215098963315087,0.027214737171821213,0.003617914938747191
2018-05-31,10.0,0.028709668439698355,0.028709391785647798,0.0027665405055721237
2018-05-31,30.0,0.03086353714866452,0.03086267367802198,0.00863470642542552
2018-06-30,2.0,0.025521621815087547,0.02552738249585662,-0.05760680769073545
2018-06-30,5.0,0.027686562321454167,0.027688391319421024,-0.018289979668573153
2018-06-30,10.0,0.02906509136619828,0.02906538701899919,-0.0029565280090793067
2018-06-30,30.0,0.030108336460613172,0.03010835844366988,-0.00021983056708307913
2018-07-31,2.0,0.026986693157472486,0.02699185428040418,-0.05161122931696127
2018-07-31,5.0,0.028762260133598838,0.02876288758361012,-0.006274500112812831
2018-07-31,10.0,0.029984334678030855,0.02998475444841775,-0.0041977038689466895
2018-07-31,30.0,0.03131946556756726,0.031319447828592084,0.00017738975177650218
2018-08-31,2.0,0.02653948765719827,0.026544185032900236,-0.04697375701967488
2018-08-31,5.0,0.027809266833151547,0.02781069298159755,-0.01426148446004305
2018-08-31,10.0,0.02896617394133294,0.028967632629228746,-0.014586878958056104
2018-08-31,30.0,0.030824770009967972,0.03082556450483742,-0.007944948694493803
2018-09-30,2.0,0.028400767584662923,0.02840596964583697,-0.05202061174047756
2018-09-30,5.0,0.029766657485418957,0.02976847884717948,-0.01821361760523388
2018-09-30,10.0,0.030930350652790484,0.030931744192116195,-0.013935393257114015
2018-09-30,30.0,0.032527895389720785,0.03252783027577677,0.0006511394401442772
2018-10-31,2.0,0.029014782300936348,0.029020108985000403,-0.053266840640553426
2018-10-31,5.0,0.030280228746011995,0.0302824621120934,-0.022333660814055634
2018-10-31,10.0,0.03203235318632469,0.03203233730207078,0.00015884253912190616
2018-10-31,30.0,0.034905536607408916,0.03490434377102414,0.011928363847779622
2018-11-30,2.0,0.02832641258661317,0.028328840325189564,-0.024277385763937787
2018-11-30,5.0,0.028910963420908597,0.028912068016830217,-0.01104595921619378
2018-11-30,10.0,0.030526718078837112,0.030527699907747285,-0.00981828910173732
2018-11-30,30.0,0.03409803911580811,0.03409743240888896,0.006067069191484364
2018-12-31,2.0,0.02517187622670325,0.025170560517600693,0.01315709102556184
2018-12-31,5.0,0.02538181626094027,0.02538176823196081,0.00048028979460212895
2018-12-31,10.0,0.027358407441622434,0.027358556675149748,-0.0014923352731344153
2018-12-31,30.0,0.03192710306126201,0.03192707512805337,0.0002793320863503368
2019-01-31,2.0,0.024754340368314587,0.024752377718040508,0.019626502740788254
2019-01-31,5.0,0.024708981039937683,0.024709339209625147,-0.003581696874643825
2019-01-31,10.0,0.02655210863146662,0.026552396334501793,-0.0028770303517333673
2019-01-31,30.0,0.03178277764288029,0.03178158289640609,0.011947464741979275
2019-02-28,2.0,0.02536625562879191,0.02536536197720385,0.008936515880630935
2019-02-28,5.0,0.025784837085207624,0.025785849280228312,-0.01012195020688722
2019-02-28,10.0,0.02764590797860711,0.02764625609278215,-0.003481141750416583
2019-02-28,30.0,0.03272444496894966,0.032724029753371076,0.004152155785863698
2019-03-31,2.0,0.022939616530580187,0.022938123600128923,0.01492930451263419
2019-03-31,5.0,0.022650202089829152,0.022650718229283662,-0.005161394545094566
2019-03-31,10.0,0.024436809803196846,0.024436801519907236,8.283289609778421e-05
2019-03-31,30.0,0.029978362466518194,0.029978573532946973,-0.002110664287791053
2019-04-30,2.0,0.022819983744655437,0.02281844771098318,0.015360336722558543
2019-04-30,5.0,0.02314113849980748,0.023141709397507038,-0.005708976995588699
2019-04-30,10.0,0.02554355452567214,0.02554379134300655,-0.002368173344091673
2019-04-30,30.0,0.03134484049522812,0.03134419898190366,0.006415133244619398
2019-05-31,2.0,0.019752168638519585,0.019748471413400415,0.036972251191702554
2019-05-31,5.0,0.019637604564558542,0.019637324677573176,0.0027988698536596246
2019-05-31,10.0,0.021829615399076463,0.021828837593503847,0.007778055726159749
2019-05-31,30.0,0.027645810903861978,0.027645229501561674,0.0058140230030367945
2019-06-30,2.0,0.017787237470137107,0.01778530793495947,0.019295351776360548
2019-06-30,5.0,0.017859045579743382,0.017859609170476354,-0.005635907329715195
2019-06-30,10.0,0.020392259555572112,0.020392134336739476,0.0012521883263616473
2019-06-30,30.0,0.0274151703087544,0.027414034943315624,0.011353654387757928
2019-07-31,2.0,0.019120352684898423,0.0191184615200648,0.01891164833622838
2019-07-31,5.0,0.01864147385034509,0.018641625491561342,-0.0015164121625055316
2019-07-31,10.0,0.020414260904173975,0.020414584502965738,-0.0032359879176269146
2019-07-31,30.0,0.02740442198572257,0.02740478794899137,-0.00365963268800229
2019-08-31,2.0,0.015395148734819397,0.015393274996154283,0.018737386651146437
2019-08-31,5.0,0.014115065394404214,0.014114684676523215,0.0038071788099891535
2019-08-31,10.0,0.015340283369100982,0.01534047563008789,-0.0019226098690872107
2019-08-31,30.0,0.021242958716897853,0.021243496458362765,-0.005377414649121448
2019-09-30,2.0,0.016699139268862018,0.0166978770128694,0.012622559926178667
2019-09-30,5.0,0.01576410294702968,0.015764976888176685,-0.008739411470060077
2019-09-30,10.0,0.01708264272528326,0.01708327824236311,-0.006355170798499898
2019-09-30,30.0,0.02293941302224356,0.022940169817913914,-0.0075679567035358275
2019-10-31,2.0,0.015540548285799316,0.015540516708001606,0.0003157779771001401
2019-10-31,5.0,0.015430865264970173,0.015430844213943917,0.00021051026255491934
2019-10-31,10.0,0.017190448668676472,0.017191094487191583,-0.006458185151103635
2019-10-31,30.0,0.023342712795039633,0.023342263951900977,0.004488431386562297
2019-11-30,2.0,0.01655172477329514,0.016551483004907608,0.002417683875322041
2019-11-30,5.0,0.0166166668477441,0.016616544271236267,0.001225765078327612
2019-11-30,10.0,0.01825454749984301,0.01825461533672601,-0.0006783688299982771
2019-11-30,30.0,0.02339630896506617,0.02339650298986573,-0.0019402479956021068
2019-12-31,2.0,0.01606941189329758,0.016068735566689085,0.0067632660849525905
2019-12-31,5.0,0.017247733347635075,0.017248059747770883,-0.003264001358083135
2019-12-31,10.0,0.019804932902115935,0.01980455870352471,0.003741985912242285
2019-12-31,30.0,0.025614866832782024,0.025614557045417596,0.003097873644275495
2020-01-31,2.0,0.013507960425237275,0.013506397741597231,0.015626836400439714
2020-01-31,5.0,0.01334229520173702,0.013343237057675372,-0.009418559383522762
2020-01-31,10.0,0.015406201511282358,0.015405459389596032,0.00742121686325703
2020-01-31,30.0,0.02188647476989969,0.02188606136118265,0.004134087170371004
2020-02-29,2.0,0.008863834627879541,0.00886203758334747,0.01797044532070302
2020-02-29,5.0,0.009256625390564377,0.009256579680425592,0.00045710138785182153
2020-02-29,10.0,0.011556436885240107,0.011556264088379287,0.0017279686082005696
2020-02-29,30.0,0.01849860407087367,0.01849800760033138,0.00596470542291172
2020-03-31,2.0,0.002772240037393958,0.002771834515566285,0.00405521827673283
2020-03-31,5.0,0.0045120195337498,0.004512149141151722,-0.0012960740192191622
2020-03-31,10.0,0.007889839605456528,0.007888954910701074,0.008846947554541629
2020-03-31,30.0,0.01570389172167519,0.015704032391697487,-0.0014067002229722902
2020-04-30,2.0,0.002161592524683398,0.0021613323578750787,0.0026016680831908445
2020-04-30,5.0,0.003990921343202336,0.003990942606767911,-0.00021263565574969334
2020-04-30,10.0,0.006985226239985209,0.006985284040375239,-0.0005780039002978299
2020-04-30,30.0,0.014886692791162615,0.014886719590383013,-0.00026799220398388
2020-05-31,2.0,0.0017436024476678025,0.0017435181471781025,0.0008430048969998438
2020-05-31,5.0,0.0033664927924788035,0.00336665461468888,-0.0016182221007632336
2020-05-31,10.0,0.006865242846054054,0.006865459843472976,-0.0021699741892255986
2020-05-31,30.0,0.01649001026081942,0.016489474660488224,0.005356003311973723
2020-06-30,2.0,0.0015934702452349292,0.0015942694932606916,-0.007992480257623669
2020-06-30,5.0,0.0031978440308013667,0.0031981030132661736,-0.0025898246480693388
2020-06-30,10.0,0.006845758936047108,0.006845322994902592,0.004359411445165051
2020-06-30,30.0,0.016464894922498585,0.016465080004609334,-0.0018508211074852454
2020-07-31,2.0,0.0011321693524695142,0.001132640968032339,-0.004716155628248231
2020-07-31,5.0,0.0024330161944079443,0.002433957300532974,-0.009411061250297337
2020-07-31,10.0,0.00553174325382888,0.0055322466299552175,-0.005033761263373293
2020-07-31,30.0,0.013929248521752147,0.013929118096595694,0.0013042515645267372
2020-08-31,2.0,0.0013513544417871337,0.0013509117139176574,0.004427278694763004
2020-08-31,5.0,0.0030790459534257852,0.0030787294643845886,0.0031648904119663257
2020-08-31,10.0,0.007346225719711663,0.007346856623083653,-0.006309033719897883
2020-08-31,30.0,0.016834619463128586,0.01683412323584821,0.004962272803776813
2020-09-30,2.0,0.0013083989319691014,0.0013078545676381559,0.005443643309455126
2020-09-30,5.0,0.0029773211687538215,0.0029774238568680556,-0.0010268811423408408
2020-09-30,10.0,0.006917323513339513,0.006916811410449419,0.0051210289009340215
2020-09-30,30.0,0.01654004544986387,0.016540300356381765,-0.0025490651789361607
2020-10-31,2.0,0.0015186410555760865,0.0015181512265634023,0.004898290126842397
2020-10-31,5.0,0.00413238156107254,0.004132515389798419,-0.0013382872587897054
2020-10-31,10.0,0.009019551761773714,0.009019432143302364,0.0011961847135033565
2020-10-31,30.0,0.0183125382238134,0.0183126573486041,-0.0011912479069842163
2020-11-30,2.0,0.0014176192815948951,0.0014180044188645269,-0.003851372696317412
2020-11-30,5.0,0.003938749680984177,0.003938736514591312,0.00013166392864860654
2020-11-30,10.0,0.008592052947236306,0.008591698589994978,0.0035435724132781843
2020-11-30,30.0,0.017443252561597067,0.017443389569400836,-0.0013700780376879607
2020-12-31,2.0,0.0011573242399931516,0.0011566684255417403,0.00655814451411274
2020-12-31,5.0,0.003908016753845001,0.003907614896146772,0.004018576982289801
2020-12-31,10.0,0.009374616303839511,0.009374669501523991,-0.0005319768447975548
2020-12-31,30.0,0.018070070289433193,0.018069309704699554,0.00760584733638936
2021-01-31,2.0,0.001132405763594857,0.0011326409538303661,-0.0023519023550910845
2021-01-31,5.0,0.004790240062773288,0.004790437633391598,-0.0019757061830993905
2021-01-31,10.0,0.011396434174275383,0.011396450332316732,-0.00016158041349356722
2021-01-31,30.0,0.02041852489859841,0.020418666056581936,-0.0014115798352420938
2021-02-28,2.0,0.0016553344821150784,0.0016553686124576306,-0.000341303425521744
2021-02-28,5.0,0.007733133083708266,0.007733752162476959,-0.006190787686932708
2021-02-28,10.0,0.015525912040800893,0.015525284194865208,0.006278459356856558
2021-02-28,30.0,0.02360797886587762,0.023606320438854134,0.016584270234876186
2021-03-31,2.0,0.001684595010581269,0.0016844170393475189,0.0017797123375018487
2021-03-31,5.0,0.009439354093895957,0.00943927154761548,0.0008254628047765777
2021-03-31,10.0,0.01868356039733321,0.018682371942360554,0.011884549726559612
2021-03-31,30.0,0.026276137959073242,0.026275264754641148,0.008732044320947097
2021-04-30,2.0,0.0016856030280993917,0.0016854187242654195,0.0018430383397216588
2021-04-30,5.0,0.008805713962023454,0.008806551502817506,-0.008375407940519608
2021-04-30,10.0,0.017556968410739504,0.017556332053835,0.006363569045042539
2021-04-30,30.0,0.025196528964269937,0.025194140478170146,0.02388486099791365
2021-05-31,2.0,0.0014200958052612567,0.001420007256876188,0.0008854838506877627
2021-05-31,5.0,0.00807815933560696,0.008078456046720861,-0.0029671111390072724
2021-05-31,10.0,0.016948416435025315,0.016946998324605778,0.014181104195376548
2021-05-31,30.0,0.024608663027402278,0.024607897111403654,0.007659159986239672
2021-06-30,2.0,0.0025608621278099264,0.0025602719126658346,0.005902151440917436
2021-06-30,5.0,0.008886692430910781,0.008887259255204949,-0.005668242941681001
2021-06-30,10.0,0.015421053687021402,0.015420690477262022,0.0036320975937975675
2021-06-30,30.0,0.02256945083508244,0.022567887117670882,0.015637174115568087
2021-07-31,2.0,0.0019351252474271163,0.0019358713842245745,-0.007461367974581634
2021-07-31,5.0,0.007134897076995328,0.007134328926037492,0.005681509578359112
2021-07-31,10.0,0.013132393157461841,0.013132483467544809,-0.0009031008296744858
2021-07-31,30.0,0.020906024374736543,0.020904500961159034,0.015234135775088475
2021-08-31,2.0,0.0022128575492048608,0.002212443849971102,0.004136992337588907
2021-08-31,5.0,0.007914667298941191,0.00791516056413255,-0.004932651913591712
2021-08-31,10.0,0.0136948478027632,0.01369391436538514,0.009334373780589544
2021-08-31,30.0,0.021061872890310918,0.02106173236081399,0.0014052949692811012
2021-09-30,2.0,0.002904123608874709,0.002904209067781993,-0.0008545890728406391
2021-09-30,5.0,0.010034233177410368,0.01003400641078045,0.0022676662991827357
2021-09-30,10.0,0.016037347071647723,0.016037237939606097,0.0010913204162577017
2021-09-30,30.0,0.022602459851331247,0.022601632414740003,0.008274365912441795
2021-10-31,2.0,0.004881335150800803,0.004881877723677208,-0.005425728764052451
2021-10-31,5.0,0.011963383491040425,0.011962990961073228,0.00392529967196964
2021-10-31,10.0,0.016473355594360584,0.016473211424308243,0.0014417005234079738
2021-10-31,30.0,0.02090178773886886,0.02090041735132231,0.01370387546550944
2021-11-30,2.0,0.005489126148548351,0.005490015202737952,-0.008890541896011683
2021-11-30,5.0,0.011681432015186344,0.01168069266903804,0.007393461483040653
2021-11-30,10.0,0.015179204035477456,0.015179049109391718,0.0015492608573808297
2021-11-30,30.0,0.019535434461325663,0.019534346481041354,0.010879802843088981
2021-12-31,2.0,0.007577464725269767,0.007579580692814281,-0.021159675445137083
2021-12-31,5.0,0.012780345720296182,0.012779974703380548,0.0037101691563456995
2021-12-31,10.0,0.016034579085429046,0.016034189832464296,0.0038925296474978666
2021-12-31,30.0,0.020864994436415207,0.02086468646200923,0.00307974405977518
2022-01-31,2.0,0.011861273137472761,0.01186382344724679,-0.02550309774029813
2022-01-31,5.0,0.016458688917150077,0.01645898089896214,-0.002919818120616924
2022-01-31,10.0,0.01890388184229619,0.018904468907133598,-0.005870648374095566
2022-01-31,30.0,0.02286598362076875,0.02286549767305779,0.004859477109597776
2022-02-28,2.0,0.014709759095627106,0.014714203562655515,-0.04444467028408283
2022-02-28,5.0,0.017592709015349817,0.017592964741173445,-0.0025572582362798357
2022-02-28,10.0,0.01919751830815719,0.01919795565424187,-0.00437346084680712
2022-02-28,30.0,0.024118560412394352,0.024118251571191518,0.003088412028340315
2022-03-31,2.0,0.02342572710662094,0.023436415892128748,-0.10688785507806386
2022-03-31,5.0,0.024779643763319203,0.024781070478752776,-0.01426715433572312
2022-03-31,10.0,0.023919543054140346,0.023921639742229273,-0.020966880889261574
2022-03-31,30.0,0.026431332922163486,0.026431270451016564,0.000624711469221495
2022-04-30,2.0,0.027543659898981554,0.027556855831546656,-0.13195932565102098
2022-04-30,5.0,0.02975657722823244,0.02975921184071173,-0.026346124792908654
2022-04-30,10.0,0.029914342204026223,0.029915747137292836,-0.014049332666132841
2022-04-30,30.0,0.0319803036406161,0.03197970379431303,0.0059984630307319264
2022-05-31,2.0,0.025534420136332336,0.025543791292148788,-0.09371155816451093
2022-05-31,5.0,0.028744936533885435,0.02874539840213619,-0.004618682507562255
2022-05-31,10.0,0.029665170652799056,0.02966550801602308,-0.0033736322402333485
2022-05-31,30.0,0.034373096130216885,0.03437253862146217,0.00557508754717162
2022-06-30,2.0,0.03024098841351197,0.030251554404470138,-0.10565990958166793
2022-06-30,5.0,0.03040437915534233,0.030409194951488194,-0.04815796145862805
2022-06-30,10.0,0.03146687552083982,0.03147003172000584,-0.031561991660211675
2022-06-30,30.0,0.034139958011098814,0.03414086512121184,-0.009071101130242454
2022-07-31,2.0,0.029468285277990613,0.02946783121606389,0.004540619267245916
2022-07-31,5.0,0.02750512535938765,0.027505479273179922,-0.0035391379227256436
2022-07-31,10.0,0.027438048784843794,0.02743869358758544,-0.0064480274164502305
2022-07-31,30.0,0.03449693912962415,0.03449667077387697,0.0026835574717942734
2022-08-31,2.0,0.035219079794133634,0.03522107195425206,-0.01992160118424735
2022-08-31,5.0,0.033704707332793404,0.033704549745150025,0.001575876433790313
2022-08-31,10.0,0.03249082997320163,0.03249169269014485,-0.008627169432173787
2022-08-31,30.0,0.03666284464245528,0.0366631031072473,-0.002584647920134131
2022-09-30,2.0,0.04378893378176274,0.04379279756772303,-0.038637859602896896
2022-09-30,5.0,0.04135208869406726,0.04135317788963633,-0.010891955690706112
2022-09-30,10.0,0.03952555535642266,0.03952824534932531,-0.02689992902649152
2022-09-30,30.0,0.04108590537042711,0.04108558451014077,0.003208602863402632
2022-10-31,2.0,0.046342455572427,0.04634485437250535,-0.023988000783514707
2022-10-31,5.0,0.04333616325689493,0.04333884644230923,-0.026831854142983502
2022-10-31,10.0,0.04276410558772015,0.0427662106185287,-0.021050308085523994
2022-10-31,30.0,0.045979561746364306,0.045979743733841616,-0.0018198747731013043
2022-11-30,2.0,0.04445652110610898,0.04444746086729534,0.09060238813640709
2022-11-30,5.0,0.03896078040712392,0.038960817849168716,-0.00037442044797941776
2022-11-30,10.0,0.037466253831504925,0.03746890335121589,-0.02649519710962167
2022-11-30,30.0,0.04038993384048828,0.04039037156666292,-0.0043772617464021835
2022-12-31,2.0,0.045326057694880184,0.045317848068137545,0.08209626742639031
2022-12-31,5.0,0.04060501269449812,0.040604714059724545,0.0029863477357672252
2022-12-31,10.0,0.03946464919712778,0.03946691499211297,-0.022657949851900838
2022-12-31,30.0,0.041128979392059284,0.04112826989415019,0.0070949790909047294
2023-01-31,2.0,0.042949946305804954,0.04293723830095675,0.12708004848205334
2023-01-31,5.0,0.03654716104728273,0.03654700334140748,0.0015770587524777113
2023-01-31,10.0,0.035634694793589494,0.03563627884752418,-0.01584053934688967
2023-01-31,30.0,0.03795924829788455,0.03795974221674148,-0.004939188569252906
2023-02-28,2.0,0.04888115036128515,0.04888636859946871,-0.05218238183557489
2023-02-28,5.0,0.04211650488554364,0.04212406443411809,-0.07559548574453956
2023-02-28,10.0,0.04043702766877266,0.040441351943878656,-0.04324275105993536
2023-02-28,30.0,0.0412131470402628,0.04121572834202469,-0.025813017618947498
2023-03-31,2.0,0.04164851190709862,0.041635422843308234,0.13089063790383548
2023-03-31,5.0,0.03644459380801357,0.03644439026750779,0.0020354050578319516
2023-03-31,10.0,0.03584381828599881,0.03584446266134478,-0.0064437534597061585
2023-03-31,30.0,0.039475519049212426,0.039475230760696034,0.002882885163923987
2023-04-30,2.0,0.04161875821430816,0.041602091043088985,0.16667171219175714
2023-04-30,5.0,0.035469973139764965,0.0354695548282733,0.004183114916678221
2023-04-30,10.0,0.03533785574169834,0.035339093883577144,-0.012381418788010023
2023-04-30,30.0,0.039368795364477016,0.03936920969432478,-0.004143298477643498
2023-05-31,2.0,0.04495995354932436,0.04494055643022299,0.19397119101371985
2023-05-31,5.0,0.037800163092323924,0.03779990872393513,0.0025436838879677737
2023-05-31,10.0,0.03753935419819521,0.03754152871630878,-0.02174518113573498
2023-05-31,30.0,0.040474890992200585,0.04047568707501936,-0.007960828187769664
2023-06-30,2.0,0.049663936566599176,0.049669129764056796,-0.05193197457620258
2023-06-30,5.0,0.041561213742297376,0.04156980187875137,-0.08588136453990813
2023-06-30,10.0,0.03905988624554557,0.03906575819116953,-0.05871945623958652
2023-06-30,30.0,0.040990527092398255,0.040993973009669116,-0.034459172708611874
2023-07-31,2.0,0.049709764674497725,0.04969747121316814,0.122934613295822
2023-07-31,5.0,0.04206295160526641,0.0420636229911997,-0.0067138593329296725
2023-07-31,10.0,0.040572235414544355,0.040575577535644,-0.03342121099647599
2023-07-31,30.0,0.042373878686422284,0.042374204225156475,-0.003255387341916105
2023-08-31,2.0,0.049370559536581204,0.049356374966166294,0.1418457041491017
2023-08-31,5.0,0.042819664733260376,0.04281939305141069,0.002716818496839579
2023-08-31,10.0,0.04187771426852338,0.041880235932087784,-0.02521663564403198
2023-08-31,30.0,0.04318355941331853,0.04318340053519698,0.0015887812154780079
2023-09-30,2.0,0.05138509040508166,0.051381485636478264,0.03604768603393538
2023-09-30,5.0,0.04679702679381936,0.04680220699813642,-0.05180204317056791
2023-09-30,10.0,0.047667193709632016,0.04767141350074389,-0.04219791111870208
2023-09-30,30.0,0.04976385597119748,0.04976360423702286,0.0025173417461665792
2023-10-31,2.0,0.05150118452435892,0.05149083499705265,0.10349527306274808
2023-10-31,5.0,0.04890516673859979,0.04890524872402402,-0.0008198542422732658
2023-10-31,10.0,0.050806074588270134,0.05080758803362362,-0.015134453534848546
2023-10-31,30.0,0.0519033454654636,0.05190204830049838,0.012971649652193662
2023-11-30,2.0,0.047885288409322824,0.04787153785198961,0.13750557333214175
2023-11-30,5.0,0.04377989290060835,0.04378027212930502,-0.003792286966675107
2023-11-30,10.0,0.045361702453715624,0.04536384306533492,-0.021406116192945746
2023-11-30,30.0,0.046789059297256186,0.04678859865789997,0.004606393562145428
2023-12-31,2.0,0.043047691218717654,0.04303214990805482,0.15541310662836594
2023-12-31,5.0,0.0390048058443786,0.0390044551198947,0.0035072448389961153
2023-12-31,10.0,0.03985773874059806,0.03985782803919746,-0.000892985994038753
2023-12-31,30.0,0.04280087433083257,0.04280062247127159,0.0025185956098461304
2024-01-31,2.0,0.04306218810067919,0.04304675246037126,0.1543564030792588
2024-01-31,5.0,0.03955239878891814,0.03955215477392571,0.00244014992434316
2024-01-31,10.0,0.0408860990859754,0.040886756152212156,-0.006570662367533231
2024-01-31,30.0,0.04508481646124629,0.04508476817739204,0.0004828385424815451
2024-02-29,2.0,0.04704049819289868,0.04702938772527254,0.11110467626140874
2024-02-29,5.0,0.04308874306429411,0.04308951825391483,-0.007751896207164322
2024-02-29,10.0,0.04356520134310826,0.043566319104452855,-0.011177613445934043
2024-02-29,30.0,0.045579712392022076,0.04557816462037234,0.015477716497347416
2024-03-31,2.0,0.04705077863397222,0.04703985807150146,0.10920562470762007
2024-03-31,5.0,0.042620292930793724,0.042621276188429036,-0.009832576353119293
2024-03-31,10.0,0.04270197909957929,0.042703646522833205,-0.016674232539148903
2024-03-31,30.0,0.04536765940022014,0.04536802452907018,-0.003651288500439165
2024-04-30,2.0,0.05107520267323662,0.051069271701308594,0.05930971928025386
2024-04-30,5.0,0.047811839516239685,0.04781181087656705,0.0002863967263344591
2024-04-30,10.0,0.047502946686912795,0.04750484698838586,-0.019003014730678558
2024-04-30,30.0,0.04901874838407183,0.049018536608322005,0.002117757498254491
2024-05-31,2.0,0.04941988523590335,0.04941514056858609,0.04744667317257978
2024-05-31,5.0,0.045714313218162994,0.045716190047579985,-0.01876829416991299
2024-05-31,10.0,0.04603969864403901,0.046041458359285414,-0.017597152464077226
2024-05-31,30.0,0.048505438213439556,0.048504643439492456,0.007947739470992587
2024-06-30,2.0,0.047914146724341355,0.047902974469671955,0.11172254669400417
2024-06-30,5.0,0.043805327925496185,0.04380532315644725,4.769048933539466e-05
2024-06-30,10.0,0.04431031086300585,0.04431169152258119,-0.013806595753340645
2024-06-30,30.0,0.0467755114208801,0.046774990494570456,0.0052092630964395426
2024-07-31,2.0,0.04352515439487337,0.04351205506673672,0.13099328136645383
2024-07-31,5.0,0.040003296834387525,0.04000341832620524,-0.0012149181771725637
2024-07-31,10.0,0.041621453633754024,0.041622923293231695,-0.014696594776708594
2024-07-31,30.0,0.04604816878167006,0.046046688579652884,0.01480202017178911
2024-08-31,2.0,0.03971174363558139,0.039697702263680634,0.14041371900752608
2024-08-31,5.0,0.037798830129552874,0.03779679532887892,0.020348006739556723
2024-08-31,10.0,0.03992372184119919,0.039923341146005153,0.0038069519403549634
2024-08-31,30.0,0.04532250748733069,0.045320984026385736,0.015234609449521486
2024-09-30,2.0,0.036907733353968686,0.03689637854794947,0.11354806019214791
2024-09-30,5.0,0.036361434180077534,0.03635940531193649,0.020288681410463028
2024-09-30,10.0,0.0387677003252318,0.038766550340809,0.011499844227991218
2024-09-30,30.0,0.04481018565066752,0.04480785740612281,0.02328244544713698
2024-10-31,2.0,0.04211767953728662,0.04211260113245752,0.050784048291063755
2024-10-31,5.0,0.042087513470114635,0.04208654864308681,0.009648270278272975
2024-10-31,10.0,0.043931726291282835,0.043931631242034364,0.0009504924847192342
2024-10-31,30.0,0.047249520057690786,0.04724823973654568,0.012803211451029028
2024-11-30,2.0,0.042438187659912474,0.04243362124816641,0.04566411746065313
2024-11-30,5.0,0.04109411577308619,0.0410949543225656,-0.008385494794094228
2024-11-30,10.0,0.04282809079325012,0.04282877846818267,-0.006876749325535059
2024-11-30,30.0,0.04552124270276536,0.04552170492390828,-0.004622211429161638
2024-12-31,2.0,0.04317837064153185,0.043179227809940324,-0.008571684084746067
2024-12-31,5.0,0.04447452591050016,0.044474616854304205,-0.0009094380404306435
2024-12-31,10.0,0.04699470761261937,0.04699483632557877,-0.0012871295940186656
2024-12-31,30.0,0.04957032196773392,0.04956941593321096,0.009060345229627842
2025-01-31,2.0,0.04286328946060469,0.04286214952302769,0.011399375769993725
2025-01-31,5.0,0.044386593130957275,0.04438688467129159,-0.0029154033431844084
2025-01-31,10.0,0.04704937124430342,0.04704928147262932,0.0008977167409440767
2025-01-31,30.0,0.051044360109169684,0.051042995297972515,0.013648111971686916
2025-02-28,2.0,0.0404890983358388,0.040485051398342575,0.040469374962270876
2025-02-28,5.0,0.04096903900612081,0.04096898945412075,0.0004955200005873905
2025-02-28,10.0,0.043514556423584594,0.043514142092933916,0.004143306506776412
2025-02-28,30.0,0.04797482595855884,0.04797213834837,0.02687610188845113
2025-03-31,2.0,0.039524301887709834,0.039519929156627276,0.0437273108255809
2025-03-31,5.0,0.04013431594253469,0.040135507147795346,-0.011912052606533052
2025-03-31,10.0,0.04349034795122164,0.04349014154367303,0.0020640754860856703
2025-03-31,30.0,0.04885543826415861,0.04885280477269749,0.026334914611236826
2025-04-30,2.0,0.03654993484751712,0.03654285716168659,0.07077685830525482
2025-04-30,5.0,0.03780207431051563,0.03780198432582815,0.0008998468747911659
2025-04-30,10.0,0.04318421136950246,0.04318340053519698,0.008108343054757938
2025-04-30,30.0,0.049721755108637744,0.0497195150915235,0.02240017114241155
2025-05-31,2.0,0.03972455348734605,0.039718496425666716,0.06057061679332065
2025-05-31,5.0,0.040350756315520764,0.04035187783505334,-0.011215195325764427
2025-05-31,10.0,0.04577007189576121,0.04577056870329521,-0.004968075340006095
2025-05-31,30.0,0.05211700389483198,0.052113501862578016,0.035020322539658366
2025-06-30,2.0,0.03777192187517864,0.037764624126879864,0.07297748298773499
2025-06-30,5.0,0.03845081412267226,0.03845185175529919,-0.0103763262693235
2025-06-30,10.0,0.04383859899974585,0.04383872546122225,-0.0012646147640182903
2025-06-30,30.0,0.05099783066848396,0.05099569942734905,0.021312411349061477
2025-07-31,2.0,0.03990313996470518,0.03989734338744988,0.057965772553014716
2025-07-31,5.0,0.04012408381763466,0.04012406572014471,0.00018097489951074408
2025-07-31,10.0,0.04507142799007546,0.045072227235419815,-0.007992453443517178
2025-07-31,30.0,0.0517258802132885,0.051724291875176576,0.01588338111924159
2025-08-31,2.0,0.03668498463182979,0.03667968984959069,0.05294782239095852
2025-08-31,5.0,0.03748175341058069,0.03748239053462599,-0.006371240452995863
2025-08-31,10.0,0.04381748521513895,0.04381784889547946,-0.003636803405093758
2025-08-31,30.0,0.052521804503600444,0.0525196960647345,0.02108438865944251
2025-09-30,2.0,0.03659288093102053,0.03658950263977423,0.03378291246303178
2025-09-30,5.0,0.037894714491054415,0.037895390707641585,-0.006762165871698755
2025-09-30,10.0,0.04300199043397446,0.04300190241429824,0.0008801967621430151
2025-09-30,30.0,0.05036797810925431,0.05036529114908839,0.026869601659207376
2025-10-31,2.0,0.036485038899078504,0.0364827394194025,0.022994796760045233
2025-10-31,5.0,0.037589203206035426,0.03759029431414085,-0.010911081054221228
2025-10-31,10.0,0.042531322491014434,0.04253161461417965,-0.0029212316521309845
2025-10-31,30.0,0.0495179148729632,0.04951693877435437,0.0097609860882919
2025-11-30,2.0,0.03552325536767742,0.035519258559784994,0.039968078924257355
2025-11-30,5.0,0.03643431336342107,0.03643506230997118,-0.007489465501109294
2025-11-30,10.0,0.04183446944302105,0.04183439421023194,0.0007523278910959164
2025-11-30,30.0,0.04970621145529153,0.04970481912118441,0.013923341071198081
2025-12-31,2.0,0.035328289378665945,0.03532666988899469,0.016194896712562468
2025-12-31,5.0,0.037787572587047125,0.037788492987725686,-0.009204006785612506
2025-12-31,10.0,0.04348691841869856,0.04348701107794417,-0.0009265924560963867
2025-12-31,30.0,0.05235232452509919,0.05234920168438961,0.031228407095795774
2026-01-31,2.0,0.035660628405628,0.03565906309628453,0.015653093434764287
2026-01-31,5.0,0.03863022829030305,0.03863048083546161,-0.0025254515856332205
2026-01-31,10.0,0.04419900565786983,0.04419891195010317,0.0009370776665740266
2026-01-31,30.0,0.05261626322946422,0.05261442710021291,0.0183612925130916
2026-02-28,2.0,0.0342948959159437,0.03429186070992918,0.030352060145233395
2026-02-28,5.0,0.03568082631206693,0.035681847846303905,-0.010215342369779279
2026-02-28,10.0,0.04127211573601186,0.04127299678195118,-0.008810459393160386
2026-02-28,30.0,0.0496685924879674,0.04966493109593495,0.03661392032450195
2026-03-31,2.0,0.038304456343965176,0.03830544036644712,-0.009840224819424037
2026-03-31,5.0,0.03997021143518653,0.03997117871995348,-0.009672847669506268
2026-03-31,10.0,0.04462976229054472,0.044630255166981714,-0.004928764369971361
2026-03-31,30.0,0.051426646815578625,0.051424593161087495,0.020536544911298193
2026-04-30,2.0,0.03886005194981279,0.03886108239803354,-0.010304482207512677
2026-04-30,5.0,0.041007820858369515,0.04100854702730916,-0.007261689396464988
2026-04-30,10.0,0.04566024887825848,0.04566076855818979,-0.005196799313100797
2026-04-30,30.0,0.05290746894506482,0.05290604168327473,0.01427261790087897
2026-05-31,2.0,0.040125677939256255,0.04012614597035635,-0.004680311000981874
2026-05-31,5.0,0.04231404772330105,0.04231479058882037,-0.007428655193209011
2026-05-31,10.0,0.04629570947989303,0.0462956773200196,0.00032159873430970265
2026-05-31,30.0,0.05322008868651262,0.053216694784651075,0.033939018615480876
2026-06-30,2.0,0.0415420156636499,0.04154272141595006,-0.0070575230015634816
2026-06-30,5.0,0.04271142545524209,0.04271198818537214,-0.005627301300492604
2026-06-30,10.0,0.045933220763673566,0.045933721637611,-0.005008739374368076
2026-06-30,30.0,0.05210986172243781,0.052108241308219894,0.016204142179176984
2026-07-31,2.0,0.043010208073588574,0.04301128947366162,-0.010814000730441364
2026-07-31,5.0,0.04541691965562045,0.045418203398530865,-0.012837429104184395
2026-07-31,10.0,0.049535867509448606,0.04953583024927499,0.00037260173613162806
2026-07-31,30.0,0.05618169550319574,0.05617828338802866,0.03412115167078511
2026-08-31,2.0,0.04354880789043336,0.043550665727067006,-0.01857836633645249
2026-08-31,5.0,0.0458471855021827,0.045847958588769666,-0.007730865869692849
2026-08-31,10.0,0.04944470750258412,0.04944452460389659,0.00182898687528521
2026-08-31,30.0,0.05604632598238779,0.056044157263227534,0.021687191602559608
