country,date,tenor_years,par_yield,zero_yield,gap_bp
FR,2004-11-30,10.0,0.0381,0.03913689824226285,10.3689824226285
FR,2004-12-31,10.0,0.0371,0.03795384748318442,8.538474831844209
FR,2005-01-31,10.0,0.0356,0.03637957587519769,7.795758751976897
FR,2005-02-28,10.0,0.037000000000000005,0.03784173162743665,8.417316274366426
FR,2005-03-31,10.0,0.036699999999999997,0.03751310261349117,8.131026134911707
FR,2005-04-30,10.0,0.034300000000000004,0.03509827020368572,7.982702036857178
FR,2005-05-31,10.0,0.0333,0.03407357147339618,7.735714733961771
FR,2005-06-30,10.0,0.0316,0.03231157086938108,7.115708693810757
FR,2005-07-31,10.0,0.032400000000000005,0.03307628130380191,6.762813038019081
FR,2005-08-31,10.0,0.0316,0.032222407269128395,6.224072691283916
FR,2005-09-30,10.0,0.0318,0.032334870908028224,5.348709080282219
FR,2005-10-31,10.0,0.0342,0.03475884609106261,5.588460910626106
FR,2005-11-30,10.0,0.0345,0.03498907985597843,4.8907985597843044
FR,2005-12-31,10.0,0.033,0.03333246137775281,3.3246137775280737
FR,2006-01-31,10.0,0.035,0.035379436611270965,3.794366112709613
FR,2006-02-28,10.0,0.0353,0.035624799860444645,3.247998604446467
FR,2006-03-31,10.0,0.038,0.038325724308035936,3.257243080359365
FR,2006-04-30,10.0,0.04019999999999999,0.040600569907287776,4.00569907287783
FR,2006-05-31,10.0,0.0394,0.03983677955712883,4.367795571288344
FR,2006-06-30,10.0,0.0409,0.04127505655067654,3.750565506765377
FR,2006-07-31,10.0,0.0394,0.03969584794450687,2.958479445068704
FR,2006-08-31,10.0,0.0381,0.03833248577992765,2.324857799276478
FR,2006-09-30,10.0,0.0368,0.03692604685607925,1.260468560792538
FR,2006-10-31,10.0,0.0381,0.03820471411924631,1.047141192463061
FR,2006-10-31,30.0,0.0393,0.0395476858856898,2.4768588568979677
FR,2006-11-30,10.0,0.0375,0.03760748951655213,1.0748951655212973
FR,2006-11-30,30.0,0.039,0.03934327566132212,3.432756613221191
FR,2006-12-31,10.0,0.0398,0.039880212171226725,0.8021217122672342
FR,2006-12-31,30.0,0.040999999999999995,0.04123480346679198,2.3480346679198574
FR,2007-01-31,10.0,0.041299999999999996,0.04143254162968457,1.3254162968457521
FR,2007-01-31,30.0,0.0425,0.04280787689634824,3.0787689634823727
FR,2007-02-28,10.0,0.039900000000000005,0.04001868093590133,1.1868093590132467
FR,2007-02-28,30.0,0.041299999999999996,0.0416502787133628,3.5027871336280185
FR,2007-03-31,10.0,0.0409,0.040999717349875286,0.9971734987528763
FR,2007-03-31,30.0,0.042699999999999995,0.04309537780745609,3.9537780745609736
FR,2007-04-30,10.0,0.0426,0.04271735654333697,1.1735654333697165
FR,2007-04-30,30.0,0.0441,0.04443408956756212,3.3408956756211805
FR,2007-05-31,10.0,0.0443,0.04436786318314856,0.6786318314856016
FR,2007-05-31,30.0,0.045599999999999995,0.045917523211971734,3.1752321197173887
FR,2007-06-30,10.0,0.046,0.046129145009879746,1.2914500987974697
FR,2007-06-30,30.0,0.0473,0.04765302146046757,3.530214604675688
FR,2007-07-31,10.0,0.044500000000000005,0.044627694729347134,1.2769472934712893
FR,2007-07-31,30.0,0.0458,0.04616498902338617,3.6498902338617105
FR,2007-08-31,10.0,0.0436,0.04385189184764826,2.5189184764826122
FR,2007-08-31,30.0,0.045899999999999996,0.04645170598499204,5.517059849920458
FR,2007-09-30,10.0,0.0444,0.04471077272979107,3.107727297910687
FR,2007-09-30,30.0,0.046799999999999994,0.04744319041702538,6.431904170253882
FR,2007-10-31,10.0,0.043,0.0432879924326115,2.87992432611503
FR,2007-10-31,30.0,0.0452,0.04574753798810449,5.475379881044947
FR,2007-11-30,10.0,0.042199999999999994,0.04259924246260338,3.992424626033872
FR,2007-11-30,30.0,0.046,0.047100834277324255,11.008342773242557
FR,2007-12-31,10.0,0.0447,0.04509660577463892,3.9660577463892372
FR,2007-12-31,30.0,0.047,0.047661647738058255,6.616477380582547
FR,2008-01-31,10.0,0.041100000000000005,0.04170444274276908,6.044427427690721
FR,2008-01-31,30.0,0.0458,0.047302132447814005,15.021324478140045
FR,2008-02-29,10.0,0.0409,0.04170752550614587,8.075255061458716
FR,2008-02-29,30.0,0.0461,0.047883972541648,17.83972541647999
FR,2008-03-31,10.0,0.0417,0.042258729347725454,5.587293477254534
FR,2008-03-31,30.0,0.046799999999999994,0.04844181698056138,16.418169805613864
FR,2008-04-30,10.0,0.0433,0.043744136775013764,4.441367750137662
FR,2008-04-30,30.0,0.047599999999999996,0.04881798485232158,12.179848523215867
FR,2008-05-31,10.0,0.0461,0.04646003195307591,3.6003195307590663
FR,2008-05-31,30.0,0.0495,0.05049363696032638,9.9363696032638
FR,2008-06-30,10.0,0.047400000000000005,0.04758366196379882,1.8366196379881323
FR,2008-06-30,30.0,0.049400000000000006,0.049705358714858594,3.0535871485858763
FR,2008-07-31,10.0,0.0461,0.04631788834774575,2.178883477457483
FR,2008-07-31,30.0,0.0483,0.04859702468651683,2.970246865168294
FR,2008-08-31,10.0,0.0436,0.04386566071122333,2.6566071122333113
FR,2008-08-31,30.0,0.04650000000000001,0.047017198368991764,5.171983689917573
FR,2008-09-30,10.0,0.0435,0.04411561283903276,6.1561283903276145
FR,2008-09-30,30.0,0.047400000000000005,0.048356540043415386,9.565400434153812
FR,2008-10-31,10.0,0.042300000000000004,0.043631150163905286,13.311501639052814
FR,2008-10-31,30.0,0.044500000000000005,0.044681090363239084,1.810903632390795
FR,2008-11-30,10.0,0.0366,0.037516050746120966,9.160507461209653
FR,2008-11-30,30.0,0.038599999999999995,0.03843193980171322,-1.6806019828677354
FR,2008-12-31,10.0,0.0342,0.03507125653608023,8.712565360802296
FR,2008-12-31,30.0,0.0371,0.03714022300461406,0.4022300461405809
FR,2009-01-31,10.0,0.0381,0.03948881830050377,13.888183005037677
FR,2009-01-31,30.0,0.040999999999999995,0.04130702436126499,3.0702436126499313
FR,2009-02-28,10.0,0.036699999999999997,0.038112924390555136,14.129243905551398
FR,2009-02-28,30.0,0.040999999999999995,0.041541862497709525,5.4186249770953046
FR,2009-03-31,10.0,0.0364,0.0377862693703821,13.862693703820955
FR,2009-03-31,30.0,0.0415,0.04258017121962632,10.80171219626315
FR,2009-04-30,10.0,0.0362,0.037554286779398094,13.542867793980909
FR,2009-04-30,30.0,0.0412,0.04215110859583948,9.51108595839481
FR,2009-05-31,10.0,0.0398,0.04151864248450288,17.186424845028746
FR,2009-05-31,30.0,0.0452,0.04688300477844343,16.830047784434296
FR,2009-06-30,10.0,0.037200000000000004,0.03867452820652062,14.745282065206158
FR,2009-06-30,30.0,0.0437,0.04546500396171327,17.650039617132656
FR,2009-07-31,10.0,0.0355,0.03675203537884375,12.520353788437536
FR,2009-07-31,30.0,0.0421,0.04386699565088881,17.669956508888085
FR,2009-08-31,10.0,0.0351,0.036376211336977216,12.762113369772162
FR,2009-08-31,30.0,0.0412,0.042943035629225745,17.43035629225745
FR,2009-09-30,10.0,0.0353,0.03666517944106906,13.651794410690643
FR,2009-09-30,30.0,0.0408,0.042355910774432015,15.559107744320123
FR,2009-10-31,10.0,0.035699999999999996,0.03706960782395008,13.696078239500837
FR,2009-10-31,30.0,0.0421,0.04402265727528354,19.226572752835402
FR,2009-11-30,10.0,0.03418,0.035487590910753486,13.075909107534839
FR,2009-11-30,30.0,0.040830000000000005,0.04267150714081214,18.41507140812132
FR,2009-12-31,10.0,0.03587,0.037316176289667435,14.461762896674363
FR,2009-12-31,30.0,0.04234,0.04433132250802907,19.91322508029067
FR,2010-01-31,10.0,0.0349,0.03635314296353931,14.531429635393083
FR,2010-01-31,30.0,0.0412,0.04321197858538439,20.119785853843915
FR,2010-02-28,10.0,0.03376,0.03519848144860216,14.384814486021607
FR,2010-02-28,30.0,0.040519999999999994,0.04270185604919963,21.818560491996333
FR,2010-03-31,10.0,0.03418,0.035660481462307825,14.804814623078228
FR,2010-03-31,30.0,0.04048,0.042533803446185736,20.53803446185734
FR,2010-04-30,10.0,0.03329,0.03474598897497794,14.55988974977937
FR,2010-04-30,30.0,0.039060000000000004,0.0408837328036058,18.237328036057946
FR,2010-05-31,10.0,0.02941,0.030678016843518785,12.680168435187863
FR,2010-05-31,30.0,0.036520000000000004,0.03868157165950792,21.615716595079146
FR,2010-06-30,10.0,0.03085,0.03218839021912179,13.383902191217885
FR,2010-06-30,30.0,0.037149999999999996,0.039094016592997605,19.440165929976093
FR,2010-07-31,10.0,0.029910000000000003,0.031083795875060494,11.73795875060491
FR,2010-07-31,30.0,0.03685,0.03897731131985882,21.2731131985882
FR,2010-08-31,10.0,0.025009999999999998,0.025889346277143677,8.793462771436792
FR,2010-08-31,30.0,0.03015,0.0314491945474944,12.991945474943972
FR,2010-09-30,10.0,0.026629999999999997,0.02751671990070803,8.867199007080336
FR,2010-09-30,30.0,0.032690000000000004,0.03422035304400173,15.30353044001724
FR,2010-10-31,10.0,0.02905,0.03006120206324825,10.112020632482496
FR,2010-10-31,30.0,0.0339,0.03525003312878083,13.500331287808336
FR,2010-11-30,10.0,0.03183,0.033074562226196536,12.445622261965383
FR,2010-11-30,30.0,0.036309999999999995,0.037611640160441384,13.016401604413891
FR,2010-12-31,10.0,0.03318,0.034554385847547,13.743858475469967
FR,2010-12-31,30.0,0.03849,0.0401210811850119,16.31081185011894
FR,2011-01-31,10.0,0.03529,0.03648935460921687,11.99354609216871
FR,2011-01-31,30.0,0.03988,0.04129980726948479,14.198072694847907
FR,2011-02-28,10.0,0.03513,0.03634546064936561,12.154606493656114
FR,2011-02-28,30.0,0.03994,0.04138575221221763,14.45752212217627
FR,2011-03-31,10.0,0.03694,0.03810207831889456,11.620783188945605
FR,2011-03-31,30.0,0.04152,0.04301489246237589,14.948924623758852
FR,2011-04-30,10.0,0.03613,0.03714969508262467,10.19695082624665
FR,2011-04-30,30.0,0.041210000000000004,0.04283420069533461,16.242006953346085
FR,2011-05-31,10.0,0.03406,0.03505635804667029,9.963580466702885
FR,2011-05-31,30.0,0.03977,0.041411241985560565,16.412419855605652
FR,2011-06-30,10.0,0.03418,0.03521518533194978,10.351853319497812
FR,2011-06-30,30.0,0.04178,0.04423665499570717,24.56654995707172
FR,2011-07-31,10.0,0.032170000000000004,0.03323951408138126,10.695140813812564
FR,2011-07-31,30.0,0.03837,0.040179203555639864,18.092035556398628
FR,2011-08-31,10.0,0.02835,0.029377045847435168,10.27045847435168
FR,2011-08-31,30.0,0.03677,0.03904516638699462,22.75166386994626
FR,2011-09-30,10.0,0.026459999999999997,0.027295805566431408,8.358055664314106
FR,2011-09-30,30.0,0.03464,0.0364766150789928,18.366150789928053
FR,2011-10-31,10.0,0.031349999999999996,0.032500755131003256,11.507551310032602
FR,2011-10-31,30.0,0.03895,0.040898194146353095,19.481941463530966
FR,2011-11-30,10.0,0.03481,0.03605412846058176,12.441284605817573
FR,2011-11-30,30.0,0.04061,0.042363587974670436,17.535879746704357
FR,2011-12-31,10.0,0.03162,0.03291464963507229,12.946496350722883
FR,2011-12-31,30.0,0.03658,0.03796974139847231,13.897413984723105
FR,2012-01-31,10.0,0.03087,0.032170016905649135,13.000169056491332
FR,2012-01-31,30.0,0.038079999999999996,0.04017317288576683,20.931728857668322
FR,2012-02-29,10.0,0.02942,0.03068555200820633,12.655520082063276
FR,2012-02-29,30.0,0.03649,0.03839736912037939,19.07369120379386
FR,2012-03-31,10.0,0.029089999999999998,0.03036969248582322,12.79692485823221
FR,2012-03-31,30.0,0.036680000000000004,0.03875920087048601,20.79200870486006
FR,2012-04-30,10.0,0.02994,0.031313839124823106,13.73839124823105
FR,2012-04-30,30.0,0.03743,0.0397603975854004,23.303975854003998
FR,2012-05-31,10.0,0.0239,0.024836595259334793,9.365952593347917
FR,2012-05-31,30.0,0.03092,0.03244024471963525,15.202447196352477
FR,2012-06-30,10.0,0.02696,0.028124475086394263,11.644750863942614
FR,2012-06-30,30.0,0.03562,0.03795273375265018,23.327337526501818
FR,2012-07-31,10.0,0.02175,0.02268707731708486,9.370773170848597
FR,2012-07-31,30.0,0.031219999999999998,0.03362792190626718,24.079219062671797
FR,2012-08-31,10.0,0.021589999999999998,0.022541559658752597,9.515596587525987
FR,2012-08-31,30.0,0.03049,0.03270810185771178,22.1810185771178
FR,2012-09-30,10.0,0.02234,0.023323026392926716,9.830263929267169
FR,2012-09-30,30.0,0.03186,0.03429309043538509,24.33090435385088
FR,2012-10-31,10.0,0.02178,0.022686232830770203,9.062328307702025
FR,2012-10-31,30.0,0.03159,0.03397151259390485,23.815125939048514
FR,2012-11-30,10.0,0.0203,0.021190668288233905,8.906682882339062
FR,2012-11-30,30.0,0.030830000000000003,0.03352732234743927,26.973223474392668
FR,2012-12-31,10.0,0.019790000000000002,0.020667628376218383,8.776283762183812
FR,2012-12-31,30.0,0.02978,0.032317557240243655,25.375572402436543
FR,2013-01-31,10.0,0.02254,0.02344124971142203,9.012497114220288
FR,2013-01-31,30.0,0.03136,0.033622495038309275,22.624950383092756
FR,2013-02-28,10.0,0.02174,0.02268604704539756,9.460470453975626
FR,2013-02-28,30.0,0.03191,0.034557743249806316,26.477432498063155
FR,2013-03-31,10.0,0.0203,0.0211710774260343,8.71077426034303
FR,2013-03-31,30.0,0.0315,0.03436508201860722,28.650820186072178
FR,2013-04-30,10.0,0.01726,0.01790122882580114,6.412288258011399
FR,2013-04-30,30.0,0.02856,0.031059028697726143,24.990286977261444
FR,2013-05-31,10.0,0.01983,0.02061237506914404,7.823750691440395
FR,2013-05-31,30.0,0.03121,0.03402037916399436,28.103791639943616
FR,2013-06-30,10.0,0.02319,0.02416575561089873,9.757556108987327
FR,2013-06-30,30.0,0.0333,0.03612446590985052,28.244659098505196
FR,2013-07-31,10.0,0.02305,0.024066603645792606,10.166036457926047
FR,2013-07-31,30.0,0.03318,0.03601924953100122,28.392495310012173
FR,2013-08-31,10.0,0.024990000000000002,0.02614759572737313,11.575957273731278
FR,2013-08-31,30.0,0.0348,0.03778331248599032,29.833124859903194
FR,2013-09-30,10.0,0.023969999999999998,0.025060594070426045,10.905940704260471
FR,2013-09-30,30.0,0.034319999999999996,0.03739790769192042,30.779076919204215
FR,2013-10-31,10.0,0.0226,0.02359511943597936,9.951194359793629
FR,2013-10-31,30.0,0.03308,0.036093059145451356,30.130591454513578
FR,2013-11-30,10.0,0.02253,0.023547293952391746,10.172939523917442
FR,2013-11-30,30.0,0.03323,0.03631419997341423,30.84199973414227
FR,2013-12-31,10.0,0.02497,0.02612040800203763,11.504080020376325
FR,2013-12-31,30.0,0.03436,0.03727033277801506,29.10332778015057
FR,2014-01-31,10.0,0.021869999999999997,0.022823963114613877,9.539631146138795
FR,2014-01-31,30.0,0.03182,0.034542148136586404,27.221481365864026
FR,2014-02-28,10.0,0.02062,0.02148955034809341,8.69550348093412
FR,2014-02-28,30.0,0.030979999999999997,0.03370658381021041,27.265838102104137
FR,2014-03-31,10.0,0.02019,0.02101511764877717,8.25117648777171
FR,2014-03-31,30.0,0.03055,0.03322831421709349,26.7831421709349
FR,2014-04-30,10.0,0.0199,0.020700391581812694,8.003915818126927
FR,2014-04-30,30.0,0.02986,0.03240368275351302,25.436827535130178
FR,2014-05-31,10.0,0.01781,0.018489286162227447,6.792861622274479
FR,2014-05-31,30.0,0.0281,0.030509665190999735,24.09665190999735
FR,2014-06-30,10.0,0.01611,0.01669462593481752,5.846259348175203
FR,2014-06-30,30.0,0.0269,0.029238906649568852,23.389066495688517
FR,2014-07-31,10.0,0.014650000000000002,0.015156176074862193,5.061760748621916
FR,2014-07-31,30.0,0.02496,0.027036234314135044,20.762343141350442
FR,2014-08-31,10.0,0.01203,0.012393434868531727,3.634348685317267
FR,2014-08-31,30.0,0.02206,0.023775330171065034,17.153301710650346
FR,2014-09-30,10.0,0.01278,0.013196486714803335,4.164867148033352
FR,2014-09-30,30.0,0.02347,0.025460458292326793,19.904582923267917
FR,2014-10-31,10.0,0.011699999999999999,0.012051299676839378,3.5129967683937906
FR,2014-10-31,30.0,0.02241,0.02430809120015387,18.9809120015387
FR,2014-11-30,10.0,0.00985,0.010100252064141557,2.502520641415578
FR,2014-11-30,30.0,0.02045,0.022105398605061888,16.553986050618885
FR,2014-12-31,10.0,0.008579999999999999,0.008770471354403897,1.9047135440389793
FR,2014-12-31,30.0,0.019039999999999998,0.020512184424366753,14.72184424366755
FR,2015-01-31,10.0,0.00584,0.005936291958762885,0.9629195876288514
FR,2015-01-31,30.0,0.01433,0.01522481688483035,8.948168848303492
FR,2015-02-28,10.0,0.00561,0.005712831374188765,1.0283137418876445
FR,2015-02-28,30.0,0.01399,0.014845550732343726,8.555507323437256
FR,2015-03-31,10.0,0.00493,0.0050061653730892886,0.7616537308928819
FR,2015-03-31,30.0,0.01113,0.011656462348381913,5.264623483819137
FR,2015-04-30,10.0,0.00612,0.006228083974841869,1.080839748418697
FR,2015-04-30,30.0,0.01324,0.013974378067945992,7.3437806794599165
FR,2015-05-31,10.0,0.008159999999999999,0.008343781176554543,1.8378117655454447
FR,2015-05-31,30.0,0.01615,0.017154837676439882,10.048376764398812
FR,2015-06-30,10.0,0.01207,0.012432315580962916,3.6231558096291514
FR,2015-06-30,30.0,0.02213,0.023925962346138974,17.959623461389732
FR,2015-07-31,10.0,0.00927,0.009505407888696471,2.3540788869647056
FR,2015-07-31,30.0,0.01859,0.01991454497974643,13.245449797464302
FR,2015-08-31,10.0,0.010669999999999999,0.010957266435819957,2.872664358199578
FR,2015-08-31,30.0,0.02013,0.021569705943405904,14.397059434059049
FR,2015-09-30,10.0,0.00891,0.009123432332938108,2.134323329381089
FR,2015-09-30,30.0,0.01901,0.020409682408043972,13.99682408043973
FR,2015-10-31,10.0,0.00771,0.007896450674216293,1.8645067421629338
FR,2015-10-31,30.0,0.017509999999999998,0.018777917174519265,12.679171745192674
FR,2015-11-30,10.0,0.00793,0.008148430913563542,2.184309135635429
FR,2015-11-30,30.0,0.01837,0.019855951504021085,14.859515040210844
FR,2015-12-31,10.0,0.01012,0.010433603685122028,3.1360368512202768
FR,2015-12-31,30.0,0.02052,0.022177495287622584,16.57495287622584
FR,2016-01-31,10.0,0.00688,0.0070634731963867825,1.8347319638678268
FR,2016-01-31,30.0,0.017070000000000002,0.01836399289515156,12.939928951515578
FR,2016-02-29,10.0,0.00489,0.005007182139077582,1.1718213907758144
FR,2016-02-29,30.0,0.01466,0.01572533820931543,10.65338209315432
FR,2016-03-31,10.0,0.00414,0.004225972619492868,0.859726194928686
FR,2016-03-31,30.0,0.01376,0.014722357803899078,9.62357803899078
FR,2016-04-30,10.0,0.005580000000000001,0.0057142918395394204,1.3429183953941968
FR,2016-04-30,30.0,0.01618,0.01746593625088022,12.859362508802208
FR,2016-05-31,10.0,0.00513,0.0052521291082539,1.221291082539001
FR,2016-05-31,30.0,0.01485,0.01591081367563074,10.608136756307413
FR,2016-06-30,10.0,0.00254,0.002589274411605391,0.4927441160539102
FR,2016-06-30,30.0,0.01006,0.010630073947935692,5.700739479356925
FR,2016-07-31,10.0,0.0016,0.0016286377798195861,0.2863777981958605
FR,2016-07-31,30.0,0.009000000000000001,0.009489817569221293,4.8981756922129165
FR,2016-08-31,10.0,0.00166,0.0016926259181360148,0.326259181360148
FR,2016-08-31,30.0,0.00966,0.010223897792251968,5.638977922519679
FR,2016-09-30,10.0,0.00127,0.0012953976048459825,0.25397604845982463
FR,2016-09-30,30.0,0.00974,0.01035239885952044,6.123988595204393
FR,2016-10-31,10.0,0.00464,0.004758668267111021,1.1866826711102139
FR,2016-10-31,30.0,0.01316,0.01405683512444944,8.968351244494407
FR,2016-11-30,10.0,0.00674,0.006955487039072006,2.154870390720055
FR,2016-11-30,30.0,0.0151,0.016144884946037052,10.44884946037052
FR,2016-12-31,10.0,0.00683,0.007050446708286362,2.204467082863619
FR,2016-12-31,30.0,0.015880000000000002,0.017060419461896847,11.804194618968458
FR,2017-01-31,10.0,0.01084,0.01122549038778442,3.8549038778441966
FR,2017-01-31,30.0,0.0206,0.022346521398788344,17.465213987883434
FR,2017-02-28,10.0,0.00911,0.00941287604441654,3.028760444165404
FR,2017-02-28,30.0,0.01869,0.020245155881575272,15.551558815752736
FR,2017-03-31,10.0,0.00997,0.01028573881410133,3.157388141013309
FR,2017-03-31,30.0,0.019950000000000002,0.02168662003538757,17.36620035387569
FR,2017-04-30,10.0,0.008409999999999999,0.008679527434588108,2.6952743458810886
FR,2017-04-30,30.0,0.018500000000000003,0.020098766660581857,15.987666605818546
FR,2017-05-31,10.0,0.0072299999999999994,0.007455989587162204,2.259895871622045
FR,2017-05-31,30.0,0.0174,0.018886911677767237,14.869116777672387
FR,2017-06-30,10.0,0.007980000000000001,0.008215423521967358,2.3542352196735674
FR,2017-06-30,30.0,0.0179,0.01945517901220839,15.551790122083908
FR,2017-07-31,10.0,0.00818,0.008427826731669752,2.4782673166975218
FR,2017-07-31,30.0,0.01845,0.020139085601663664,16.890856016636633
FR,2017-08-31,10.0,0.006939999999999999,0.007143045032044437,2.030450320444381
FR,2017-08-31,30.0,0.01728,0.018845106293082337,15.651062930823363
FR,2017-09-30,10.0,0.00764,0.0078735480025931,2.335480025931003
FR,2017-09-30,30.0,0.01824,0.01995244482252434,17.12444822524341
FR,2017-10-31,10.0,0.00635,0.006530413947073654,1.8041394707365468
FR,2017-10-31,30.0,0.017310000000000002,0.01894697176573601,16.369717657360066
FR,2017-11-30,10.0,0.00594,0.006094753963964417,1.5475396396441663
FR,2017-11-30,30.0,0.01646,0.01794682051579244,14.868205157924399
FR,2017-12-31,10.0,0.0068000000000000005,0.006980026557481089,1.8002655748108887
FR,2017-12-31,30.0,0.01719,0.018780743212645667,15.907432126456671
FR,2018-01-31,10.0,0.00882,0.009054352231757656,2.3435223175765665
FR,2018-01-31,30.0,0.0176,0.018999200527511917,13.992005275119158
FR,2018-02-28,10.0,0.00887,0.00911040677405417,2.4040677405417004
FR,2018-02-28,30.0,0.01734,0.018663196440276586,13.231964402765847
FR,2018-03-31,10.0,0.00705,0.007223601813422187,1.7360181342218703
FR,2018-03-31,30.0,0.015600000000000001,0.01674578970669849,11.457897066984874
FR,2018-04-30,10.0,0.00784,0.008042554580906192,2.025545809061918
FR,2018-04-30,30.0,0.01629,0.017492079257884097,12.020792578840977
FR,2018-05-31,10.0,0.00715,0.0073326948053209495,1.8269480532094942
FR,2018-05-31,30.0,0.016479999999999998,0.017809118409037428,13.291184090374296
FR,2018-06-30,10.0,0.00653,0.006698458217774261,1.684582177742611
FR,2018-06-30,30.0,0.01592,0.017198391832035087,12.78391832035087
FR,2018-07-31,10.0,0.006979999999999999,0.0071645931737838175,1.8459317378381832
FR,2018-07-31,30.0,0.015960000000000002,0.017192508009207685,12.325080092076835
FR,2018-08-31,10.0,0.00683,0.007015181856204977,1.8518185620497711
FR,2018-08-31,30.0,0.01601,0.017279435790477526,12.694357904775265
FR,2018-09-30,10.0,0.008060000000000001,0.008273174142598094,2.1317414259809304
FR,2018-09-30,30.0,0.016659999999999998,0.017945750680164796,12.857506801647983
FR,2018-10-31,10.0,0.00746,0.007661634623615354,2.016346236153547
FR,2018-10-31,30.0,0.01634,0.017625045353577784,12.850453535777836
FR,2018-11-30,10.0,0.00685,0.007027751681055294,1.7775168105529406
FR,2018-11-30,30.0,0.01655,0.017925646595598366,13.75646595598367
FR,2018-12-31,10.0,0.006860000000000001,0.007037001532618881,1.7700153261887996
FR,2018-12-31,30.0,0.01629,0.017612195791153695,13.221957911536963
FR,2019-01-31,10.0,0.005560000000000001,0.005688268776719685,1.282687767196842
FR,2019-01-31,30.0,0.01536,0.016601623198765125,12.41623198765125
FR,2019-02-28,10.0,0.00547,0.005592300815318474,1.2230081531847385
FR,2019-02-28,30.0,0.015560000000000001,0.016829240097312015,12.69240097312014
FR,2019-03-31,10.0,0.00244,0.0024843080648317972,0.4430806483179733
FR,2019-03-31,30.0,0.01306,0.01415597946714664,10.959794671466394
FR,2019-04-30,10.0,0.00329,0.003353668888882222,0.6366888888222196
FR,2019-04-30,30.0,0.01403,0.015233141561371344,12.031415613713431
FR,2019-05-31,10.0,0.00218,0.0022227472604832155,0.4274726048321539
FR,2019-05-31,30.0,0.01238,0.013407628319426879,10.276283194268782
FR,2019-06-30,10.0,0.00012,0.00012193663545256861,0.01936635452568606
FR,2019-06-30,30.0,0.00901,0.009644254073012393,6.34254073012392
FR,2019-07-31,10.0,-0.0014199999999999998,-0.0014400800723443075,-0.2008007234430764
FR,2019-07-31,30.0,0.0076,0.008138946075653353,5.389460756533527
FR,2019-08-31,10.0,-0.00396,-0.0040032801958610476,-0.43280195861047577
FR,2019-08-31,30.0,0.00395,0.004186270888413501,2.3627088841350097
FR,2019-09-30,10.0,-0.00246,-0.002488036015904971,-0.2803601590497086
FR,2019-09-30,30.0,0.00534,0.005668954385086744,3.2895438508674397
FR,2019-10-31,10.0,-0.00115,-0.0011642049546519706,-0.14204954651970622
FR,2019-10-31,30.0,0.006790000000000001,0.007214138820359706,4.241388203597047
FR,2019-11-30,10.0,-0.00062,-0.0006278672200847879,-0.07867220084787903
FR,2019-11-30,30.0,0.0070799999999999995,0.007505485451979155,4.254854519791553
FR,2019-12-31,10.0,0.00094,0.0009542186194708702,0.14218619470870195
FR,2019-12-31,30.0,0.00883,0.009382204059150245,5.522040591502461
FR,2020-01-31,10.0,-0.0014299999999999998,-0.0014461630287980753,-0.16163028798075496
FR,2020-01-31,30.0,0.00631,0.006683917185664745,3.7391718566474537
FR,2020-02-29,10.0,-0.00302,-0.0030482758341537908,-0.2827583415379066
FR,2020-02-29,30.0,0.004050000000000001,0.004264235700658592,2.1423570065859114
FR,2020-03-31,10.0,-0.00041,-0.0004145999057804106,-0.04599905780410625
FR,2020-03-31,30.0,0.0072699999999999996,0.00767445330092742,4.0445330092742005
FR,2020-04-30,10.0,-0.00037,-0.0003741809933436313,-0.041809933436313125
FR,2020-04-30,30.0,0.00644,0.006746139556951247,3.0613955695124684
FR,2020-05-31,10.0,-0.00048,-0.0004855235314039641,-0.055235314039640805
FR,2020-05-31,30.0,0.006730000000000001,0.007078930806626138,3.489308066261373
FR,2020-06-30,10.0,-0.00183,-0.0018494022077216732,-0.19402207721673156
FR,2020-06-30,30.0,0.00544,0.005720586708461095,2.805867084610947
FR,2020-07-31,10.0,-0.0025,-0.002525973892712474,-0.2597389271247414
FR,2020-07-31,30.0,0.00437,0.004581939664622947,2.1193966462294735
FR,2020-08-31,10.0,-0.0011,-0.0011134183242903495,-0.13418324290349415
FR,2020-08-31,30.0,0.0059,0.006198756616323298,2.987566163232978
FR,2020-09-30,10.0,-0.0029,-0.0029307249116921064,-0.3072491169210656
FR,2020-09-30,30.0,0.0036,0.003771461056598646,1.7146105659864626
FR,2020-10-31,10.0,-0.0034999999999999996,-0.0035366103104773616,-0.3661031047736199
FR,2020-10-31,30.0,0.0031,0.0032490565297533802,1.4905652975338033
FR,2020-11-30,10.0,-0.0034999999999999996,-0.0035344728228233757,-0.34472822823376076
FR,2020-11-30,30.0,0.003,0.0031428195993272734,1.4281959932727333
FR,2020-12-31,10.0,-0.0033,-0.0033328504091578726,-0.3285040915787258
FR,2020-12-31,30.0,0.0034000000000000002,0.0035645006627658127,1.6450066276581243
FR,2021-01-31,10.0,-0.0028000000000000004,-0.0028306185381292703,-0.3061853812926993
FR,2021-01-31,30.0,0.0042,0.004416041909138357,2.1604190913835764
FR,2021-02-28,10.0,0.0002,0.00020289748852619915,0.028974885261991448
FR,2021-02-28,30.0,0.0073,0.007702537381311991,4.025373813119912
FR,2021-03-31,10.0,-0.0002,-0.00020299237198162512,-0.029923719816251096
FR,2021-03-31,30.0,0.008,0.008503511546179121,5.035115461791209
FR,2021-04-30,10.0,0.0008,0.0008130350361326144,0.1303503613261437
FR,2021-04-30,30.0,0.009000000000000001,0.00957350911182231,5.735091118223082
FR,2021-05-31,10.0,0.0013,0.0013221137262224847,0.22113726222484748
FR,2021-05-31,30.0,0.0097,0.010338201437881223,6.382014378812223
FR,2021-06-30,10.0,0.001,0.001016562201557214,0.16562201557213974
FR,2021-06-30,30.0,0.0091,0.00966827871188336,5.682787118833597
FR,2021-07-31,10.0,-0.0013,-0.001319255725913182,-0.19255725913182137
FR,2021-07-31,30.0,0.0069,0.0073257041854615235,4.2570418546152355
FR,2021-08-31,10.0,-0.0011,-0.0011157110535631176,-0.1571105356311755
FR,2021-08-31,30.0,0.0068000000000000005,0.007209368978593034,4.093689785930332
FR,2021-09-30,10.0,0.0011,0.001119188434705487,0.19188434705486945
FR,2021-09-30,30.0,0.0087,0.009232612137130447,5.326121371304477
FR,2021-10-31,10.0,0.0025,0.0025424080122864456,0.4240801228644559
FR,2021-10-31,30.0,0.0083,0.008694537360815824,3.9453736081582376
FR,2021-11-30,10.0,0.0001,0.00010167418990048027,0.01674189900480267
FR,2021-11-30,30.0,0.006999999999999999,0.007380086564407806,3.800865644078069
FR,2021-12-31,10.0,0.001,0.00101676570850473,0.16765708504729893
FR,2021-12-31,30.0,0.008100000000000001,0.008563539906182083,4.635399061820814
FR,2022-01-31,10.0,0.0033,0.0033546306904950196,0.5463069049501963
FR,2022-01-31,30.0,0.0098,0.010311999949264905,5.119999492649054
FR,2022-02-28,10.0,0.006500000000000001,0.006627812340631145,1.2781234063114453
FR,2022-02-28,30.0,0.012,0.012571432994303189,5.714329943031886
FR,2022-03-31,10.0,0.0102,0.010375333847779,1.7533384777899952
FR,2022-03-31,30.0,0.014499999999999999,0.015010560801248074,5.10560801248075
FR,2022-04-30,10.0,0.013999999999999999,0.01428885769786059,2.888576978605922
FR,2022-04-30,30.0,0.0184,0.019042413239422018,6.424132394220184
FR,2022-05-31,10.0,0.0159,0.01623858062200556,3.385806220055597
FR,2022-05-31,30.0,0.021400000000000002,0.022271422173887112,8.714221738871098
FR,2022-06-30,10.0,0.0199,0.02033951631648878,4.395163164887805
FR,2022-06-30,30.0,0.0252,0.02616930759770586,9.693075977058596
FR,2022-07-31,10.0,0.013999999999999999,0.014278071076867072,2.7807107686707297
FR,2022-07-31,30.0,0.0206,0.02148191091611351,8.819109161135112
FR,2022-08-31,10.0,0.0207,0.021052502933665007,3.525029336650075
FR,2022-08-31,30.0,0.0254,0.02610608158902683,7.060815890268316
FR,2022-09-30,10.0,0.0271,0.02757566151402857,4.756615140285719
FR,2022-09-30,30.0,0.0297,0.02990642767831364,2.0642767831363997
FR,2022-10-31,10.0,0.0265,0.02687839491327515,3.783949132751506
FR,2022-10-31,30.0,0.029300000000000003,0.029400748276918298,1.0074827691829504
FR,2022-11-30,10.0,0.024,0.024181605381858873,1.8160538185887227
FR,2022-11-30,30.0,0.0256,0.025451496859249634,-1.4850314075036743
FR,2022-12-31,10.0,0.0302,0.030483139781093183,2.831397810931814
FR,2022-12-31,30.0,0.0316,0.03147544236649802,-1.2455763350198434
FR,2023-01-31,10.0,0.0279,0.02808126382999898,1.812638299989802
FR,2023-01-31,30.0,0.0301,0.030135029916805056,0.35029916805057876
FR,2023-02-28,10.0,0.031400000000000004,0.031516368376965254,1.163683769652493
FR,2023-02-28,30.0,0.0338,0.03385292137035756,0.529213703575615
FR,2023-03-31,10.0,0.028999999999999998,0.029188649776101805,1.8864977610180689
FR,2023-03-31,30.0,0.0322,0.0325370257759261,3.370257759260989
FR,2023-04-30,10.0,0.0291,0.029310235358652514,2.102353586525135
FR,2023-04-30,30.0,0.032799999999999996,0.03328833749538829,4.883374953882913
FR,2023-05-31,10.0,0.028300000000000002,0.02848897784227855,1.8897784227854888
FR,2023-05-31,30.0,0.0325,0.0331240221872815,6.240221872814978
FR,2023-06-30,10.0,0.029900000000000003,0.02992854654871757,0.2854654871756873
FR,2023-06-30,30.0,0.0327,0.03293859181983172,2.3859181983171966
FR,2023-07-31,10.0,0.030600000000000002,0.030735822516062772,1.3582251606276963
FR,2023-07-31,30.0,0.0342,0.03481293734604085,6.129373460408496
FR,2023-08-31,10.0,0.030600000000000002,0.030747261382735758,1.472613827357555
FR,2023-08-31,30.0,0.0345,0.03526721240380204,7.6721240380203675
FR,2023-09-30,10.0,0.0344,0.034650222893304994,2.5022289330499383
FR,2023-09-30,30.0,0.038599999999999995,0.039614158177913694,10.141581779136988
FR,2023-10-31,10.0,0.0339,0.034277969209659975,3.7796920965997574
FR,2023-10-31,30.0,0.0392,0.040676745693080774,14.767456930807748
FR,2023-11-30,10.0,0.029900000000000003,0.030183157647851955,2.831576478519518
FR,2023-11-30,30.0,0.0351,0.03634079083981323,12.407908398132314
FR,2023-12-31,10.0,0.0254,0.025639862266762403,2.3986226676240423
FR,2023-12-31,30.0,0.030600000000000002,0.03173102805108208,11.310280510820753
FR,2024-01-31,10.0,0.0271,0.02733221340032621,2.322134003262116
FR,2024-01-31,30.0,0.032400000000000005,0.03357470640192939,11.747064019293832
FR,2024-02-29,10.0,0.0298,0.029960333459603028,1.6033345960302787
FR,2024-02-29,30.0,0.0339,0.03479899330017866,8.989933001786603
FR,2024-03-31,10.0,0.028300000000000002,0.02842985998432046,1.29859984320458
FR,2024-03-31,30.0,0.0327,0.033707664085377065,10.07664085377065
FR,2024-04-30,10.0,0.0304,0.030563096991269356,1.6309699126935626
FR,2024-04-30,30.0,0.0346,0.035655929893695815,10.55929893695816
FR,2024-05-31,10.0,0.0318,0.031921429192656614,1.2142919265661218
FR,2024-05-31,30.0,0.0358,0.03685689337990894,10.568933799089407
FR,2024-06-30,10.0,0.0326,0.03284960460698416,2.4960460698416482
FR,2024-06-30,30.0,0.0371,0.03841323729434709,13.132372943470902
FR,2024-07-31,10.0,0.0301,0.030399900973053118,2.999009730531195
FR,2024-07-31,30.0,0.0354,0.03693187922039631,15.318792203963122
FR,2024-08-31,10.0,0.0296,0.029943931275174362,3.4393127517436115
FR,2024-08-31,30.0,0.0352,0.036866616249224826,16.66616249224824
FR,2024-09-30,10.0,0.0296,0.030053124007361376,4.531240073613746
FR,2024-09-30,30.0,0.0359,0.03784553296101967,19.455329610196664
FR,2024-10-31,10.0,0.031400000000000004,0.031846301694260504,4.463016942604995
FR,2024-10-31,30.0,0.0364,0.037974730220116326,15.747302201163244
FR,2024-11-30,10.0,0.0294,0.029823450466634593,4.234504666345944
FR,2024-11-30,30.0,0.034300000000000004,0.035763864328797634,14.638643287976302
FR,2024-12-31,10.0,0.0321,0.03270377831726057,6.037783172605712
FR,2024-12-31,30.0,0.0373,0.039082768929778355,17.827689297783557
FR,2025-01-31,10.0,0.0323,0.03289530101475502,5.953010147550161
FR,2025-01-31,30.0,0.0379,0.039761348372250094,18.613483722500906
FR,2025-02-28,10.0,0.0308,0.03138213259494482,5.821325949448217
FR,2025-02-28,30.0,0.037000000000000005,0.039005809784242285,20.058097842422796
FR,2025-03-31,10.0,0.0338,0.03464223120471699,8.422312047169921
FR,2025-03-31,30.0,0.0405,0.04297220036359861,24.722003635986102
FR,2025-04-30,10.0,0.0316,0.03240643361193385,8.064336119338462
FR,2025-04-30,30.0,0.039,0.04156220598802407,25.622059880240702
FR,2025-05-31,10.0,0.032,0.032817022018253095,8.17022018253094
FR,2025-05-31,30.0,0.039599999999999996,0.04235109655873193,27.5109655873193
FR,2025-06-30,10.0,0.0327,0.033556881844529096,8.568818445290963
FR,2025-06-30,30.0,0.04019999999999999,0.043001086372927544,28.010863729275513
FR,2025-07-31,10.0,0.0337,0.034580645905904595,8.806459059045938
FR,2025-07-31,30.0,0.041299999999999996,0.04423309229778649,29.33092297786495
FR,2025-08-31,10.0,0.0354,0.03647724120764728,10.77241207647281
FR,2025-08-31,30.0,0.044199999999999996,0.04808490524991926,38.849052499192666
FR,2025-09-30,10.0,0.0351,0.036093598600832166,9.93598600832167
FR,2025-09-30,30.0,0.0436,0.04723753397423236,36.3753397423236
FR,2025-10-31,10.0,0.0342,0.03514375679889992,9.437567988999154
FR,2025-10-31,30.0,0.042800000000000005,0.04630773757123885,35.077375712388445
FR,2025-11-30,10.0,0.0341,0.034981468109269276,8.814681092692775
FR,2025-11-30,30.0,0.0432,0.04693318559144943,37.33185591449431
FR,2025-12-31,10.0,0.0356,0.03657106797632537,9.710679763253669
FR,2025-12-31,30.0,0.0446,0.048468119530983955,38.681195309839545
FR,2026-01-31,10.0,0.0347,0.03565421978742922,9.542197874292183
FR,2026-01-31,30.0,0.0441,0.048035460440909006,39.35460440909006
FR,2026-02-28,10.0,0.033,0.03385896491694451,8.589649169445101
FR,2026-02-28,30.0,0.042300000000000004,0.046020048752405396,37.20048752405391
FR,2026-03-31,10.0,0.038,0.03885467960508593,8.546796050859298
FR,2026-03-31,30.0,0.0451,0.04821598547178563,31.159854717856263
FR,2026-04-30,10.0,0.0383,0.03915653789138118,8.565378913811816
FR,2026-04-30,30.0,0.0455,0.048695737961440555,31.95737961440556
FR,2026-05-31,10.0,0.0363,0.03710489832111774,8.048983211177418
FR,2026-05-31,30.0,0.0444,0.047876195714287695,34.76195714287693
FR,2026-06-30,10.0,0.0359,0.03669384177069723,7.938417706972317
FR,2026-06-30,30.0,0.0441,0.04750449867261586,34.04498672615858
FR,2026-07-31,10.0,0.039,0.03987599049150026,8.759904915002572
FR,2026-07-31,30.0,0.04689,0.05047409085724941,35.84090857249409
FR,2026-08-31,10.0,0.041139999999999996,0.042116978357542356,9.769783575423602
FR,2026-08-31,30.0,0.04896,0.0526573864730262,36.97386473026206
JP,1986-07-31,10.0,0.052009999999999994,0.052621492739123754,6.114927391237604
JP,1986-08-31,10.0,0.05116,0.05221837848683575,10.58378486835751
JP,1986-09-30,10.0,0.05638,0.058465026052427094,20.85026052427094
JP,1986-10-31,10.0,0.05697,0.05986431011353721,28.943101135372114
JP,1986-11-30,10.0,0.05487,0.05733893685906999,24.689368590699868
JP,1986-12-31,10.0,0.05364,0.0559739189982269,23.339189982269012
JP,1987-01-31,10.0,0.05152,0.053796045859038744,22.760458590387405
JP,1987-02-28,10.0,0.05088,0.054117698705314465,32.37698705314464
JP,1987-03-31,10.0,0.04485,0.04668935030184862,18.39350301848619
JP,1987-04-30,10.0,0.04104,0.04252279139777926,14.827913977792582
JP,1987-05-31,10.0,0.0378,0.038651736192333974,8.517361923339738
JP,1987-06-30,10.0,0.046020000000000005,0.04770245429909137,16.824542990913628
JP,1987-07-31,10.0,0.05253,0.05489196427821352,23.619642782135227
JP,1987-08-31,10.0,0.05489,0.057732598724712814,28.425987247128123
JP,1987-09-30,10.0,0.06307,0.0663348537859989,32.64853785998903
JP,1987-10-31,10.0,0.05285,0.054685523655269686,18.355236552696844
JP,1987-11-30,10.0,0.05272,0.055217540714325386,24.97540714325383
JP,1987-12-31,10.0,0.04824,0.0497523952742942,15.123952742942052
JP,1988-01-31,10.0,0.04138,0.041445960712242824,0.6596071224282407
JP,1988-02-29,10.0,0.04583,0.04713773161301571,13.07731613015707
JP,1988-03-31,10.0,0.04785999999999999,0.050202147861913016,23.42147861913023
JP,1988-04-30,10.0,0.047880000000000006,0.05049604485529113,26.160448552911276
JP,1988-05-31,10.0,0.05086,0.05369718966030601,28.371896603060083
JP,1988-06-30,10.0,0.0538,0.05692692698510271,31.269269851027097
JP,1988-07-31,10.0,0.053579999999999996,0.05664436142978824,30.64361429788241
JP,1988-08-31,10.0,0.056150000000000005,0.05914972505094629,29.997250509462837
JP,1988-09-30,10.0,0.05165,0.05372602551237704,20.76025512377039
JP,1988-10-31,10.0,0.047869999999999996,0.049652324131797876,17.8232413179788
JP,1988-11-30,10.0,0.04688,0.04869989717309231,18.198971730923123
JP,1988-12-31,10.0,0.04611,0.0475462761563159,14.362761563159049
JP,1989-01-31,10.0,0.048310000000000006,0.050110953846336015,18.00953846336009
JP,1989-02-28,10.0,0.05106,0.05282950501403039,17.695050140303856
JP,1989-03-31,10.0,0.05112,0.05269360072140805,15.736007214080526
JP,1989-04-30,10.0,0.051660000000000005,0.053311823713902085,16.5182371390208
JP,1989-05-31,10.0,0.05054,0.051311377896001265,7.713778960012629
JP,1989-06-30,10.0,0.05305,0.054090054005641486,10.400540056414858
JP,1989-07-31,10.0,0.049139999999999996,0.04976859794990607,6.28597949906072
JP,1989-08-31,10.0,0.05083,0.05181503773261453,9.850377326145326
JP,1989-09-30,10.0,0.05025,0.05073822591820498,4.882259182049792
JP,1989-10-31,10.0,0.054290000000000005,0.05504490939659479,7.549093965947828
JP,1989-11-30,10.0,0.05421,0.05458942637174591,3.7942637174590703
JP,1989-12-31,10.0,0.056159999999999995,0.0566217225685508,4.6172256855080835
JP,1990-01-31,10.0,0.06376,0.06431451118906417,5.5451118906417465
JP,1990-02-28,10.0,0.06436,0.06419842265456865,-1.6157734543134628
JP,1990-03-31,10.0,0.06816,0.06816397490109938,0.0397490109937948
JP,1990-04-30,10.0,0.06723,0.06721210622405693,-0.17893775943064738
JP,1990-05-31,10.0,0.06263,0.06256423995129579,-0.6576004870421925
JP,1990-06-30,10.0,0.06704,0.06747366690666645,4.336669066664495
JP,1990-07-31,10.0,0.07023,0.07068508488742764,4.550848874276397
JP,1990-08-31,10.0,0.07557,0.07589268722461884,3.2268722461883947
JP,1990-09-30,10.0,0.08105000000000001,0.08249100089858308,14.410008985830668
JP,1990-10-31,10.0,0.07441,0.07630394048323996,18.939404832399585
JP,1990-11-30,10.0,0.06959,0.0702660164239508,6.760164239508065
JP,1990-12-31,10.0,0.06619,0.06655403716384001,3.640371638400086
JP,1991-01-31,10.0,0.06493,0.06550368330062684,5.736833006268344
JP,1991-02-28,10.0,0.06466999999999999,0.06554407700784592,8.740770078459331
JP,1991-03-31,10.0,0.06572,0.06632556738403683,6.055673840368314
JP,1991-04-30,10.0,0.0665,0.0670660284494724,5.660284494723999
JP,1991-05-31,10.0,0.06562,0.06619938230455613,5.793823045561336
JP,1991-06-30,10.0,0.06774,0.06832506044243547,5.850604424354755
JP,1991-07-31,10.0,0.06516,0.06578916852513905,6.291685251390566
JP,1991-08-31,10.0,0.06322,0.06395432496657305,7.343249665730522
JP,1991-09-30,10.0,0.06083,0.06188162175153322,10.516217515332201
JP,1991-10-31,10.0,0.060250000000000005,0.06136216427507124,11.121642750712354
JP,1991-11-30,10.0,0.05971,0.060888013659454066,11.780136594540663
JP,1991-12-31,10.0,0.05575,0.05671237168205523,9.623716820552284
JP,1992-01-31,10.0,0.05566,0.056963243544261744,13.032435442617423
JP,1992-02-29,10.0,0.0556,0.056797882322157545,11.97882322157548
JP,1992-03-31,10.0,0.05508,0.0563369279674244,12.569279674244024
JP,1992-04-30,10.0,0.05794,0.059571572132306905,16.315721323069063
JP,1992-05-31,10.0,0.056639999999999996,0.05813435959959534,14.943595995953462
JP,1992-06-30,10.0,0.05534,0.05709183831644893,17.518383164489283
JP,1992-07-31,10.0,0.05299,0.05503095312138906,20.409531213890567
JP,1992-08-31,10.0,0.05143,0.053209553633953854,17.79553633953858
JP,1992-09-30,10.0,0.050320000000000004,0.052211150087566605,18.91150087566601
JP,1992-10-31,10.0,0.049699999999999994,0.05166507719965052,19.650771996505277
JP,1992-11-30,10.0,0.04907,0.0508681166636058,17.981166636057978
JP,1992-12-31,10.0,0.049699999999999994,0.05191509578128928,22.150957812892834
JP,1993-01-31,10.0,0.047380000000000005,0.04937619317517994,19.961931751799334
JP,1993-02-28,10.0,0.042480000000000004,0.043883493522338224,14.0349352233822
JP,1993-03-31,10.0,0.04565,0.04701301200180019,13.630120018001888
JP,1993-04-30,10.0,0.04688,0.0483206410083894,14.406410083893997
JP,1993-05-31,10.0,0.048499999999999995,0.05015647827681069,16.56478276810695
JP,1993-06-30,10.0,0.046740000000000004,0.04848524837553003,17.452483755300285
JP,1993-07-31,10.0,0.04398,0.04541917181660837,14.391718166083741
JP,1993-08-31,10.0,0.04292,0.044559185384350775,16.391853843507747
JP,1993-09-30,10.0,0.04014,0.041653257798899945,15.132577988999433
JP,1993-10-31,10.0,0.0391,0.0408427990647906,17.427990647905997
JP,1993-11-30,10.0,0.03604,0.03769626793082925,16.5626793082925
JP,1993-12-31,10.0,0.03413,0.035649364439016784,15.193644390167835
JP,1994-01-31,10.0,0.03993,0.04147990463445028,15.499046344502817
JP,1994-02-28,10.0,0.04165,0.043139437072200026,14.89437072200027
JP,1994-03-31,10.0,0.04137,0.042978091674312546,16.080916743125492
JP,1994-04-30,10.0,0.0415,0.043005721643474715,15.057216434747126
JP,1994-05-31,10.0,0.039420000000000004,0.04072045024183879,13.004502418387867
JP,1994-06-30,10.0,0.04359,0.045045532684511835,14.555326845118385
JP,1994-07-31,10.0,0.04473,0.046244556794113434,15.145567941134349
JP,1994-08-31,10.0,0.04823,0.049887626994422174,16.576269944221718
JP,1994-09-30,10.0,0.046,0.04749421774640816,14.942177464081634
JP,1994-10-31,10.0,0.04707,0.048520113558620404,14.501135586204029
JP,1994-11-30,10.0,0.0463,0.047695753882020187,13.957538820201856
JP,1994-12-31,10.0,0.04555,0.04695502327141976,14.0502327141976
JP,1995-01-31,10.0,0.04633,0.047879885120917676,15.498851209176726
JP,1995-02-28,10.0,0.04425,0.04579587977950106,15.458797795010609
JP,1995-03-31,10.0,0.03807,0.039543597061370894,14.735970613708945
JP,1995-04-30,10.0,0.03598,0.03732371610335883,13.437161033588302
JP,1995-05-31,10.0,0.03032,0.03154481925689323,12.248192568932309
JP,1995-06-30,10.0,0.02971,0.03084686601954445,11.368660195444496
JP,1995-07-31,10.0,0.03105,0.03237630432638117,13.263043263811655
JP,1995-08-31,10.0,0.03308,0.03438820751015448,13.082075101544799
JP,1995-09-30,10.0,0.02875,0.029953903466379384,12.039034663793823
JP,1995-10-31,10.0,0.02962,0.030889641711528748,12.696417115287476
JP,1995-11-30,10.0,0.029300000000000003,0.030769548916763867,14.695489167638637
JP,1995-12-31,10.0,0.03165,0.03315891394190751,15.08913941907511
JP,1996-01-31,10.0,0.03218,0.033553655056979936,13.73655056979936
JP,1996-02-29,10.0,0.03448,0.03596544452003836,14.854445200383621
JP,1996-03-31,10.0,0.03204,0.03340263367357821,13.626336735782091
JP,1996-04-30,10.0,0.034319999999999996,0.03573264851244762,14.126485124476215
JP,1996-05-31,10.0,0.032440000000000004,0.033796421078495786,13.564210784957828
JP,1996-06-30,10.0,0.03263,0.03401727881225325,13.872788122532494
JP,1996-07-31,10.0,0.03306,0.03434256177023309,12.825617702330941
JP,1996-08-31,10.0,0.03009,0.03139374386962657,13.037438696265683
JP,1996-09-30,10.0,0.02904,0.03022318567712312,11.831856771231212
JP,1996-10-31,10.0,0.026389999999999997,0.027488782934938172,10.98782934938175
JP,1996-11-30,10.0,0.025939999999999998,0.027032175967562244,10.921759675622464
JP,1996-12-31,10.0,0.02778,0.029002130188485298,12.221301884852986
JP,1997-01-31,10.0,0.02582,0.026930078757468,11.10078757468002
JP,1997-02-28,10.0,0.026019999999999998,0.027127214463454674,11.072144634546762
JP,1997-03-31,10.0,0.02474,0.02567887576308081,9.38875763080809
JP,1997-04-30,10.0,0.02558,0.026481746992883748,9.017469928837492
JP,1997-05-31,10.0,0.02759,0.028563781554665324,9.737815546653241
JP,1997-06-30,10.0,0.02589,0.026791363436673432,9.013634366734323
JP,1997-07-31,10.0,0.02375,0.02460002628538427,8.500262853842685
JP,1997-08-31,10.0,0.022559999999999997,0.023338798917274195,7.787989172741982
JP,1997-09-30,10.0,0.021589999999999998,0.02231729789003234,7.272978900323412
JP,1997-10-31,10.0,0.01873,0.019256537688866038,5.265376888660376
JP,1997-11-30,10.0,0.02017,0.020813927213872097,6.439272138720961
JP,1997-12-31,10.0,0.01934,0.019869611096617,5.296110966170018
JP,1998-01-31,10.0,0.02009,0.02059316696653135,5.031669665313508
JP,1998-02-28,10.0,0.01919,0.01969191431402395,5.019143140239518
JP,1998-03-31,10.0,0.01881,0.01931576239529753,5.057623952975307
JP,1998-04-30,10.0,0.017589999999999998,0.018049956010761203,4.599560107612054
JP,1998-05-31,10.0,0.015069999999999998,0.015427553410209516,3.5755341020951743
JP,1998-06-30,10.0,0.01629,0.01666834343892143,3.783434389214302
JP,1998-07-31,10.0,0.01572,0.01609086020566397,3.708602056639691
JP,1998-08-31,10.0,0.013380000000000001,0.013648980230675622,2.6898023067562122
JP,1998-09-30,10.0,0.00827,0.008344785268370014,0.7478526837001453
JP,1998-10-31,10.0,0.00879,0.008885670215995178,0.9567021599517916
JP,1998-11-30,10.0,0.01134,0.011522074999462673,1.8207499946267316
JP,1998-12-31,10.0,0.02117,0.02173314668455939,5.631466845593888
JP,1999-01-31,10.0,0.0207,0.0212766541838334,5.766541838333993
JP,1999-02-28,10.0,0.01993,0.02060999377868855,6.799937786885514
JP,1999-03-31,10.0,0.017159999999999998,0.017705865572503754,5.458655725037557
JP,1999-04-30,10.0,0.01387,0.014245241431648514,3.7524143164851393
JP,1999-05-31,10.0,0.01448,0.014940719004865821,4.607190048658214
JP,1999-06-30,10.0,0.018680000000000002,0.01923072625656652,5.507262565665194
JP,1999-07-31,10.0,0.0174,0.017891599279138637,4.9159927913863815
JP,1999-08-31,10.0,0.019110000000000002,0.01973325364482381,6.232536448238096
JP,1999-09-30,10.0,0.01619,0.016650003967975113,4.600039679751138
JP,1999-09-30,30.0,0.02643,0.028426913637486395,19.969136374863965
JP,1999-10-31,10.0,0.01743,0.017954992212652066,5.249922126520645
JP,1999-10-31,30.0,0.02666,0.028497594468714027,18.375944687140272
JP,1999-11-30,10.0,0.01808,0.01859294375599263,5.1294375599263144
JP,1999-11-30,30.0,0.026600000000000002,0.028297683355533287,16.976833555332853
JP,1999-12-31,10.0,0.0168,0.01727001114259652,4.700111425965208
JP,1999-12-31,30.0,0.02481,0.02636108518264524,15.510851826452399
JP,2000-01-31,10.0,0.01671,0.017161314830621333,4.513148306213334
JP,2000-01-31,30.0,0.023889999999999998,0.02519109020712773,13.010902071277329
JP,2000-02-29,10.0,0.018269999999999998,0.018803399980980018,5.333999809800198
JP,2000-02-29,30.0,0.02421,0.025252916576847362,10.429165768473629
JP,2000-03-31,10.0,0.01776,0.018227417359337972,4.674173593379703
JP,2000-03-31,30.0,0.0225,0.023345196612704955,8.451966127049557
JP,2000-04-30,10.0,0.017390000000000003,0.017851459479425014,4.6145947942501095
JP,2000-04-30,30.0,0.02194,0.02268829221615687,7.482922161568678
JP,2000-05-31,10.0,0.016479999999999998,0.016906247812680908,4.262478126809098
JP,2000-05-31,30.0,0.02199,0.023031803028288556,10.418030282885564
JP,2000-06-30,10.0,0.01712,0.01754607399025998,4.2607399025998065
JP,2000-06-30,30.0,0.02241,0.023442908729411238,10.329087294112387
JP,2000-07-31,10.0,0.01649,0.01691425601002261,4.242560100226091
JP,2000-07-31,30.0,0.02314,0.024427218710751042,12.87218710751041
JP,2000-08-31,10.0,0.01863,0.019119641401628584,4.896414016285836
JP,2000-08-31,30.0,0.02506,0.026536026102239596,14.760261022395971
JP,2000-09-30,10.0,0.01824,0.01872808642568624,4.880864256862419
JP,2000-09-30,30.0,0.02641,0.028297685169706766,18.87685169706766
JP,2000-10-31,10.0,0.01799,0.01850566028672418,5.156602867241802
JP,2000-10-31,30.0,0.02851,0.03155440076242799,30.444007624279916
JP,2000-11-30,10.0,0.0161,0.016513798685519054,4.1379868551905465
JP,2000-11-30,30.0,0.02536,0.027775897465244448,24.158974652444474
JP,2000-12-31,10.0,0.0165,0.016947437292718526,4.474372927185249
JP,2000-12-31,30.0,0.02622,0.028895504056204446,26.75504056204446
JP,2001-01-31,10.0,0.01455,0.014922408170682688,3.724081706826879
JP,2001-01-31,30.0,0.02314,0.025192894039120173,20.52894039120172
JP,2001-02-28,10.0,0.013229999999999999,0.013580302926171406,3.503029261714072
JP,2001-02-28,30.0,0.021320000000000002,0.02300562833192754,16.85628331927539
JP,2001-03-31,10.0,0.0124,0.012724786515574182,3.2478651557418283
JP,2001-03-31,30.0,0.02092,0.022598322275469984,16.783222754699832
JP,2001-04-30,10.0,0.01325,0.013662035456417199,4.12035456417199
JP,2001-04-30,30.0,0.023620000000000002,0.026125184155503245,25.05184155503243
JP,2001-05-31,10.0,0.012159999999999999,0.012529729873477224,3.697298734772255
JP,2001-05-31,30.0,0.02222,0.024331351394648593,21.113513946485924
JP,2001-06-30,10.0,0.01183,0.012184622266765421,3.5462226676542112
JP,2001-06-30,30.0,0.02189,0.023962916574668203,20.72916574668203
JP,2001-07-31,10.0,0.01333,0.013770096669928344,4.400966699283447
JP,2001-07-31,30.0,0.024009999999999997,0.02652402536347398,25.14025363473983
JP,2001-08-31,10.0,0.01328,0.013700834821825714,4.208348218257135
JP,2001-08-31,30.0,0.02366,0.02601491643873488,23.549164387348803
JP,2001-09-30,10.0,0.01409,0.014578667635863907,4.886676358639066
JP,2001-09-30,30.0,0.02395,0.026285416620052793,23.35416620052794
JP,2001-10-31,10.0,0.013260000000000001,0.013691089184173721,4.310891841737205
JP,2001-10-31,30.0,0.02473,0.027669665940206256,29.396659402062575
JP,2001-11-30,10.0,0.01355,0.013961202748705048,4.112027487050487
JP,2001-11-30,30.0,0.0241,0.026568505032258827,24.685050322588268
JP,2001-12-31,10.0,0.01369,0.01412111298991059,4.311129899105884
JP,2001-12-31,30.0,0.02484,0.027703804088606843,28.638040886068417
JP,2002-01-31,10.0,0.01486,0.015296033807201237,4.36033807201237
JP,2002-01-31,30.0,0.02614,0.02914326098980613,30.0326098980613
JP,2002-02-28,10.0,0.015109999999999998,0.015590388339063788,4.803883390637892
JP,2002-02-28,30.0,0.02566,0.028461991584158852,28.019915841588535
JP,2002-03-31,10.0,0.01399,0.014437571309336539,4.475713093365381
JP,2002-03-31,30.0,0.02445,0.026982521126778902,25.325211267789026
JP,2002-04-30,10.0,0.01375,0.014193325524293865,4.433255242938649
JP,2002-04-30,30.0,0.023809999999999998,0.02609908206554179,22.89082065541792
JP,2002-05-31,10.0,0.01371,0.014152166603611738,4.421666036117378
JP,2002-05-31,30.0,0.023170000000000003,0.025216688803771703,20.466888037717
JP,2002-06-30,10.0,0.013049999999999999,0.01347498028700489,4.249802870048905
JP,2002-06-30,30.0,0.02205,0.023840232898085345,17.90232898085345
JP,2002-07-31,10.0,0.01314,0.013571399667355655,4.313996673556541
JP,2002-07-31,30.0,0.02169,0.023277901351847374,15.879013518473734
JP,2002-08-31,10.0,0.011439999999999999,0.011793673549902906,3.536735499029067
JP,2002-08-31,30.0,0.02045,0.021999593787375593,15.495937873755937
JP,2002-09-30,10.0,0.01165,0.012002169455526346,3.521694555263452
JP,2002-09-30,30.0,0.020110000000000003,0.021474400425409934,13.644004254099313
JP,2002-10-31,10.0,0.00988,0.010141110237021467,2.6111023702146685
JP,2002-10-31,30.0,0.01902,0.02052166948830192,15.016694883019204
JP,2002-11-30,10.0,0.009729999999999999,0.00997378622709122,2.4378622709122015
JP,2002-11-30,30.0,0.01815,0.01934646476612789,11.964647661278915
JP,2002-12-31,10.0,0.00906,0.00926497599888143,2.0497599888143028
JP,2002-12-31,30.0,0.01738,0.01854635084232692,11.663508423269201
JP,2003-01-31,10.0,0.008100000000000001,0.008262284677208687,1.6228467720868536
JP,2003-01-31,30.0,0.01471,0.015460133216733452,7.501332167334507
JP,2003-02-28,10.0,0.00786,0.0080123943037409,1.5239430374089888
JP,2003-02-28,30.0,0.01433,0.015026727752603497,6.967277526034963
JP,2003-03-31,10.0,0.00705,0.007170145580742915,1.2014558074291501
JP,2003-03-31,30.0,0.01268,0.013213933675877199,5.339336758771982
JP,2003-04-30,10.0,0.00612,0.006207919915484306,0.8791991548430609
JP,2003-04-30,30.0,0.0106,0.010989853337221689,3.8985333722168884
JP,2003-05-31,10.0,0.00538,0.005454892097478403,0.7489209747840296
JP,2003-05-31,30.0,0.01097,0.011474315887331832,5.043158873318313
JP,2003-06-30,10.0,0.00821,0.008350218228428075,1.4021822842807432
JP,2003-06-30,30.0,0.01365,0.014298569829182206,6.485698291822054
JP,2003-07-31,10.0,0.00938,0.00959234266437603,2.1234266437603067
JP,2003-07-31,30.0,0.01721,0.018455577013317015,12.455770133170153
JP,2003-08-31,10.0,0.01432,0.014709347071134804,3.893470711348046
JP,2003-08-31,30.0,0.02015,0.021261364035537467,11.113640355374654
JP,2003-09-30,10.0,0.01398,0.014362091640494734,3.820916404947347
JP,2003-09-30,30.0,0.02019,0.021326317785929305,11.363177859293055
JP,2003-10-31,10.0,0.01463,0.015072806541776451,4.428065417764506
JP,2003-10-31,30.0,0.02218,0.023804737450877855,16.24737450877857
JP,2003-11-30,10.0,0.01315,0.013515060667787626,3.6506066778762594
JP,2003-11-30,30.0,0.020339999999999997,0.021728171843449662,13.881718434496648
JP,2003-12-31,10.0,0.01363,0.01402245984501782,3.9245984501782085
JP,2003-12-31,30.0,0.02088,0.022325254577858278,14.452545778582786
JP,2004-01-31,10.0,0.01322,0.013617604992991916,3.9760499299191543
JP,2004-01-31,30.0,0.02097,0.02249178337912139,15.217833791213893
JP,2004-02-29,10.0,0.012430000000000002,0.012789814082736939,3.5981408273693707
JP,2004-02-29,30.0,0.021240000000000002,0.02300443274537356,17.644327453735578
JP,2004-03-31,10.0,0.014339999999999999,0.014768169740738024,4.281697407380255
JP,2004-03-31,30.0,0.02245,0.02424627019999992,17.962701999999187
JP,2004-04-30,10.0,0.015349999999999999,0.015843681083022698,4.9368108302269915
JP,2004-04-30,30.0,0.02411,0.02612314909290059,20.13149092900589
JP,2004-05-31,10.0,0.015349999999999999,0.0158550350767932,5.050350767932012
JP,2004-05-31,30.0,0.023849999999999996,0.025803314089598794,19.533140895987984
JP,2004-06-30,10.0,0.01766,0.018296559870733642,6.365598707336432
JP,2004-06-30,30.0,0.02626,0.02853024521342329,22.7024521342329
JP,2004-07-31,10.0,0.01854,0.019232580779423136,6.925807794231353
JP,2004-07-31,30.0,0.02803,0.030759550690748316,27.29550690748317
JP,2004-08-31,10.0,0.01568,0.01620251745087775,5.225174508777519
JP,2004-08-31,30.0,0.025070000000000002,0.02741105509953945,23.410550995394477
JP,2004-09-30,10.0,0.01451,0.014969296403066101,4.59296403066101
JP,2004-09-30,30.0,0.024089999999999997,0.026354260870739,22.642608707390025
JP,2004-10-31,10.0,0.014990000000000002,0.015492121768712286,5.021217687122843
JP,2004-10-31,30.0,0.02495,0.027474926526500187,25.249265265001874
JP,2004-11-30,10.0,0.01463,0.01510987701358113,4.798770135811294
JP,2004-11-30,30.0,0.0246,0.02705103432135858,24.5103432135858
JP,2004-12-31,10.0,0.01437,0.014835378750908568,4.653787509085669
JP,2004-12-31,30.0,0.02421,0.026607787695227314,23.977876952273153
JP,2005-01-31,10.0,0.01333,0.013743152699770667,4.1315269977066675
JP,2005-01-31,30.0,0.023629999999999998,0.026034109301956043,24.04109301956045
JP,2005-02-28,10.0,0.014690000000000002,0.01515518866215837,4.651886621583682
JP,2005-02-28,30.0,0.024489999999999998,0.026873320441556325,23.833204415563277
JP,2005-03-31,10.0,0.01333,0.013738728347812756,4.087283478127566
JP,2005-03-31,30.0,0.022869999999999998,0.024948793699477,20.787936994770032
JP,2005-04-30,10.0,0.012470000000000002,0.012844876073719869,3.748760737198667
JP,2005-04-30,30.0,0.02254,0.024685835585901428,21.45835585901427
JP,2005-05-31,10.0,0.01262,0.01300640649821072,3.8640649821072155
JP,2005-05-31,30.0,0.022949999999999998,0.025221622122489684,22.71622122489686
JP,2005-06-30,10.0,0.011739999999999999,0.012084823870739614,3.4482387073961513
JP,2005-06-30,30.0,0.02218,0.024375069423503204,21.950694235032056
JP,2005-07-31,10.0,0.01307,0.013464026737052714,3.9402673705271445
JP,2005-07-31,30.0,0.023929999999999996,0.02642973599971654,24.99735999716545
JP,2005-08-31,10.0,0.01347,0.013869130537837115,3.991305378371161
JP,2005-08-31,30.0,0.02387,0.02629268464360357,24.22684643603571
JP,2005-09-30,10.0,0.01472,0.015130706081067036,4.107060810670353
JP,2005-09-30,30.0,0.02408,0.02636541985729579,22.854198572957902
JP,2005-10-31,10.0,0.015489999999999999,0.015922456333450352,4.324563334503536
JP,2005-10-31,30.0,0.0242,0.026318862033227974,21.18862033227975
JP,2005-11-30,10.0,0.014450000000000001,0.0148406412556783,3.906412556782986
JP,2005-11-30,30.0,0.02388,0.026085565151712453,22.05565151712455
JP,2005-12-31,10.0,0.01473,0.015096933531167034,3.669335311670338
JP,2005-12-31,30.0,0.02306,0.024928743141966914,18.68743141966913
JP,2006-01-31,10.0,0.01555,0.015948116870564633,3.9811687056463296
JP,2006-01-31,30.0,0.023809999999999998,0.02574141938617225,19.314193861722508
JP,2006-02-28,10.0,0.01586,0.01618941473565183,3.2941473565183124
JP,2006-02-28,30.0,0.02237,0.02375025765865324,13.802576586532389
JP,2006-03-31,10.0,0.01754,0.01789603763028036,3.5603763028035917
JP,2006-03-31,30.0,0.02247,0.02358887561898837,11.188756189883692
JP,2006-04-30,10.0,0.01913,0.01958482747852419,4.5482747852419045
JP,2006-04-30,30.0,0.02452,0.0258529039462021,13.329039462020992
JP,2006-05-31,10.0,0.01831,0.01870407982929123,3.940798292912315
JP,2006-05-31,30.0,0.023809999999999998,0.025033302214981346,12.233022149813477
JP,2006-06-30,10.0,0.01914,0.01957128245000761,4.312824500076092
JP,2006-06-30,30.0,0.0252,0.026645356600964787,14.453566009647867
JP,2006-07-31,10.0,0.01932,0.019775913494205044,4.559134942050437
JP,2006-07-31,30.0,0.02565,0.02715743385076963,15.074338507696309
JP,2006-08-31,10.0,0.01644,0.016813555714738637,3.7355571473863742
JP,2006-08-31,30.0,0.02402,0.025691986592421,16.719865924210016
JP,2006-09-30,10.0,0.01671,0.01710795194609327,3.9795194609327025
JP,2006-09-30,30.0,0.02445,0.026186787888892393,17.367878888923936
JP,2006-10-31,10.0,0.01722,0.01762415124023664,4.041512402366415
JP,2006-10-31,30.0,0.02444,0.026060663873492373,16.206638734923736
JP,2006-11-30,10.0,0.0167,0.017057348722244958,3.573487222449587
JP,2006-11-30,30.0,0.02349,0.024927331458049817,14.37331458049817
JP,2006-12-31,10.0,0.01678,0.01711909639955489,3.3909639955488973
JP,2006-12-31,30.0,0.02299,0.02431861114076339,13.286111407633909
JP,2007-01-31,10.0,0.01704,0.017432879929461187,3.9287992946118733
JP,2007-01-31,30.0,0.02391,0.025431975254290418,15.21975254290417
JP,2007-02-28,10.0,0.01644,0.016773086280218452,3.330862802184524
JP,2007-02-28,30.0,0.02284,0.02419556909720022,13.55569097200221
JP,2007-03-31,10.0,0.01655,0.016898467089260905,3.484670892609058
JP,2007-03-31,30.0,0.02338,0.024879950504666626,14.999505046666243
JP,2007-04-30,10.0,0.01631,0.016626890059479482,3.168900594794806
JP,2007-04-30,30.0,0.02298,0.024395537417753355,14.155374177533542
JP,2007-05-31,10.0,0.017509999999999998,0.017836350431447823,3.2635043144782494
JP,2007-05-31,30.0,0.023479999999999997,0.024810912188854894,13.30912188854897
JP,2007-06-30,10.0,0.01866,0.019015309527407487,3.553095274074873
JP,2007-06-30,30.0,0.02463,0.02602055254431579,13.9055254431579
JP,2007-07-31,10.0,0.018009999999999998,0.018369933151637596,3.599331516375981
JP,2007-07-31,30.0,0.02445,0.025938522551573362,14.885225515733625
JP,2007-08-31,10.0,0.01616,0.016478762026014726,3.187620260147253
JP,2007-08-31,30.0,0.023610000000000003,0.025201445513300946,15.914455133009438
JP,2007-09-30,10.0,0.01679,0.01716575269065168,3.757526906516817
JP,2007-09-30,30.0,0.024329999999999997,0.02604020657074546,17.102065707454635
JP,2007-10-31,10.0,0.01615,0.01652614477005354,3.7614477005354017
JP,2007-10-31,30.0,0.024489999999999998,0.026326763537170228,18.367635371702303
JP,2007-11-30,10.0,0.014990000000000002,0.015308296543862898,3.182965438628966
JP,2007-11-30,30.0,0.023319999999999997,0.025002908942056923,16.829089420569257
JP,2007-12-31,10.0,0.01502,0.015356676276912173,3.3667627691217303
JP,2007-12-31,30.0,0.0236,0.02534019666044185,17.4019666044185
JP,2008-01-31,10.0,0.01443,0.014772268465442107,3.4226846544210647
JP,2008-01-31,30.0,0.02375,0.025599397571670846,18.49397571670845
JP,2008-02-29,10.0,0.01373,0.014041270290288344,3.1127029028834436
JP,2008-02-29,30.0,0.02291,0.02461621781629697,17.062178162969705
JP,2008-03-31,10.0,0.012849999999999999,0.013156623305812687,3.0662330581268833
JP,2008-03-31,30.0,0.02399,0.026191652240915353,22.01652240915352
JP,2008-04-30,10.0,0.01564,0.015944371956279957,3.0437195627995575
JP,2008-04-30,30.0,0.024620000000000003,0.026425712650897104,18.05712650897101
JP,2008-05-31,10.0,0.01758,0.0179341120694696,3.541120694696004
JP,2008-05-31,30.0,0.02488,0.02633686390322243,14.5686390322243
JP,2008-06-30,10.0,0.01606,0.01639458967649854,3.345896764985375
JP,2008-06-30,30.0,0.02406,0.02560224973039782,15.422497303978176
JP,2008-07-31,10.0,0.015449999999999998,0.015764615498865542,3.1461549886554336
JP,2008-07-31,30.0,0.02428,0.025958101822403545,16.78101822403546
JP,2008-08-31,10.0,0.01421,0.01451168847730866,3.016884773086592
JP,2008-08-31,30.0,0.02321,0.02482444731775657,16.14447317756569
JP,2008-09-30,10.0,0.014650000000000002,0.014926462291973364,2.7646229197336205
JP,2008-09-30,30.0,0.02318,0.02463084650723313,14.508465072331292
JP,2008-10-31,10.0,0.01473,0.015085473351904799,3.5547335190479896
JP,2008-10-31,30.0,0.02251,0.023679418046278045,11.694180462780459
JP,2008-11-30,10.0,0.014190000000000001,0.014539949376173311,3.4994937617330995
JP,2008-11-30,30.0,0.02212,0.02328907397356006,11.690739735600586
JP,2008-12-31,10.0,0.011770000000000001,0.012007892614453342,2.378926144533406
JP,2008-12-31,30.0,0.01825,0.01901432498732114,7.643249873211418
JP,2009-01-31,10.0,0.01303,0.013340027188936121,3.1002718893612116
JP,2009-01-31,30.0,0.02005,0.021005686360457965,9.556863604579663
JP,2009-02-28,10.0,0.01295,0.013280651374306895,3.3065137430689577
JP,2009-02-28,30.0,0.020259999999999997,0.02131067211340887,10.506721134088716
JP,2009-03-31,10.0,0.013420000000000001,0.013739243311358118,3.192433113581167
JP,2009-03-31,30.0,0.02085,0.021984469314087374,11.344693140873732
JP,2009-04-30,10.0,0.01422,0.014572171902857756,3.5217190285775564
JP,2009-04-30,30.0,0.0217,0.022891754139688247,11.917541396882468
JP,2009-05-31,10.0,0.01496,0.015352998960386666,3.9299896038666633
JP,2009-05-31,30.0,0.02253,0.02375393054545638,12.239305454563794
JP,2009-06-30,10.0,0.01362,0.013981302582332988,3.6130258233298824
JP,2009-06-30,30.0,0.02197,0.023340092508297383,13.700925082973832
JP,2009-07-31,10.0,0.01421,0.014620723075778441,4.107230757784408
JP,2009-07-31,30.0,0.0232,0.02480664857451953,16.066485745195315
JP,2009-08-31,10.0,0.013300000000000001,0.013680841572782265,3.8084157278226414
JP,2009-08-31,30.0,0.02238,0.023864484795699248,14.844847956992473
JP,2009-09-30,10.0,0.013000000000000001,0.013367823576503124,3.6782357650312276
JP,2009-09-30,30.0,0.02214,0.02362855048198953,14.885504819895298
JP,2009-10-31,10.0,0.014110000000000001,0.014514393643132895,4.043936431328936
JP,2009-10-31,30.0,0.02257,0.02395577551667727,13.857755166772693
JP,2009-11-30,10.0,0.0129,0.013269885050741781,3.6988505074178093
JP,2009-11-30,30.0,0.021629999999999996,0.022983721104210098,13.53721104210101
JP,2009-12-31,10.0,0.012889999999999999,0.01328541413569595,3.9541413569595116
JP,2009-12-31,30.0,0.02255,0.02414667236671364,15.96672366713639
JP,2010-01-31,10.0,0.013300000000000001,0.013719857382018752,4.198573820187509
JP,2010-01-31,30.0,0.02274,0.024339349726574477,15.993497265744775
JP,2010-02-28,10.0,0.01318,0.013591723390044663,4.1172339004466245
JP,2010-02-28,30.0,0.022799999999999997,0.02439503333658477,15.950333365847731
JP,2010-03-31,10.0,0.01395,0.014394990248270734,4.449902482707331
JP,2010-03-31,30.0,0.02292,0.024391958698049887,14.719586980498876
JP,2010-04-30,10.0,0.013009999999999999,0.013426227514005573,4.162275140055741
JP,2010-04-30,30.0,0.0215,0.022783316498698802,12.833164986988042
JP,2010-05-31,10.0,0.01284,0.01325546454048987,4.154645404898689
JP,2010-05-31,30.0,0.02116,0.022378004701333554,12.18004701333552
JP,2010-06-30,10.0,0.01095,0.011263361184838727,3.1336118483872752
JP,2010-06-30,30.0,0.01931,0.02041605823956205,11.060582395620507
JP,2010-07-31,10.0,0.01081,0.011111575479437752,3.015754794377518
JP,2010-07-31,30.0,0.018520000000000002,0.01952511731279505,10.051173127950467
JP,2010-08-31,10.0,0.00992,0.010190524815574697,2.7052481557469745
JP,2010-08-31,30.0,0.017669999999999998,0.01861176466448744,9.41764664487442
JP,2010-09-30,10.0,0.00937,0.0096111863699202,2.4118636992019953
JP,2010-09-30,30.0,0.01838,0.019520008477002415,11.400084770024147
JP,2010-10-31,10.0,0.00937,0.009599371600802264,2.2937160080226464
JP,2010-10-31,30.0,0.019790000000000002,0.0211829595797286,13.929595797285977
JP,2010-11-30,10.0,0.011899999999999999,0.012223189209790819,3.231892097908199
JP,2010-11-30,30.0,0.020819999999999998,0.022074680663714652,12.546806637146538
JP,2010-12-31,10.0,0.01127,0.01156866828909342,2.9866828909341954
JP,2010-12-31,30.0,0.01994,0.021137175483847415,11.971754838474153
JP,2011-01-31,10.0,0.012199999999999999,0.012535994064223788,3.359940642237887
JP,2011-01-31,30.0,0.021230000000000002,0.0225700628667731,13.400628667730972
JP,2011-02-28,10.0,0.01266,0.012996115129636054,3.3611512963605503
JP,2011-02-28,30.0,0.021240000000000002,0.022536282418721854,12.962824187218516
JP,2011-03-31,10.0,0.012549999999999999,0.012912162967475549,3.6216296747555026
JP,2011-03-31,30.0,0.021789999999999997,0.023213799606657037,14.237996066570405
JP,2011-04-30,10.0,0.01217,0.012511941721578212,3.419417215782122
JP,2011-04-30,30.0,0.02141,0.02279634994104085,13.863499410408513
JP,2011-05-31,10.0,0.01169,0.012009319297486831,3.193192974868305
JP,2011-05-31,30.0,0.020710000000000003,0.022012807927944023,13.028079279440199
JP,2011-06-30,10.0,0.01138,0.011686516916947998,3.0651691694799816
JP,2011-06-30,30.0,0.02035,0.021641415857944324,12.914158579443239
JP,2011-07-31,10.0,0.01095,0.011248498953956743,2.9849895395674295
JP,2011-07-31,30.0,0.02031,0.02167330731280548,13.63307312805477
JP,2011-08-31,10.0,0.01056,0.01084235877926143,2.823587792614296
JP,2011-08-31,30.0,0.0202,0.021619179491346063,14.19179491346064
JP,2011-09-30,10.0,0.010320000000000001,0.010578444430584533,2.584444305845316
JP,2011-09-30,30.0,0.01925,0.02054053021532387,12.905302153238713
JP,2011-10-31,10.0,0.01056,0.010828138552663624,2.6813855266362427
JP,2011-10-31,30.0,0.01985,0.021237393537929306,13.873935379293059
JP,2011-11-30,10.0,0.010820000000000001,0.011094722014721059,2.7472201472105753
JP,2011-11-30,30.0,0.01986,0.021201948045442176,13.419480454421768
JP,2011-12-31,10.0,0.00987,0.010107894147024066,2.3789414702406546
JP,2011-12-31,30.0,0.01921,0.020535784847448335,13.257848474483337
JP,2012-01-31,10.0,0.00974,0.009972384168701609,2.3238416870160865
JP,2012-01-31,30.0,0.01922,0.020550411623687204,13.304116236872026
JP,2012-02-29,10.0,0.00977,0.010011320473869212,2.413204738692127
JP,2012-02-29,30.0,0.01948,0.020872224115969562,13.922241159695613
JP,2012-03-31,10.0,0.00988,0.010117839314960575,2.378393149605751
JP,2012-03-31,30.0,0.019379999999999998,0.02072057915353831,13.40579153538312
JP,2012-04-30,10.0,0.00902,0.009230730405805243,2.1073040580524283
JP,2012-04-30,30.0,0.01901,0.02038393182697429,13.739318269742895
JP,2012-05-31,10.0,0.00848,0.00867031512152816,1.9031512152816072
JP,2012-05-31,30.0,0.0181,0.019333903670307073,12.339036703070718
JP,2012-06-30,10.0,0.00839,0.00857866715522504,1.8866715522503943
JP,2012-06-30,30.0,0.01902,0.020505688269603084,14.856882696030853
JP,2012-07-31,10.0,0.008020000000000001,0.008193544722996382,1.7354472299638095
JP,2012-07-31,30.0,0.01841,0.01981825428912609,14.082542891260923
JP,2012-08-31,10.0,0.00817,0.008347635678811027,1.7763567881102713
JP,2012-08-31,30.0,0.01909,0.020646177438662594,15.561774386625947
JP,2012-09-30,10.0,0.00774,0.007900086783387827,1.600867833878271
JP,2012-09-30,30.0,0.01892,0.020471121970838446,15.511219708384468
JP,2012-10-31,10.0,0.00784,0.008003855480986477,1.6385548098647729
JP,2012-10-31,30.0,0.01943,0.021087603748961792,16.576037489617924
JP,2012-11-30,10.0,0.0073,0.007445484091735066,1.4548409173506613
JP,2012-11-30,30.0,0.019370000000000002,0.021080043700250517,17.100437002505153
JP,2012-12-31,10.0,0.007940000000000001,0.008105036407070054,1.6503640707005336
JP,2012-12-31,30.0,0.01967,0.021309425675519744,16.394256755197443
JP,2013-01-31,10.0,0.0076300000000000005,0.007792665397768905,1.6266539776890483
JP,2013-01-31,30.0,0.01975,0.021445644886369575,16.956448863695744
JP,2013-02-28,10.0,0.00681,0.0069428676302345504,1.3286763023455037
JP,2013-02-28,30.0,0.01833,0.019839323792330887,15.093237923308884
JP,2013-03-31,10.0,0.005639999999999999,0.00572537083161051,0.853708316105109
JP,2013-03-31,30.0,0.01555,0.016560063807525394,10.10063807525394
JP,2013-04-30,10.0,0.00611,0.006191003365914716,0.810033659147157
JP,2013-04-30,30.0,0.01623,0.01726851069829549,10.385106982954904
JP,2013-05-31,10.0,0.00865,0.00879845410461133,1.48454104611331
JP,2013-05-31,30.0,0.0176,0.01866834542774054,10.683454277405392
JP,2013-06-30,10.0,0.00845,0.008603779342206463,1.5377934220646428
JP,2013-06-30,30.0,0.01837,0.01960971229324393,12.397122932439295
JP,2013-07-31,10.0,0.00797,0.008112483612648713,1.4248361264871354
JP,2013-07-31,30.0,0.01825,0.019480306660168534,12.303066601685348
JP,2013-08-31,10.0,0.00735,0.007471754427800015,1.21754427800015
JP,2013-08-31,30.0,0.01779,0.019013607705879565,12.236077058795647
JP,2013-09-30,10.0,0.00685,0.00695843593606571,1.084359360657098
JP,2013-09-30,30.0,0.017159999999999998,0.01833144027822997,11.71440278229973
JP,2013-10-31,10.0,0.00603,0.006118041476210978,0.8804147621097828
JP,2013-10-31,30.0,0.01651,0.017639164382498906,11.29164382498906
JP,2013-11-30,10.0,0.00611,0.006200868049020203,0.9086804902020286
JP,2013-11-30,30.0,0.01661,0.017769865965334475,11.59865965334475
JP,2013-12-31,10.0,0.00736,0.007484852909676043,1.2485290967604277
JP,2013-12-31,30.0,0.01726,0.01842477709283208,11.647770928320776
JP,2014-01-31,10.0,0.00627,0.006366551194284753,0.9655119428475263
JP,2014-01-31,30.0,0.01646,0.017610759869308046,11.50759869308047
JP,2014-02-28,10.0,0.00594,0.0060286642383931,0.8866423839309998
JP,2014-02-28,30.0,0.01652,0.017734818334212976,12.148183342129762
JP,2014-03-31,10.0,0.00641,0.006510970913893077,1.0097091389307724
JP,2014-03-31,30.0,0.017070000000000002,0.018348960235550882,12.7896023555088
JP,2014-04-30,10.0,0.00623,0.00632551237005563,0.9551237005563009
JP,2014-04-30,30.0,0.01705,0.018348620246294356,12.986202462943568
JP,2014-05-31,10.0,0.005889999999999999,0.005977626210624809,0.8762621062480963
JP,2014-05-31,30.0,0.01685,0.018158375247514735,13.08375247514735
JP,2014-06-30,10.0,0.005639999999999999,0.005722977979424337,0.8297797942433821
JP,2014-06-30,30.0,0.01688,0.018303497551126036,14.234975511260364
JP,2014-07-31,10.0,0.00542,0.005497629256357772,0.7762925635777188
JP,2014-07-31,30.0,0.016810000000000002,0.018220835739989782,14.108357399897804
JP,2014-08-31,10.0,0.00508,0.005146202030505975,0.6620203050597493
JP,2014-08-31,30.0,0.01637,0.017751669929650493,13.81669929650494
JP,2014-09-30,10.0,0.00522,0.005289575303776273,0.695753037762729
JP,2014-09-30,30.0,0.016200000000000003,0.017509143567059127,13.09143567059124
JP,2014-10-31,10.0,0.00466,0.004720043559719667,0.6004355971966653
JP,2014-10-31,30.0,0.01591,0.017261604833072264,13.516048330722633
JP,2014-11-30,10.0,0.00431,0.0043636978165675355,0.5369781656753593
JP,2014-11-30,30.0,0.01428,0.015281193917378255,10.011939173782558
JP,2014-12-31,10.0,0.0032500000000000003,0.0032863323486367335,0.3633234863673323
JP,2014-12-31,30.0,0.01269,0.013520665421168143,8.306654211681433
JP,2015-01-31,10.0,0.0028799999999999997,0.002906744092792346,0.26744092792346275
JP,2015-01-31,30.0,0.01299,0.01390688505851223,9.168850585122307
JP,2015-02-28,10.0,0.0034899999999999996,0.003527910926066191,0.3791092606619155
JP,2015-02-28,30.0,0.014339999999999999,0.015460356720125024,11.20356720125025
JP,2015-03-31,10.0,0.00398,0.0040226613240401665,0.4266132404016649
JP,2015-03-31,30.0,0.01357,0.014487134329356222,9.171343293562211
JP,2015-04-30,10.0,0.00336,0.0033939430115124125,0.3394301151241237
JP,2015-04-30,30.0,0.01362,0.014616874708754723,9.968747087547234
JP,2015-05-31,10.0,0.00406,0.004108467740530974,0.4846774053097417
JP,2015-05-31,30.0,0.01473,0.015890172147947634,11.601721479476343
JP,2015-06-30,10.0,0.00451,0.004567017847584065,0.5701784758406492
JP,2015-06-30,30.0,0.014490000000000001,0.015542004527129283,10.520045271292817
JP,2015-07-31,10.0,0.00414,0.004189962433617467,0.49962433617467206
JP,2015-07-31,30.0,0.01433,0.015401875782464991,10.718757824649902
JP,2015-08-31,10.0,0.00392,0.003966510403336843,0.465104033368427
JP,2015-08-31,30.0,0.01426,0.015330556147289398,10.70556147289398
JP,2015-09-30,10.0,0.0034799999999999996,0.0035185670759390053,0.3856707593900572
JP,2015-09-30,30.0,0.01397,0.015027537757667409,10.575377576674088
JP,2015-10-31,10.0,0.00306,0.0030913269014594125,0.3132690145941268
JP,2015-10-31,30.0,0.013500000000000002,0.01451480171025521,10.14801710255208
JP,2015-11-30,10.0,0.00317,0.0032035153721508003,0.33515372150800216
JP,2015-11-30,30.0,0.013819999999999999,0.014918183391427364,10.981833914273654
JP,2015-12-31,10.0,0.00267,0.0026952098263250956,0.25209826325095586
JP,2015-12-31,30.0,0.01282,0.013793149316271958,9.731493162719579
JP,2016-01-31,10.0,0.00104,0.0010468728681942707,0.06872868194270813
JP,2016-01-31,30.0,0.01103,0.011817562124739611,7.875621247396113
JP,2016-02-29,10.0,-0.00055,-0.0005534465913193953,-0.03446591319395298
JP,2016-02-29,30.0,0.00902,0.009668962154530725,6.489621545307244
JP,2016-03-31,10.0,-0.00049,-0.0004926057328283884,-0.02605732828388392
JP,2016-03-31,30.0,0.00547,0.005661247834689576,1.9124783468957556
JP,2016-04-30,10.0,-0.00082,-0.0008236658514123585,-0.03665851412358503
JP,2016-04-30,30.0,0.0034899999999999996,0.0035728954458915663,0.8289544589156665
JP,2016-05-31,10.0,-0.0011200000000000001,-0.0011251828755667326,-0.051828755667324575
JP,2016-05-31,30.0,0.0031,0.0031744446957580053,0.7444469575800536
JP,2016-06-30,10.0,-0.0023699999999999997,-0.0023763942135465177,-0.06394213546517986
JP,2016-06-30,30.0,0.00128,0.001305398371187927,0.25398371187926794
JP,2016-07-31,10.0,-0.00178,-0.0017859321014135343,-0.05932101413534414
JP,2016-07-31,30.0,0.00263,0.0026960780618694447,0.6607806186944469
JP,2016-08-31,10.0,-0.00058,-0.0005826985119203876,-0.026985119203875706
JP,2016-08-31,30.0,0.0040999999999999995,0.004212102505774862,1.1210250577486232
JP,2016-09-30,10.0,-0.00084,-0.0008451475976373191,-0.05147597637319024
JP,2016-09-30,30.0,0.00457,0.004721921788346739,1.5192178834673875
JP,2016-10-31,10.0,-0.00049,-0.0004926799348684563,-0.026799348684563087
JP,2016-10-31,30.0,0.00505,0.005230393375351028,1.8039337535102808
JP,2016-11-30,10.0,0.00021,0.0002109030963117764,0.009030963117763859
JP,2016-11-30,30.0,0.00567,0.005862984529038773,1.9298452903877308
JP,2016-12-31,10.0,0.00043,0.00043231840771018604,0.023184077101860472
JP,2016-12-31,30.0,0.00701,0.0073017062536684385,2.9170625366843876
JP,2017-01-31,10.0,0.0008699999999999999,0.000875199420607542,0.0519942060754207
JP,2017-01-31,30.0,0.00805,0.008415585841233142,3.6558584123314204
JP,2017-02-28,10.0,0.0005899999999999999,0.0005938842075954298,0.03884207595429893
JP,2017-02-28,30.0,0.00783,0.008192279674406944,3.6227967440694355
JP,2017-03-31,10.0,0.00067,0.0006743449850536987,0.04344985053698642
JP,2017-03-31,30.0,0.008409999999999999,0.008860270219876565,4.5027021987656575
JP,2017-04-30,10.0,0.00016,0.00016094043750181086,0.009404375018108493
JP,2017-04-30,30.0,0.0078000000000000005,0.00821477483699562,4.147748369956192
JP,2017-05-31,10.0,0.0005,0.000502829382813097,0.028293828130969596
JP,2017-05-31,30.0,0.008,0.008422489257827959,4.224892578279585
JP,2017-06-30,10.0,0.00086,0.0008644938001394209,0.04493800139420919
JP,2017-06-30,30.0,0.00842,0.008884120568356302,4.641205683563014
JP,2017-07-31,10.0,0.00078,0.000783713411796727,0.037134117967270584
JP,2017-07-31,30.0,0.00867,0.009178647550500019,5.08647550500018
JP,2017-08-31,10.0,8e-05,8.038186867320718e-05,0.0038186867320717313
JP,2017-08-31,30.0,0.00822,0.008709453315134175,4.894533151341748
JP,2017-09-30,10.0,0.00062,0.0006229800351456038,0.0298003514560385
JP,2017-09-30,30.0,0.00855,0.009048128732727534,4.981287327275337
JP,2017-10-31,10.0,0.0007099999999999999,0.0007140071288616046,0.04007128861604646
JP,2017-10-31,30.0,0.00861,0.009104331614348649,4.94331614348649
JP,2017-11-30,10.0,0.0004,0.0004020821583268219,0.020821583268219066
JP,2017-11-30,30.0,0.00823,0.008689422142347025,4.594221423470258
JP,2017-12-31,10.0,0.00047,0.00047232899823335117,0.023289982333511858
JP,2017-12-31,30.0,0.00805,0.008485355083770463,4.3535508377046295
JP,2018-01-31,10.0,0.0008500000000000001,0.0008544694146590537,0.04469414659053622
JP,2018-01-31,30.0,0.008110000000000001,0.008528630775044954,4.186307750449533
JP,2018-02-28,10.0,0.00054,0.0005429678416131178,0.029678416131178338
JP,2018-02-28,30.0,0.00762,0.008000743186465709,3.8074318646570857
JP,2018-03-31,10.0,0.00043,0.00043213529658303607,0.021352965830360764
JP,2018-03-31,30.0,0.00741,0.007778880716902803,3.68880716902803
JP,2018-04-30,10.0,0.00055,0.0005527149723558722,0.027149723558721583
JP,2018-04-30,30.0,0.00747,0.007833925100614314,3.6392510061431396
JP,2018-05-31,10.0,0.00039,0.00039191842137231703,0.019184213723170345
JP,2018-05-31,30.0,0.0072,0.00754179098533081,3.417909853308098
JP,2018-06-30,10.0,0.0004,0.00040199192308398857,0.01991923083988548
JP,2018-06-30,30.0,0.00718,0.007522059106638945,3.420591066389455
JP,2018-07-31,10.0,0.0005,0.0005023624793039083,0.023624793039083054
JP,2018-07-31,30.0,0.0074199999999999995,0.007773586923485398,3.5358692348539873
JP,2018-08-31,10.0,0.0011,0.001106679244382125,0.06679244382124883
JP,2018-08-31,30.0,0.00834,0.008761164783143371,4.211647831433712
JP,2018-09-30,10.0,0.00134,0.0013487607421758252,0.08760742175825155
JP,2018-09-30,30.0,0.0089,0.009381984488151307,4.819844881513071
JP,2018-10-31,10.0,0.00127,0.0012792806996260175,0.09280699626017458
JP,2018-10-31,30.0,0.00875,0.009211759843309464,4.6175984330946305
JP,2018-11-30,10.0,0.00097,0.000977028118581691,0.07028118581690868
JP,2018-11-30,30.0,0.00821,0.00863477207032659,4.2477207032659035
JP,2018-12-31,10.0,0.00013,0.00013082030815447787,0.008203081544778825
JP,2018-12-31,30.0,0.00724,0.007602286866358998,3.622868663589983
JP,2019-01-31,10.0,6e-05,6.039313517480771e-05,0.00393135174807709
JP,2019-01-31,30.0,0.00651,0.006804451434000214,2.9445143400021365
JP,2019-02-28,10.0,-0.00018999999999999998,-0.0001910301498841971,-0.010301498841971036
JP,2019-02-28,30.0,0.0060999999999999995,0.006359384266837909,2.5938426683790907
JP,2019-03-31,10.0,-0.00082,-0.0008238421082028546,-0.03842108202854657
JP,2019-03-31,30.0,0.00513,0.005331854949317982,2.018549493179823
JP,2019-04-30,10.0,-0.00045,-0.000452039069357979,-0.02039069357979008
JP,2019-04-30,30.0,0.00557,0.005800175715155342,2.3017571515534208
JP,2019-05-31,10.0,-0.00092,-0.0009235071411077822,-0.03507141107782176
JP,2019-05-31,30.0,0.00456,0.004724583009420691,1.6458300942069106
JP,2019-06-30,10.0,-0.00156,-0.0015654120679287065,-0.05412067928706492
JP,2019-06-30,30.0,0.00363,0.003746923196915386,1.1692319691538602
JP,2019-07-31,10.0,-0.00157,-0.0015749144462884335,-0.04914446288433469
JP,2019-07-31,30.0,0.0035299999999999997,0.0036459864976770007,1.1598649767700095
JP,2019-08-31,10.0,-0.0027500000000000003,-0.002758294550809781,-0.08294550809780868
JP,2019-08-31,30.0,0.00146,0.0014958210465818578,0.35821046581857846
JP,2019-09-30,10.0,-0.0020599999999999998,-0.0020715520257164055,-0.11552025716405745
JP,2019-09-30,30.0,0.00361,0.0037433713395067514,1.3337133950675146
JP,2019-10-31,10.0,-0.0013900000000000002,-0.0013966359176863508,-0.06635917686350581
JP,2019-10-31,30.0,0.00386,0.003994404278149455,1.3440427814945473
JP,2019-11-30,10.0,-0.00075,-0.0007534207141115523,-0.03420714111552299
JP,2019-11-30,30.0,0.00406,0.004194743163499437,1.3474316349943676
JP,2019-12-31,10.0,-0.00015,-0.00015062466947701747,-0.006246694770174831
JP,2019-12-31,30.0,0.0040999999999999995,0.004218748709474918,1.1874870947491818
JP,2020-01-31,10.0,-0.00061,-0.000612443870320889,-0.0244387032088901
JP,2020-01-31,30.0,0.00368,0.0037868430491134752,1.0684304911347513
JP,2020-02-29,10.0,-0.00153,-0.0015365353618302935,-0.06535361830293596
JP,2020-02-29,30.0,0.0028599999999999997,0.002941425067258363,0.8142506725836336
JP,2020-03-31,10.0,0.00031,0.0003119706973664371,0.01970697366437122
JP,2020-03-31,30.0,0.00418,0.0042779729244089015,0.9797292440890184
JP,2020-04-30,10.0,-0.00035999999999999997,-0.000361821288517139,-0.018212885171390483
JP,2020-04-30,30.0,0.00423,0.004349218572921254,1.1921857292125377
JP,2020-05-31,10.0,8.999999999999999e-05,9.047360539660154e-05,0.004736053966015497
JP,2020-05-31,30.0,0.0049499999999999995,0.00510529888447353,1.5529888447353077
JP,2020-06-30,10.0,0.00042,0.00042246731282480354,0.02467312824803525
JP,2020-06-30,30.0,0.005889999999999999,0.006111943524410579,2.2194352441057967
JP,2020-07-31,10.0,0.00017999999999999998,0.00018105197502027437,0.01051975020274385
JP,2020-07-31,30.0,0.00529,0.005468078846199376,1.7807884619937524
JP,2020-08-31,10.0,0.0005600000000000001,0.0005627818889093472,0.02781888909347157
JP,2020-08-31,30.0,0.006059999999999999,0.0062908558494998434,2.30855849499844
JP,2020-09-30,10.0,0.00027,0.0002714794993869951,0.014794993869951121
JP,2020-09-30,30.0,0.0059499999999999996,0.006188952981835749,2.389529818357496
JP,2020-10-31,10.0,0.00041,0.0004121811246904361,0.02181124690436116
JP,2020-10-31,30.0,0.0064,0.006684455931514011,2.844559315140103
JP,2020-11-30,10.0,0.00034,0.00034186308539041477,0.018630853904147426
JP,2020-11-30,30.0,0.0064600000000000005,0.006766110853150709,3.0611085315070814
JP,2020-12-31,10.0,0.00035000000000000005,0.0003518957082950802,0.01895708295080161
JP,2020-12-31,30.0,0.00647,0.006776708187015812,3.0670818701581184
JP,2021-01-31,10.0,0.0005600000000000001,0.0005633708206658206,0.033708206658205
JP,2021-01-31,30.0,0.0066,0.0068851620482786036,2.851620482786036
JP,2021-02-28,10.0,0.00168,0.001692390899569407,0.12390899569406956
JP,2021-02-28,30.0,0.00751,0.00782841817854485,3.1841817854484904
JP,2021-03-31,10.0,0.00104,0.0010469140708704305,0.06914070870430626
JP,2021-03-31,30.0,0.006690000000000001,0.006962696373309596,2.726963733095953
JP,2021-04-30,10.0,0.00095,0.000956281571531381,0.06281571531381049
JP,2021-04-30,30.0,0.0066,0.006881102553091489,2.8110255309148937
JP,2021-05-31,10.0,0.00084,0.0008452556013389678,0.052556013389677865
JP,2021-05-31,30.0,0.006750000000000001,0.007055422992743532,3.054229927435311
JP,2021-06-30,10.0,0.0007000000000000001,0.000704393286553362,0.043932865533618734
JP,2021-06-30,30.0,0.0069099999999999995,0.007243224232462264,3.3322423246226474
JP,2021-07-31,10.0,0.00021999999999999998,0.00022127104514768625,0.01271045147686271
JP,2021-07-31,30.0,0.00642,0.006733406127350072,3.134061273500719
JP,2021-08-31,10.0,0.0003,0.00030171551571411825,0.017155157141182806
JP,2021-08-31,30.0,0.006540000000000001,0.006860560826818629,3.2056082681862845
JP,2021-09-30,10.0,0.0008100000000000001,0.0008148996469876657,0.0489964698766564
JP,2021-09-30,30.0,0.006770000000000001,0.007080878084890552,3.1087808489055084
JP,2021-10-31,10.0,0.00101,0.0010165213597808087,0.06521359780808661
JP,2021-10-31,30.0,0.00674,0.007028803416215812,2.888034162158116
JP,2021-11-30,10.0,0.00067,0.0006743682720200539,0.04368272020053871
JP,2021-11-30,30.0,0.006710000000000001,0.0070128112599940895,3.028112599940888
JP,2021-12-31,10.0,0.00089,0.0008957117923480418,0.05711792348041819
JP,2021-12-31,30.0,0.0069299999999999995,0.007240918756169945,3.1091875616994553
JP,2022-01-31,10.0,0.0017699999999999999,0.0017831672704458068,0.13167270445806933
JP,2022-01-31,30.0,0.00768,0.008016109206726352,3.3610920672635154
JP,2022-02-28,10.0,0.00191,0.00192334929397453,0.13349293974530005
JP,2022-02-28,30.0,0.00867,0.00909023778461382,4.202377846138187
JP,2022-03-31,10.0,0.00218,0.002194270694153344,0.14270694153344002
JP,2022-03-31,30.0,0.00906,0.009505607371206759,4.456073712067587
JP,2022-04-30,10.0,0.0022,0.0022146167475622924,0.14616747562292298
JP,2022-04-30,30.0,0.00974,0.010265570945437119,5.255709454371187
JP,2022-05-31,10.0,0.00246,0.0024789660451756124,0.18966045175612417
JP,2022-05-31,30.0,0.010209999999999999,0.010800105520180514,5.901055201805154
JP,2022-06-30,10.0,0.00242,0.0024343199264220683,0.1431992642206845
JP,2022-06-30,30.0,0.01213,0.012991444105677097,8.614441056770968
JP,2022-07-31,10.0,0.00185,0.0018643316153501566,0.14331615350156485
JP,2022-07-31,30.0,0.01204,0.012986635730059426,9.466357300594256
JP,2022-08-31,10.0,0.0023499999999999997,0.002367016522366372,0.17016522366372286
JP,2022-08-31,30.0,0.01204,0.012934872401921815,8.94872401921815
JP,2022-09-30,10.0,0.0027700000000000003,0.002787819396336655,0.1781939633665455
JP,2022-09-30,30.0,0.01391,0.015084105034479434,11.741050344794331
JP,2022-10-31,10.0,0.00253,0.0025442903178458653,0.14290317845865214
JP,2022-10-31,30.0,0.01417,0.015376714389669921,12.067143896699207
JP,2022-11-30,10.0,0.0027600000000000003,0.002775149002281818,0.15149002281817855
JP,2022-11-30,30.0,0.015,0.016324187547940072,13.241875479400727
JP,2022-12-31,10.0,0.00454,0.004568427754049864,0.28427754049864357
JP,2022-12-31,30.0,0.015780000000000002,0.016982007646028974,12.020076460289713
JP,2023-01-31,10.0,0.00511,0.00515926324881022,0.49263248810219734
JP,2023-01-31,30.0,0.016,0.017088653259021536,10.886532590215353
JP,2023-02-28,10.0,0.00524,0.005291948724782003,0.5194872478200309
JP,2023-02-28,30.0,0.01393,0.014721196433993722,7.911964339937221
JP,2023-03-31,10.0,0.0038900000000000002,0.003932878201780454,0.4287820178045399
JP,2023-03-31,30.0,0.01274,0.0135237310959746,7.837310959746008
JP,2023-04-30,10.0,0.004030000000000001,0.00407717822966891,0.47178229668909044
JP,2023-04-30,30.0,0.012470000000000002,0.013240891726381099,7.708917263810969
JP,2023-05-31,10.0,0.0044800000000000005,0.004539920675425746,0.5992067542574548
JP,2023-05-31,30.0,0.012729999999999998,0.013518514650732172,7.8851465073217355
JP,2023-06-30,10.0,0.00426,0.004318179868480376,0.5817986848037637
JP,2023-06-30,30.0,0.01262,0.013413616522679694,7.936165226796951
JP,2023-07-31,10.0,0.00605,0.006143247204949187,0.9324720494918726
JP,2023-07-31,30.0,0.01458,0.015514683738641288,9.346837386412892
JP,2023-08-31,10.0,0.00657,0.006677193564913697,1.0719356491369676
JP,2023-08-31,30.0,0.01598,0.017099506713970536,11.195067139705348
JP,2023-09-30,10.0,0.00774,0.007871625006195204,1.3162500619520388
JP,2023-09-30,30.0,0.01649,0.017535542031871243,10.455420318712418
JP,2023-10-31,10.0,0.009519999999999999,0.009701720217432097,1.8172021743209816
JP,2023-10-31,30.0,0.01864,0.019836050887942713,11.96050887942713
JP,2023-11-30,10.0,0.0069099999999999995,0.007023607959997458,1.136079599974582
JP,2023-11-30,30.0,0.01683,0.018052359398957885,12.223593989578834
JP,2023-12-31,10.0,0.00647,0.006576128613011489,1.0612861301148926
JP,2023-12-31,30.0,0.01662,0.017865165844199504,12.451658441995049
JP,2024-01-31,10.0,0.00737,0.007500927230296606,1.3092723029660587
JP,2024-01-31,30.0,0.0179,0.019327293389126865,14.272933891268657
JP,2024-02-29,10.0,0.00724,0.007351653888974852,1.1165388897485182
JP,2024-02-29,30.0,0.01734,0.01870565041865846,13.65650418658458
JP,2024-03-31,10.0,0.0075,0.007621927100789794,1.21927100789794
JP,2024-03-31,30.0,0.01789,0.019384605759710016,14.946057597100166
JP,2024-04-30,10.0,0.00879,0.00893896299733421,1.4896299733421077
JP,2024-04-30,30.0,0.019110000000000002,0.020618818102604575,15.088181026045728
JP,2024-05-31,10.0,0.0108,0.011007653104277981,2.076531042779807
JP,2024-05-31,30.0,0.02155,0.023427065176791384,18.770651767913844
JP,2024-06-30,10.0,0.010620000000000001,0.010833865565601064,2.138655656010631
JP,2024-06-30,30.0,0.02153,0.023432909787916678,19.029097879166777
JP,2024-07-31,10.0,0.010700000000000001,0.010891381020104784,1.913810201047833
JP,2024-07-31,30.0,0.02176,0.023750227414469638,19.902274144696364
JP,2024-08-31,10.0,0.00922,0.009386683244594796,1.6668324459479487
JP,2024-08-31,30.0,0.021110000000000004,0.02319883591341565,20.88835913415646
JP,2024-09-30,10.0,0.00894,0.009095088209971847,1.550882099718466
JP,2024-09-30,30.0,0.02092,0.023004357950877852,20.843579508778507
JP,2024-10-31,10.0,0.00947,0.009632244712151294,1.6224471215129515
JP,2024-10-31,30.0,0.02189,0.024196228502105344,23.062285021053437
JP,2024-11-30,10.0,0.01064,0.010814244096295056,1.7424409629505575
JP,2024-11-30,30.0,0.02252,0.02485201221107225,23.32012211072251
JP,2024-12-31,10.0,0.01111,0.011297340103855413,1.8734010385541324
JP,2024-12-31,30.0,0.02252,0.024744077911224682,22.240779112246837
JP,2025-01-31,10.0,0.0125,0.012709253851975522,2.092538519755209
JP,2025-01-31,30.0,0.0229,0.024970164835585118,20.701648355851177
JP,2025-02-28,10.0,0.013779999999999999,0.014027319697665908,2.4731969766590876
JP,2025-02-28,30.0,0.0235,0.02552639240546739,20.263924054673907
JP,2025-03-31,10.0,0.01497,0.015260139540678841,2.9013954067884025
JP,2025-03-31,30.0,0.0248,0.026842444751471684,20.424447514716842
JP,2025-04-30,10.0,0.013300000000000001,0.013574405403436351,2.7440540343635043
JP,2025-04-30,30.0,0.02645,0.029531235105303866,30.812351053038643
JP,2025-05-31,10.0,0.01518,0.015524874280306022,3.4487428030602167
JP,2025-05-31,30.0,0.02846,0.03192525457058748,34.65254570587481
JP,2025-06-30,10.0,0.01462,0.014933844621323411,3.1384462132341175
JP,2025-06-30,30.0,0.02803,0.03144963302746562,34.196330274656184
JP,2025-07-31,10.0,0.01559,0.015919756662027273,3.297566620272738
JP,2025-07-31,30.0,0.03026,0.034412807285126634,41.52807285126636
JP,2025-08-31,10.0,0.01613,0.01646496447114809,3.3496447114809285
JP,2025-08-31,30.0,0.03096,0.03528238824721619,43.22388247216188
JP,2025-09-30,10.0,0.01662,0.0169401452044462,3.201452044462004
JP,2025-09-30,30.0,0.030670000000000003,0.03462335041210762,39.5335041210762
JP,2025-10-31,10.0,0.0167,0.01703855246394559,3.385524639455892
JP,2025-10-31,30.0,0.03068,0.034528208395532056,38.482083955320576
JP,2025-11-30,10.0,0.01812,0.01852354801028855,4.0354801028854785
JP,2025-11-30,30.0,0.033,0.037558787530896254,45.58787530896252
JP,2025-12-31,10.0,0.020659999999999998,0.02115343929565716,4.934392956571637
JP,2025-12-31,30.0,0.03354,0.037371445382165636,38.31445382165635
JP,2026-01-31,10.0,0.02247,0.023088248291796676,6.182482917966754
JP,2026-01-31,30.0,0.035769999999999996,0.03998050326912317,42.10503269123173
JP,2026-02-28,10.0,0.021320000000000002,0.021867386206238404,5.4738620623840175
JP,2026-02-28,30.0,0.03342,0.03704224553088631,36.222455308863104
JP,2026-03-31,10.0,0.02366,0.024302966061060305,6.429660610603044
JP,2026-03-31,30.0,0.0364,0.04056237576538502,41.62375765385015
JP,2026-04-30,10.0,0.0252,0.02595048933913824,7.504893391382383
JP,2026-04-30,30.0,0.03721,0.04117793783979806,39.67937839798062
JP,2026-05-31,10.0,0.02657,0.027483314499666234,9.133144996662338
JP,2026-05-31,30.0,0.03859,0.04272293563330343,41.329356333034276
JP,2026-06-30,10.0,0.0269,0.02784954251493965,9.49542514939651
JP,2026-06-30,30.0,0.03873,0.042598595879108414,38.68595879108413
JP,2026-07-31,10.0,0.02801,0.029005467474493285,9.954674744932849
JP,2026-07-31,30.0,0.03982,0.04395678848021323,41.36788480213226
JP,2026-08-31,10.0,0.02943,0.030439676188763976,10.096761887639742
JP,2026-08-31,30.0,0.04092,0.04505793878388853,41.379387838885314
US,1962-01-31,10.0,0.040999999999999995,0.041682278998313116,6.822789983131211
US,1962-02-28,10.0,0.04,0.04081842070174391,8.184207017439062
US,1962-03-31,10.0,0.038599999999999995,0.03940250755402186,8.02507554021864
US,1962-04-30,10.0,0.038599999999999995,0.039344899281815726,7.448992818157308
US,1962-05-31,10.0,0.039,0.03982555040366309,8.255504036630903
US,1962-06-30,10.0,0.04,0.04082120158651392,8.212015865139213
US,1962-07-31,10.0,0.0404,0.041200342946333235,8.003429463332365
US,1962-08-31,10.0,0.039599999999999996,0.04049520710010257,8.952071001025741
US,1962-09-30,10.0,0.0394,0.040291247369053984,8.912473690539866
US,1962-10-31,10.0,0.0392,0.040079361060938457,8.793610609384578
US,1962-11-30,10.0,0.0392,0.040110038940785575,9.100389407855763
US,1962-12-31,10.0,0.0385,0.03932402827506554,8.240282750655373
US,1963-01-31,10.0,0.0387,0.039470244339215865,7.70244339215867
US,1963-02-28,10.0,0.0394,0.040253461318920936,8.53461318920938
US,1963-03-31,10.0,0.0395,0.04032923986725856,8.292398672585591
US,1963-04-30,10.0,0.0395,0.04028181628678196,7.81816286781957
US,1963-05-31,10.0,0.039599999999999996,0.040328370925618584,7.283709256185878
US,1963-06-30,10.0,0.04,0.04074993094022883,7.499309402288282
US,1963-07-31,10.0,0.04,0.040620977880622355,6.209778806223546
US,1963-08-31,10.0,0.04019999999999999,0.04078521351904585,5.85213519045856
US,1963-09-30,10.0,0.0407,0.04135283231507314,6.528323150731402
US,1963-10-31,10.0,0.0415,0.0421782512460005,6.782512460004956
US,1963-11-30,10.0,0.0408,0.04137340109485388,5.734010948538759
US,1963-12-31,10.0,0.0414,0.04196187337651791,5.618733765179115
US,1964-01-31,10.0,0.0415,0.04212861996748862,6.286199674886209
US,1964-02-29,10.0,0.0418,0.042373346869239326,5.733468692393287
US,1964-03-31,10.0,0.042300000000000004,0.04286616142411659,5.6616142411658466
US,1964-04-30,10.0,0.042199999999999994,0.04280671297719785,6.067129771978527
US,1964-05-31,10.0,0.04190000000000001,0.042579166581049765,6.791665810497588
US,1964-06-30,10.0,0.0415,0.0421606962393255,6.606962393254992
US,1964-07-31,10.0,0.04190000000000001,0.042613434877453615,7.134348774536087
US,1964-08-31,10.0,0.0421,0.04279366428203013,6.936642820301319
US,1964-09-30,10.0,0.0418,0.042447487377886395,6.474873778863979
US,1964-10-31,10.0,0.0416,0.04221263257644026,6.126325764402585
US,1964-11-30,10.0,0.042,0.04253284884985353,5.328488498535303
US,1964-12-31,10.0,0.0421,0.042697333418952654,5.9733341895265575
US,1965-01-31,10.0,0.04190000000000001,0.042483011065294285,5.830110652942783
US,1965-02-28,10.0,0.042199999999999994,0.04274659495746391,5.465949574639181
US,1965-03-31,10.0,0.042,0.042542859849981296,5.428598499812934
US,1965-04-30,10.0,0.0421,0.04263495562994235,5.349556299423519
US,1965-05-31,10.0,0.042300000000000004,0.042883633757830886,5.8363375783088145
US,1965-06-30,10.0,0.042,0.042563154017948746,5.63154017948743
US,1965-07-31,10.0,0.042199999999999994,0.042735340249710596,5.353402497106016
US,1965-08-31,10.0,0.042699999999999995,0.043237907981025,5.379079810250084
US,1965-09-30,10.0,0.0435,0.043999024461590874,4.990244615908773
US,1965-10-31,10.0,0.0441,0.04461347658899739,5.134765889973913
US,1965-11-30,10.0,0.044800000000000006,0.045317811019670584,5.178110196705776
US,1965-12-31,10.0,0.04650000000000001,0.04664152248040643,1.4152248040642106
US,1966-01-31,10.0,0.046900000000000004,0.04700777759433894,1.077775943389356
US,1966-02-28,10.0,0.050199999999999995,0.05080536297772076,6.053629777207636
US,1966-03-31,10.0,0.0471,0.047428766397215716,3.287663972157129
US,1966-04-30,10.0,0.0479,0.048333402873162346,4.334028731623474
US,1966-05-31,10.0,0.048,0.04822030225488283,2.2030225488282875
US,1966-06-30,10.0,0.049699999999999994,0.05007916369614418,3.7916369614418577
US,1966-07-31,10.0,0.050499999999999996,0.050763494337034754,2.634943370347573
US,1966-08-31,10.0,0.0536,0.05365391675634945,0.5391675634944942
US,1966-09-30,10.0,0.050199999999999995,0.05019756955309673,-0.024304469032621068
US,1966-10-31,10.0,0.049699999999999994,0.049819781211705605,1.1978121170561074
US,1966-11-30,10.0,0.0512,0.05149316839204876,2.9316839204875795
US,1966-12-31,10.0,0.0464,0.04662905378800941,2.2905378800941456
US,1967-01-31,10.0,0.0452,0.04550254334748649,3.025433474864933
US,1967-02-28,10.0,0.0472,0.047661207284533935,4.6120728453393625
US,1967-03-31,10.0,0.045,0.04569133776131662,6.913377613166211
US,1967-04-30,10.0,0.0478,0.04857774001468096,7.777400146809568
US,1967-05-31,10.0,0.0481,0.04892781715559669,8.278171555966898
US,1967-06-30,10.0,0.052199999999999996,0.05278114799191669,5.811479919166917
US,1967-07-31,10.0,0.0516,0.052378236420310476,7.7823642031047555
US,1967-08-31,10.0,0.0527,0.05327834745557092,5.783474555709212
US,1967-09-30,10.0,0.053099999999999994,0.053687837834484275,5.878378344842811
US,1967-10-31,10.0,0.0564,0.05710533127355211,7.0533127355210805
US,1967-11-30,10.0,0.0574,0.05821030469338573,8.103046933857286
US,1967-12-31,10.0,0.057,0.05765013908746397,6.501390874639676
US,1968-01-31,10.0,0.0554,0.05618298533952837,7.829853395283706
US,1968-02-29,10.0,0.0556,0.05634164709501732,7.416470950173254
US,1968-03-31,10.0,0.0576,0.05843997383064625,8.39973830646254
US,1968-04-30,10.0,0.0574,0.05777008618260182,3.700861826018212
US,1968-05-31,10.0,0.058600000000000006,0.05923543960077704,6.3543960077703385
US,1968-06-30,10.0,0.0564,0.05689370688313766,4.937068831376637
US,1968-07-31,10.0,0.053899999999999997,0.05443124620452178,5.3124620452178055
US,1968-08-31,10.0,0.0542,0.05487232284141341,6.723228414134141
US,1968-09-30,10.0,0.054900000000000004,0.055695562155410716,7.955621554107117
US,1968-10-31,10.0,0.056100000000000004,0.05696032810687868,8.60328106878673
US,1968-11-30,10.0,0.057800000000000004,0.058786546783363036,9.865467833630321
US,1968-12-31,10.0,0.0616,0.06214977789350229,5.497778935022874
US,1969-01-31,10.0,0.061900000000000004,0.06262129880122158,7.2129880122157735
US,1969-02-28,10.0,0.0626,0.06315707739825949,5.57077398259484
US,1969-03-31,10.0,0.063,0.06390616883710543,9.061688371054256
US,1969-04-30,10.0,0.062,0.06262925213755,6.29252137549996
US,1969-05-31,10.0,0.06559999999999999,0.06637768981921477,7.776898192147774
US,1969-06-30,10.0,0.0673,0.0676462922612111,3.4629226121110634
US,1969-07-31,10.0,0.0666,0.06695595305248014,3.5595305248013744
US,1969-08-31,10.0,0.0683,0.06862119851625836,3.2119851625836415
US,1969-09-30,10.0,0.0751,0.075240470070437,1.4047007043699322
US,1969-10-31,10.0,0.0694,0.06987589294310204,4.758929431020325
US,1969-11-30,10.0,0.0729,0.07375776004557477,8.577600455747653
US,1969-12-31,10.0,0.0788,0.08009018924630129,12.90189246301296
US,1970-01-31,10.0,0.0775,0.07787455108114316,3.7455108114316236
US,1970-02-28,10.0,0.069,0.06931503003420514,3.1503003420513265
US,1970-03-31,10.0,0.0708,0.07178178188240647,9.817818824064684
US,1970-04-30,10.0,0.0782,0.07936610127239763,11.66101272397621
US,1970-05-31,10.0,0.0795,0.08158112287979447,20.811228797944644
US,1970-06-30,10.0,0.0768,0.07803654036168806,12.365403616880627
US,1970-07-31,10.0,0.0738,0.07463357683590988,8.335768359098717
US,1970-08-31,10.0,0.07490000000000001,0.07648213924428116,15.821392442811472
US,1970-09-30,10.0,0.0729,0.07455483719380207,16.54837193802064
US,1970-10-31,10.0,0.0733,0.07553459938508666,22.34599385086661
US,1970-11-30,10.0,0.0649,0.0670879813580818,21.87981358081806
US,1970-12-31,10.0,0.065,0.06740366408667309,24.036640866730853
US,1971-01-31,10.0,0.060899999999999996,0.06266141421660931,17.614142166093167
US,1971-02-28,10.0,0.061399999999999996,0.06438882115032452,29.888211503245195
US,1971-03-31,10.0,0.0553,0.05716853730257565,18.685373025756487
US,1971-04-30,10.0,0.0608,0.0619093803433044,11.09380343304399
US,1971-05-31,10.0,0.0638,0.06528421594317724,14.842159431772417
US,1971-06-30,10.0,0.067,0.06766230811335272,6.623081133527164
US,1971-07-31,10.0,0.06849999999999999,0.06946376341072313,9.637634107231424
US,1971-08-31,10.0,0.06280000000000001,0.06438187473410917,15.818747341091594
US,1971-09-30,10.0,0.06,0.06090915994249224,9.091599424922435
US,1971-10-31,10.0,0.0587,0.06000326737265249,13.03267372652489
US,1971-11-30,10.0,0.0593,0.06045164396286662,11.516439628666205
US,1971-12-31,10.0,0.058899999999999994,0.06059187325774129,16.91873257741297
US,1972-01-31,10.0,0.060899999999999996,0.06270269663449657,18.02696634496573
US,1972-02-29,10.0,0.0604,0.06226251508169156,18.625150816915585
US,1972-03-31,10.0,0.061200000000000004,0.062342233426991855,11.42233426991851
US,1972-04-30,10.0,0.061399999999999996,0.06306833985689408,16.683398568940884
US,1972-05-31,10.0,0.0605,0.06211718368210195,16.171836821019525
US,1972-06-30,10.0,0.061500000000000006,0.0628729936897996,13.729936897995884
US,1972-07-31,10.0,0.061200000000000004,0.0625907837425208,13.907837425208013
US,1972-08-31,10.0,0.0642,0.06582229767457015,16.222976745701583
US,1972-09-30,10.0,0.0654,0.06744163708123674,20.416370812367386
US,1972-10-31,10.0,0.0641,0.06573031855532552,16.303185553255133
US,1972-11-30,10.0,0.06280000000000001,0.06434359599874484,15.435959987448317
US,1972-12-31,10.0,0.0641,0.06565383522925305,15.538352292530504
US,1973-01-31,10.0,0.0654,0.06682558103471914,14.255810347191394
US,1973-02-28,10.0,0.0664,0.06735317701614596,9.53177016145959
US,1973-03-31,10.0,0.0673,0.06819125798841297,8.91257988412969
US,1973-04-30,10.0,0.067,0.06795233443213933,9.523344321393235
US,1973-05-31,10.0,0.0693,0.07074766521957132,14.476652195713202
US,1973-06-30,10.0,0.0694,0.07048465341329058,10.846534132905733
US,1973-07-31,10.0,0.07429999999999999,0.07435203035583626,0.5203035583627169
US,1973-08-31,10.0,0.0725,0.0735375560251299,10.37556025129907
US,1973-09-30,10.0,0.069,0.07048472922241023,14.847292224102194
US,1973-10-31,10.0,0.06709999999999999,0.0678343978225262,7.3439782252621155
US,1973-11-30,10.0,0.0669,0.06769202089562687,7.920208956268687
US,1973-12-31,10.0,0.069,0.07045487272533113,14.548727253311245
US,1974-01-31,10.0,0.07,0.07140896573439814,14.089657343981376
US,1974-02-28,10.0,0.0701,0.07132952213267485,12.295221326748539
US,1974-03-31,10.0,0.0741,0.07456964955314738,4.696495531473777
US,1974-04-30,10.0,0.0766,0.07641008702904362,-1.8991297095638515
US,1974-05-31,10.0,0.07519999999999999,0.07488718629642732,-3.1281370357266747
US,1974-06-30,10.0,0.0764,0.07581624963839917,-5.8375036160082665
US,1974-07-31,10.0,0.0789,0.07862657922354943,-2.7342077645056695
US,1974-08-31,10.0,0.08109999999999999,0.08095493230981776,-1.4506769018222954
US,1974-09-30,10.0,0.0794,0.08058628272005652,11.86282720056525
US,1974-10-31,10.0,0.0779,0.07905793719066789,11.57937190667896
US,1974-11-30,10.0,0.0764,0.07808831393648119,16.88313936481195
US,1974-12-31,10.0,0.07400000000000001,0.07555521906278462,15.552190627846073
US,1975-01-31,10.0,0.0753,0.07756488170406461,22.648817040646087
US,1975-02-28,10.0,0.0746,0.07713830515960485,25.383051596048478
US,1975-03-31,10.0,0.0801,0.08357691591008876,34.769159100887514
US,1975-04-30,10.0,0.08310000000000001,0.08575920357204536,26.592035720453545
US,1975-05-31,10.0,0.08039999999999999,0.08372972287444336,33.297228744433724
US,1975-06-30,10.0,0.0796,0.0819601369649543,23.60136964954296
US,1975-07-31,10.0,0.08199999999999999,0.08425163684956583,22.516368495658355
US,1975-08-31,10.0,0.08220000000000001,0.08430609673960476,21.06096739604754
US,1975-09-30,10.0,0.0848,0.08692975128740099,21.29751287400991
US,1975-10-31,10.0,0.0791,0.08172489811907813,26.24898119078123
US,1975-11-30,10.0,0.0814,0.08403784044377538,26.3784044377538
US,1975-12-31,10.0,0.0776,0.08017526030661193,25.752603066119264
US,1976-01-31,10.0,0.078,0.08086635096556472,28.66350965564715
US,1976-02-29,10.0,0.07769999999999999,0.08032086277390471,26.208627739047195
US,1976-03-31,10.0,0.0766,0.07912969849977514,25.29698499775135
US,1976-04-30,10.0,0.0767,0.07942834338070814,27.283433807081398
US,1976-05-31,10.0,0.0796,0.08195037927839488,23.50379278394876
US,1976-06-30,10.0,0.0786,0.08122138084437802,26.213808443780184
US,1976-07-31,10.0,0.0786,0.08161114673023473,30.11146730234726
US,1976-08-31,10.0,0.0766,0.07976383626058814,31.638362605881376
US,1976-09-30,10.0,0.0755,0.07857916988724889,30.791698872488922
US,1976-10-31,10.0,0.0742,0.07751721464708439,33.17214647084385
US,1976-11-30,10.0,0.0701,0.07426866227491757,41.68662274917578
US,1976-12-31,10.0,0.0681,0.07134348803391344,32.434880339134445
US,1977-01-31,10.0,0.07400000000000001,0.0771260385512198,31.260385512197896
US,1977-02-28,10.0,0.0745,0.07757763230122405,30.776323012240564
US,1977-02-28,30.0,0.078,0.08299378382206601,49.93783822066014
US,1977-03-31,10.0,0.0742,0.07729121106794135,30.912110679413434
US,1977-03-31,30.0,0.0779,0.08300957099520279,51.09570995202789
US,1977-04-30,10.0,0.0745,0.07762050498278206,31.205049827820602
US,1977-04-30,30.0,0.078,0.08316209471547387,51.620947154738666
US,1977-05-31,10.0,0.0738,0.07677891497794209,29.789149779420875
US,1977-05-31,30.0,0.0774,0.08221232635265419,48.12326352654189
US,1977-06-30,10.0,0.07200000000000001,0.07479416702426,27.94167024259997
US,1977-06-30,30.0,0.0758,0.0798195958917276,40.19595891727595
US,1977-07-31,10.0,0.0742,0.07677698665308874,25.76986653088739
US,1977-07-31,30.0,0.07719999999999999,0.08120475438658747,40.047543865874836
US,1977-08-31,10.0,0.0728,0.07517350283247493,23.73502832474922
US,1977-08-31,30.0,0.076,0.08037042188197674,43.70421881976741
US,1977-09-30,10.0,0.0741,0.07640030599557979,23.003059955797877
US,1977-09-30,30.0,0.0768,0.0809276282919833,41.276282919833065
US,1977-10-31,10.0,0.0762,0.07822111066379245,20.21110663792444
US,1977-10-31,30.0,0.0783,0.08209922942959813,37.99229429598136
US,1977-11-30,10.0,0.0755,0.07757249683005396,20.724968300539633
US,1977-11-30,30.0,0.0783,0.08266166509091577,43.616650909157755
US,1977-12-31,10.0,0.07780000000000001,0.08015357826590397,23.535782659039604
US,1977-12-31,30.0,0.0803,0.08429916246532732,39.99162465327319
US,1978-01-31,10.0,0.0794,0.08174459500428921,23.44595004289213
US,1978-01-31,30.0,0.0818,0.08536866173124125,35.68661731241249
US,1978-02-28,10.0,0.08039999999999999,0.08270293249428051,23.029324942805268
US,1978-02-28,30.0,0.0825,0.08623604266232165,37.36042662321651
US,1978-03-31,10.0,0.0815,0.08386153642162997,23.615364216299646
US,1978-03-31,30.0,0.0833,0.086603696382195,33.03696382195007
US,1978-04-30,10.0,0.0824,0.08465651971276222,22.565197127622227
US,1978-04-30,30.0,0.0839,0.08701811708126184,31.18117081261834
US,1978-05-31,10.0,0.0842,0.08649293079842169,22.929307984216884
US,1978-05-31,30.0,0.085,0.0874369920316811,24.369920316810873
US,1978-06-30,10.0,0.0862,0.08853810250577632,23.381025057763182
US,1978-06-30,30.0,0.0862,0.08740104512577807,12.010451257780662
US,1978-07-31,10.0,0.08560000000000001,0.08785270790080024,22.527079008002325
US,1978-07-31,30.0,0.08560000000000001,0.08708714370725734,14.871437072573324
US,1978-08-31,10.0,0.0839,0.08554568991118505,16.456899111850497
US,1978-08-31,30.0,0.08460000000000001,0.0872254689780847,26.254689780846885
US,1978-09-30,10.0,0.08560000000000001,0.08752523107864763,19.25231078647616
US,1978-09-30,30.0,0.0861,0.08794154896360418,18.41548963604181
US,1978-10-31,10.0,0.08960000000000001,0.09088664145501357,12.866414550135596
US,1978-10-31,30.0,0.08869999999999999,0.08939565501261115,6.9565501261116545
US,1978-11-30,10.0,0.0886,0.08995859411815732,13.585941181573219
US,1978-11-30,30.0,0.08800000000000001,0.08938837971735136,13.88379717351354
US,1978-12-31,10.0,0.0915,0.09264201769900349,11.420176990034891
US,1978-12-31,30.0,0.08960000000000001,0.08967930941075686,0.7930941075684483
US,1979-01-31,10.0,0.0895,0.09117608505789154,16.760850578915466
US,1979-01-31,30.0,0.0885,0.08892532514575802,4.253251457580209
US,1979-02-28,10.0,0.0917,0.09311444052814966,14.14440528149652
US,1979-02-28,30.0,0.0908,0.0913765282572987,5.765282572986891
US,1979-03-31,10.0,0.0911,0.09264618198280217,15.461819828021667
US,1979-03-31,30.0,0.0902,0.09064224635904106,4.422463590410541
US,1979-04-30,10.0,0.0935,0.09541326053690558,19.132605369055756
US,1979-04-30,30.0,0.0922,0.09269221956690377,4.922195669037621
US,1979-05-31,10.0,0.0906,0.0925032972220936,19.032972220936056
US,1979-05-31,30.0,0.0908,0.09293556751803678,21.35567518036771
US,1979-06-30,10.0,0.08810000000000001,0.0902043284274252,21.04328427425195
US,1979-06-30,30.0,0.0883,0.0905984452929578,22.98445292957793
US,1979-07-31,10.0,0.0901,0.09196732102765082,18.673210276508172
US,1979-07-31,30.0,0.08990000000000001,0.09192525643335148,20.252564333514687
US,1979-08-31,10.0,0.0924,0.09382928973340054,14.292897334005488
US,1979-08-31,30.0,0.0909,0.09165266029257024,7.5266029257024805
US,1979-09-30,10.0,0.0944,0.09605675687055748,16.567568705574825
US,1979-09-30,30.0,0.0925,0.09219213421897132,-3.0786578102867668
US,1979-10-31,10.0,0.1072,0.10753520595467148,3.3520595467147194
US,1979-10-31,30.0,0.10189999999999999,0.09598678357616008,-59.13216423839906
US,1979-11-30,10.0,0.1038,0.10561268689568215,18.126868956821475
US,1979-11-30,30.0,0.1009,0.10090910351706861,0.0910351706860657
US,1979-12-31,10.0,0.1033,0.1052532516053486,19.53251605348594
US,1979-12-31,30.0,0.1011,0.10075448583605295,-3.455141639470416
US,1980-01-31,10.0,0.11130000000000001,0.11408994147438412,27.899414743841056
US,1980-01-31,30.0,0.1109,0.11151797137247588,6.179713724758784
US,1980-02-29,10.0,0.1272,0.12650992590054755,-6.90074099452459
US,1980-02-29,30.0,0.1225,0.12503877622902548,25.387762290254855
US,1980-03-31,10.0,0.1264,0.1269203340057108,5.203340057107764
US,1980-03-31,30.0,0.1231,0.11833965348930198,-47.603465106980245
US,1980-04-30,10.0,0.1076,0.11043777751506711,28.377775150671138
US,1980-04-30,30.0,0.10890000000000001,0.11208831745268366,31.883174526836505
US,1980-05-31,10.0,0.1025,0.10718019974019666,46.80199740196664
US,1980-05-31,30.0,0.10369999999999999,0.10574296582059595,20.4296582059596
US,1980-06-30,10.0,0.1009,0.10638069017422414,54.806901742241315
US,1980-06-30,30.0,0.0999,0.10058455363707663,6.84553637076632
US,1980-07-31,10.0,0.1076,0.11373385674741465,61.33856747414651
US,1980-07-31,30.0,0.10800000000000001,0.11235074970144154,43.50749701441531
US,1980-08-31,10.0,0.1155,0.11854401339800535,30.440133980053492
US,1980-08-31,30.0,0.1127,0.10930186467171166,-33.981353282883376
US,1980-09-30,10.0,0.1186,0.12179778245540174,31.977824554017403
US,1980-09-30,30.0,0.11699999999999999,0.11450349151257089,-24.965084874291055
US,1980-10-31,10.0,0.1246,0.12683862555481018,22.38625554810178
US,1980-10-31,30.0,0.1223,0.11823998448126227,-40.60015518737733
US,1980-11-30,10.0,0.1272,0.12842177487178352,12.217748717835153
US,1980-11-30,30.0,0.1232,0.12025427663797839,-29.457233620216183
US,1980-12-31,10.0,0.1243,0.12693180539515136,26.318053951513708
US,1980-12-31,30.0,0.1198,0.11550074346777683,-42.9925653222317
US,1981-01-31,10.0,0.1268,0.12973733838844304,29.373383884430392
US,1981-01-31,30.0,0.12279999999999999,0.11659568623752659,-62.043137624734065
US,1981-02-28,10.0,0.1343,0.13669813220049165,23.981322004916482
US,1981-02-28,30.0,0.1297,0.1210067537969064,-86.93246203093614
US,1981-03-31,10.0,0.1313,0.13430056184196193,30.005618419619296
US,1981-03-31,30.0,0.1265,0.11569444337816548,-108.05556621834522
US,1981-04-30,10.0,0.1411,0.1437176814362866,26.176814362866008
US,1981-04-30,30.0,0.1365,0.12634921705060953,-101.5078294939048
US,1981-05-31,10.0,0.135,0.13678471543030923,17.84715430309225
US,1981-05-31,30.0,0.1306,0.12052611717665473,-100.7388282334526
US,1981-06-30,10.0,0.1386,0.1402837245935462,16.837245935462096
US,1981-06-30,30.0,0.133,0.12032140740019304,-126.7859259980697
US,1981-07-31,10.0,0.1467,0.14832201132420342,16.220113242034206
US,1981-07-31,30.0,0.1396,0.12244470645469652,-171.55293545303485
US,1981-08-31,10.0,0.15410000000000001,0.155182702708903,10.827027089029828
US,1981-08-31,30.0,0.1478,0.12815675822528205,-196.43241774717936
US,1981-09-30,10.0,0.15839999999999999,0.1613695143773739,29.69514377373916
US,1981-09-30,30.0,0.1519,0.1240419874035541,-278.58012596445906
US,1981-10-31,10.0,0.1463,0.15089318754715553,45.93187547155514
US,1981-10-31,30.0,0.1436,0.12773257812289862,-158.67421877101384
US,1981-11-30,10.0,0.1313,0.13818156748486854,68.81567484868539
US,1981-11-30,30.0,0.1291,0.12314334909506641,-59.56650904933581
US,1981-12-31,10.0,0.1398,0.14498778464195383,51.877846419538244
US,1981-12-31,30.0,0.1365,0.12222885376597836,-142.71146234021649
US,1982-01-31,10.0,0.1414,0.14565141015571026,42.51410155710261
US,1982-01-31,30.0,0.1391,0.127816386142666,-112.83613857334007
US,1982-02-28,10.0,0.14029999999999998,0.14425724089529224,39.57240895292258
US,1982-02-28,30.0,0.1383,0.128846978137249,-94.53021862751015
US,1982-03-31,10.0,0.1418,0.14505647798430843,32.5647798430842
US,1982-03-31,30.0,0.1368,0.1267450621369286,-100.54937863071406
US,1982-04-30,10.0,0.1387,0.14328496200081986,45.8496200081987
US,1982-04-30,30.0,0.13390000000000002,0.12583812486418755,-80.61875135812468
US,1982-05-31,10.0,0.1371,0.1411910607749578,40.910607749578
US,1982-05-31,30.0,0.13390000000000002,0.12499055107228063,-89.09448927719387
US,1982-06-30,10.0,0.1444,0.14773820103646318,33.38201036463179
US,1982-06-30,30.0,0.1391,0.12626033193628228,-128.39668063717724
US,1982-07-31,10.0,0.1368,0.14158570290666295,47.85702906662942
US,1982-07-31,30.0,0.13419999999999999,0.1269721992684223,-72.27800731577693
US,1982-08-31,10.0,0.1281,0.13311244912360576,50.124491236057665
US,1982-08-31,30.0,0.125,0.1227032590503705,-22.967409496295055
US,1982-09-30,10.0,0.1173,0.12140261977230815,41.026197723081495
US,1982-09-30,30.0,0.11789999999999999,0.12768722245391984,97.87222453919844
US,1982-10-31,10.0,0.10710000000000001,0.11092263036405603,38.22630364056015
US,1982-10-31,30.0,0.1101,0.1242248246259221,141.248246259221
US,1982-11-30,10.0,0.1079,0.11271791001207676,48.17910012076765
US,1982-11-30,30.0,0.107,0.10737785802865751,3.7785802865751563
US,1982-12-31,10.0,0.1036,0.10762409029465303,40.24090294653032
US,1982-12-31,30.0,0.1043,0.10335409086105374,-9.45909138946266
US,1983-01-31,10.0,0.10800000000000001,0.11318341002630161,51.83410026301599
US,1983-01-31,30.0,0.1099,0.11098975235814379,10.897523581437918
US,1983-02-28,10.0,0.1027,0.10764427499523088,49.44274995230882
US,1983-02-28,30.0,0.1051,0.10769591606437579,25.959160643757862
US,1983-03-31,10.0,0.10619999999999999,0.11058799076585268,43.87990765852695
US,1983-03-31,30.0,0.1069,0.10688673617451983,-0.132638254801698
US,1983-04-30,10.0,0.1027,0.10710441325264619,44.044132526461915
US,1983-04-30,30.0,0.1038,0.10445831082091805,6.58310820918051
US,1983-05-31,10.0,0.1081,0.11233165444528725,42.31654445287253
US,1983-05-31,30.0,0.1097,0.11024456450173337,5.4456450173336055
US,1983-06-30,10.0,0.1096,0.11378404588325464,41.84045883254633
US,1983-06-30,30.0,0.1101,0.10867359737088167,-14.26402629118334
US,1983-07-31,10.0,0.1176,0.12222753986342139,46.2753986342139
US,1983-07-31,30.0,0.11800000000000001,0.11540511196552905,-25.948880344709575
US,1983-08-31,10.0,0.1198,0.12472038612449587,49.20386124495871
US,1983-08-31,30.0,0.11960000000000001,0.11702641086124288,-25.735891387571318
US,1983-09-30,10.0,0.1144,0.11919172549357859,47.91725493578591
US,1983-09-30,30.0,0.1144,0.11214278472291217,-22.57215277087832
US,1983-10-31,10.0,0.1174,0.12306475698348485,56.64756983484842
US,1983-10-31,30.0,0.11779999999999999,0.11734217603028374,-4.578239697162479
US,1983-11-30,10.0,0.11630000000000001,0.12136003468138234,50.60034681382331
US,1983-11-30,30.0,0.1167,0.11582924886799062,-8.707511320093786
US,1983-12-31,10.0,0.1182,0.12336730958504738,51.67309585047381
US,1983-12-31,30.0,0.11869999999999999,0.11943175364881964,7.317536488196525
US,1984-01-31,10.0,0.1167,0.12221832130474186,55.18321304741863
US,1984-01-31,30.0,0.11779999999999999,0.1216470693742322,38.47069374232209
US,1984-02-29,10.0,0.1204,0.12604260487691188,56.42604876911886
US,1984-02-29,30.0,0.12140000000000001,0.1241259657032221,27.259657032220886
US,1984-03-31,10.0,0.1253,0.13111547306828752,58.1547306828753
US,1984-03-31,30.0,0.1252,0.13006346331594254,48.63463315942534
US,1984-04-30,10.0,0.1282,0.1341802532942613,59.802532942613006
US,1984-04-30,30.0,0.1286,0.13291428977492603,43.14289774926039
US,1984-05-31,10.0,0.1391,0.14563647965589288,65.36479655892879
US,1984-05-31,30.0,0.1384,0.143376493070416,49.76493070416005
US,1984-06-30,10.0,0.1384,0.14440256817625463,60.025681762546355
US,1984-06-30,30.0,0.1364,0.13289223004046824,-35.07769959531753
US,1984-07-31,10.0,0.1291,0.13384691993682107,47.46919936821081
US,1984-07-31,30.0,0.12869999999999998,0.12956239741553377,8.623974155337887
US,1984-08-31,10.0,0.12789999999999999,0.13216029945010255,42.60299450102561
US,1984-08-31,30.0,0.1251,0.11956471257110546,-55.35287428894531
US,1984-09-30,10.0,0.1247,0.12874506773042937,40.45067730429369
US,1984-09-30,30.0,0.12279999999999999,0.12147530703185816,-13.24692968141833
US,1984-10-31,10.0,0.11789999999999999,0.1227947515315353,48.947515315353044
US,1984-10-31,30.0,0.1164,0.1165894370870042,1.8943708700419615
US,1984-11-30,10.0,0.1158,0.12089196765082799,50.91967650827991
US,1984-11-30,30.0,0.1158,0.11555063383646114,-2.493661635388639
US,1984-12-31,10.0,0.1155,0.12127951561227279,57.79515612272787
US,1984-12-31,30.0,0.11539999999999999,0.1143941467300047,-10.05853269995291
US,1985-01-31,10.0,0.1117,0.11701175963949817,53.11759639498176
US,1985-01-31,30.0,0.1121,0.1135876283552344,14.876283552343883
US,1985-02-28,10.0,0.1191,0.12479759124364542,56.97591243645425
US,1985-02-28,30.0,0.11900000000000001,0.11558000483423148,-34.19995165768533
US,1985-03-31,10.0,0.1165,0.12202957570496542,55.29575704965414
US,1985-03-31,30.0,0.1164,0.11267327673226069,-37.26723267739318
US,1985-04-30,10.0,0.11410000000000001,0.12005033606238169,59.50336062381684
US,1985-04-30,30.0,0.1148,0.11284040154396169,-19.595984560383112
US,1985-05-31,10.0,0.10279999999999999,0.10798153585357984,51.81535853579847
US,1985-05-31,30.0,0.1058,0.10871878760537634,29.187876053763382
US,1985-06-30,10.0,0.1025,0.10797566509555323,54.756650955532365
US,1985-06-30,30.0,0.1047,0.10654350050796224,18.435005079622396
US,1985-07-31,10.0,0.1057,0.11133797500922493,56.379750092249296
US,1985-07-31,30.0,0.107,0.10682769242661094,-1.72307573389055
US,1985-08-31,10.0,0.10279999999999999,0.10777532187700345,49.75321877003461
US,1985-08-31,30.0,0.1048,0.10508671525084456,2.867152508445603
US,1985-09-30,10.0,0.10310000000000001,0.10841477140429712,53.14771404297105
US,1985-09-30,30.0,0.1057,0.10677417909375664,10.741790937566359
US,1985-10-31,10.0,0.1001,0.10506780330926202,49.678033092620254
US,1985-10-31,30.0,0.10279999999999999,0.10418431918984106,13.843191898410684
US,1985-11-30,10.0,0.0959,0.1001913028729049,42.91302872904898
US,1985-11-30,30.0,0.0986,0.0990179001724576,4.179001724576025
US,1985-12-31,10.0,0.09,0.09375200121166616,37.52001211666162
US,1985-12-31,30.0,0.09269999999999999,0.09280476064979015,1.0476064979016153
US,1986-01-31,10.0,0.0908,0.09488930836821097,40.89308368210961
US,1986-01-31,30.0,0.0934,0.09522925030549989,18.29250305499894
US,1986-02-28,10.0,0.08130000000000001,0.08365959522116939,23.595952211693806
US,1986-02-28,30.0,0.0827,0.08434925828257867,16.492582825786695
US,1986-03-31,10.0,0.0739,0.07608392149626875,21.839214962687535
US,1986-03-31,30.0,0.07440000000000001,0.07604553394492175,16.455339449217426
US,1986-04-30,10.0,0.0738,0.07589986396770532,20.99863967705312
US,1986-04-30,30.0,0.0747,0.07578266318032756,10.82663180327556
US,1986-05-31,10.0,0.0805,0.08286598160522374,23.659816052237353
US,1986-05-31,30.0,0.0774,0.07572800035509175,-16.71999644908245
US,1986-06-30,10.0,0.0735,0.07539604183994886,18.960418399488617
US,1986-06-30,30.0,0.0724,0.07273557725411295,3.3557725411294257
US,1986-07-31,10.0,0.07339999999999999,0.0757218119737253,23.21811973725302
US,1986-07-31,30.0,0.0746,0.07739702564753959,27.97025647539586
US,1986-08-31,10.0,0.0695,0.07214776707081416,26.477670708141552
US,1986-08-31,30.0,0.0721,0.07621101037195133,41.11010371951329
US,1986-09-30,10.0,0.0745,0.07726877570191237,27.687757019123765
US,1986-09-30,30.0,0.076,0.07931977167311888,33.19771673118879
US,1986-10-31,10.0,0.07339999999999999,0.07642350251018049,30.235025101804926
US,1986-10-31,30.0,0.0761,0.08045376489059963,43.53764890599632
US,1986-11-30,10.0,0.07150000000000001,0.0740936429855601,25.93642985560085
US,1986-11-30,30.0,0.0741,0.07861623309481636,45.16233094816358
US,1986-12-31,10.0,0.0723,0.0747832898121863,24.8328981218629
US,1986-12-31,30.0,0.07490000000000001,0.07930679374191141,44.067937419113996
US,1987-01-31,10.0,0.0718,0.07438497233699959,25.849723369995857
US,1987-01-31,30.0,0.0748,0.08015362988122487,53.536298812248695
US,1987-02-28,10.0,0.0719,0.07450862372918388,26.086237291838703
US,1987-02-28,30.0,0.0748,0.08003649949002933,52.36499490029328
US,1987-03-31,10.0,0.0751,0.07801088791949362,29.10887919493621
US,1987-03-31,30.0,0.0781,0.08395851523344766,58.58515233447659
US,1987-04-30,10.0,0.0821,0.08510764976603324,30.07649766033238
US,1987-04-30,30.0,0.08449999999999999,0.09022969801871561,57.29698018715618
US,1987-05-31,10.0,0.0849,0.0880050538700694,31.05053870069402
US,1987-05-31,30.0,0.08650000000000001,0.09119854147046502,46.98541470465015
US,1987-06-30,10.0,0.08380000000000001,0.08691993180785551,31.19931807855497
US,1987-06-30,30.0,0.0851,0.08923595171811516,41.35951718115163
US,1987-07-31,10.0,0.0866,0.09018202402886577,35.82024028865774
US,1987-07-31,30.0,0.0889,0.0951782372623946,62.78237262394598
US,1987-08-31,10.0,0.09,0.09384304236036245,38.43042360362453
US,1987-08-31,30.0,0.0917,0.097302902550233,56.02902550232991
US,1987-09-30,10.0,0.09630000000000001,0.10038540364863513,40.85403648635119
US,1987-09-30,30.0,0.09789999999999999,0.10400124737912075,61.01247379120767
US,1987-10-31,10.0,0.0888,0.09282473771363842,40.247377136384124
US,1987-10-31,30.0,0.09029999999999999,0.09549302342126675,51.93023421266763
US,1987-11-30,10.0,0.08990000000000001,0.0940286959047909,41.286959047908965
US,1987-11-30,30.0,0.091,0.09559319211644435,45.9319211644435
US,1987-12-31,10.0,0.0883,0.09206014967766274,37.60149677662736
US,1987-12-31,30.0,0.0895,0.0940228374321681,45.22837432168109
US,1988-01-31,10.0,0.08259999999999999,0.08603312569904631,34.33125699046316
US,1988-01-31,30.0,0.0842,0.08883596536525262,46.359653652526255
US,1988-02-29,10.0,0.0816,0.08503118631076378,34.311863107637784
US,1988-02-29,30.0,0.0839,0.0895777758281262,56.777758281262024
US,1988-03-31,10.0,0.0857,0.0894288143469506,37.28814346950604
US,1988-03-31,30.0,0.0882,0.09480507380784897,66.05073807848972
US,1988-04-30,10.0,0.08869999999999999,0.09275154168277244,40.51541682772456
US,1988-04-30,30.0,0.0911,0.09800562026171811,69.05620261718107
US,1988-05-31,10.0,0.092,0.09594919800099189,39.49198000991888
US,1988-05-31,30.0,0.09300000000000001,0.09749027196537297,44.90271965372952
US,1988-06-30,10.0,0.0882,0.0915624885050621,33.624885050621
US,1988-06-30,30.0,0.08869999999999999,0.09190396002421686,32.0396002421687
US,1988-07-31,10.0,0.09119999999999999,0.0946781386766049,34.78138676604917
US,1988-07-31,30.0,0.09230000000000001,0.09674835852599872,44.483585259987166
US,1988-08-31,10.0,0.0925,0.09577891594459831,32.789159445983096
US,1988-08-31,30.0,0.0931,0.09665617263236537,35.561726323653644
US,1988-09-30,10.0,0.08869999999999999,0.0915432414411892,28.432414411892065
US,1988-09-30,30.0,0.0898,0.09384489506233673,40.44895062336726
US,1988-10-31,10.0,0.08650000000000001,0.08929771510237638,27.977151023763774
US,1988-10-31,30.0,0.0874,0.0909588489549058,35.58848954905797
US,1988-11-30,10.0,0.0906,0.09312820746598449,25.282074659844916
US,1988-11-30,30.0,0.0907,0.09307103344666645,23.710334466664484
US,1988-12-31,10.0,0.09140000000000001,0.09339068176911591,19.90681769115904
US,1988-12-31,30.0,0.09,0.08994571718632227,-0.5428281367772514
US,1989-01-31,10.0,0.0901,0.09191370360779016,18.13703607790165
US,1989-01-31,30.0,0.08839999999999999,0.08790286643557366,-4.971335644263358
US,1989-02-28,10.0,0.0932,0.09496160894612138,17.616089461213736
US,1989-02-28,30.0,0.09140000000000001,0.09068008636926717,-7.199136307328436
US,1989-03-31,10.0,0.09300000000000001,0.09431555868457897,13.155586845789575
US,1989-03-31,30.0,0.0911,0.09011599380866842,-9.84006191331585
US,1989-04-30,10.0,0.0902,0.09202151780476031,18.215178047603086
US,1989-04-30,30.0,0.0891,0.08942791205179912,3.2791205179912017
US,1989-05-31,10.0,0.086,0.08754462786152573,15.446278615257325
US,1989-05-31,30.0,0.086,0.08774753315669503,17.475331566950413
US,1989-06-30,10.0,0.081,0.08273680682291129,17.368068229112883
US,1989-06-30,30.0,0.0805,0.0815456685393634,10.456685393634007
US,1989-07-31,10.0,0.0782,0.08043788166723376,22.378816672337514
US,1989-07-31,30.0,0.07919999999999999,0.08223611432778921,30.36114327789219
US,1989-08-31,10.0,0.08259999999999999,0.0841273556621629,15.27355662162902
US,1989-08-31,30.0,0.0821,0.08309961637966312,9.996163796631151
US,1989-09-30,10.0,0.08310000000000001,0.08446746206790712,13.674620679071104
US,1989-09-30,30.0,0.0824,0.0831021086644812,7.021086644811991
US,1989-10-31,10.0,0.07919999999999999,0.08084622298219868,16.462229821986863
US,1989-10-31,30.0,0.07919999999999999,0.08079418036759978,15.941803675997846
US,1989-11-30,10.0,0.0784,0.08012180974591399,17.21809745913988
US,1989-11-30,30.0,0.079,0.08134363672900657,23.436367290065736
US,1989-12-31,10.0,0.0793,0.0809135141262709,16.13514126270907
US,1989-12-31,30.0,0.07980000000000001,0.08201552271517776,22.155227151777478
US,1990-01-31,10.0,0.0843,0.08634814212932573,20.481421293257334
US,1990-01-31,30.0,0.08460000000000001,0.08688812522302092,22.881252230209093
US,1990-02-28,10.0,0.0851,0.08700514621253252,19.051462125325298
US,1990-02-28,30.0,0.08539999999999999,0.08766937056457147,22.693705645714797
US,1990-03-31,10.0,0.08650000000000001,0.0882726757627097,17.726757627096884
US,1990-03-31,30.0,0.0863,0.08785163492195425,15.516349219542452
US,1990-04-30,10.0,0.0904,0.09245942384352546,20.594238435254624
US,1990-04-30,30.0,0.09,0.09142956205480646,14.295620548064603
US,1990-05-31,10.0,0.086,0.08789979211048071,18.99792110480719
US,1990-05-31,30.0,0.0858,0.08738208304322548,15.820830432254768
US,1990-06-30,10.0,0.0843,0.08622699880328133,19.269988032813295
US,1990-06-30,30.0,0.08410000000000001,0.08565294263964107,15.529426396410638
US,1990-07-31,10.0,0.0836,0.08607752998078522,24.77529980785223
US,1990-07-31,30.0,0.0842,0.08703763246560192,28.376324656019246
US,1990-08-31,10.0,0.0886,0.09179716331553522,31.971633155352258
US,1990-08-31,30.0,0.08990000000000001,0.09441311820349552,45.13118203495509
US,1990-09-30,10.0,0.0882,0.09138592511555932,31.85925115559318
US,1990-09-30,30.0,0.08960000000000001,0.09425330571386392,46.53305713863909
US,1990-10-31,10.0,0.08650000000000001,0.08983961493692649,33.396149369264855
US,1990-10-31,30.0,0.08779999999999999,0.09220950038219788,44.09500382197895
US,1990-11-30,10.0,0.08259999999999999,0.08537315507508936,27.731550750893646
US,1990-11-30,30.0,0.084,0.088078963317896,40.789633178959924
US,1990-12-31,10.0,0.0808,0.08364077115073187,28.407711507318773
US,1990-12-31,30.0,0.08259999999999999,0.08717828652405935,45.78286524059352
US,1991-01-31,10.0,0.0803,0.08330751321012642,30.075132101264195
US,1991-01-31,30.0,0.0821,0.08669980585363524,45.9980585363523
US,1991-02-28,10.0,0.0802,0.08315354733037994,29.535473303799463
US,1991-02-28,30.0,0.0819,0.08632023112929077,44.202311292907694
US,1991-03-31,10.0,0.0805,0.08336925752406832,28.692575240683166
US,1991-03-31,30.0,0.0824,0.0871171631298695,47.171631298695004
US,1991-04-30,10.0,0.0802,0.08334506997731861,31.45069977318615
US,1991-04-30,30.0,0.08199999999999999,0.08664358557076368,46.43585570763692
US,1991-05-31,10.0,0.0806,0.08381815573179208,32.18155731792072
US,1991-05-31,30.0,0.08259999999999999,0.08761483452542129,50.148345254213
US,1991-06-30,10.0,0.0824,0.08558620653098958,31.862065309895826
US,1991-06-30,30.0,0.0842,0.08904485982306709,48.44859823067094
US,1991-07-31,10.0,0.08199999999999999,0.08546893683030587,34.689368303058856
US,1991-07-31,30.0,0.0836,0.08820207377656475,46.02073776564755
US,1991-08-31,10.0,0.0782,0.08151993114238487,33.19931142384866
US,1991-08-31,30.0,0.0806,0.08604626904885548,54.462690488554784
US,1991-09-30,10.0,0.0747,0.07793861347244158,32.38613472441573
US,1991-09-30,30.0,0.0782,0.08491397203350282,67.1397203350281
US,1991-10-31,10.0,0.0747,0.07857629049832071,38.762904983207086
US,1991-10-31,30.0,0.0791,0.08758224622362532,84.82246223625312
US,1991-11-30,10.0,0.0738,0.07808430070256245,42.84300702562444
US,1991-11-30,30.0,0.0794,0.09009854784642113,106.9854784642113
US,1991-12-31,10.0,0.06709999999999999,0.07059742091123034,34.97420911230342
US,1991-12-31,30.0,0.0741,0.0853996383097495,112.99638309749504
US,1992-01-31,10.0,0.0731,0.07739080214850924,42.908021485092426
US,1992-01-31,30.0,0.07769999999999999,0.08644138743579921,87.4138743579922
US,1992-02-29,10.0,0.0727,0.07653266264818881,38.326626481888084
US,1992-02-29,30.0,0.078,0.08767881212663275,96.78812126632755
US,1992-03-31,10.0,0.0754,0.07921991689086294,38.19916890862945
US,1992-03-31,30.0,0.0796,0.08782767931205937,82.27679312059367
US,1992-04-30,10.0,0.0761,0.08035451688886175,42.54516888861748
US,1992-04-30,30.0,0.0806,0.08968184221841291,90.81842218412905
US,1992-05-31,10.0,0.0733,0.07729959861983571,39.99598619835704
US,1992-05-31,30.0,0.0784,0.08792004180658419,95.20041806584196
US,1992-06-30,10.0,0.07139999999999999,0.0755735908936166,41.73590893616602
US,1992-06-30,30.0,0.0779,0.08972350238050453,118.2350238050453
US,1992-07-31,10.0,0.0672,0.0711732552663833,39.73255266383299
US,1992-07-31,30.0,0.0746,0.0869438208327109,123.43820832710905
US,1992-08-31,10.0,0.0662,0.07031892476068125,41.1892476068125
US,1992-08-31,30.0,0.0742,0.08751628525390909,133.16285253909086
US,1992-09-30,10.0,0.0637,0.06765863992693211,39.58639926932101
US,1992-09-30,30.0,0.0738,0.09064492180212946,168.4492180212946
US,1992-10-31,10.0,0.068,0.07210361552729849,41.03615527298488
US,1992-10-31,30.0,0.07629999999999999,0.09081375338077091,145.1375338077092
US,1992-11-30,10.0,0.0695,0.07322893458841784,37.28934588417832
US,1992-11-30,30.0,0.0759,0.08682064210492979,109.20642104929796
US,1992-12-31,10.0,0.067,0.0703539828526627,33.539828526626955
US,1992-12-31,30.0,0.07400000000000001,0.08519522392167223,111.95223921672215
US,1993-01-31,10.0,0.0639,0.06739457121988113,34.94571219881129
US,1993-01-31,30.0,0.0721,0.08473594433965759,126.3594433965759
US,1993-02-28,10.0,0.0603,0.0634355999816163,31.35599981616298
US,1993-02-28,30.0,0.069,0.0812589052750432,122.58905275043197
US,1993-03-31,10.0,0.0603,0.063313828605702,30.138286057020057
US,1993-03-31,30.0,0.0693,0.08202120501376053,127.21205013760533
US,1993-04-30,10.0,0.0605,0.06386806725859318,33.680672585931774
US,1993-04-30,30.0,0.0695,0.08250617196681453,130.0617196681453
US,1993-05-31,10.0,0.0616,0.06471756167783793,31.175616778379293
US,1993-05-31,30.0,0.0698,0.08154560406690758,117.45604066907583
US,1993-06-30,10.0,0.057999999999999996,0.06072621253810451,27.26212538104511
US,1993-06-30,30.0,0.0668,0.07831069795448609,115.10697954486088
US,1993-07-31,10.0,0.0583,0.06093153474145119,26.3153474145119
US,1993-07-31,30.0,0.06570000000000001,0.07506235050189392,93.62350501893907
US,1993-08-31,10.0,0.0545,0.05683030325969529,23.303032596952917
US,1993-08-31,30.0,0.060899999999999996,0.06803808840380388,71.3808840380388
US,1993-09-30,10.0,0.054000000000000006,0.05616939530984988,21.693953098498724
US,1993-09-30,30.0,0.0604,0.06737211877088067,69.72118770880671
US,1993-10-31,10.0,0.054299999999999994,0.05639215727151714,20.921572715171465
US,1993-10-31,30.0,0.0596,0.06152787931778558,19.278793177855828
US,1993-11-30,10.0,0.0583,0.06085692048695135,25.569204869513516
US,1993-11-30,30.0,0.0629,0.06470278845759836,18.027884575983617
US,1993-12-31,10.0,0.0583,0.06080119967965203,25.011996796520318
US,1993-12-31,30.0,0.0635,0.0659148777174805,24.148777174805012
US,1994-01-31,10.0,0.057,0.0595474047215645,25.474047215644987
US,1994-01-31,30.0,0.0623,0.06539281574881528,30.928157488152795
US,1994-02-28,10.0,0.061500000000000006,0.06393887882857441,24.38878828574402
US,1994-02-28,30.0,0.0667,0.06970528937179465,30.05289371794659
US,1994-03-31,10.0,0.0677,0.07048750755148725,27.87507551487253
US,1994-03-31,30.0,0.0711,0.07309332288762982,19.933228876298227
US,1994-04-30,10.0,0.0706,0.0733077321041935,27.077321041935054
US,1994-04-30,30.0,0.0731,0.0745433278149581,14.433278149580953
US,1994-05-31,10.0,0.0717,0.07436687719433155,26.668771943315488
US,1994-05-31,30.0,0.07440000000000001,0.07581174496490717,14.117449649071606
US,1994-06-30,10.0,0.07339999999999999,0.07611169776415228,27.116977641522823
US,1994-06-30,30.0,0.07629999999999999,0.07809252076535,17.925207653500113
US,1994-07-31,10.0,0.0712,0.07384716118187828,26.471611818782854
US,1994-07-31,30.0,0.0739,0.0761557673010449,22.55767301044903
US,1994-08-31,10.0,0.0719,0.07451457386553462,26.14573865534611
US,1994-08-31,30.0,0.0746,0.07599414877817612,13.941487781761186
US,1994-09-30,10.0,0.0762,0.07894653966973642,27.465396697364113
US,1994-09-30,30.0,0.0782,0.07902685752614347,8.268575261434624
US,1994-10-31,10.0,0.0781,0.08094324508027273,28.43245080272727
US,1994-10-31,30.0,0.0797,0.0808816379002315,11.816379002315136
US,1994-11-30,10.0,0.0791,0.0812621264533322,21.621264533321916
US,1994-11-30,30.0,0.0799,0.08057768235908824,6.776823590882442
US,1994-12-31,10.0,0.0784,0.08006549855194911,16.654985519491127
US,1994-12-31,30.0,0.0789,0.07901056060677081,1.105606067708098
US,1995-01-31,10.0,0.076,0.07776829060451207,17.68290604512071
US,1995-01-31,30.0,0.0771,0.07793166336388246,8.316633638824623
US,1995-02-28,10.0,0.0722,0.07404785995907814,18.478599590781435
US,1995-02-28,30.0,0.0746,0.07582441453138244,12.24414531382445
US,1995-03-31,10.0,0.07200000000000001,0.07370549610996657,17.054961099665643
US,1995-03-31,30.0,0.07440000000000001,0.07581512926390155,14.151292639015406
US,1995-04-30,10.0,0.0707,0.07261120778189811,19.112077818981138
US,1995-04-30,30.0,0.07339999999999999,0.07525553708929023,18.555370892902324
US,1995-05-31,10.0,0.063,0.06456042414523955,15.604241452395474
US,1995-05-31,30.0,0.0667,0.06900607453576058,23.0607453576058
US,1995-06-30,10.0,0.0621,0.06358585615502177,14.858561550217669
US,1995-06-30,30.0,0.0663,0.06918969513719664,28.896951371966406
US,1995-07-31,10.0,0.0645,0.06622479222042466,17.247922204246535
US,1995-07-31,30.0,0.06860000000000001,0.07155562077807986,29.556207780798566
US,1995-08-31,10.0,0.06280000000000001,0.0642768928226145,14.768928226144979
US,1995-08-31,30.0,0.0665,0.06856274420253561,20.627442025356046
US,1995-09-30,10.0,0.0617,0.06303464526473013,13.346452647301291
US,1995-09-30,30.0,0.0649,0.06627073286650775,13.70732866507754
US,1995-10-31,10.0,0.0603,0.06172778038731619,14.277803873161895
US,1995-10-31,30.0,0.0634,0.06519641550097255,17.96415500972551
US,1995-11-30,10.0,0.0576,0.05888451797919236,12.84517979192365
US,1995-11-30,30.0,0.061399999999999996,0.0633488738267074,19.48873826707401
US,1995-12-31,10.0,0.0558,0.05700546235650927,12.05462356509271
US,1995-12-31,30.0,0.0596,0.061539093897172936,19.39093897172936
US,1996-01-31,10.0,0.055999999999999994,0.05749914173149784,14.991417314978438
US,1996-01-31,30.0,0.0603,0.06265514772266667,23.551477226666716
US,1996-02-29,10.0,0.0613,0.06310399630475261,18.039963047526072
US,1996-02-29,30.0,0.06480000000000001,0.06665454990407271,18.545499040727027
US,1996-03-31,10.0,0.0634,0.06495713966884309,15.57139668843091
US,1996-03-31,30.0,0.0667,0.06773160418994961,10.31604189949617
US,1996-04-30,10.0,0.0666,0.06841349986687106,18.134998668710573
US,1996-04-30,30.0,0.0689,0.06950601683737045,6.060168373704516
US,1996-05-31,10.0,0.06849999999999999,0.07031483922292225,18.148392229222626
US,1996-05-31,30.0,0.07,0.07025994913549383,2.5994913549381993
US,1996-06-30,10.0,0.0673,0.06919374313692028,18.93743136920284
US,1996-06-30,30.0,0.069,0.06979138799175844,7.913879917584299
US,1996-07-31,10.0,0.068,0.06988144375149452,18.81443751494516
US,1996-07-31,30.0,0.0698,0.0710561763355495,12.561763355495026
US,1996-08-31,10.0,0.0696,0.07154193231040273,19.419323104027384
US,1996-08-31,30.0,0.0713,0.07188911472060489,5.89114720604883
US,1996-09-30,10.0,0.0672,0.06909152268889152,18.9152268889152
US,1996-09-30,30.0,0.0693,0.07036662133987037,10.666213398703716
US,1996-10-31,10.0,0.0637,0.06544507149970058,17.450714997005733
US,1996-10-31,30.0,0.0666,0.06832586030998278,17.258603099827713
US,1996-11-30,10.0,0.060599999999999994,0.0620450198917164,14.450198917164078
US,1996-11-30,30.0,0.0636,0.06509251624885048,14.925162488504812
US,1996-12-31,10.0,0.0643,0.06594063840054432,16.406384005443197
US,1996-12-31,30.0,0.0665,0.06789444755451912,13.944475545191182
US,1997-01-31,10.0,0.0653,0.06712120753765238,18.212075376523863
US,1997-01-31,30.0,0.068,0.06990950639207694,19.095063920769316
US,1997-02-28,10.0,0.06559999999999999,0.0671737374828123,15.737374828123096
US,1997-02-28,30.0,0.068,0.06917516027087922,11.751602708792163
US,1997-03-31,10.0,0.0692,0.07085901255280902,16.590125528090223
US,1997-03-31,30.0,0.071,0.07186445572904376,8.6445572904377
US,1997-04-30,10.0,0.0672,0.06876974099187083,15.697409918708354
US,1997-04-30,30.0,0.0695,0.07075415143482733,12.54151434827322
US,1997-05-31,10.0,0.0667,0.06829769077313252,15.97690773132529
US,1997-05-31,30.0,0.0692,0.0708662177504722,16.66217750472196
US,1997-06-30,10.0,0.06509999999999999,0.0665071029333888,14.071029333888042
US,1997-06-30,30.0,0.068,0.06984450883753146,18.445088375314555
US,1997-07-31,10.0,0.0602,0.061385697796728866,11.856977967288698
US,1997-07-31,30.0,0.063,0.06466900885038496,16.690088503849566
US,1997-08-31,10.0,0.0634,0.06470993368941613,13.099336894161345
US,1997-08-31,30.0,0.0661,0.06757308570541931,14.730857054193052
US,1997-09-30,10.0,0.061200000000000004,0.06241523971547891,12.152397154789051
US,1997-09-30,30.0,0.0641,0.06575936871708876,16.593687170887577
US,1997-10-31,10.0,0.0584,0.05940124644384137,10.012464438413707
US,1997-10-31,30.0,0.061500000000000006,0.06308073988816165,15.80739888161646
US,1997-11-30,10.0,0.058600000000000006,0.05949565202284002,8.956520228400114
US,1997-11-30,30.0,0.0604,0.061279474746315454,8.79474746315452
US,1997-12-31,10.0,0.0575,0.05837792118319385,8.779211831938458
US,1997-12-31,30.0,0.0593,0.06007796565943724,7.779656594372394
US,1998-01-31,10.0,0.0553,0.056280809415028,9.808094150279972
US,1998-01-31,30.0,0.0582,0.059607340639500794,14.073406395007925
US,1998-02-28,10.0,0.0562,0.05699015533126417,7.9015533126416955
US,1998-02-28,30.0,0.0592,0.06051856147246126,13.185614724612604
US,1998-03-31,10.0,0.0567,0.057479076280495534,7.790762804955332
US,1998-03-31,30.0,0.0594,0.06053409803941312,11.340980394131186
US,1998-04-30,10.0,0.056799999999999996,0.05759904195751386,7.990419575138671
US,1998-04-30,30.0,0.059500000000000004,0.06056290273863696,10.629027386369547
US,1998-05-31,10.0,0.0556,0.05630368548193321,7.036854819332111
US,1998-05-31,30.0,0.0581,0.0590347792241277,9.347792241276991
US,1998-06-30,10.0,0.054400000000000004,0.05500636429154859,6.0636429154858895
US,1998-06-30,30.0,0.0562,0.05670178546706972,5.017854670697208
US,1998-07-31,10.0,0.055,0.05568528026197206,6.852802619720586
US,1998-07-31,30.0,0.0572,0.05801461690419818,8.146169041981787
US,1998-08-31,10.0,0.050499999999999996,0.051318383621668406,8.183836216684101
US,1998-08-31,30.0,0.053,0.05349615477327263,4.961547732726321
US,1998-09-30,10.0,0.0444,0.04511560562675765,7.156056267576469
US,1998-09-30,30.0,0.049800000000000004,0.05081114708000256,10.111470800025572
US,1998-10-31,10.0,0.0464,0.04750730784389279,11.073078438927908
US,1998-10-31,30.0,0.051500000000000004,0.05235212931217781,8.521293121778045
US,1998-11-30,10.0,0.047400000000000005,0.0482132028747746,8.13202874774592
US,1998-11-30,30.0,0.0508,0.0509318172853197,1.3181728531970471
US,1998-12-31,10.0,0.04650000000000001,0.047048660090222905,5.486600902228981
US,1998-12-31,30.0,0.0509,0.05091065729837507,0.106572983750719
US,1999-01-31,10.0,0.0466,0.04717912087764908,5.791208776490809
US,1999-01-31,30.0,0.0509,0.05113442735976648,2.344273597664759
US,1999-02-28,10.0,0.0529,0.053612955346929114,7.129553469291117
US,1999-02-28,30.0,0.0557,0.055362758167154524,-3.3724183284547515
US,1999-03-31,10.0,0.0525,0.05323073410774315,7.307341077431515
US,1999-03-31,30.0,0.056299999999999996,0.05619469365045715,-1.053063495428455
US,1999-04-30,10.0,0.0536,0.05444751065146347,8.475106514634692
US,1999-04-30,30.0,0.056799999999999996,0.056753129010104875,-0.46870989895121673
US,1999-05-31,10.0,0.0564,0.05708931285792462,6.8931285792462464
US,1999-05-31,30.0,0.0584,0.05752793582560023,-8.720641743997712
US,1999-06-30,10.0,0.0581,0.05903664758396787,9.366475839678728
US,1999-06-30,30.0,0.059800000000000006,0.05886504156770744,-9.349584322925624
US,1999-07-31,10.0,0.0592,0.06006809710443184,8.680971044318364
US,1999-07-31,30.0,0.0611,0.06031666133963309,-7.8333866036690845
US,1999-08-31,10.0,0.059800000000000006,0.06059336891636535,7.933689163653473
US,1999-08-31,30.0,0.060700000000000004,0.05860712980984628,-20.928701901537227
US,1999-09-30,10.0,0.059000000000000004,0.05983107706950941,8.310770695094046
US,1999-09-30,30.0,0.060599999999999994,0.0588167079812445,-17.83292018755496
US,1999-10-31,10.0,0.0602,0.06101728384382543,8.17283843825435
US,1999-10-31,30.0,0.0616,0.06007216868552501,-15.27831314474995
US,1999-11-30,10.0,0.061799999999999994,0.06276616635829901,9.6616635829902
US,1999-11-30,30.0,0.0629,0.061492211039639866,-14.077889603601317
US,1999-12-31,10.0,0.0645,0.06558432317085283,10.8432317085283
US,1999-12-31,30.0,0.06480000000000001,0.06289301285366156,-19.06987146338454
US,2000-01-31,10.0,0.0668,0.0678363196113303,10.363196113302998
US,2000-01-31,30.0,0.0649,0.06322607267249825,-16.739273275017535
US,2000-02-29,10.0,0.0642,0.06465249002002538,4.52490020025384
US,2000-02-29,30.0,0.061500000000000006,0.05897005750240791,-25.299424975920928
US,2000-03-31,10.0,0.0603,0.06044183485590793,1.4183485590792828
US,2000-03-31,30.0,0.0584,0.05586804939136503,-25.319506086349737
US,2000-04-30,10.0,0.0623,0.06244899423266559,1.4899423266558771
US,2000-04-30,30.0,0.059699999999999996,0.057022418702401545,-26.77581297598451
US,2000-05-31,10.0,0.0629,0.06317456207669592,2.7456207669591945
US,2000-05-31,30.0,0.0602,0.057074995457951916,-31.250045420480806
US,2000-06-30,10.0,0.0603,0.06064923098966535,3.4923098966534867
US,2000-06-30,30.0,0.059000000000000004,0.05665690299010584,-23.430970098941643
US,2000-07-31,10.0,0.0604,0.060906688629972505,5.066886299725029
US,2000-07-31,30.0,0.0579,0.05546739985594917,-24.326001440508268
US,2000-08-31,10.0,0.057300000000000004,0.05742297166832189,1.2297166832188344
US,2000-08-31,30.0,0.0567,0.05508692843097185,-16.130715690281516
US,2000-09-30,10.0,0.057999999999999996,0.058553365413722025,5.53365413722029
US,2000-09-30,30.0,0.0588,0.0579341560665263,-8.658439334736991
US,2000-10-31,10.0,0.057699999999999994,0.05827817734066798,5.781773406679861
US,2000-10-31,30.0,0.0579,0.057027645977859365,-8.723540221406353
US,2000-11-30,10.0,0.0548,0.055504804970489596,7.048049704895948
US,2000-11-30,30.0,0.055999999999999994,0.05585874995338669,-1.4125004661330598
US,2000-12-31,10.0,0.0512,0.05188730769817296,6.87307698172955
US,2000-12-31,30.0,0.0546,0.05547026605534611,8.702660553461042
US,2001-01-31,10.0,0.0519,0.05316015050118872,12.60150501188717
US,2001-01-31,30.0,0.0554,0.05667101428050181,12.710142805018101
US,2001-02-28,10.0,0.0492,0.05011715822716245,9.171582271624498
US,2001-02-28,30.0,0.053399999999999996,0.0543147076597994,9.147076597994033
US,2001-03-31,10.0,0.0493,0.05045868954255517,11.586895425551718
US,2001-03-31,30.0,0.0546,0.0561897774301745,15.897774301745008
US,2001-04-30,10.0,0.0535,0.055074250191073704,15.742501910737047
US,2001-04-30,30.0,0.057800000000000004,0.059283755863155596,14.83755863155592
US,2001-05-31,10.0,0.054299999999999994,0.056112986991170954,18.129869911709605
US,2001-05-31,30.0,0.057800000000000004,0.05886053233874455,10.605323387445493
US,2001-06-30,10.0,0.0542,0.055932374519705785,17.32374519705787
US,2001-06-30,30.0,0.0575,0.05853625032402432,10.362503240243168
US,2001-07-31,10.0,0.0507,0.052415724757370885,17.15724757370883
US,2001-07-31,30.0,0.055099999999999996,0.05691195669458282,18.119566945828254
US,2001-08-31,10.0,0.048499999999999995,0.04992278357828894,14.227835782889484
US,2001-08-31,30.0,0.053899999999999997,0.05603695541371212,21.36955413712123
US,2001-09-30,10.0,0.046,0.047787675982799094,17.876759827990945
US,2001-09-30,30.0,0.0542,0.05788065462261538,36.80654622615381
US,2001-10-31,10.0,0.043,0.04468469192162239,16.846919216223917
US,2001-10-31,30.0,0.0489,0.0506169385540296,17.169385540296012
US,2001-11-30,10.0,0.0478,0.049793077437668476,19.930774376684738
US,2001-11-30,30.0,0.0527,0.053577216392538096,8.772163925380994
US,2001-12-31,10.0,0.0507,0.052875670701225896,21.756707012258943
US,2001-12-31,30.0,0.0548,0.05554263777689927,7.426377768992714
US,2002-01-31,10.0,0.0507,0.052823448751218915,21.234487512189133
US,2002-01-31,30.0,0.054400000000000004,0.05513415036808644,7.341503680864392
US,2002-02-28,10.0,0.048799999999999996,0.05065271261502868,18.527126150286872
US,2002-02-28,30.0,0.0537,0.05472263367405761,10.226336740576103
US,2002-03-31,10.0,0.0542,0.05617049021955278,19.70490219552784
US,2002-04-30,10.0,0.051100000000000007,0.05314580624255272,20.458062425527114
US,2002-05-31,10.0,0.0508,0.053024608147687946,22.246081476879482
US,2002-06-30,10.0,0.048600000000000004,0.050817201976100845,22.17201976100841
US,2002-07-31,10.0,0.0451,0.047425243983125975,23.252439831259743
US,2002-08-31,10.0,0.0414,0.043298014681936614,18.980146819366148
US,2002-09-30,10.0,0.0363,0.037922528558119284,16.22528558119285
US,2002-10-31,10.0,0.0393,0.04135853826984581,20.585382698458112
US,2002-11-30,10.0,0.042199999999999994,0.0441855110524485,19.855110524485063
US,2002-12-31,10.0,0.0383,0.0402415761099828,19.41576109982801
US,2003-01-31,10.0,0.04,0.042015751206617935,20.157512066179343
US,2003-02-28,10.0,0.0371,0.038936374618188774,18.363746181887727
US,2003-03-31,10.0,0.0383,0.04027942833605547,19.794283360554665
US,2003-04-30,10.0,0.038900000000000004,0.040948673395404755,20.486733954047516
US,2003-05-31,10.0,0.0337,0.03534601472876342,16.46014728763419
US,2003-06-30,10.0,0.0354,0.03720768380859307,18.076838085930717
US,2003-07-31,10.0,0.0449,0.04754426815902413,26.442681590241254
US,2003-08-31,10.0,0.044500000000000005,0.04689782239895224,23.97822398952233
US,2003-09-30,10.0,0.039599999999999996,0.041807934641499456,22.079346414994593
US,2003-10-31,10.0,0.0433,0.04573355424292869,24.335542429286885
US,2003-11-30,10.0,0.0434,0.045632126848741184,22.321268487411825
US,2003-12-31,10.0,0.042699999999999995,0.04501487877028887,23.148787702888736
US,2004-01-31,10.0,0.0416,0.043763242800305635,21.63242800305637
US,2004-02-29,10.0,0.039900000000000005,0.04197951162439795,20.79511624397942
US,2004-03-31,10.0,0.038599999999999995,0.04063810117643141,20.381011764314117
US,2004-04-30,10.0,0.0453,0.047561175421056756,22.61175421056756
US,2004-05-31,10.0,0.0466,0.0488464140563043,22.464140563042967
US,2004-06-30,10.0,0.0462,0.04830819029200106,21.081902920010652
US,2004-07-31,10.0,0.045,0.046979547034559976,19.79547034559978
US,2004-08-31,10.0,0.041299999999999996,0.04303891583942554,17.389158394255436
US,2004-09-30,10.0,0.0414,0.04304320981568166,16.432098156816608
US,2004-10-31,10.0,0.0405,0.04207506921182058,15.750692118205803
US,2004-11-30,10.0,0.0436,0.045165789836430825,15.657898364308254
US,2004-12-31,10.0,0.0424,0.04385094189982275,14.509418998227483
US,2005-01-31,10.0,0.0414,0.042531500023544,11.315000235440007
US,2005-02-28,10.0,0.0436,0.044711985566994183,11.119855669941836
US,2005-03-31,10.0,0.045,0.046109746946635166,11.097469466351678
US,2005-04-30,10.0,0.0421,0.04306531703120853,9.65317031208529
US,2005-05-31,10.0,0.04,0.040774381829730366,7.743818297303654
US,2005-06-30,10.0,0.0394,0.04011044989433632,7.104498943363222
US,2005-07-31,10.0,0.042800000000000005,0.0435208311923827,7.208311923826982
US,2005-08-31,10.0,0.04019999999999999,0.040819326768941844,6.19326768941851
US,2005-09-30,10.0,0.0434,0.04412527215171358,7.252721517135782
US,2005-10-31,10.0,0.045700000000000005,0.04643715818099148,7.371581809914734
US,2005-11-30,10.0,0.0449,0.045513936741061745,6.139367410617422
US,2005-12-31,10.0,0.043899999999999995,0.04443413915145711,5.341391514571137
US,2006-01-31,10.0,0.0453,0.045890149279654624,5.90149279654624
US,2006-02-28,10.0,0.0455,0.045913718734601705,4.137187346017063
US,2006-02-28,30.0,0.0451,0.044550883412971976,-5.491165870280257
US,2006-03-31,10.0,0.048600000000000004,0.049260006068247986,6.600060682479814
US,2006-03-31,30.0,0.049,0.04876293416359556,-2.370658364044403
US,2006-04-30,10.0,0.0507,0.05162239585456141,9.223958545614073
US,2006-04-30,30.0,0.051699999999999996,0.051863969743020766,1.6396974302076983
US,2006-05-31,10.0,0.0512,0.052009598495106335,8.095984951063325
US,2006-05-31,30.0,0.0521,0.05219687554867436,0.9687554867435916
US,2006-06-30,10.0,0.051500000000000004,0.05224010539531743,7.401053953174225
US,2006-06-30,30.0,0.0519,0.05195899817732652,0.5899817732651913
US,2006-07-31,10.0,0.0499,0.05064673579832424,7.467357983242384
US,2006-07-31,30.0,0.0507,0.05099279271159851,2.9279271159850935
US,2006-08-31,10.0,0.047400000000000005,0.048012205796703844,6.122057967038394
US,2006-08-31,30.0,0.048799999999999996,0.04936850819824068,5.685081982406831
US,2006-09-30,10.0,0.0464,0.04698813048619255,5.881304861925507
US,2006-09-30,30.0,0.04769999999999999,0.04822091754337254,5.209175433725511
US,2006-10-31,10.0,0.0461,0.04665878659738598,5.587865973859795
US,2006-10-31,30.0,0.0472,0.04754694487015354,3.469448701535413
US,2006-11-30,10.0,0.0446,0.04505586751802815,4.558675180281469
US,2006-11-30,30.0,0.045599999999999995,0.045826519472384586,2.265194723845912
US,2006-12-31,10.0,0.0471,0.047634730165475814,5.347301654758107
US,2006-12-31,30.0,0.0481,0.048364174960324524,2.641749603245272
US,2007-01-31,10.0,0.0483,0.048867444790991366,5.67444790991363
US,2007-01-31,30.0,0.0493,0.04963793788562687,3.3793788562687386
US,2007-02-28,10.0,0.045599999999999995,0.04614152908583957,5.415290858395775
US,2007-02-28,30.0,0.046799999999999994,0.047110047705668734,3.100477056687395
US,2007-03-31,10.0,0.04650000000000001,0.047190919747761795,6.909197477617882
US,2007-03-31,30.0,0.0484,0.04906581438468538,6.6581438468538146
US,2007-04-30,10.0,0.0463,0.046991773530105085,6.917735301050845
US,2007-04-30,30.0,0.0481,0.04879194557786293,6.919455778629305
US,2007-05-31,10.0,0.049,0.04965602916910683,6.560291691068282
US,2007-05-31,30.0,0.0501,0.05050000286810974,4.000028681097404
US,2007-06-30,10.0,0.050300000000000004,0.05113921098437424,8.392109843742348
US,2007-06-30,30.0,0.0512,0.05161425467405034,4.142546740503391
US,2007-07-31,10.0,0.0478,0.04866566136948358,8.656613694835794
US,2007-07-31,30.0,0.0492,0.04980358963367415,6.035896336741494
US,2007-08-31,10.0,0.0454,0.046400429408639754,10.004294086397511
US,2007-08-31,30.0,0.0483,0.049576181603371294,12.761816033712917
US,2007-09-30,10.0,0.045899999999999996,0.047066469482947904,11.664694829479071
US,2007-09-30,30.0,0.0483,0.04938409159265067,10.84091592650667
US,2007-10-31,10.0,0.044800000000000006,0.04586471851565821,10.64718515658203
US,2007-10-31,30.0,0.047400000000000005,0.048538038698717534,11.380386987175292
US,2007-11-30,10.0,0.0397,0.04094125809186244,12.412580918624434
US,2007-11-30,30.0,0.044000000000000004,0.045608942245988215,16.089422459882112
US,2007-12-31,10.0,0.0404,0.041720461124666874,13.20461124666876
US,2007-12-31,30.0,0.044500000000000005,0.04605350672903685,15.53506729036848
US,2008-01-31,10.0,0.036699999999999997,0.038257129396683576,15.571293966835793
US,2008-01-31,30.0,0.0435,0.046104776247343215,26.047762473432183
US,2008-02-29,10.0,0.0353,0.03701991878217381,17.19918782173813
US,2008-02-29,30.0,0.0441,0.04763090611394927,35.30906113949267
US,2008-03-31,10.0,0.0345,0.03615760192987527,16.576019298752687
US,2008-03-31,30.0,0.043,0.04610752784041683,31.075278404168323
US,2008-04-30,10.0,0.0377,0.03921228177804559,15.122817780455906
US,2008-04-30,30.0,0.0449,0.04768305823652863,27.83058236528628
US,2008-05-31,10.0,0.0406,0.04213193894626599,15.319389462659927
US,2008-05-31,30.0,0.0472,0.04983529982169288,26.35299821692881
US,2008-06-30,10.0,0.039900000000000005,0.04137036243195946,14.70362431959457
US,2008-06-30,30.0,0.0453,0.04724119185451614,19.411918545161402
US,2008-07-31,10.0,0.039900000000000005,0.041497716425962894,15.97716425962889
US,2008-07-31,30.0,0.045899999999999996,0.04820288987260857,23.02889872608571
US,2008-08-31,10.0,0.0383,0.03977184728709382,14.718472870938193
US,2008-08-31,30.0,0.0443,0.046472997995495646,21.729979954956473
US,2008-09-30,10.0,0.0385,0.04025458872312959,17.54588723129592
US,2008-09-30,30.0,0.0431,0.044564218044948145,14.642180449481456
US,2008-10-31,10.0,0.0401,0.042595004771728506,24.950047717285095
US,2008-10-31,30.0,0.0435,0.04362934743638203,1.2934743638202961
US,2008-11-30,10.0,0.029300000000000003,0.030677347162330948,13.773471623309447
US,2008-11-30,30.0,0.0345,0.035258894719423894,7.588947194238916
US,2008-12-31,10.0,0.0225,0.02324930243765566,7.49302437655662
US,2008-12-31,30.0,0.0269,0.027008491687054548,1.0849168705454741
US,2009-01-31,10.0,0.0287,0.030053515626947247,13.535156269472472
US,2009-01-31,30.0,0.0358,0.03687923955135908,10.79239551359079
US,2009-02-28,10.0,0.0302,0.03148302717400786,12.830271740078594
US,2009-02-28,30.0,0.0371,0.03815555132415893,10.555513241589306
US,2009-03-31,10.0,0.0271,0.028260694662583186,11.606946625831865
US,2009-03-31,30.0,0.0356,0.03777391913800754,21.739191380075393
US,2009-04-30,10.0,0.0316,0.03315054408113971,15.50544081139707
US,2009-04-30,30.0,0.0405,0.04325049157170535,27.504915717053503
US,2009-05-31,10.0,0.0347,0.03649405806227568,17.940580622756787
US,2009-05-31,30.0,0.0434,0.04666384773870136,32.63847738701357
US,2009-06-30,10.0,0.0353,0.03697236674778526,16.723667477852587
US,2009-06-30,30.0,0.0432,0.04626116574522299,30.611657452229853
US,2009-07-31,10.0,0.0352,0.03690094657600418,17.009465760041767
US,2009-07-31,30.0,0.0431,0.04616831830746215,30.683183074621535
US,2009-08-31,10.0,0.034,0.035630793949398054,16.307939493980516
US,2009-08-31,30.0,0.0418,0.04481921630395003,30.1921630395003
US,2009-09-30,10.0,0.0331,0.03466296436226912,15.629643622691244
US,2009-09-30,30.0,0.0403,0.04287822105657302,25.782210565730157
US,2009-10-31,10.0,0.0341,0.035843355568126345,17.433555681263467
US,2009-10-31,30.0,0.042300000000000004,0.04552543635574602,32.25436355746014
US,2009-11-30,10.0,0.0321,0.03383872098751506,17.38720987515062
US,2009-11-30,30.0,0.042,0.0461851834879492,41.85183487949197
US,2009-12-31,10.0,0.0385,0.04066145588742143,21.614558874214275
US,2009-12-31,30.0,0.0463,0.049969280818890516,36.69280818890515
US,2010-01-31,10.0,0.0363,0.03846730530000997,21.673053000099696
US,2010-01-31,30.0,0.0451,0.04948080426982049,43.80804269820487
US,2010-02-28,10.0,0.0361,0.038266595050384655,21.665950503846553
US,2010-02-28,30.0,0.0455,0.05024860417695565,47.48604176955648
US,2010-03-31,10.0,0.0384,0.04073726561633739,23.372656163373957
US,2010-03-31,30.0,0.0472,0.0521484200389033,49.48420038903299
US,2010-04-30,10.0,0.0369,0.03908893573956851,21.889357395685067
US,2010-04-30,30.0,0.0453,0.049822415242245954,45.22415242245955
US,2010-05-31,10.0,0.0331,0.03493337207163405,18.333720716340526
US,2010-05-31,30.0,0.042199999999999994,0.0464302159638883,42.30215963888305
US,2010-06-30,10.0,0.0297,0.031249026780599154,15.490267805991532
US,2010-06-30,30.0,0.0391,0.04294167929961579,38.416792996157845
US,2010-07-31,10.0,0.0294,0.031069421573600042,16.694215736000434
US,2010-07-31,30.0,0.0398,0.04443252578183343,46.3252578183343
US,2010-08-31,10.0,0.024700000000000003,0.025863947925013342,11.639479250133387
US,2010-08-31,30.0,0.0352,0.039221684995607964,40.21684995607962
US,2010-09-30,10.0,0.0253,0.02660012993852634,13.001299385263405
US,2010-09-30,30.0,0.0369,0.041617763175840095,47.17763175840092
US,2010-10-31,10.0,0.0263,0.02784481322026977,15.448132202697701
US,2010-10-31,30.0,0.039900000000000005,0.04607933687405685,61.79336874056848
US,2010-11-30,10.0,0.0281,0.029679406907464845,15.794069074648448
US,2010-11-30,30.0,0.0412,0.047281657440985114,60.816574409851135
US,2010-12-31,10.0,0.033,0.034939157263575105,19.391572635751032
US,2010-12-31,30.0,0.0434,0.048475731980745174,50.75731980745172
US,2011-01-31,10.0,0.0342,0.036447772270502776,22.47772270502775
US,2011-01-31,30.0,0.0458,0.05208088056672944,62.808805667294365
US,2011-02-28,10.0,0.0342,0.036235739774839404,20.35739774839403
US,2011-02-28,30.0,0.0449,0.05052042018716851,56.20420187168511
US,2011-03-31,10.0,0.0347,0.03670626648461317,20.062664846131685
US,2011-03-31,30.0,0.0451,0.05049679653935013,53.967965393501295
US,2011-04-30,10.0,0.0332,0.03524225931733693,20.42259317336932
US,2011-04-30,30.0,0.044000000000000004,0.04959683548831384,55.96835488313835
US,2011-05-31,10.0,0.0305,0.03233682327234466,18.36823272344662
US,2011-05-31,30.0,0.042199999999999994,0.048078063953262085,58.7806395326209
US,2011-06-30,10.0,0.0318,0.03378779097712559,19.87790977125585
US,2011-06-30,30.0,0.0438,0.05001243322962723,62.1243322962723
US,2011-07-31,10.0,0.0282,0.029919969209436292,17.19969209436293
US,2011-07-31,30.0,0.0412,0.047522730376499345,63.227303764993444
US,2011-08-31,10.0,0.0223,0.023440160265647325,11.401602656473248
US,2011-08-31,30.0,0.036000000000000004,0.04154669823649848,55.466982364984766
US,2011-09-30,10.0,0.0192,0.019950709858873816,7.50709858873818
US,2011-09-30,30.0,0.028999999999999998,0.031750852634144566,27.508526341445684
US,2011-10-31,10.0,0.0217,0.022719632014805535,10.196320148055348
US,2011-10-31,30.0,0.0316,0.034901868450988305,33.018684509883016
US,2011-11-30,10.0,0.0208,0.021721096932007633,9.21096932007634
US,2011-11-30,30.0,0.030600000000000002,0.033783184172940794,31.831841729407923
US,2011-12-31,10.0,0.0189,0.01967942031484804,7.794203148480394
US,2011-12-31,30.0,0.028900000000000002,0.031952389983143314,30.523899831433123
US,2012-01-31,10.0,0.0183,0.01907932796968148,7.793279696814808
US,2012-01-31,30.0,0.0294,0.03283490600001393,34.34906000013931
US,2012-02-29,10.0,0.019799999999999998,0.020659633919669185,8.596339196691865
US,2012-02-29,30.0,0.0308,0.03443834941863311,36.38349418633106
US,2012-03-31,10.0,0.0223,0.023363042738553608,10.630427385536073
US,2012-03-31,30.0,0.0335,0.03766845015754061,41.684501575406095
US,2012-04-30,10.0,0.0195,0.020362171577766652,8.621715777666523
US,2012-04-30,30.0,0.031200000000000002,0.03519670739631531,39.967073963153055
US,2012-05-31,10.0,0.0159,0.016476077982620962,5.760779826209615
US,2012-05-31,30.0,0.026699999999999998,0.029762600489916746,30.626004899167484
US,2012-06-30,10.0,0.0167,0.017318963143842403,6.189631438424034
US,2012-06-30,30.0,0.0276,0.030760044422136534,31.600444221365347
US,2012-07-31,10.0,0.0151,0.015626953519562337,5.2695351956233605
US,2012-07-31,30.0,0.0256,0.028308580811460926,27.08580811460925
US,2012-08-31,10.0,0.015700000000000002,0.016281792447324195,5.817924473241927
US,2012-08-31,30.0,0.0268,0.029906552805954334,31.06552805954333
US,2012-09-30,10.0,0.0165,0.017152762449086145,6.527624490861444
US,2012-09-30,30.0,0.0282,0.031681952271721325,34.81952271721326
US,2012-10-31,10.0,0.0172,0.017869542114506753,6.6954211450675345
US,2012-10-31,30.0,0.0285,0.031917733378338475,34.177333783384746
US,2012-11-30,10.0,0.016200000000000003,0.01681758801608013,6.175880160801291
US,2012-11-30,30.0,0.0281,0.03170974727292375,36.097472729237495
US,2012-12-31,10.0,0.0178,0.018530402186549333,7.304021865493331
US,2012-12-31,30.0,0.029500000000000002,0.033242518201108684,37.42518201108682
US,2013-01-31,10.0,0.0202,0.021118797229214392,9.187972292143929
US,2013-01-31,30.0,0.0317,0.03572021356146471,40.2021356146471
US,2013-02-28,10.0,0.0189,0.019726515338262196,8.265153382621959
US,2013-02-28,30.0,0.031,0.03503677768740343,40.36777687403431
US,2013-03-31,10.0,0.0187,0.019509374085489917,8.093740854899153
US,2013-03-31,30.0,0.031,0.035070597708790174,40.70597708790174
US,2013-04-30,10.0,0.017,0.017675037450843423,6.750374508434215
US,2013-04-30,30.0,0.0288,0.03236411800337757,35.64118003377574
US,2013-05-31,10.0,0.0216,0.0225872857935292,9.872857935291982
US,2013-05-31,30.0,0.033,0.03710024768650455,41.00247686504549
US,2013-06-30,10.0,0.0252,0.026419063618907446,12.190636189074455
US,2013-06-30,30.0,0.0352,0.039170418205911384,39.70418205911382
US,2013-07-31,10.0,0.026000000000000002,0.027353194253065594,13.531942530655913
US,2013-07-31,30.0,0.0364,0.04070646943591183,43.06469435911828
US,2013-08-31,10.0,0.0278,0.02922249728651316,14.22497286513162
US,2013-08-31,30.0,0.037000000000000005,0.04082381028513127,38.238102851312625
US,2013-09-30,10.0,0.0264,0.027805223265634504,14.052232656345046
US,2013-09-30,30.0,0.0369,0.04123733023082532,43.37330230825317
US,2013-10-31,10.0,0.025699999999999997,0.027056866735414964,13.568667354149667
US,2013-10-31,30.0,0.0363,0.040650860436818315,43.50860436818316
US,2013-11-30,10.0,0.0275,0.029078450443950077,15.784504439500767
US,2013-11-30,30.0,0.0382,0.042866650922823046,46.66650922823049
US,2013-12-31,10.0,0.0304,0.032144801105382204,17.448011053822036
US,2013-12-31,30.0,0.039599999999999996,0.04389491155490233,42.94911554902331
US,2014-01-31,10.0,0.026699999999999998,0.02805305381261136,13.530538126113635
US,2014-01-31,30.0,0.0361,0.03992678951737649,38.26789517376493
US,2014-02-28,10.0,0.026600000000000002,0.027929214686364334,13.292146863643321
US,2014-02-28,30.0,0.0359,0.039751678433392,38.51678433392
US,2014-03-31,10.0,0.0273,0.028541380289916818,12.413802899168164
US,2014-03-31,30.0,0.0356,0.03899002374900484,33.90023749004843
US,2014-04-30,10.0,0.026699999999999998,0.027887925262508384,11.87925262508386
US,2014-04-30,30.0,0.0347,0.03789979523908937,31.997952390893715
US,2014-05-31,10.0,0.0248,0.025845765550770006,10.457655507700066
US,2014-05-31,30.0,0.0333,0.03651460243467097,32.146024346709694
US,2014-06-30,10.0,0.0253,0.02634426870389106,10.44268703891061
US,2014-06-30,30.0,0.0334,0.03645740680481957,30.574068048195706
US,2014-07-31,10.0,0.0258,0.026797210827587348,9.972108275873477
US,2014-07-31,30.0,0.0332,0.036021563379677435,28.215633796774345
US,2014-08-31,10.0,0.0235,0.024308093650278195,8.080936502781952
US,2014-08-31,30.0,0.030899999999999997,0.03345093668783816,25.509366878381652
US,2014-09-30,10.0,0.0252,0.026100443980239918,9.004439802399178
US,2014-09-30,30.0,0.0321,0.0345988675617841,24.988675617841004
US,2014-10-31,10.0,0.0235,0.024307907896037095,8.079078960370953
US,2014-10-31,30.0,0.030699999999999998,0.03319422807674477,24.942280767447713
US,2014-11-30,10.0,0.0218,0.022498889916184428,6.988899161844281
US,2014-11-30,30.0,0.028900000000000002,0.031195619707543365,22.95619707543363
US,2014-12-31,10.0,0.0217,0.022272525762880857,5.725257628808565
US,2014-12-31,30.0,0.0275,0.029424251571001037,19.242515710010366
US,2015-01-31,10.0,0.0168,0.01717747487926502,3.7747487926502106
US,2015-01-31,30.0,0.0225,0.023803528759136938,13.035287591369391
US,2015-02-28,10.0,0.02,0.020487031620439744,4.870316204397436
US,2015-02-28,30.0,0.026000000000000002,0.027644927920188245,16.449279201882426
US,2015-03-31,10.0,0.0194,0.019907954191334065,5.0795419133406465
US,2015-03-31,30.0,0.0254,0.027040639432236224,16.406394322362253
US,2015-04-30,10.0,0.020499999999999997,0.02108549262335435,5.854926233543542
US,2015-04-30,30.0,0.0275,0.02957324318669108,20.732431866910783
US,2015-05-31,10.0,0.0212,0.02182045740168137,6.204574016813701
US,2015-05-31,30.0,0.0288,0.031073714998469004,22.73714998469005
US,2015-06-30,10.0,0.0235,0.024275749358236842,7.757493582368421
US,2015-06-30,30.0,0.0311,0.03375857794574344,26.585779457434406
US,2015-07-31,10.0,0.022000000000000002,0.0226649315651124,6.649315651123984
US,2015-07-31,30.0,0.0292,0.03164461846443567,24.446184644356695
US,2015-08-31,10.0,0.022099999999999998,0.022759009353920945,6.590093539209467
US,2015-08-31,30.0,0.029500000000000002,0.03200586766847224,25.058676684722414
US,2015-09-30,10.0,0.0206,0.02122235896743585,6.223589674358501
US,2015-09-30,30.0,0.0287,0.03139215878877022,26.921587887702195
US,2015-10-31,10.0,0.0216,0.022231450020583576,6.314500205835752
US,2015-10-31,30.0,0.029300000000000003,0.031984688918834214,26.84688918834211
US,2015-11-30,10.0,0.022099999999999998,0.02267510318972321,5.751031897232132
US,2015-11-30,30.0,0.0298,0.032472001590223565,26.720015902235648
US,2015-12-31,10.0,0.0227,0.023257439146687764,5.574391466877625
US,2015-12-31,30.0,0.0301,0.032704046148852806,26.040461488528074
US,2016-01-31,10.0,0.0194,0.01990996139058021,5.099613905802103
US,2016-01-31,30.0,0.0275,0.030091090636384932,25.910906363849318
US,2016-02-29,10.0,0.0174,0.01778351907463227,3.835190746322714
US,2016-02-29,30.0,0.026099999999999998,0.028648701564643275,25.48701564643277
US,2016-03-31,10.0,0.0178,0.018224383369784602,4.243833697846027
US,2016-03-31,30.0,0.026099999999999998,0.028581675681665475,24.816756816654767
US,2016-04-30,10.0,0.0183,0.018733326549817964,4.333265498179633
US,2016-04-30,30.0,0.026600000000000002,0.02911253639609024,25.125363960902362
US,2016-05-31,10.0,0.0184,0.01878569923591411,3.8569923591411093
US,2016-05-31,30.0,0.0264,0.02884086819938836,24.408681993883587
US,2016-06-30,10.0,0.0149,0.015197800117012772,2.9780011701277185
US,2016-06-30,30.0,0.023,0.025124804074662554,21.24804074662555
US,2016-07-31,10.0,0.0146,0.014862719988911977,2.627199889119764
US,2016-07-31,30.0,0.0218,0.02357960141281601,17.796014128160092
US,2016-08-31,10.0,0.0158,0.01606694378744944,2.6694378744943763
US,2016-08-31,30.0,0.0223,0.023886565401549875,15.865654015498748
US,2016-09-30,10.0,0.016,0.016306839128697126,3.0683912869712557
US,2016-09-30,30.0,0.0232,0.024974069542046395,17.74069542046397
US,2016-10-31,10.0,0.0184,0.018816261796757328,4.162617967573279
US,2016-10-31,30.0,0.0258,0.027890641050903886,20.90641050903886
US,2016-11-30,10.0,0.023700000000000002,0.024304434765703986,6.044347657039838
US,2016-11-30,30.0,0.0302,0.032510553028300304,23.10553028300303
US,2016-12-31,10.0,0.0245,0.02513239986613547,6.323998661354676
US,2016-12-31,30.0,0.030600000000000002,0.032820438367178406,22.20438367178404
US,2017-01-31,10.0,0.0245,0.025147700385556915,6.477003855569138
US,2017-01-31,30.0,0.0305,0.032701521702689806,22.01521702689807
US,2017-02-28,10.0,0.0236,0.02415137179961624,5.513717996162397
US,2017-02-28,30.0,0.0297,0.03180711364778244,21.07113647782436
US,2017-03-31,10.0,0.024,0.02456825656595485,5.6825656595484855
US,2017-03-31,30.0,0.0302,0.03234210767213441,21.421076721344114
US,2017-04-30,10.0,0.0229,0.02342413436775126,5.241343677512591
US,2017-04-30,30.0,0.0296,0.031853120005848945,22.531200058489436
US,2017-05-31,10.0,0.022099999999999998,0.022578751338432568,4.787513384325696
US,2017-05-31,30.0,0.0287,0.030775393101939663,20.753931019396635
US,2017-06-30,10.0,0.0231,0.023587117440897698,4.87117440897699
US,2017-06-30,30.0,0.028399999999999998,0.030124806600037246,17.24806600037248
US,2017-07-31,10.0,0.023,0.023509197385887415,5.091973858874152
US,2017-07-31,30.0,0.028900000000000002,0.03076951818589735,18.695181858973466
US,2017-08-31,10.0,0.0212,0.021615542604437543,4.155426044375431
US,2017-08-31,30.0,0.0273,0.029122780596594344,18.22780596594343
US,2017-09-30,10.0,0.0233,0.023778924858074202,4.789248580742006
US,2017-09-30,30.0,0.0286,0.030334579590867383,17.34579590867383
US,2017-10-31,10.0,0.023799999999999998,0.024258754816645745,4.587548166457463
US,2017-10-31,30.0,0.0288,0.030460750284009297,16.607502840092977
US,2017-11-30,10.0,0.0242,0.02459702235475314,3.970223547531404
US,2017-11-30,30.0,0.028300000000000002,0.029646946513135264,13.469465131352615
US,2017-12-31,10.0,0.024,0.024328107258061227,3.2810725806122627
US,2017-12-31,30.0,0.0274,0.028513286366722124,11.13286366722123
US,2018-01-31,10.0,0.027200000000000002,0.027600987187476722,4.009871874767201
US,2018-01-31,30.0,0.029500000000000002,0.030457870004058307,9.578700040583053
US,2018-02-28,10.0,0.0287,0.02915161299743274,4.516129974327411
US,2018-02-28,30.0,0.0313,0.03236499396460024,10.649939646002402
US,2018-03-31,10.0,0.0274,0.027775106401169536,3.7510640116953513
US,2018-03-31,30.0,0.0297,0.030655419478798462,9.554194787984617
US,2018-04-30,10.0,0.029500000000000002,0.029900144341645563,4.001443416455606
US,2018-04-30,30.0,0.0311,0.03194468621043467,8.446862104346705
US,2018-05-31,10.0,0.028300000000000002,0.02866575099458668,3.657509945866784
US,2018-05-31,30.0,0.03,0.030783126309875453,7.831263098754537
US,2018-06-30,10.0,0.0285,0.028835684446552268,3.356844465522667
US,2018-06-30,30.0,0.0298,0.030448359055484486,6.483590554844862
US,2018-07-31,10.0,0.0296,0.029946702774470868,3.467027744708667
US,2018-07-31,30.0,0.0308,0.03140350882133425,6.035088213342463
US,2018-08-31,10.0,0.0286,0.028924618418845416,3.246184188454154
US,2018-08-31,30.0,0.0302,0.03090039877984263,7.0039877984262935
US,2018-09-30,10.0,0.0305,0.030855750178343966,3.557501783439665
US,2018-09-30,30.0,0.0319,0.0325962002207274,6.962002207274026
US,2018-10-31,10.0,0.0315,0.03193380230825582,4.338023082558207
US,2018-10-31,30.0,0.0339,0.034958373348447536,10.58373348447536
US,2018-11-30,10.0,0.0301,0.03049322828008072,3.9322828008072146
US,2018-11-30,30.0,0.033,0.03416307892261483,11.630789226148297
US,2018-12-31,10.0,0.0269,0.027235602618425947,3.3560261842594667
US,2018-12-31,30.0,0.0302,0.03140649619478708,12.064961947870803
US,2019-01-31,10.0,0.0263,0.026635334435881175,3.3533443588117455
US,2019-01-31,30.0,0.029900000000000003,0.03116924542473809,12.692454247380871
US,2019-02-28,10.0,0.0273,0.027656393275215185,3.56393275215184
US,2019-02-28,30.0,0.030899999999999997,0.0321984229486616,12.98422948661601
US,2019-03-31,10.0,0.0241,0.024373211150921836,2.732111509218364
US,2019-03-31,30.0,0.0281,0.029367057101145955,12.670571011459547
US,2019-04-30,10.0,0.025099999999999997,0.025432786412683983,3.3278641268398577
US,2019-04-30,30.0,0.029300000000000003,0.030690009958847853,13.900099588478493
US,2019-05-31,10.0,0.021400000000000002,0.021642646543581945,2.426465435819425
US,2019-05-31,30.0,0.0258,0.02701117499601402,12.111749960140202
US,2019-06-30,10.0,0.02,0.020244819248526724,2.448192485267238
US,2019-06-30,30.0,0.0252,0.026534787616961486,13.347876169614858
US,2019-07-31,10.0,0.0202,0.020405406849396623,2.054068493966242
US,2019-07-31,30.0,0.0253,0.026632777838957455,13.327778389574558
US,2019-08-31,10.0,0.015,0.015089386541474958,0.8938654147495895
US,2019-08-31,30.0,0.0196,0.02042236290213295,8.223629021329518
US,2019-09-30,10.0,0.0168,0.01692383818034937,1.2383818034937197
US,2019-09-30,30.0,0.0212,0.02209615033048551,8.961503304855087
US,2019-10-31,10.0,0.0169,0.01705719303454556,1.5719303454556077
US,2019-10-31,30.0,0.0217,0.02266116793967088,9.611679396708782
US,2019-11-30,10.0,0.0178,0.01795237293738805,1.5237293738805044
US,2019-11-30,30.0,0.022099999999999998,0.022962544943526675,8.625449435266768
US,2019-12-31,10.0,0.0192,0.01942442637414077,2.2442637414077025
US,2019-12-31,30.0,0.0239,0.024926826288522497,10.268262885224956
US,2020-01-31,10.0,0.0151,0.015236367431794129,1.3636743179412831
US,2020-01-31,30.0,0.0199,0.02074470410681517,8.447041068151695
US,2020-02-29,10.0,0.0113,0.011406088988954677,1.0608898895467753
US,2020-02-29,30.0,0.0165,0.01725078399862734,7.5078399862733844
US,2020-03-31,10.0,0.006999999999999999,0.007081715538743483,0.8171553874348342
US,2020-03-31,30.0,0.013500000000000002,0.014201071812879107,7.010718128791053
US,2020-04-30,10.0,0.0064,0.00646440109616786,0.6440109616785965
US,2020-04-30,30.0,0.0128,0.013477734745493075,6.777347454930745
US,2020-05-31,10.0,0.006500000000000001,0.006577853482254481,0.778534822544804
US,2020-05-31,30.0,0.0141,0.014949931945237749,8.499319452377492
US,2020-06-30,10.0,0.0066,0.006684090125584463,0.8409012558446317
US,2020-06-30,30.0,0.0141,0.014947219992248462,8.47219992248462
US,2020-07-31,10.0,0.0055000000000000005,0.005563455228721148,0.6345522872114752
US,2020-07-31,30.0,0.012,0.012632707290186396,6.327072901863954
US,2020-08-31,10.0,0.0072,0.007310571845171587,1.1057184517158751
US,2020-08-31,30.0,0.0149,0.01583265736006867,9.326573600686693
US,2020-09-30,10.0,0.0069,0.007001266276721152,1.012662767211521
US,2020-09-30,30.0,0.0146,0.01550726372263922,9.072637226392194
US,2020-10-31,10.0,0.0088,0.008958333825692444,1.5833382569244332
US,2020-10-31,30.0,0.0165,0.0175518489647708,10.518489647707991
US,2020-11-30,10.0,0.0084,0.00854209137132611,1.4209137132611092
US,2020-11-30,30.0,0.0158,0.016756224030123557,9.56224030123555
US,2020-12-31,10.0,0.009300000000000001,0.0094883410134603,1.883410134602987
US,2020-12-31,30.0,0.0165,0.01749594591614212,9.959459161421186
US,2021-01-31,10.0,0.0111,0.01136696658349945,2.6696658349944884
US,2021-01-31,30.0,0.0187,0.019902095746762383,12.020957467623813
US,2021-02-28,10.0,0.0144,0.01478981440384275,3.8981440384274966
US,2021-02-28,30.0,0.0217,0.02292324775036425,12.232477503642501
US,2021-03-31,10.0,0.0174,0.01797152687789727,5.715268778972716
US,2021-03-31,30.0,0.0241,0.025487603194830344,13.87603194830344
US,2021-04-30,10.0,0.0165,0.01701533967105573,5.153396710557284
US,2021-04-30,30.0,0.023,0.02429540683012177,12.954068301217688
US,2021-05-31,10.0,0.0158,0.01628825867160333,4.882586716033269
US,2021-05-31,30.0,0.0226,0.023837430992296627,12.37430992296628
US,2021-06-30,10.0,0.014499999999999999,0.01484641032445766,3.464103244576605
US,2021-06-30,30.0,0.0206,0.021543934906973705,9.43934906973705
US,2021-07-31,10.0,0.0124,0.012670568544488336,2.705685444883369
US,2021-07-31,30.0,0.0189,0.01980923933414447,9.092393341444682
US,2021-08-31,10.0,0.013000000000000001,0.013281045696492466,2.81045696492465
US,2021-08-31,30.0,0.0192,0.02007904241442704,8.790424144270412
US,2021-09-30,10.0,0.0152,0.015549933223380608,3.499332233806076
US,2021-09-30,30.0,0.0208,0.021696070377472232,8.960703774722328
US,2021-10-31,10.0,0.0155,0.015779963586865176,2.799635868651756
US,2021-10-31,30.0,0.019299999999999998,0.019734561881487922,4.345618814879243
US,2021-11-30,10.0,0.0143,0.014507986930012207,2.079869300122064
US,2021-11-30,30.0,0.0178,0.01811849220346784,3.1849220346783986
US,2021-12-31,10.0,0.0152,0.015412636550528047,2.126365505280472
US,2021-12-31,30.0,0.019,0.019415211432026513,4.152114320265139
US,2022-01-31,10.0,0.0179,0.018108927421670806,2.0892742167080702
US,2022-01-31,30.0,0.021099999999999997,0.021457961442749696,3.579614427496984
US,2022-02-28,10.0,0.0183,0.01846781541045517,1.678154104551681
US,2022-02-28,30.0,0.0217,0.022034295884442834,3.342958844428333
US,2022-03-31,10.0,0.0232,0.02328046293844288,0.8046293844288233
US,2022-03-31,30.0,0.024399999999999998,0.024342407718648262,-0.5759228135173572
US,2022-04-30,10.0,0.028900000000000002,0.029115679759987856,2.1567975998785376
US,2022-04-30,30.0,0.0296,0.029426944358952767,-1.7305564104723448
US,2022-05-31,10.0,0.0285,0.028772627540814,2.7262754081399874
US,2022-05-31,30.0,0.030699999999999998,0.030671468398154378,-0.2853160184562026
US,2022-06-30,10.0,0.0298,0.02998587886343529,1.8587886343528899
US,2022-06-30,30.0,0.031400000000000004,0.03116045425477698,-2.395457452230229
US,2022-07-31,10.0,0.026699999999999998,0.02680976875297514,1.0976875297514024
US,2022-07-31,30.0,0.03,0.03009989429207316,0.9989429207316047
US,2022-08-31,10.0,0.0315,0.031549281744178925,0.4928174417892506
US,2022-08-31,30.0,0.0327,0.03227706904488126,-4.22930955118743
US,2022-09-30,10.0,0.0383,0.03833026987578103,0.30269875781030464
US,2022-09-30,30.0,0.0379,0.036991753399790106,-9.082466002098972
US,2022-10-31,10.0,0.040999999999999995,0.04113443923541227,1.344392354122731
US,2022-10-31,30.0,0.042199999999999994,0.04181267743695338,-3.8732256304661177
US,2022-11-30,10.0,0.0368,0.036834481952896514,0.34481952896514567
US,2022-11-30,30.0,0.038,0.037707637932786975,-2.9236206721302422
US,2022-12-31,10.0,0.0388,0.03891163050013513,1.116305001351292
US,2022-12-31,30.0,0.0397,0.039480683773777336,-2.193162262226628
US,2023-01-31,10.0,0.0352,0.03524709457692632,0.47094576926316745
US,2023-01-31,30.0,0.0365,0.036494347962528595,-0.05652037471402804
US,2023-02-28,10.0,0.0392,0.03910158508855033,-0.9841491144967074
US,2023-02-28,30.0,0.0393,0.03886442089349473,-4.355791065052683
US,2023-03-31,10.0,0.0348,0.03485490898102994,0.5490898102994413
US,2023-03-31,30.0,0.036699999999999997,0.036767440557625486,0.674405576254894
US,2023-04-30,10.0,0.0344,0.03447895718821048,0.7895718821047948
US,2023-04-30,30.0,0.036699999999999997,0.0368845200989929,1.8452009899290467
US,2023-05-31,10.0,0.0364,0.03645234775185391,0.5234775185390672
US,2023-05-31,30.0,0.0385,0.03853190731542777,0.31907315427771865
US,2023-06-30,10.0,0.0381,0.03791178131493944,-1.8821868506056076
US,2023-06-30,30.0,0.0385,0.0379461499088205,-5.53850091179496
US,2023-07-31,10.0,0.0397,0.03965544843422908,-0.4455156577092001
US,2023-07-31,30.0,0.04019999999999999,0.03972595619800412,-4.740438019958729
US,2023-08-31,10.0,0.0409,0.04094312027497016,0.4312027497015841
US,2023-08-31,30.0,0.042,0.04169492608582859,-3.050739141714151
US,2023-09-30,10.0,0.045899999999999996,0.04625949966943477,3.5949966943477074
US,2023-09-30,30.0,0.0473,0.04712112425326409,-1.7887574673591118
US,2023-10-31,10.0,0.048799999999999996,0.04936000496102433,5.600049610243324
US,2023-10-31,30.0,0.0504,0.05043051298447643,0.30512984476427363
US,2023-11-30,10.0,0.0437,0.04409602831856896,3.9602831856895557
US,2023-11-30,30.0,0.0454,0.04536884445887135,-0.31155541128653763
US,2023-12-31,10.0,0.0388,0.03909304084660725,2.9304084660725094
US,2023-12-31,30.0,0.0403,0.040257057382117045,-0.4294261788295728
US,2024-01-31,10.0,0.039900000000000005,0.04029317664526455,3.9317664526454523
US,2024-01-31,30.0,0.042199999999999994,0.042582520479942376,3.8252047994238176
US,2024-02-29,10.0,0.0425,0.04280271490644649,3.0271490644648984
US,2024-02-29,30.0,0.0438,0.04389129452569018,0.9129452569018454
US,2024-03-31,10.0,0.042,0.0423127920041233,3.1279200412329815
US,2024-03-31,30.0,0.0434,0.04361017808023204,2.101780802320416
US,2024-04-30,10.0,0.046900000000000004,0.04729981417304674,3.99814173046735
US,2024-04-30,30.0,0.0479,0.04806295425117124,1.629542511712434
US,2024-05-31,10.0,0.0451,0.04547566215739418,3.7566215739417985
US,2024-05-31,30.0,0.04650000000000001,0.04690510799293923,4.051079929392257
US,2024-06-30,10.0,0.0436,0.044009230344892014,4.092303448920143
US,2024-06-30,30.0,0.0451,0.04542558951876696,3.2558951876696107
US,2024-07-31,10.0,0.0409,0.041399178290047134,4.9917829004713505
US,2024-07-31,30.0,0.0435,0.04414510358294277,6.451035829427715
US,2024-08-31,10.0,0.0391,0.039661689700565494,5.616897005654916
US,2024-08-31,30.0,0.042,0.04275794054865534,7.579405486553351
US,2024-09-30,10.0,0.0381,0.038724087568845045,6.240875688450428
US,2024-09-30,30.0,0.0414,0.04239579209590816,9.957920959081587
US,2024-10-31,10.0,0.042800000000000005,0.0434336464594729,6.336464594728919
US,2024-10-31,30.0,0.0447,0.04514576229013745,4.457622901374511
US,2024-11-30,10.0,0.0418,0.04238653030796691,5.865303079669107
US,2024-11-30,30.0,0.0436,0.044093062873451716,4.930628734517162
US,2024-12-31,10.0,0.0458,0.04666374970070786,8.637497007078569
US,2024-12-31,30.0,0.0478,0.04854517646719936,7.4517646719935575
US,2025-01-31,10.0,0.0458,0.046686651670361456,8.866516703614561
US,2025-01-31,30.0,0.0483,0.04936655878764795,10.66558787647949
US,2025-02-28,10.0,0.0424,0.0431300507559198,7.300507559198019
US,2025-02-28,30.0,0.0451,0.04613730167898167,10.373016789816669
US,2025-03-31,10.0,0.042300000000000004,0.043124481638463275,8.244816384632703
US,2025-03-31,30.0,0.045899999999999996,0.0472794868503541,13.794868503541057
US,2025-04-30,10.0,0.0417,0.042768239351573145,10.682393515731443
US,2025-04-30,30.0,0.0466,0.048510809303974334,19.108093039743313
US,2025-05-31,10.0,0.0441,0.04523381599648868,11.338159964886795
US,2025-05-31,30.0,0.0492,0.051378034685988005,21.780346859880048
US,2025-06-30,10.0,0.0424,0.04350010448500785,11.00104485007851
US,2025-06-30,30.0,0.0478,0.049982024946002124,21.820249460021216
US,2025-07-31,10.0,0.0437,0.044773517884607594,10.735178846075916
US,2025-07-31,30.0,0.0489,0.0511293570613649,22.293570613649006
US,2025-08-31,10.0,0.042300000000000004,0.04353341606393779,12.334160639377867
US,2025-08-31,30.0,0.0492,0.05242626438164333,32.262643816433275
US,2025-09-30,10.0,0.0416,0.04264061280575482,10.406128057548203
US,2025-09-30,30.0,0.0473,0.0496946208606317,23.94620860631698
US,2025-10-31,10.0,0.041100000000000005,0.04208694330473506,9.869433047350537
US,2025-10-31,30.0,0.0467,0.04900768339938266,23.076833993826636
US,2025-11-30,10.0,0.04019999999999999,0.04119403300322699,9.940330032270003
US,2025-11-30,30.0,0.0467,0.049445949702391134,27.459497023911357
US,2025-12-31,10.0,0.0418,0.042916173625516585,11.16173625516588
US,2025-12-31,30.0,0.0484,0.05135336418186354,29.53364181863538
US,2026-01-31,10.0,0.0426,0.04378113158958197,11.811315895819686
US,2026-01-31,30.0,0.0487,0.051549542265861614,28.49542265861614
US,2026-02-28,10.0,0.0397,0.040716866218872605,10.168662188726058
US,2026-02-28,30.0,0.0464,0.04931123955290029,29.11239552900291
US,2026-03-31,10.0,0.043,0.04402426203939158,10.242620393915852
US,2026-03-31,30.0,0.048799999999999996,0.051182488523939584,23.824885239395883
US,2026-04-30,10.0,0.044000000000000004,0.04507534152917958,10.753415291795756
US,2026-04-30,30.0,0.049800000000000004,0.05232613164108568,25.261316410856786
US,2026-05-31,10.0,0.044500000000000005,0.04551199835261843,10.119983526184276
US,2026-05-31,30.0,0.0499,0.05228141876053316,23.814187605331604
US,2026-06-30,10.0,0.0444,0.045280484880907856,8.804848809078544
US,2026-06-30,30.0,0.049100000000000005,0.05098842716070484,18.884271607048365
US,2026-07-31,10.0,0.0475,0.04859511260858285,10.951126085828461
US,2026-07-31,30.0,0.0527,0.05507362237624025,23.73622376240253
US,2026-08-31,10.0,0.0475,0.0485147049779302,10.147049779302003
US,2026-08-31,30.0,0.0525,0.05490327792324701,24.032779232470087
