variant,date,currency,net_notional,fx_return,contribution
carry_unhedged,1997-08-31,CAD,1.2335836042072514,0.004762944704552463,0.0058754904952816695
carry_unhedged,1997-08-31,GBP,-0.7908005000529017,-0.005321794738282814,0.00420847794021295
carry_unhedged,1997-08-31,JPY,-0.32099084477722933,-0.000497182641994165,0.00015959107626228178
carry_unhedged,1997-08-31,USD,0.6374788593568611,0.0,0.0
carry_unhedged,1997-09-30,CAD,1.2297920090050911,-0.019697660821524018,-0.024224025874402897
carry_unhedged,1997-09-30,GBP,-0.7818491534731039,0.04067059012005486,-0.03179826645661648
carry_unhedged,1997-09-30,JPY,-0.32173898979775295,0.002654501766100381,-0.0008540567166414878
carry_unhedged,1997-09-30,USD,0.6387440537605313,0.0,0.0
carry_unhedged,1997-10-31,CAD,1.2272652938015447,-0.010302095066647698,-0.012643403728740833
carry_unhedged,1997-10-31,GBP,-1.3090635454249162,0.005880448176895149,-0.007697880339133848
carry_unhedged,1997-10-31,JPY,-0.15385103076066203,-0.059260475186507997,0.00911728519081089
carry_unhedged,1997-10-31,USD,-0.28906621810849975,-0.0,0.0
carry_unhedged,1997-11-30,CAD,1.2331450935641879,-0.003014056184271696,-0.00371676859536144
carry_unhedged,1997-11-30,GBP,-1.3116037385271364,-0.02749933127846815,0.036068225711835045
carry_unhedged,1997-11-30,JPY,-0.22897785009616978,-0.020993063449294525,0.0048069465355519425
carry_unhedged,1997-11-30,USD,0.6859800252710182,0.0,0.0
carry_unhedged,1997-12-31,CAD,1.236481029407112,-0.018995371838375852,-0.02348741692468584
carry_unhedged,1997-12-31,GBP,-1.3060962701695686,-0.006228647396568032,0.008135213132858901
carry_unhedged,1997-12-31,JPY,-0.15353605786424596,0.026015833387329053,-0.003994368500343536
carry_unhedged,1997-12-31,USD,0.16563049621819403,0.0,0.0
carry_unhedged,1998-01-31,CAD,1.0819543027244394,0.022641428324573054,0.024496990795598812
carry_unhedged,1998-01-31,GBP,-1.3002689592897823,0.0078101562420182504,-0.010155303728699668
carry_unhedged,1998-01-31,JPY,0.6900786854636118,0.00774034351854791,0.00534144608031633
carry_unhedged,1998-01-31,USD,-0.7377877601326552,-0.0,0.0
carry_unhedged,1998-02-28,CAD,1.0824394320883395,0.003941446543964723,0.004266377158655722
carry_unhedged,1998-02-28,GBP,-1.3025522876414917,0.018785548513678915,-0.024469159191092694
carry_unhedged,1998-02-28,JPY,-0.06611076253710274,-0.05529337093906595,0.003655486916028527
carry_unhedged,1998-02-28,USD,0.16571667194469952,0.0,0.0
carry_unhedged,1998-03-31,CAD,0.9659099992621896,-0.008566866522222716,-0.00827482203615942
carry_unhedged,1998-03-31,GBP,-1.2987380547584433,-0.0022691995883202805,0.0029470958591937416
carry_unhedged,1998-03-31,JPY,-0.0666603140523967,0.006926173890247075,-0.0004617009267053802
carry_unhedged,1998-03-31,USD,0.6860237698591959,0.0,0.0
carry_unhedged,1998-04-30,CAD,0.9670466019963462,-0.01863386440551329,-0.018019815255412294
carry_unhedged,1998-04-30,GBP,-1.296162451659859,-0.02536839537286467,0.0328815615411689
carry_unhedged,1998-04-30,JPY,-0.06794259151903204,-0.045269293901713845,0.0030757131439191517
carry_unhedged,1998-04-30,USD,0.6858844013498668,0.0,0.0
carry_unhedged,1998-05-31,CAD,1.0825088274392918,-0.009970036150258323,-0.010792652142543487
carry_unhedged,1998-05-31,GBP,-1.2947767436058788,0.02345348843861078,-0.030367031386742595
carry_unhedged,1998-05-31,JPY,-0.23920495554700105,0.0015173961508265779,-0.00036296867880566204
carry_unhedged,1998-05-31,USD,0.6866757269387299,0.0,0.0
carry_unhedged,1998-06-30,CAD,1.0837511470799306,-0.026485842017232808,-0.02870406166755388
carry_unhedged,1998-06-30,GBP,-1.3023879547565034,-0.020942540002342355,0.02727531184105692
carry_unhedged,1998-06-30,JPY,0.15142352507864998,-0.04496410194557755,-0.006808622818595136
carry_unhedged,1998-06-30,USD,0.42010151447027466,0.0,0.0
carry_unhedged,1998-07-31,CAD,1.051179235311529,-0.04103372435377944,-0.043133798988189934
carry_unhedged,1998-07-31,GBP,-1.3000743370174181,0.024828361660661543,-0.03227871582521324
carry_unhedged,1998-07-31,JPY,-0.07004297824278644,0.026266612517509273,-0.001839791769075604
carry_unhedged,1998-07-31,USD,0.4545925202203162,0.0,0.0
carry_unhedged,1998-08-31,CAD,0.7042258545004954,0.03115677568554648,0.021941406980634227
carry_unhedged,1998-08-31,GBP,-1.2886911832764298,0.013924088094142363,-0.01794384956208557
carry_unhedged,1998-08-31,JPY,0.6802827827016333,0.031066680889834327,0.02113412812504015
carry_unhedged,1998-08-31,USD,-0.9239024050088382,-0.0,0.0
carry_unhedged,1998-09-30,CAD,-0.6788449080529957,-0.011077196735986339,0.00751969859972559
carry_unhedged,1998-09-30,GBP,-1.1750734872609572,-0.015416848484789416,0.018115929911595302
carry_unhedged,1998-09-30,JPY,1.1763432264413711,0.15952174168445052,0.1876523203006335
carry_unhedged,1998-09-30,USD,-0.919079267946328,-0.0,0.0
carry_unhedged,1998-10-31,CAD,-0.6763940120684466,0.012847863165755426,-0.008690217713191726
carry_unhedged,1998-10-31,GBP,-1.2362625719994937,-0.015051458139595518,0.01860755435199907
carry_unhedged,1998-10-31,JPY,0.6756122846304929,-0.05642822030622696,-0.03812359883872277
carry_unhedged,1998-10-31,USD,-0.6536396304154783,-0.0,0.0
carry_unhedged,1998-11-30,CAD,0.07171368651126828,-0.009147401254909149,-0.0006559938659873368
carry_unhedged,1998-11-30,GBP,-1.270500381029542,0.008637144866696644,-0.01097349584414544
carry_unhedged,1998-11-30,JPY,0.6782622032704985,0.08579468381118714,0.05819129127067156
carry_unhedged,1998-11-30,USD,-0.6557962052010861,-0.0,0.0
carry_unhedged,1998-12-31,CAD,-0.5105769077609854,0.018379250533779427,-0.00938402090450154
carry_unhedged,1998-12-31,GBP,-1.262102188461729,-0.010337102777145335,0.013046480037388944
carry_unhedged,1998-12-31,JPY,1.1935873302374254,-0.025494658280974743,-0.030430101112904114
carry_unhedged,1998-12-31,USD,-0.391156718534872,-0.0,0.0
carry_unhedged,1999-01-31,CAD,-0.6801718176004665,0.0003312903790446686,-0.00022533437926835977
carry_unhedged,1999-01-31,EUR,-0.18642530501595067,-0.03362563063586134,0.0062686684476441455
carry_unhedged,1999-01-31,GBP,-1.0487160360760381,-0.02647611860180737,0.027765930150766484
carry_unhedged,1999-01-31,JPY,0.9935217380591738,-0.023009110509257802,-0.022860051464353413
carry_unhedged,1999-01-31,USD,-0.3966301662362204,-0.0,0.0
carry_unhedged,1999-02-28,CAD,0.40458321196013247,-0.00013252932230656267,-5.361913889768876e-05
carry_unhedged,1999-02-28,EUR,-0.06785398216321936,-0.017154023348826732,0.0011639687943387376
carry_unhedged,1999-02-28,GBP,-1.053862830201267,0.007025862830364438,-0.00740429568701375
carry_unhedged,1999-02-28,JPY,-0.054334097193186104,0.002277232882218705,-0.00012373139275399043
carry_unhedged,1999-02-28,USD,0.570911353151319,0.0,0.0
carry_unhedged,1999-03-31,CAD,-0.02795362611466289,0.03465125914204281,-0.0009686283424589591
carry_unhedged,1999-03-31,EUR,-0.43333388063704825,-0.02283460622301193,0.00989500852743665
carry_unhedged,1999-03-31,GBP,-1.0519625523068934,-0.0034135021508130965,0.003590876434874415
carry_unhedged,1999-03-31,JPY,0.5427551837977846,-0.008408356946931761,-0.004563679320169327
carry_unhedged,1999-03-31,USD,0.6779866004505309,0.0,0.0
carry_unhedged,1999-04-30,CAD,-0.5133922549084957,-0.010033186577629026,0.005150960281006619
carry_unhedged,1999-04-30,EUR,0.6073800697960094,-0.013533037947862892,-0.008219697533325007
carry_unhedged,1999-04-30,GBP,-1.055710503017631,-0.004049219050776487,0.0042748030809238195
carry_unhedged,1999-04-30,JPY,0.19160902505340227,-0.012067892284148838,-0.002312317075015235
carry_unhedged,1999-04-30,USD,0.7216580702586446,0.0,0.0
carry_unhedged,1999-05-31,CAD,0.6889381319180445,-0.0006788866520077709,-0.00046771090181832925
carry_unhedged,1999-05-31,EUR,0.5776292492343462,-0.010804658458154422,-0.006241086753417268
carry_unhedged,1999-05-31,GBP,-1.0589486752292585,-0.016045648643189026,0.01699151837389917
carry_unhedged,1999-05-31,JPY,0.0618576302309251,-0.0004962368805827566,-3.0696037466035895e-05
carry_unhedged,1999-05-31,USD,0.7228007779067854,0.0,0.0
carry_unhedged,1999-06-30,CAD,0.4632652597181056,-0.022480396448746,-0.010414386699394294
carry_unhedged,1999-06-30,EUR,0.9600421885092969,0.03656853849767126,0.035107339729890795
carry_unhedged,1999-06-30,GBP,-0.4650694322751771,0.0276509546789584,-0.012859613794409834
carry_unhedged,1999-06-30,JPY,0.4361779214409115,0.05297453070974179,0.02310632069428291
carry_unhedged,1999-06-30,USD,-0.29521438115840226,-0.0,0.0
carry_unhedged,1999-07-31,CAD,0.6152859282255856,0.00699187133374185,0.004302000043615218
carry_unhedged,1999-07-31,EUR,0.9630893997794241,-0.010622896604515063,-0.010230799114761295
carry_unhedged,1999-07-31,GBP,0.3987608687995198,-0.007493919194105302,-0.0029882817285548273
carry_unhedged,1999-07-31,JPY,-0.4173074010507115,0.04822362895283217,-0.020124077267540237
carry_unhedged,1999-07-31,USD,0.5324644491001016,0.0,0.0
carry_unhedged,1999-08-31,CAD,0.615807963718751,0.01820684143378154,0.011211917949087194
carry_unhedged,1999-08-31,EUR,0.9655079790834924,0.005842459136882597,0.005640940914129401
carry_unhedged,1999-08-31,GBP,0.40042696119283283,0.02280159013136845,0.009130371446668355
carry_unhedged,1999-08-31,JPY,0.05890902290811773,0.022951220270869044,0.0013520339607058806
carry_unhedged,1999-08-31,USD,0.03977446175902054,0.0,0.0
carry_unhedged,1999-09-30,CAD,0.6873162453363959,-0.0016998134298494838,-0.0011683093843765284
carry_unhedged,1999-09-30,EUR,0.9675065531266163,-0.011814323891754757,-0.011430435786033075
carry_unhedged,1999-09-30,GBP,0.3984086146974741,-0.0019463542425714464,-0.0007754442974934414
carry_unhedged,1999-09-30,JPY,-0.04677864786797542,0.02396969477850241,-0.0011212699115464135
carry_unhedged,1999-09-30,USD,0.47304393503476183,0.0,0.0
carry_unhedged,1999-10-31,CAD,0.7439946299145209,0.0,0.0
carry_unhedged,1999-10-31,EUR,0.9716025838729011,-0.04283247586888709,-0.04161614422788438
carry_unhedged,1999-10-31,GBP,0.4010996520622444,-0.030286616501374597,-0.01214795134084398
carry_unhedged,1999-10-31,JPY,-0.09254036733846271,0.02416537601669955,-0.002236272773457453
carry_unhedged,1999-10-31,USD,0.47302676967799023,0.0,0.0
carry_unhedged,1999-11-30,CAD,0.7446344139783863,0.019204979836050073,0.01430068890568387
carry_unhedged,1999-11-30,EUR,0.9723793003606438,-0.000694892567794602,-0.0006756991488979264
carry_unhedged,1999-11-30,GBP,0.40377352164102864,0.01340210179936585,0.005411413840921516
carry_unhedged,1999-11-30,JPY,-0.06598165626756335,-0.003530107607861765,0.0002329223467694453
carry_unhedged,1999-11-30,USD,0.43539895774279824,0.0,0.0
carry_unhedged,1999-12-31,CAD,0.7446803210345415,-0.005318243014611146,-0.003960390915460336
carry_unhedged,1999-12-31,EUR,0.9744022745718195,-0.03157573060465783,-0.0307674637224456
carry_unhedged,1999-12-31,GBP,0.4029346598590037,0.001979463716982433,0.0007975945395055557
carry_unhedged,1999-12-31,JPY,-0.09146003414929377,-0.04936798876914938,0.0045151979387083535
carry_unhedged,1999-12-31,USD,0.5329085475792518,0.0,0.0
carry_unhedged,2000-01-31,CAD,0.7469339541943916,0.0008269589059238802,0.0006176836855579917
carry_unhedged,2000-01-31,EUR,0.9781083796254675,-0.011752712597565582,-0.01149542667500869
carry_unhedged,2000-01-31,GBP,0.40124547762112117,-0.025156197967919736,-0.010093810668769432
carry_unhedged,2000-01-31,JPY,-0.09102488249069714,-0.02348066073364041,0.002137324384083545
carry_unhedged,2000-01-31,USD,0.5346057242853822,0.0,0.0
carry_unhedged,2000-02-29,CAD,0.6735913547305696,-0.002272493489076266,-0.001530731967923281
carry_unhedged,2000-02-29,EUR,0.9782342182784373,-0.0071811725579300975,-0.007024868723529315
carry_unhedged,2000-02-29,GBP,0.023243726725264834,0.00895848524865828,0.00020822858299212926
carry_unhedged,2000-02-29,JPY,0.043372551402714225,0.06728467399890103,0.0029183079816322045
carry_unhedged,2000-02-29,USD,0.5366448247835172,0.0,0.0
carry_unhedged,2000-03-31,CAD,0.4805674443663383,-0.019076746932021493,-0.009167663519944955
carry_unhedged,2000-03-31,EUR,0.8351218848495019,-0.051986199833683945,-0.043414813191269
carry_unhedged,2000-03-31,GBP,0.023001496657646725,-0.022998281916140877,-0.0005289949046257315
carry_unhedged,2000-03-31,JPY,0.46071457302955066,-0.049841837561968916,-0.02296286091137073
carry_unhedged,2000-03-31,USD,0.33842782049528597,0.0,0.0
carry_unhedged,2000-04-30,CAD,0.6913824986654411,-0.010673033015793476,-0.0073791482347980416
carry_unhedged,2000-04-30,EUR,0.8375270060674749,0.025955738471503148,0.02173863193230841
carry_unhedged,2000-04-30,GBP,-0.18326947603702365,-0.03878892977845716,0.007108826836534747
carry_unhedged,2000-04-30,JPY,0.3130684254389389,0.0022251075377539564,0.0006966109132769455
carry_unhedged,2000-04-30,USD,0.4280184610885362,0.0,0.0
carry_unhedged,2000-05-31,CAD,0.5500047477854315,0.012023654506899349,0.006613067064526344
carry_unhedged,2000-05-31,EUR,0.9079529944867596,0.022996827569574427,0.02088003845549077
carry_unhedged,2000-05-31,GBP,0.024165015329812464,0.010764938828476055,0.00026013491181461727
carry_unhedged,2000-05-31,JPY,0.45969352013813247,0.014961939852638828,0.006877906798954554
carry_unhedged,2000-05-31,USD,-0.46983847286609526,-0.0,0.0
carry_unhedged,2000-06-30,CAD,0.37571317469526566,-0.005525992901586619,-0.0020761883363986113
carry_unhedged,2000-06-30,EUR,0.8405609201941698,-0.02966567018325435,-0.024935803027413023
carry_unhedged,2000-06-30,GBP,-0.1826891293308226,-0.009763302739257407,0.0017836492768281708
carry_unhedged,2000-06-30,JPY,0.8881960060664426,-0.03280805785430996,-0.029139985952994885
carry_unhedged,2000-06-30,USD,-0.575629198363788,-0.0,0.0
carry_unhedged,2000-07-31,CAD,0.5828289764160752,0.010810916104215695,0.006300915167140098
carry_unhedged,2000-07-31,EUR,0.8424566060606906,-0.042775480582613074,-0.036036486194243184
carry_unhedged,2000-07-31,GBP,0.02381634881572182,-0.03173362758441388,-0.0007557791437386129
carry_unhedged,2000-07-31,JPY,0.8871765573851608,0.02792083008160251,0.024770705911132153
carry_unhedged,2000-07-31,USD,-0.8164620856720869,-0.0,0.0
carry_unhedged,2000-08-31,CAD,0.37559054627352884,-0.023498899337673906,-0.008825964439063607
carry_unhedged,2000-08-31,EUR,0.9111026449619175,-0.004628853875976114,-0.004217361009544061
carry_unhedged,2000-08-31,GBP,0.023071469285225518,0.018565818914757122,0.0004283407208468779
carry_unhedged,2000-08-31,JPY,0.890053810078717,-0.011558667091632556,-0.010287835684339039
carry_unhedged,2000-08-31,USD,-0.988311417339506,-0.0,0.0
carry_unhedged,2000-09-30,CAD,-0.026501478112142107,-0.013380550949904757,0.0003546043781273032
carry_unhedged,2000-09-30,EUR,0.9091070940199628,-0.04052970575573428,-0.03684584302107975
carry_unhedged,2000-09-30,GBP,-0.5845553088028317,-0.019254998817983038,0.011255611780044235
carry_unhedged,2000-09-30,JPY,0.9327606513139377,-0.011518210731864542,-0.010743733744225157
carry_unhedged,2000-09-30,USD,-0.9193913075147261,-0.0,0.0
carry_unhedged,2000-10-31,CAD,0.5815225426464958,-0.00535459030447688,-0.0031138149686896696
carry_unhedged,2000-10-31,EUR,0.753099955667486,0.024215385786467116,0.018236605962259456
carry_unhedged,2000-10-31,GBP,-0.9849883760072031,-0.02054747546435798,0.02023902448868582
carry_unhedged,2000-10-31,JPY,0.9324058428264814,-0.01617628875461552,-0.015082866150051817
carry_unhedged,2000-10-31,USD,-0.8917884487889004,-0.0,0.0
carry_unhedged,2000-11-30,CAD,-0.026097088724340592,0.023724341691813255,-0.0006191362500578231
carry_unhedged,2000-11-30,EUR,0.5785954384358797,0.07679914542217679,0.044435635217045265
carry_unhedged,2000-11-30,GBP,-0.9796951014445947,0.05109974997290206,-0.05006217473349571
carry_unhedged,2000-11-30,JPY,0.9297569497322382,-0.030364548718221585,-0.028231650196249646
carry_unhedged,2000-11-30,USD,-0.8879429780109253,-0.0,0.0
carry_unhedged,2000-12-31,CAD,-0.6052620222023044,-0.0,0.0
carry_unhedged,2000-12-31,EUR,-0.3463353716170385,-0.008558032548731788,0.0029639493830757348
carry_unhedged,2000-12-31,GBP,-0.8993955467899603,-0.023134148589396053,0.02080675022008005
carry_unhedged,2000-12-31,JPY,0.9301478904475646,-0.01768270048509457,-0.016447526553626843
carry_unhedged,2000-12-31,USD,-0.8324375740974057,-0.0,0.0
carry_unhedged,2001-01-31,CAD,-0.5700969078355164,-0.021442352111472718,0.012224218635470952
carry_unhedged,2001-01-31,EUR,-0.5488887866293239,-0.010367263481606478,0.005690474673085481
carry_unhedged,2001-01-31,GBP,-0.9470136674500815,-0.012394292107088978,0.011737564023781932
carry_unhedged,2001-01-31,JPY,0.9267467519381601,-0.0076176171844561935,-0.00705960198320309
carry_unhedged,2001-01-31,USD,-0.6420356528992838,-0.0,0.0
carry_unhedged,2001-02-28,CAD,-0.5698360522293249,-0.02983760440786915,0.01700254270376046
carry_unhedged,2001-02-28,EUR,-0.49984206323273433,-0.046437311199820454,0.023211321441098817
carry_unhedged,2001-02-28,GBP,-0.9466714489246894,-0.01697976021347503,0.016074254203684198
carry_unhedged,2001-02-28,JPY,0.9239389693876209,-0.06806019475104463,-0.06288346619460095
carry_unhedged,2001-02-28,USD,-0.7070495856704112,-0.0,0.0
carry_unhedged,2001-03-31,CAD,-0.07691600516237918,0.027230041000788126,-0.002094425974188416
carry_unhedged,2001-03-31,EUR,-0.8068551149319194,0.009055982198099388,-0.007306865557268899
carry_unhedged,2001-03-31,GBP,-1.0234889394117863,0.00814153851424082,-0.008332774619120548
carry_unhedged,2001-03-31,JPY,0.37370225283406,0.015816635773286514,0.005910712420732955
carry_unhedged,2001-03-31,USD,-0.54299134365056,-0.0,0.0
carry_unhedged,2001-04-30,CAD,0.5122058278831442,-0.006553996400931461,-0.0033569951524822462
carry_unhedged,2001-04-30,EUR,-0.8109349737839653,-0.04836767060617406,0.03922303569500923
carry_unhedged,2001-04-30,GBP,-1.0599939603459523,-0.009199180072376356,0.009751075316853777
carry_unhedged,2001-04-30,JPY,0.19062623471097576,0.03869321614665022,0.007375942102893863
carry_unhedged,2001-04-30,USD,0.14357202649652406,0.0,0.0
carry_unhedged,2001-05-31,CAD,0.9447258560054567,0.018671387174895582,0.017639342231612534
carry_unhedged,2001-05-31,EUR,-0.8087840842758229,0.0022446698538238774,-0.00181545325222649
carry_unhedged,2001-05-31,GBP,-0.8405500195810384,-0.006937589767987529,0.0058313912153271285
carry_unhedged,2001-05-31,JPY,0.1055393144718243,-0.04803682016816868,-0.005069773069954826
carry_unhedged,2001-05-31,USD,0.11491554475229343,0.0,0.0
carry_unhedged,2001-06-30,CAD,0.9458782133610099,-0.008856872724030296,-0.008377522948171637
carry_unhedged,2001-06-30,EUR,-0.836894680127437,0.03227959347525783,-0.0270146200561196
carry_unhedged,2001-06-30,GBP,0.24699681684001468,0.012354987897761403,0.0030516426828439713
carry_unhedged,2001-06-30,JPY,-0.019018106479650746,-0.0021623361646838646,4.112353942475735e-05
carry_unhedged,2001-06-30,USD,0.5431933834525919,0.0,0.0
carry_unhedged,2001-07-31,CAD,0.9414611432427823,-0.010913451178674982,-0.01027459022339964
carry_unhedged,2001-07-31,EUR,-0.8062975537290415,0.03789266250976214,-0.030552761085901377
carry_unhedged,2001-07-31,GBP,-0.8385712906501973,0.017940819152506893,-0.015044655872039485
carry_unhedged,2001-07-31,JPY,0.10597570586765459,0.051293294387551036,0.005435843078998127
carry_unhedged,2001-07-31,USD,0.11096020277092258,0.0,0.0
carry_unhedged,2001-08-31,CAD,0.5629908280302274,-0.02040038773869285,-0.011485231185144384
carry_unhedged,2001-08-31,EUR,-0.8039957868694149,0.0009896091851662875,-0.0007956416155209698
carry_unhedged,2001-08-31,GBP,-1.0566977860150237,0.012396994492193503,-0.013099876633141317
carry_unhedged,2001-08-31,JPY,0.10600746507074985,-0.004033957903290641,-0.000427629651529958
carry_unhedged,2001-08-31,USD,0.537279597605764,0.0,0.0
carry_unhedged,2001-09-30,CAD,0.13189383312872566,-0.0068134766141472155,-0.0008986555475728076
carry_unhedged,2001-09-30,EUR,-0.48558550654192595,-0.011718020442175387,0.0056901008920823785
carry_unhedged,2001-09-30,GBP,-0.6827685772336762,-0.01074432919384588,0.0073358903570124034
carry_unhedged,2001-09-30,JPY,0.041904046039338394,-0.027383106479467397,-0.0011474629546157074
carry_unhedged,2001-09-30,USD,-0.10910601833517485,-0.0,0.0
carry_unhedged,2001-10-31,CAD,0.12847310547157037,0.011890596106914897,0.0015276218077635215
carry_unhedged,2001-10-31,EUR,-0.7966127654927662,-0.0038995091472700254,0.0031063987658711133
carry_unhedged,2001-10-31,GBP,-0.8971452732924833,-0.019383009829808843,0.017389375650994743
carry_unhedged,2001-10-31,JPY,0.044627971590709054,-0.005533868288916111,-0.0002469653167844739
carry_unhedged,2001-10-31,USD,0.18342484072147713,0.0,0.0
carry_unhedged,2001-11-30,CAD,0.9264548477491903,-0.013147272364034514,-0.012180354216338733
carry_unhedged,2001-11-30,EUR,-0.4913555516961241,-0.006383357808313922,0.003136498297577849
carry_unhedged,2001-11-30,GBP,-0.030045647975079234,0.020002055830937712,-0.0006009747282742355
carry_unhedged,2001-11-30,JPY,-0.1295828200405672,-0.06153124451833491,0.00797339218529153
carry_unhedged,2001-11-30,USD,0.9559838438582362,0.0,0.0
carry_unhedged,2001-12-31,CAD,0.9264612057575322,0.0006281407241708892,0.0005819480127007714
carry_unhedged,2001-12-31,EUR,-0.06269651828884992,-0.03509934462399103,0.0022006067021447
carry_unhedged,2001-12-31,GBP,0.49290104123516815,-0.02951754613047708,-0.01454922922241926
carry_unhedged,2001-12-31,JPY,-0.31391113942270965,-0.022784840825051944,0.007152415344957128
carry_unhedged,2001-12-31,USD,0.9237221474462979,0.0,0.0
carry_unhedged,2002-01-31,CAD,0.8572006067580655,-0.008384481604962912,-0.007187182719126048
carry_unhedged,2002-01-31,EUR,0.5903773986692374,0.007419463666985426,0.0043802836592357775
carry_unhedged,2002-01-31,GBP,0.17839095194615762,0.0006371907185748205,0.00011366905885781844
carry_unhedged,2002-01-31,JPY,-0.2304096898872858,0.0007462130038078385,-0.0001719347067972241
carry_unhedged,2002-01-31,USD,0.9247860396750589,0.0,0.0
carry_unhedged,2002-02-28,CAD,0.9286754613874914,0.00568627145292977,0.0052807007651240745
carry_unhedged,2002-02-28,EUR,-0.11645951878335459,0.006791393009650176,-0.0007909223617724977
carry_unhedged,2002-02-28,GBP,0.3980605778204119,0.008527483930988788,0.0033944551809236747
carry_unhedged,2002-02-28,JPY,-0.2302940473458454,0.009450306587841517,-0.002176349352773129
carry_unhedged,2002-02-28,USD,0.9519132013594349,0.0,0.0
carry_unhedged,2002-03-31,CAD,0.9432458285187154,0.01751048248719478,0.016516689561396496
carry_unhedged,2002-03-31,EUR,0.5845603987224692,0.03217163284130192,0.018806262521264338
carry_unhedged,2002-03-31,GBP,0.29568413486553863,0.021864483696738272,0.006464980946151729
carry_unhedged,2002-03-31,JPY,-0.19038229635610732,0.032551217782269326,-0.00619717559057619
carry_unhedged,2002-03-31,USD,0.9684852423039283,0.0,0.0
carry_unhedged,2002-04-30,CAD,0.940805423095886,0.026232283341235396,0.02467947442762213
carry_unhedged,2002-04-30,EUR,0.5840564289652772,0.036752405256839815,0.021465478570194544
carry_unhedged,2002-04-30,GBP,0.2958630415786389,0.00411100270652226,0.0012162937646896924
carry_unhedged,2002-04-30,JPY,-0.19003749438550357,0.03421032002803681,-0.006501243500254326
carry_unhedged,2002-04-30,USD,0.9635688346738522,0.0,0.0
carry_unhedged,2002-05-31,CAD,0.9412979588250605,0.005580188449977651,0.005252619997823142
carry_unhedged,2002-05-31,EUR,0.5855031566926316,0.053881226663583234,0.031547628297999175
carry_unhedged,2002-05-31,GBP,0.2955863846175934,0.041519187322297986,0.01227250647285868
carry_unhedged,2002-05-31,JPY,-0.18978603483165754,0.03508844264746269,-0.006659296398479972
carry_unhedged,2002-05-31,USD,0.9627772828014562,0.0,0.0
carry_unhedged,2002-06-30,CAD,0.9394656347302106,-0.04221667653520261,-0.03966111681734411
carry_unhedged,2002-06-30,EUR,0.40321478600823685,-0.006106267701242662,-0.0024621374244655683
carry_unhedged,2002-06-30,GBP,0.4342358154613978,0.02462061518224712,0.010691152910824349
carry_unhedged,2002-06-30,JPY,-0.18892271430305643,0.0006677239209782472,-0.00012614821555629002
carry_unhedged,2002-06-30,USD,0.9591703634695987,0.0,0.0
carry_unhedged,2002-07-31,CAD,1.012610777228158,0.016545079923583728,0.016753726240722112
carry_unhedged,2002-07-31,EUR,-0.06772139413112627,0.0010203041391202013,-6.909641873897864e-05
carry_unhedged,2002-07-31,GBP,-0.6391476155763873,-0.009581758784198648,0.0061241582799486695
carry_unhedged,2002-07-31,JPY,-0.14027181075562556,0.008468587063855894,-0.0011879040419887326
carry_unhedged,2002-07-31,USD,0.20137195475835823,0.0,0.0
carry_unhedged,2002-08-31,CAD,1.0139409014144283,-0.017680440207017978,-0.017926921480907708
carry_unhedged,2002-08-31,EUR,-0.4994323576857327,0.007416848833295385,-0.00370421429941139
carry_unhedged,2002-08-31,GBP,-0.636575338576942,0.014370275515995845,-0.009147763002038995
carry_unhedged,2002-08-31,JPY,-0.13927464037963236,-0.02478297317021916,0.003451639675820351
carry_unhedged,2002-08-31,USD,0.19714705538479765,0.0,0.0
carry_unhedged,2002-09-30,CAD,1.0685467037380556,0.016077618898977686,0.017179686678459274
carry_unhedged,2002-09-30,EUR,-0.7359740562686098,0.0002024291504888042,-0.00014898260299225406
carry_unhedged,2002-09-30,GBP,-0.8717791173391087,-0.004468567920877187,0.00389560419783217
carry_unhedged,2002-09-30,JPY,-0.020252558204325536,-0.008506512933571742,0.00017227864830300966
carry_unhedged,2002-09-30,USD,-0.04204789526492492,-0.0,0.0
carry_unhedged,2002-10-31,CAD,0.6044374391117981,-0.0030702339583819067,-0.0018557643512784388
carry_unhedged,2002-10-31,EUR,-0.6046572969992735,0.005148146433094422,-0.003112864306791324
carry_unhedged,2002-10-31,GBP,-0.635626838033758,-0.004938598370962221,0.0031391056668533847
carry_unhedged,2002-10-31,JPY,-0.1383041540639458,0.0004887983804042761,-6.76028465096402e-05
carry_unhedged,2002-10-31,USD,-0.03908798981278294,-0.0,0.0
carry_unhedged,2002-11-30,CAD,1.012502000418234,-0.0090279715471987,-0.009140839251257582
carry_unhedged,2002-11-30,EUR,-0.7361061878718066,0.05418379670796311,-0.03988502803911967
carry_unhedged,2002-11-30,GBP,-0.6376524542975327,0.034255118688348456,-0.021842860503878674
carry_unhedged,2002-11-30,JPY,-0.1381498736648774,0.03288489470419531,-0.0045430440488673784
carry_unhedged,2002-11-30,USD,1.062173384839299,0.0,0.0
carry_unhedged,2002-12-31,CAD,0.5445763800345864,0.0330725632122289,0.018010536752580648
carry_unhedged,2002-12-31,EUR,-0.36570477847796495,0.023936310522196254,-0.008753623137099563
carry_unhedged,2002-12-31,GBP,-1.1364055708084753,0.021695224521983136,-0.024654574006722274
carry_unhedged,2002-12-31,JPY,-0.11116074386284505,-0.01013791096605754,0.0011269377242022502
carry_unhedged,2002-12-31,USD,0.6509553194194618,0.0,0.0
carry_unhedged,2003-01-31,CAD,1.044650888961758,0.026919347415746475,0.02812132020812996
carry_unhedged,2003-01-31,EUR,-0.7022540321291783,0.003717821923411927,-0.0026108554364542825
carry_unhedged,2003-01-31,GBP,-1.1340963130863784,-0.0441892616540272,0.05011487871984153
carry_unhedged,2003-01-31,JPY,-0.11034738255356473,0.01461105848458466,-0.0016122920601109713
carry_unhedged,2003-01-31,USD,0.6536098412822997,0.0,0.0
carry_unhedged,2003-02-28,CAD,1.0440914160348602,0.012510729534065181,0.013062345314851261
carry_unhedged,2003-02-28,EUR,-0.7007110960378596,0.011162992435606658,-0.007822032664616278
carry_unhedged,2003-02-28,GBP,-0.9541708858848141,0.0033622006488233103,-0.003208113971610235
carry_unhedged,2003-02-28,JPY,-0.1361730569428564,0.001269626477204966,-0.00017288891857658998
carry_unhedged,2003-02-28,USD,0.190474426574812,0.0,0.0
carry_unhedged,2003-03-31,CAD,1.0162991919964488,0.024733443638306096,0.025136578784900193
carry_unhedged,2003-03-31,EUR,-0.4650148369369959,0.0253636784918551,-0.011794486818012389
carry_unhedged,2003-03-31,GBP,-0.7946232381778292,0.013211893972230604,-0.010498477970676025
carry_unhedged,2003-03-31,JPY,-0.2012767343254441,-0.008433886544064961,0.0016975451412607012
carry_unhedged,2003-03-31,USD,0.19190525121276625,0.0,0.0
carry_unhedged,2003-04-30,CAD,0.937539767681277,0.04450249437715059,0.041722858239591105
carry_unhedged,2003-04-30,EUR,-0.29003032060039374,0.0510875487153111,-0.014816938132589911
carry_unhedged,2003-04-30,GBP,-0.7383951303946763,0.024265692204537895,-0.01791766895948684
carry_unhedged,2003-04-30,JPY,-0.24692285959096227,-0.003604815908482273,0.0008901114524214353
carry_unhedged,2003-04-30,USD,-0.03942614870586514,-0.0,0.0
carry_unhedged,2003-05-31,CAD,-0.2614276494615919,0.011294582846650138,-0.002952716245248961
carry_unhedged,2003-05-31,EUR,-0.47044038974263047,-0.022693083150701957,0.010675742881878149
carry_unhedged,2003-05-31,GBP,-0.7371067333222339,0.008261999490897065,-0.006089975455445095
carry_unhedged,2003-05-31,JPY,-0.10833877719582567,-0.003091450847442445,0.0003349240045729135
carry_unhedged,2003-05-31,USD,-0.045560514634575056,-0.0,0.0
carry_unhedged,2003-06-30,CAD,-0.3933519812582763,-0.037352344535583386,0.014692618727713476
carry_unhedged,2003-06-30,EUR,-0.07501432939536518,-0.023843121310663313,0.0017885757558117488
carry_unhedged,2003-06-30,GBP,-0.9551986728750858,-0.02691845293092443,0.025712470515469477
carry_unhedged,2003-06-30,JPY,-0.13589090176551488,-0.0045778098172935,0.0006220827041830406
carry_unhedged,2003-06-30,USD,0.6458444387082641,0.0,0.0
carry_unhedged,2003-07-31,CAD,-0.23238807350814683,0.016043890911009773,-0.0037284089003844275
carry_unhedged,2003-07-31,EUR,0.2305054349817779,-0.022056077060470358,-0.005084045636815333
carry_unhedged,2003-07-31,GBP,-0.559024750950356,-0.019898343498954918,0.011123666518827909
carry_unhedged,2003-07-31,JPY,-0.2514285380187595,0.03129340661203894,-0.007868055474091532
carry_unhedged,2003-07-31,USD,1.118145428405832,0.0,0.0
carry_unhedged,2003-08-31,CAD,-0.48775033489236785,0.025077163054720405,-0.012231394678090392
carry_unhedged,2003-08-31,EUR,0.8231988459144071,0.05868444509128094,0.04830896747226986
carry_unhedged,2003-08-31,GBP,0.4922335158210021,0.05230717192196522,0.025747343137802543
carry_unhedged,2003-08-31,JPY,-0.22823002566232975,0.04629563436529959,-0.010566053819246161
carry_unhedged,2003-08-31,USD,0.9917578053639103,0.0,0.0
carry_unhedged,2003-09-30,CAD,-0.1772776650104936,0.023370099623339798,-0.004142996692288296
carry_unhedged,2003-09-30,EUR,-0.14557256911562952,-0.0035255206558108543,0.0005132190993366051
carry_unhedged,2003-09-30,GBP,0.2736898285500669,0.020014964063088555,0.005477892082862457
carry_unhedged,2003-09-30,JPY,-0.22813057230955325,0.01200754733032916,-0.0027392886445020397
carry_unhedged,2003-09-30,USD,0.5971494910465582,0.0,0.0
carry_unhedged,2003-10-31,CAD,-0.12308914502870535,0.01696769536641201,-0.0020885391157591795
carry_unhedged,2003-10-31,EUR,0.7637707603120106,0.03270923693575914,0.02498235876365046
carry_unhedged,2003-10-31,GBP,0.4923818307637512,0.015391671813658081,0.007578579546123792
carry_unhedged,2003-10-31,JPY,-0.3138186816910243,0.005190559392978855,-0.0016288945059435875
carry_unhedged,2003-10-31,USD,0.9379799189306891,0.0,0.0
carry_unhedged,2003-11-30,CAD,0.3024913192244466,0.0038616050458208377,0.0011681020046341248
carry_unhedged,2003-11-30,EUR,0.7312657493740023,0.04896879407850804,0.03580920189776139
carry_unhedged,2003-11-30,GBP,0.49237423656066337,0.03554180318754297,0.01749986821045582
carry_unhedged,2003-11-30,JPY,-0.31229726579413464,0.022155434061188473,-0.0069190814797914
carry_unhedged,2003-11-30,USD,0.9397604863983872,0.0,0.0
carry_unhedged,2003-12-31,CAD,-0.12258264606300345,-0.026120318046648536,0.003201897702165399
carry_unhedged,2003-12-31,EUR,0.8555490167914992,-0.01157743779080414,-0.00990506551888723
carry_unhedged,2003-12-31,GBP,0.17906601795003416,0.020690201968935337,0.0037049120771592073
carry_unhedged,2003-12-31,JPY,-0.22800834120686597,0.012114530467766114,-0.00276221399645539
carry_unhedged,2003-12-31,USD,0.9377014235032508,0.0,0.0
carry_unhedged,2004-01-31,CAD,-0.26848889061455583,-0.010498784098219749,0.0028188068953327603
carry_unhedged,2004-01-31,EUR,0.4675495642477678,-0.0008837826470078636,-0.00041321219149826537
carry_unhedged,2004-01-31,GBP,0.29805573853801953,0.01957116014329574,0.005833296590555865
carry_unhedged,2004-01-31,JPY,-0.1887314435483589,-0.031801843160871535,0.00600200776724979
carry_unhedged,2004-01-31,USD,1.022515199736505,0.0,0.0
carry_unhedged,2004-02-29,CAD,-0.23187038748182368,0.02301554148081675,-0.005336622521260966
carry_unhedged,2004-02-29,EUR,-0.15869287190259024,-0.012048825664115663,0.0019120627476921486
carry_unhedged,2004-02-29,GBP,-0.27307399384844644,-0.00946592598888285,0.002584898215258045
carry_unhedged,2004-02-29,JPY,-0.13993019966664785,0.04761019065052619,-0.0066621034838953005
carry_unhedged,2004-02-29,USD,1.075793799202245,0.0,0.0
carry_unhedged,2004-03-31,CAD,0.07133362838201679,-0.04558620016741197,-0.0032518290620903965
carry_unhedged,2004-03-31,EUR,-0.3599361277168268,-0.026127500971259352,0.009404231526512723
carry_unhedged,2004-03-31,GBP,0.180212104887844,-0.0363032340069288,-0.0065422822146245984
carry_unhedged,2004-03-31,JPY,-0.22886340995286003,-0.05771818546774731,0.01320958074244026
carry_unhedged,2004-03-31,USD,0.9844292325737607,0.0,0.0
carry_unhedged,2004-04-30,CAD,0.49687731461081774,0.00328743401593129,0.0016334513857961955
carry_unhedged,2004-04-30,EUR,0.3034432609684339,0.020007281124943876,0.006071074627665166
carry_unhedged,2004-04-30,GBP,0.17828612620996917,0.03249163124360244,0.005792807068664681
carry_unhedged,2004-04-30,JPY,-0.3149171345594733,0.0017229657402229037,-0.0005425914338551387
carry_unhedged,2004-04-30,USD,0.9428007788946169,0.0,0.0
carry_unhedged,2004-05-31,CAD,0.8542445709703274,0.0191340377391625,0.016345147859420924
carry_unhedged,2004-05-31,EUR,0.3038322455693632,-0.0031152673169493605,-0.0009465186644575694
carry_unhedged,2004-05-31,GBP,0.1774361438087225,-0.011191690219023663,-0.0019858103551653556
carry_unhedged,2004-05-31,JPY,-0.314792261020126,0.00683031661421829,-0.002150130810473107
carry_unhedged,2004-05-31,USD,0.9456818438514945,0.0,0.0
carry_unhedged,2004-06-30,CAD,0.8556136065357939,0.008313720506331834,0.007113332386153167
carry_unhedged,2004-06-30,EUR,0.7312006751615246,-0.012143389897489393,-0.008879254891793881
carry_unhedged,2004-06-30,GBP,-0.40518848177396877,0.0031397200046677787,-0.0012721783818866953
carry_unhedged,2004-06-30,JPY,-0.2317343423874062,-0.017752481426746236,0.004113859609171682
carry_unhedged,2004-06-30,USD,0.9470199643288546,0.0,0.0
carry_unhedged,2004-07-31,CAD,0.85543825876395,0.009825489067407324,0.008405099259327148
carry_unhedged,2004-07-31,EUR,0.7308645524010622,0.012471770164786318,0.009115174719135474
carry_unhedged,2004-07-31,GBP,-0.40556149162303423,-0.00839459284302646,0.0034045235949858588
carry_unhedged,2004-07-31,JPY,-0.30180238381436847,0.02168967462795468,-0.006545995506874748
carry_unhedged,2004-07-31,USD,0.9464088137915231,0.0,0.0
carry_unhedged,2004-08-31,CAD,0.9239071282098277,0.04013864913851406,0.0370843840557864
carry_unhedged,2004-08-31,EUR,0.3366479128909368,0.019024964062434698,0.00640471444444372
carry_unhedged,2004-08-31,GBP,-1.0555061146390485,0.0032668006129724647,-0.0034481280222990285
carry_unhedged,2004-08-31,JPY,-0.185282769286737,-0.010949014489670894,0.002028663725606833
carry_unhedged,2004-08-31,USD,0.9426001074956636,0.0,0.0
carry_unhedged,2004-09-30,CAD,0.8558010086749697,0.03532571522045244,0.030231782717827928
carry_unhedged,2004-09-30,EUR,0.7636550180323273,0.02615099545739727,0.01997033890758202
carry_unhedged,2004-09-30,GBP,-1.0535883739047587,0.013997758400041693,-0.014747875511011603
carry_unhedged,2004-09-30,JPY,-0.18470098710792882,0.038480515297989897,-0.00710738915996049
carry_unhedged,2004-09-30,USD,0.9444108768208521,0.0,0.0
carry_unhedged,2004-10-31,CAD,0.8559101747103544,0.025466931464058176,0.021797405758738654
carry_unhedged,2004-10-31,EUR,0.7631342285914906,0.03945907024047943,0.030112567128905712
carry_unhedged,2004-10-31,GBP,-1.051802274938115,0.03891666458704413,-0.040932636345656595
carry_unhedged,2004-10-31,JPY,-0.18502995142365286,0.028699119064780735,-0.005310196606458009
carry_unhedged,2004-10-31,USD,0.9438623326594658,0.0,0.0
carry_unhedged,2004-11-30,CAD,0.42704365562456265,-0.011029523575499828,-0.004710088067478743
carry_unhedged,2004-11-30,EUR,0.051564641361968644,0.020823978953834053,0.0010737810064836359
carry_unhedged,2004-11-30,GBP,-0.8992802084304343,0.00455105014842494,-0.004092669326052939
carry_unhedged,2004-11-30,JPY,-0.15844144960638162,0.003499906353104265,-0.0005545302360724243
carry_unhedged,2004-11-30,USD,0.8136452510951119,0.0,0.0
carry_unhedged,2004-12-31,CAD,0.7319095463392724,-0.029637863127341794,-0.02169223495599818
carry_unhedged,2004-12-31,EUR,0.9122418403248506,-0.03678904360630603,-0.033560504843207786
carry_unhedged,2004-12-31,GBP,-0.8989353232373443,-0.016311858648694666,0.01466330592696621
carry_unhedged,2004-12-31,JPY,-0.1582753292048448,-0.008437231838653858,0.0013354056468405373
carry_unhedged,2004-12-31,USD,0.8135621554055489,0.0,0.0
carry_unhedged,2005-01-31,CAD,0.7906817804791209,0.008181164257345913,0.0064686975213904116
carry_unhedged,2005-01-31,EUR,0.5477605188775028,0.017095732243623374,0.009364367164357994
carry_unhedged,2005-01-31,GBP,-0.8997996306920557,0.020946197438478587,-0.018847380719545916
carry_unhedged,2005-01-31,JPY,-0.03841126403446256,-0.006737272837317399,0.0002587871658264113
carry_unhedged,2005-01-31,USD,0.7562774955335707,0.0,0.0
carry_unhedged,2005-02-28,CAD,0.7042359645595543,0.016483213817134718,0.01160807198155124
carry_unhedged,2005-02-28,EUR,0.9915654974081365,-0.02324534037012876,-0.02304927748652816
carry_unhedged,2005-02-28,GBP,-0.9027962493969697,-0.01893231154928654,0.01709201985911082
carry_unhedged,2005-02-28,JPY,-0.03881863425719809,-0.028090937720480547,0.001090451837313064
carry_unhedged,2005-02-28,USD,0.7588930406315473,0.0,0.0
carry_unhedged,2005-03-31,CAD,0.7340209653742991,-0.038444439102298694,-0.02821902430314274
carry_unhedged,2005-03-31,EUR,0.991697218841849,-0.003862798375440124,-0.0038307264058707836
carry_unhedged,2005-03-31,GBP,-0.9020103434579756,0.012312704880042435,-0.01110618715774377
carry_unhedged,2005-03-31,JPY,-0.15771632542685904,0.024356910690502605,-0.003841482452856251
carry_unhedged,2005-03-31,USD,0.7606005387415635,0.0,0.0
carry_unhedged,2005-04-30,CAD,0.7917992590838083,0.004465717150364589,0.0035359515309365376
carry_unhedged,2005-04-30,EUR,-0.33932266769571595,-0.04512400784247884,0.015311598718232327
carry_unhedged,2005-04-30,GBP,-0.8996826265260385,-0.047716062841926414,0.04292931274510586
carry_unhedged,2005-04-30,JPY,-0.016444437296454215,-0.03132752305016062,0.0005151634884515904
carry_unhedged,2005-04-30,USD,0.7591513408226979,0.0,0.0
carry_unhedged,2005-05-31,CAD,0.7633473190137567,0.0206725708047199,0.015780351500904996
carry_unhedged,2005-05-31,EUR,-0.31312159070318535,-0.020534938450962936,0.0064299325927575195
carry_unhedged,2005-05-31,GBP,-0.8963327626722609,-0.016648154204286447,0.014922286051321888
carry_unhedged,2005-05-31,JPY,0.021592526069799972,-0.026865650857600617,-0.0005800972665248853
carry_unhedged,2005-05-31,USD,0.5257031804574941,0.0,0.0
carry_unhedged,2005-06-30,CAD,0.7896921779149141,-8.15893607926943e-05,-6.443048001906846e-05
carry_unhedged,2005-06-30,EUR,-0.7642004658064723,0.0025591296420210963,-0.0019556880644916726
carry_unhedged,2005-06-30,GBP,-0.8936169682819446,-0.018974191960132277,0.016955659895013055
carry_unhedged,2005-06-30,JPY,0.037956324320543425,-0.01200946500571387,-0.0004558351486730926
carry_unhedged,2005-06-30,USD,0.47428781508681267,0.0,0.0
carry_unhedged,2005-07-31,CAD,0.7649483290685833,0.03014721061391981,0.02306105838519662
carry_unhedged,2005-07-31,EUR,-0.07360137078631822,0.016436037849509425,-0.0012097149160197034
carry_unhedged,2005-07-31,GBP,-0.8955870133935525,0.023537106782416047,-0.021079527167189117
carry_unhedged,2005-07-31,JPY,0.07412402308556232,0.012640806627586267,0.0009369874422833336
carry_unhedged,2005-07-31,USD,0.6552244972704668,0.0,0.0
carry_unhedged,2005-08-31,CAD,0.7913906684236703,0.02434162735862272,0.019263736745860335
carry_unhedged,2005-08-31,EUR,0.31631626609176366,-0.0223069771090392,-0.0070560597069257245
carry_unhedged,2005-08-31,GBP,-0.8936968987917422,-0.017699577099400843,0.015818057163659874
carry_unhedged,2005-08-31,JPY,0.1636470311168527,-0.021863182890619726,-0.0035778449708146875
carry_unhedged,2005-08-31,USD,0.218710492277558,0.0,0.0
carry_unhedged,2005-09-30,CAD,0.7090595510273765,-0.016152126566544217,-0.011452819611411202
carry_unhedged,2005-09-30,EUR,0.9177313982004267,-0.005238443775555907,-0.004807484330535244
carry_unhedged,2005-09-30,GBP,-0.8952318258442364,-0.0003956478785539508,0.0003541965727092521
carry_unhedged,2005-09-30,JPY,0.24603917456652416,-0.026737930741603577,-0.006578578409281035
carry_unhedged,2005-09-30,USD,0.3445890710995774,0.0,0.0
carry_unhedged,2005-10-31,CAD,0.5048232248669919,0.010739044654565153,0.005421319154508213
carry_unhedged,2005-10-31,EUR,1.386448791640087,-0.01723818174237829,-0.023899856246792587
carry_unhedged,2005-10-31,GBP,-0.8964890890439365,-0.021023339273227304,0.01884719427371716
carry_unhedged,2005-10-31,JPY,0.24649602019172284,-0.02796555433488468,-0.0068933978460044565
carry_unhedged,2005-10-31,USD,0.4242382659774901,0.0,0.0
carry_unhedged,2005-11-30,CAD,0.5065647127065449,0.0012003774055610315,0.0006080688355874517
carry_unhedged,2005-11-30,EUR,1.4933388470287599,0.004400819560304692,0.006571914808167023
carry_unhedged,2005-11-30,GBP,-0.8953228830831994,-0.007708172275394332,0.006901303024908038
carry_unhedged,2005-11-30,JPY,0.12607828351623648,0.01498723009239189,0.0018895642447116557
carry_unhedged,2005-11-30,USD,0.3442957875831451,0.0,0.0
carry_unhedged,2005-12-31,CAD,0.6349659017436514,0.01905479443283831,0.012099144729587086
carry_unhedged,2005-12-31,EUR,1.4366373070770815,0.02633485521694645,0.03783363548113878
carry_unhedged,2005-12-31,GBP,-0.8935701092551049,0.03610995612991452,-0.03226677744420477
carry_unhedged,2005-12-31,JPY,0.42564841296981826,0.00851939042704952,0.003626265014743891
carry_unhedged,2005-12-31,USD,-0.3403536188594902,-0.0,0.0
carry_unhedged,2006-01-31,CAD,0.5335725812786469,0.004996723085193888,0.0026661144345015075
carry_unhedged,2006-01-31,EUR,1.517344536601231,-0.019350352552125943,-0.02936115172627599
carry_unhedged,2006-01-31,GBP,-0.894582412451022,-0.015894449266662503,0.01421889476955132
carry_unhedged,2006-01-31,JPY,0.42608287165479897,0.009110505644800426,0.0038818304073638217
carry_unhedged,2006-01-31,USD,-0.5305606880346374,-0.0,0.0
carry_unhedged,2006-02-28,CAD,0.47397777474450137,-0.025251894923593227,-0.011968836963966688
carry_unhedged,2006-02-28,EUR,1.4176320095061157,0.017786373141261778,0.025214531898072535
carry_unhedged,2006-02-28,GBP,-0.8354665697284255,-0.00835914634998447,0.006983787326879413
carry_unhedged,2006-02-28,JPY,0.39904187432468974,-0.014230844532775675,-0.005678702875582069
carry_unhedged,2006-02-28,USD,0.005119651835122731,0.0,0.0
carry_unhedged,2006-03-31,CAD,0.2985843170385995,0.04083984672187834,0.012194137741413131
carry_unhedged,2006-03-31,EUR,1.4777078017785616,0.03917635418785181,0.05789120422862885
carry_unhedged,2006-03-31,GBP,-0.8380358591125052,0.04645206540579594,-0.03892849653989648
carry_unhedged,2006-03-31,JPY,0.7346095325892608,0.03191346196150224,0.023443933374844315
carry_unhedged,2006-03-31,USD,-0.4938315751424725,-0.0,0.0
carry_unhedged,2006-04-30,CAD,-0.08766732565257218,0.015834788800044908,-0.0013881935863732397
carry_unhedged,2006-04-30,EUR,1.5362806536369487,0.01642021415880565,0.025226057340748627
carry_unhedged,2006-04-30,GBP,-0.3196174165955106,0.027713399489483037,-0.00885768514990791
carry_unhedged,2006-04-30,JPY,0.7349598259245947,0.013537034854864238,0.009949176780466192
carry_unhedged,2006-04-30,USD,-0.5228549920392045,-0.0,0.0
carry_unhedged,2006-05-31,CAD,-0.6069245218341016,-0.011092687129586304,0.0067324238319794606
carry_unhedged,2006-05-31,EUR,1.4797349999139038,-0.004216779635757784,-0.0062397164139549955
carry_unhedged,2006-05-31,GBP,0.14594037215228872,-0.012949164096446194,-0.001889805827296413
carry_unhedged,2006-05-31,JPY,0.7358713762549467,-0.019844545911195333,-0.014603033310825785
carry_unhedged,2006-05-31,USD,-0.49688073371878105,-0.0,0.0
carry_unhedged,2006-06-30,CAD,-0.08831310237494393,-0.014159370983062221,0.0012504579791919844
carry_unhedged,2006-06-30,EUR,1.4841841344302389,-0.0011744902105692012,-0.001743159736570439
carry_unhedged,2006-06-30,GBP,0.14514452128062955,0.010436935712598181,0.0015148640376417694
carry_unhedged,2006-06-30,JPY,0.7362866497124523,0.0006114872433391483,0.00045022989374008456
carry_unhedged,2006-06-30,USD,-0.8712372848278569,-0.0,0.0
carry_unhedged,2006-07-31,CAD,-0.6837835883109435,0.021721524413271964,-0.014852821906890867
carry_unhedged,2006-07-31,EUR,1.4276298350554353,0.0022694379189009406,0.0032399172818291
carry_unhedged,2006-07-31,GBP,0.2216128254424801,0.01798027701097882,0.003984659990641487
carry_unhedged,2006-07-31,JPY,0.7730328106565085,-0.025110254115123354,-0.019411050314912966
carry_unhedged,2006-07-31,USD,-0.8415690976860404,-0.0,0.0
carry_unhedged,2006-08-31,CAD,-0.6375718185122298,-0.007651835507306762,0.004878594679350022
carry_unhedged,2006-08-31,EUR,1.4274758839003479,-0.00832029917643684,-0.011877026421199515
carry_unhedged,2006-08-31,GBP,0.02645280252326245,-0.016322566944456333,-0.00043177764005443474
carry_unhedged,2006-08-31,JPY,0.770114828821505,-0.005438952814795783,-0.004188618215934697
carry_unhedged,2006-08-31,USD,-0.8386541525191011,-0.0,0.0
carry_unhedged,2006-09-30,CAD,-0.7111524233316684,-0.0067924114934177215,0.0048304398938098896
carry_unhedged,2006-09-30,EUR,1.3537096465850689,0.006755720902178686,0.00914528455491567
carry_unhedged,2006-09-30,GBP,0.14718833572794554,0.019471514649890834,0.002865979835419742
carry_unhedged,2006-09-30,JPY,0.7908632631875572,0.009965586499665058,0.007881416258702973
carry_unhedged,2006-09-30,USD,-0.8371701266674143,-0.0,0.0
carry_unhedged,2006-10-31,CAD,-0.7115624441001692,-0.016431465094820533,0.011692013463017117
carry_unhedged,2006-10-31,EUR,1.2822978334215538,0.03749382863482212,0.048078255225111416
carry_unhedged,2006-10-31,GBP,0.14751060266085508,0.031412954996198665,0.004633743922847584
carry_unhedged,2006-10-31,JPY,0.8075907911318218,0.010930951891773509,0.008827736086101252
carry_unhedged,2006-10-31,USD,-0.8370926379297201,-0.0,0.0
carry_unhedged,2006-11-30,CAD,-0.636790782222649,-0.020724782525725183,0.013197350475950826
carry_unhedged,2006-11-30,EUR,1.3560728594798523,-0.004837865660769491,-0.006560498320379069
carry_unhedged,2006-11-30,GBP,-0.49663413204274365,-0.005448217351456619,0.0027057706955208737
carry_unhedged,2006-11-30,JPY,0.8076094102571211,-0.029588209496316683,-0.023895716421884466
carry_unhedged,2006-11-30,USD,-0.8149182561052127,-0.0,0.0
carry_unhedged,2006-12-31,CAD,-0.7118905804292546,-0.01194349634979258,0.008502462548808523
carry_unhedged,2006-12-31,EUR,1.2850535759042074,-0.015194031562535291,-0.01952514459183737
carry_unhedged,2006-12-31,GBP,0.14611887953744757,0.0012756080000996262,0.0001863904117035617
carry_unhedged,2006-12-31,JPY,0.8075136310605789,-0.016664274977468807,-0.013456629196047783
carry_unhedged,2006-12-31,USD,-0.8385227765305099,-0.0,0.0
carry_unhedged,2007-01-31,CAD,-0.6382044112382038,0.007832493643270405,-0.004998731994130363
carry_unhedged,2007-01-31,EUR,1.361593178833808,0.017691478654707105,0.02408859665973311
carry_unhedged,2007-01-31,GBP,0.023235333978515963,0.00010197838067160805,2.36950173349305e-06
carry_unhedged,2007-01-31,JPY,0.7917080386437156,0.022478489797707724,0.017796401069415956
carry_unhedged,2007-01-31,USD,-0.8402329639437583,-0.0,0.0
carry_unhedged,2007-02-28,CAD,-0.6373487657242831,0.014636507522742618,-0.009328560004134193
carry_unhedged,2007-02-28,EUR,1.2852741630809021,0.01082554550492243,0.013913793938733397
carry_unhedged,2007-02-28,GBP,-0.15323457680899455,0.003664312716326946,-0.0005614994083821768
carry_unhedged,2007-02-28,JPY,0.8074947373799914,0.00652848984575094,0.005271721193482596
carry_unhedged,2007-02-28,USD,-0.8155857928412826,-0.0,0.0
carry_unhedged,2007-03-31,CAD,-0.6376539584892955,0.04089427235628822,-0.026076394647526552
carry_unhedged,2007-03-31,EUR,1.287381838423604,0.021159330510857388,0.02724013781288024
carry_unhedged,2007-03-31,GBP,0.023206018229469026,0.01587534915829015,0.00036840364196646697
carry_unhedged,2007-03-31,JPY,0.8074781855200531,-0.01586531168021832,-0.012810893088252793
carry_unhedged,2007-03-31,USD,-0.8367597163086894,-0.0,0.0
carry_unhedged,2007-04-30,CAD,-0.6385034826916846,0.03372086687981535,-0.02153089094214478
carry_unhedged,2007-04-30,EUR,1.2896671534023854,-0.015269724639238313,-0.019692862308724742
carry_unhedged,2007-04-30,GBP,0.0230647762207016,-0.010201862484596641,-0.00023530367524159237
carry_unhedged,2007-04-30,JPY,0.807609671848372,-0.019237740882441123,-0.015536585601172286
carry_unhedged,2007-04-30,USD,-0.8365466507548336,-0.0,0.0
carry_unhedged,2007-05-31,CAD,0.43398417713157034,0.006280779962717482,0.0027257591238644017
carry_unhedged,2007-05-31,EUR,1.2929824012058677,0.0049679411114122995,0.0064234604272832225
carry_unhedged,2007-05-31,GBP,0.02118448067679612,0.013346911628669536,0.00028274739149245523
carry_unhedged,2007-05-31,JPY,0.7733071845259297,-0.013298176797066574,-0.010283575658267598
carry_unhedged,2007-05-31,USD,-0.8404122175029338,-0.0,0.0
carry_unhedged,2007-06-30,CAD,0.43362867687574363,-0.0020666987158867514,-0.0008961798296707704
carry_unhedged,2007-06-30,EUR,1.2944493922007883,0.014028359759699849,0.018159001764517464
carry_unhedged,2007-06-30,GBP,0.1420252899040951,0.014891313342025755,0.002114943094453927
carry_unhedged,2007-06-30,JPY,0.7742884095583914,0.03513473709917303,0.027204419708770897
carry_unhedged,2007-06-30,USD,-0.868083092729393,-0.0,0.0
carry_unhedged,2007-07-31,CAD,0.29943638014396423,0.009049835519917955,0.002709849988982503
carry_unhedged,2007-07-31,EUR,1.2475620231877975,-0.005118466863534676,-0.006385604875891022
carry_unhedged,2007-07-31,GBP,-0.5048998708978413,-0.009820207714757999,0.004958221607371299
carry_unhedged,2007-07-31,JPY,0.8101117043846973,0.028091734867015106,0.022757443212240634
carry_unhedged,2007-07-31,USD,-0.8373611226425807,-0.0,0.0
carry_unhedged,2007-08-31,CAD,-0.2955881489866818,0.05859661332861304,-0.017320464470693055
carry_unhedged,2007-08-31,EUR,1.010268136666457,0.041499134903254076,0.04192525369198043
carry_unhedged,2007-08-31,GBP,-0.8497464479228535,0.01104711140950565,-0.009387243680035453
carry_unhedged,2007-08-31,JPY,0.8078406750814263,0.007452374178605226,0.006020330987403836
carry_unhedged,2007-08-31,USD,-0.7902095740326132,-0.0,0.0
carry_unhedged,2007-09-30,CAD,-0.7331426392585371,0.047606007642135455,-0.03490199408731727
carry_unhedged,2007-09-30,EUR,0.7724862538961391,0.017360215675614243,0.013410527974084279
carry_unhedged,2007-09-30,GBP,-0.8474470135175729,0.018851065927811828,-0.015975279522147008
carry_unhedged,2007-09-30,JPY,0.808156350887875,-0.002605977847272456,-0.002106037547546348
carry_unhedged,2007-09-30,USD,-0.6375884011981119,-0.0,0.0
carry_unhedged,2007-10-31,CAD,-0.7135396723535241,-0.052414190800951894,0.037399604530786314
carry_unhedged,2007-10-31,EUR,0.7209535120483814,0.015091519788283155,0.010880284193510387
carry_unhedged,2007-10-31,GBP,-0.8472526235668969,-0.01015875609532646,0.008607032753941549
carry_unhedged,2007-10-31,JPY,0.8072871434577874,0.037566837350905935,0.030327224813756166
carry_unhedged,2007-10-31,USD,-0.5695072558327621,-0.0,0.0
carry_unhedged,2007-11-30,CAD,-0.6357446768571692,0.012671126895493202,-0.00805560147359151
carry_unhedged,2007-11-30,EUR,-0.5091347657527407,-0.005803846819800395,0.002954940191063863
carry_unhedged,2007-11-30,GBP,-0.816329439870447,-0.03583654946420756,0.02925443035100612
carry_unhedged,2007-11-30,JPY,0.8061724153121123,-0.006195862320740985,-0.004994933292053069
carry_unhedged,2007-11-30,USD,-0.5657165765861308,-0.0,0.0
carry_unhedged,2007-12-31,CAD,-0.7651727983142458,-0.01376975372259942,0.010536240988019401
carry_unhedged,2007-12-31,EUR,0.5433671998183693,0.01616663385534689,0.00878441856846869
carry_unhedged,2007-12-31,GBP,-0.8394646021992431,0.002617143775776931,-0.002196999558630807
carry_unhedged,2007-12-31,JPY,0.8059135480317756,0.04551025667695808,0.03667733243036409
carry_unhedged,2007-12-31,USD,-0.5656301567405808,-0.0,0.0
carry_unhedged,2008-01-31,CAD,-0.5148708560463869,0.022409335845503774,-0.011537913930205512
carry_unhedged,2008-01-31,EUR,-1.0273255181539525,0.023046177834451672,-0.0236759265852462
carry_unhedged,2008-01-31,GBP,-0.7708492342071805,-0.0015593956730265424,0.001202058960378501
carry_unhedged,2008-01-31,JPY,0.30227605213989756,0.024179815481706335,0.007308979165281366
carry_unhedged,2008-01-31,USD,-0.41469086168792274,-0.0,0.0
carry_unhedged,2008-02-29,CAD,-0.6300427683766594,-0.047739621292377035,0.03007800316030254
carry_unhedged,2008-02-29,EUR,-1.113861085426949,0.03988654691944815,-0.04442807244562945
carry_unhedged,2008-02-29,GBP,-0.6389806634271351,-0.0004531836226506769,0.000289575571855642
carry_unhedged,2008-02-29,JPY,0.3015561901145586,0.04254709556226821,0.012830340038197646
carry_unhedged,2008-02-29,USD,-0.4130875060650756,-0.0,0.0
carry_unhedged,2008-03-31,CAD,-0.5885324361490092,0.017970729603486946,-0.01057635727291529
carry_unhedged,2008-03-31,EUR,-1.028059647339574,-0.01510882022393184,0.015532768391132391
carry_unhedged,2008-03-31,GBP,-0.7377396172950683,-0.0004030023730933196,0.00029731081649486994
carry_unhedged,2008-03-31,JPY,0.23322621798163146,-0.04580505168279192,-0.010682938968430722
carry_unhedged,2008-03-31,USD,-0.2984933610046099,-0.0,0.0
carry_unhedged,2008-04-30,CAD,-0.41857108089190076,0.015377237598682677,-0.006436466962812184
carry_unhedged,2008-04-30,EUR,-1.2855693826808257,-0.0005140066934036236,0.0006607912675327089
carry_unhedged,2008-04-30,GBP,-0.840284765161172,-0.002724522371523319,0.0022893746411318315
carry_unhedged,2008-04-30,JPY,0.7711224162586036,-0.0088576225577075,-0.00683031130900612
carry_unhedged,2008-04-30,USD,0.8173266546258509,0.0,0.0
carry_unhedged,2008-05-31,CAD,-0.21171933274943971,-0.024550256498640313,0.005197763924719723
carry_unhedged,2008-05-31,EUR,0.5210241205805753,0.012009854331245464,0.006257423791237981
carry_unhedged,2008-05-31,GBP,-0.5009560681454391,0.005692853985273638,-0.0028518697489887754
carry_unhedged,2008-05-31,JPY,0.6860713575012091,-0.00670984892315829,-0.004603435159339234
carry_unhedged,2008-05-31,USD,0.8224110776334644,0.0,0.0
carry_unhedged,2008-06-30,CAD,0.47072067004722284,-0.007434251201303065,-0.00349945570677675
carry_unhedged,2008-06-30,EUR,0.8246841080766305,-0.010147835750947241,-0.00836875887517807
carry_unhedged,2008-06-30,GBP,-0.15655144818436012,-0.0050362717247608435,0.0007884356319612551
carry_unhedged,2008-06-30,JPY,0.053187682627004865,-0.01801514161968054,-0.000958183634948115
carry_unhedged,2008-06-30,USD,0.8219214739879465,0.0,0.0
carry_unhedged,2008-07-31,CAD,0.0749211927454379,-0.03542396042639599,-0.002654005366912779
carry_unhedged,2008-07-31,EUR,-0.302541521626215,-0.06082911382491801,0.018403332655764926
carry_unhedged,2008-07-31,GBP,-0.8448327461962201,-0.08511292956908012,0.07190619002465141
carry_unhedged,2008-07-31,JPY,0.40668693691880775,-0.005443068929933404,-0.0022136250305525487
carry_unhedged,2008-07-31,USD,0.8210832547502097,0.0,0.0
carry_unhedged,2008-08-31,CAD,-0.41869185560144345,0.0032033191137690663,-0.0013412036238275417
carry_unhedged,2008-08-31,EUR,-1.0176206768647622,-0.04091005257045127,0.04163091538731563
carry_unhedged,2008-08-31,GBP,-0.840306618088419,-0.02144884137642289,0.01802360335893687
carry_unhedged,2008-08-31,JPY,0.40567699948909514,0.02562689745871527,0.010396242867266328
carry_unhedged,2008-08-31,USD,0.8391036016800623,0.0,0.0
carry_unhedged,2008-09-30,CAD,0.5073215256186551,-0.13741644713383167,-0.06971432160503074
carry_unhedged,2008-09-30,EUR,-0.741886154605501,-0.10464270565733466,0.07763297450763532
carry_unhedged,2008-09-30,GBP,-0.8359251439531676,-0.09657473997621147,0.0807292534168543
carry_unhedged,2008-09-30,JPY,0.6846819833853344,0.0750523484634016,0.05138699080364906
carry_unhedged,2008-09-30,USD,0.47834064287199984,0.0,0.0
carry_unhedged,2008-10-31,CAD,-0.07547141690358919,-0.01647806270301394,0.0012436227400226488
carry_unhedged,2008-10-31,EUR,-1.263906402800116,0.000945775606438548,-0.0011953718445898434
carry_unhedged,2008-10-31,GBP,-0.6578106660824145,-0.05186323879269056,0.03411619165541109
carry_unhedged,2008-10-31,JPY,0.4999090796932172,0.029113236075228418,0.01455397105325881
carry_unhedged,2008-10-31,USD,0.8136323460317474,0.0,0.0
carry_unhedged,2008-11-30,CAD,-0.3623603551077351,0.009756174945364626,-0.003535251017695514
carry_unhedged,2008-11-30,EUR,-1.3680777056619708,0.09212537236098504,-0.12603466805287117
carry_unhedged,2008-11-30,GBP,0.0781889843923178,-0.04866311985522711,-0.0038049199188418432
carry_unhedged,2008-11-30,JPY,0.3980023677940705,0.050158164194084705,0.01996306811344948
carry_unhedged,2008-11-30,USD,0.6158846368338884,0.0,0.0
carry_unhedged,2008-12-31,CAD,-0.3856900848113819,-0.010160623889199388,0.003918851889561865
carry_unhedged,2008-12-31,EUR,-1.0019168041041653,-0.08349719113764684,0.08365723889630575
carry_unhedged,2008-12-31,GBP,0.11365285051192486,-0.014191475428513067,-0.0016129016354204505
carry_unhedged,2008-12-31,JPY,-0.083348138891505,0.010630152142550031,-0.0008860033972150894
carry_unhedged,2008-12-31,USD,0.7796772408886429,0.0,0.0
carry_unhedged,2009-01-31,CAD,0.3122656354109697,-0.027519184227983162,-0.008593295548942698
carry_unhedged,2009-01-31,EUR,-0.7208017613396803,-0.01115223998568185,0.008038554224562289
carry_unhedged,2009-01-31,GBP,0.07487265870944226,-0.00955077147305183,-0.0007150916529136868
carry_unhedged,2009-01-31,JPY,-0.4539371653031117,-0.08439189660089319,0.03830861831756276
carry_unhedged,2009-01-31,USD,0.7591732714101318,0.0,0.0
carry_unhedged,2009-02-28,CAD,-0.05571287374166167,0.008216194110444273,-0.00045774778511216603
carry_unhedged,2009-02-28,EUR,-0.8350303011371317,0.04622201457352721,-0.038596782748497316
carry_unhedged,2009-02-28,GBP,0.11391871551948834,0.0016797316379476572,0.00019135287061244335
carry_unhedged,2009-02-28,JPY,-0.2515763128442602,-0.014322963123796661,0.003603318251689071
carry_unhedged,2009-02-28,USD,0.7610270106662019,0.0,0.0
carry_unhedged,2009-03-31,CAD,0.6138797314097157,0.0543625387276671,0.03337206067289055
carry_unhedged,2009-03-31,EUR,-0.5241195402267678,-0.0012827770104620884,0.0006723284969368574
carry_unhedged,2009-03-31,GBP,0.40800789795480963,0.034300073653849295,0.013994700951202197
carry_unhedged,2009-03-31,JPY,-0.8021258754068676,0.003941190488826685,-0.003161330870995325
carry_unhedged,2009-03-31,USD,0.7198605971894465,0.0,0.0
carry_unhedged,2009-04-30,CAD,0.3097331810201672,0.08583183093999502,0.02658496602982987
carry_unhedged,2009-04-30,EUR,-0.35377939247641904,0.06447245130173067,-0.02280902465299179
carry_unhedged,2009-04-30,GBP,0.40878811002574433,0.0879794421732385,0.03596494988711743
carry_unhedged,2009-04-30,JPY,-0.8026723430912467,0.03304299379069686,-0.026522697248728164
carry_unhedged,2009-04-30,USD,0.7206468405454949,0.0,0.0
carry_unhedged,2009-05-31,CAD,0.5745038837768127,-0.05926544785590265,-0.03404822996698825
carry_unhedged,2009-05-31,EUR,-0.19287286293997613,-0.007532189380286607,0.0014527549299819624
carry_unhedged,2009-05-31,GBP,0.021164724989669148,0.017907997275228273,0.00037901783744595085
carry_unhedged,2009-05-31,JPY,-0.41960990617520166,-0.009063978291194097,0.0038033350803420196
carry_unhedged,2009-05-31,USD,0.3867945979527379,0.0,0.0
carry_unhedged,2009-06-30,CAD,0.5753517611908112,0.0745315158975623,0.04288183893588341
carry_unhedged,2009-06-30,EUR,0.10157290728564025,0.01830504484171419,0.001859296622566923
carry_unhedged,2009-06-30,GBP,0.621411054854813,0.015739809338610522,0.0097808915243196
carry_unhedged,2009-06-30,JPY,-0.4679910999040855,0.019690623612385494,-0.009215036602157644
carry_unhedged,2009-06-30,USD,0.7230345839529437,0.0,0.0
carry_unhedged,2009-07-31,CAD,0.5755604631420717,-0.016178310396475326,-0.009311595824651532
carry_unhedged,2009-07-31,EUR,0.1464043956196566,0.005238722559722021,0.0007669720101751628
carry_unhedged,2009-07-31,GBP,0.6935589882477119,-0.024163224828399554,-0.016758621764786787
carry_unhedged,2009-07-31,JPY,-0.4684414596880843,0.018360891552061,-0.00860100283982207
carry_unhedged,2009-07-31,USD,0.38821238818373854,0.0,0.0
carry_unhedged,2009-08-31,CAD,0.6469133072696974,0.02287289606868941,0.014796780842631925
carry_unhedged,2009-08-31,EUR,0.17195914524752898,0.019045566024152805,0.0032750592542686954
carry_unhedged,2009-08-31,GBP,0.3318699165578745,-0.019184943883399974,-0.0063669057257514546
carry_unhedged,2009-08-31,JPY,-0.4674398527847581,0.03653524661826246,-0.017078030300695435
carry_unhedged,2009-08-31,USD,0.3874521094666814,0.0,0.0
carry_unhedged,2009-09-30,CAD,0.6472478068544241,-0.004468033124197384,-0.0028919246405896774
carry_unhedged,2009-09-30,EUR,0.17118618552895085,0.008507793362869774,0.0014564166930582016
carry_unhedged,2009-09-30,GBP,0.3316573554317597,0.02924815203360437,0.00970036475473127
carry_unhedged,2009-09-30,JPY,-0.4671463202345097,-0.011222963511113626,0.0052427661063429035
carry_unhedged,2009-09-30,USD,0.3873402402569471,0.0,0.0
carry_unhedged,2009-10-31,CAD,0.6472217788575764,0.018466100951433674,0.011951662706350487
carry_unhedged,2009-10-31,EUR,0.17085179546863802,0.016068112685967643,0.0027452659021899714
carry_unhedged,2009-10-31,GBP,0.3318045104216551,-0.004256878235579686,-0.0014124513988811168
carry_unhedged,2009-10-31,JPY,-0.46813706003540817,0.04960817820971819,-0.02322342670081007
carry_unhedged,2009-10-31,USD,0.38682318462432835,0.0,0.0
carry_unhedged,2009-11-30,CAD,0.6458155152273282,0.010365743520522344,0.006694357992420476
carry_unhedged,2009-11-30,EUR,-0.04270013232953551,-0.045155321638162965,0.001928138209332297
carry_unhedged,2009-11-30,GBP,0.384422568401233,-0.014857837173543997,-0.0057116879271411
carry_unhedged,2009-11-30,JPY,-0.4667903106935393,-0.07771766593792863,0.0362778534295424
carry_unhedged,2009-11-30,USD,0.3846865829276182,0.0,0.0
carry_unhedged,2009-12-31,CAD,0.6479801213648153,-0.018093611590061932,-0.01172430063405616
carry_unhedged,2009-12-31,EUR,-0.2380117554756238,-0.03276656511596715,0.007798827684157679
carry_unhedged,2009-12-31,GBP,0.38583374931225617,-0.00982106352351192,-0.003789297761510441
carry_unhedged,2009-12-31,JPY,-0.29960232356241817,0.029436334450957172,-0.008819194198667227
carry_unhedged,2009-12-31,USD,0.7229183743769482,0.0,0.0
carry_unhedged,2010-01-31,CAD,0.6466584652722548,0.012469460642121866,0.00806348228160731
carry_unhedged,2010-01-31,EUR,-0.5725112992874811,-0.015256380184096143,0.008734450041620663
carry_unhedged,2010-01-31,GBP,0.3857183770177171,-0.049293132788233725,-0.019013267177196327
carry_unhedged,2010-01-31,JPY,-0.2999080703769075,0.017186004956907478,-0.005154221584114088
carry_unhedged,2010-01-31,USD,0.4465677326568976,0.0,0.0
carry_unhedged,2010-02-28,CAD,0.6998052191500383,0.03521354346713187,0.024642621503065617
carry_unhedged,2010-02-28,EUR,-0.6859796491832246,-0.009858094989895871,0.006762452542783674
carry_unhedged,2010-02-28,GBP,0.40952586413170033,-0.003483980516681751,-0.0014267801317121018
carry_unhedged,2010-02-28,JPY,-0.2999572641020319,-0.05005434620857052,0.015014164745138727
carry_unhedged,2010-02-28,USD,0.42585900533089904,0.0,0.0
carry_unhedged,2010-03-31,CAD,0.7036645991225777,0.004341826437930362,0.003055189559906078
carry_unhedged,2010-03-31,EUR,-0.6858666757818618,-0.0166993592905188,0.01145353404427508
carry_unhedged,2010-03-31,GBP,0.3842770665958075,0.008001616772413844,0.0030748378213270055
carry_unhedged,2010-03-31,JPY,-0.30045680738240316,-0.008953374668479341,0.0026901023681897853
carry_unhedged,2010-03-31,USD,0.4486099466489562,0.0,0.0
carry_unhedged,2010-04-30,CAD,0.7057185980782469,-0.03736666464915907,-0.026370350191064523
carry_unhedged,2010-04-30,EUR,-1.0221120785246718,-0.0727210574693567,0.07432907120251628
carry_unhedged,2010-04-30,GBP,0.4095602544235295,-0.054778794530624945,-0.022435217024977
carry_unhedged,2010-04-30,JPY,-0.263625250702177,0.0370753082015396,-0.009773987419491356
carry_unhedged,2010-04-30,USD,0.4475013958722318,0.0,0.0
carry_unhedged,2010-05-31,CAD,0.6518853089537149,-0.010330376661277493,-0.006734220781445125
carry_unhedged,2010-05-31,EUR,-1.0172419022033525,-0.00632605516002896,0.0064351283844311935
carry_unhedged,2010-05-31,GBP,0.4473596031673282,0.030913837770846553,0.013829602197545076
carry_unhedged,2010-05-31,JPY,-0.26340674074940945,0.02587986042247792,-0.006816929684934543
carry_unhedged,2010-05-31,USD,0.444505270322603,0.0,0.0
carry_unhedged,2010-06-30,CAD,0.721109149651825,0.029955826170515815,0.021601420336938546
carry_unhedged,2010-06-30,EUR,-1.0910257595304647,0.06137572638205503,-0.06696249849271557
carry_unhedged,2010-06-30,GBP,0.11876968046540504,0.050041423949952424,0.005943403932569716
carry_unhedged,2010-06-30,JPY,-0.16140313438550086,0.023554713514712056,-0.0038018045908270433
carry_unhedged,2010-06-30,USD,0.29344495540335047,0.0,0.0
carry_unhedged,2010-07-31,CAD,0.6955186004722915,-0.03315643136907591,-0.02306091474247526
carry_unhedged,2010-07-31,EUR,-1.09383067917064,-0.028326109110118933,0.030983967166183048
carry_unhedged,2010-07-31,GBP,0.4777247437661267,-0.022915523845277952,-0.010947312757251977
carry_unhedged,2010-07-31,JPY,-0.1611059105513185,0.02732827078564437,-0.004402745948714233
carry_unhedged,2010-07-31,USD,0.29242377489555965,0.0,0.0
carry_unhedged,2010-08-31,CAD,0.4567658764470332,0.03315643136907591,0.015144726434151861
carry_unhedged,2010-08-31,EUR,-1.207233340121946,0.06822641494583649,-0.08236520279960804
carry_unhedged,2010-08-31,GBP,-0.06551134720454965,0.02399677693201584,-0.0015720611853834174
carry_unhedged,2010-08-31,JPY,-0.10839955337731334,0.006800718211087186,-0.0007371948167268123
carry_unhedged,2010-08-31,USD,0.28991441825714176,0.0,0.0
carry_unhedged,2010-09-30,CAD,0.5701253911273553,0.010351654936493187,0.005901741319483596
carry_unhedged,2010-09-30,EUR,-1.0103691537508825,0.02131377282007274,-0.021534778607455455
carry_unhedged,2010-09-30,GBP,-0.06494281005508551,0.018204653799845486,-0.001182261373841956
carry_unhedged,2010-09-30,JPY,-0.1605055272543265,0.037197142416386164,-0.005970346955896334
carry_unhedged,2010-09-30,USD,0.28972805082561254,0.0,0.0
carry_unhedged,2010-10-31,CAD,0.4474281003940773,-0.007725066530182189,-0.003456411843017283
carry_unhedged,2010-10-31,EUR,-0.7814073418878951,-0.063742331295374,0.04980872566325578
carry_unhedged,2010-10-31,GBP,0.29445437713191,-0.027978279142456375,-0.0082383267581147
carry_unhedged,2010-10-31,JPY,-0.16120182111343148,-0.03755623033693567,0.006054132724469532
carry_unhedged,2010-10-31,USD,-0.16313186525594378,-0.0,0.0
carry_unhedged,2010-11-30,CAD,0.6511882494838331,0.025352775901229696,0.016509429758677675
carry_unhedged,2010-11-30,EUR,-0.7288543251145744,0.017715726578984237,-0.012912183939639884
carry_unhedged,2010-11-30,GBP,0.10949130194274848,-0.012011768574406223,-0.0013151841798467291
carry_unhedged,2010-11-30,JPY,-0.24983476365946142,0.022878199318180137,-0.005715769519611585
carry_unhedged,2010-11-30,USD,0.15942501365224376,0.0,0.0
carry_unhedged,2010-12-31,CAD,0.5804090159333904,-0.001098407419837071,-0.0006375255696415688
carry_unhedged,2010-12-31,EUR,-0.7291046149299991,0.03305963683526714,-0.02410393378450306
carry_unhedged,2010-12-31,GBP,0.40670860538736303,0.04136238902138223,0.016822439554375943
carry_unhedged,2010-12-31,JPY,-0.2980560040372704,-0.0036665892947542744,0.0010928489536402924
carry_unhedged,2010-12-31,USD,0.44345566787411433,0.0,0.0
carry_unhedged,2011-01-31,CAD,0.5791499526410834,0.028650033660099567,0.01659266563741211
carry_unhedged,2011-01-31,EUR,0.05070745385311359,0.005671092703816266,0.0002875666715754925
carry_unhedged,2011-01-31,GBP,0.3834843279225845,0.01269799340288047,0.004869481466069029
carry_unhedged,2011-01-31,JPY,-0.2991279252812149,0.0003660545462134124,-0.00010949713694857464
carry_unhedged,2011-01-31,USD,-0.05842692147474504,-0.0,0.0
carry_unhedged,2011-02-28,CAD,0.5804118077160292,0.0020561331393172053,0.001193403952295933
carry_unhedged,2011-02-28,EUR,-0.06476905434703373,0.027882847219087636,-0.0018059456468831254
carry_unhedged,2011-02-28,GBP,0.7449292325161017,-0.012324045128033588,-0.009180541478719863
carry_unhedged,2011-02-28,JPY,-0.4667930403976433,-0.009957580758617189,0.004648129397319989
carry_unhedged,2011-02-28,USD,0.07100611952234054,0.0,0.0
carry_unhedged,2011-03-31,CAD,0.5802474348194848,0.024059901401912137,0.013960696070469245
carry_unhedged,2011-03-31,EUR,0.7090777814834472,0.044001029662307505,0.031200152495936363
carry_unhedged,2011-03-31,GBP,0.6665188007926265,0.039285420776700775,0.026184471544720332
carry_unhedged,2011-03-31,JPY,-0.4665416696480127,0.017675842657596696,-0.008246517145910728
carry_unhedged,2011-03-31,USD,0.38538970577129616,0.0,0.0
carry_unhedged,2011-04-30,CAD,0.5800741435785133,-0.021070978795401325,-0.012222729979103437
carry_unhedged,2011-04-30,EUR,0.4448069592066173,-0.030484944493520016,-0.01355991546174515
carry_unhedged,2011-04-30,GBP,0.38312534054866837,-0.015213091468907204,-0.005828520849823114
carry_unhedged,2011-04-30,JPY,-0.2991135165497661,0.00024600246126471603,-7.358266126878683e-05
carry_unhedged,2011-04-30,USD,-0.09796381765598766,-0.0,0.0
carry_unhedged,2011-05-31,CAD,0.6214927370660978,0.004759450267360701,0.002957963773591973
carry_unhedged,2011-05-31,EUR,0.29282253124660534,0.010173450144409013,0.00297901542279699
carry_unhedged,2011-05-31,GBP,0.40917533312406956,-0.02288908146617524,-0.00936564753382622
carry_unhedged,2011-05-31,JPY,-0.3198658345387033,0.008028203435422652,-0.002567947991717952
carry_unhedged,2011-05-31,USD,0.17214720482745516,0.0,0.0
carry_unhedged,2011-06-30,CAD,0.6210506399892548,0.010739897820359619,0.0066700204147535445
carry_unhedged,2011-06-30,EUR,-0.2542876275782978,-0.009339073792289376,0.0023748109184199223
carry_unhedged,2011-06-30,GBP,0.45111429333364816,0.023861903334105206,0.010764445660160693
carry_unhedged,2011-06-30,JPY,-0.31954544408223307,0.04385444821358586,-0.014013489129391586
carry_unhedged,2011-06-30,USD,0.2935783348781578,0.0,0.0
carry_unhedged,2011-07-31,CAD,0.7022271857560718,-0.025257527312220775,-0.017736522323617915
carry_unhedged,2011-07-31,EUR,-1.0413084340195484,0.0012502606337936872,-0.0013019069426919926
carry_unhedged,2011-07-31,GBP,-0.06089411247386284,-0.01136792586826996,0.0006922397564169658
carry_unhedged,2011-07-31,JPY,-0.21381804471276325,0.008849615276982803,-0.0018922074349846617
carry_unhedged,2011-07-31,USD,-0.15086302587919334,-0.0,0.0
carry_unhedged,2011-08-31,CAD,-0.20762562587981068,-0.060101368613102904,0.0124785842745287
carry_unhedged,2011-08-31,EUR,-1.1900118148372487,-0.06874003262575912,0.0818014509769513
carry_unhedged,2011-08-31,GBP,-0.06658253893650296,-0.04045326295265544,0.002693480955653773
carry_unhedged,2011-08-31,JPY,-0.08805603779776275,-0.007034026657380288,0.0006193885172127494
carry_unhedged,2011-08-31,USD,0.012699890612501069,0.0,0.0
carry_unhedged,2011-09-30,CAD,-0.4288452906340643,0.04498568644247454,-0.01929189977679588
carry_unhedged,2011-09-30,EUR,-1.1874395266980493,0.036359677535145296,-0.04317491828322663
carry_unhedged,2011-09-30,GBP,-0.04389339135475251,0.03255442521676485,-0.0014289241263684832
carry_unhedged,2011-09-30,JPY,-0.08789221372212028,-0.01199936983163852,0.0010546511777731352
carry_unhedged,2011-09-30,USD,0.18969165871497876,0.0,0.0
carry_unhedged,2011-10-31,CAD,-0.429162738328959,-0.026527808622461096,0.011384746990281974
carry_unhedged,2011-10-31,EUR,-0.9425994227888852,-0.036062301873151625,0.03399230493007126
carry_unhedged,2011-10-31,GBP,-0.24831864680461058,-0.027383485800532792,0.006799830138781571
carry_unhedged,2011-10-31,JPY,-0.1353356654310442,0.0050144753096876835,-0.000678637352824124
carry_unhedged,2011-10-31,USD,0.19104195328614126,0.0,0.0
carry_unhedged,2011-11-30,CAD,-0.5812768188611095,0.0030441423812282496,-0.0017694893995206398
carry_unhedged,2011-11-30,EUR,-0.02605490418530776,-0.03633185491453052,0.0009466229986725954
carry_unhedged,2011-11-30,GBP,-0.3692986485453135,-0.010754856880745733,0.003971754111357665
carry_unhedged,2011-11-30,JPY,-0.2289144374184513,0.007764014156220966,-0.0017772949326802143
carry_unhedged,2011-11-30,USD,0.16706583110237758,0.0,0.0
carry_unhedged,2011-12-31,CAD,-0.7554855447597546,0.011672899382068263,-0.008818706748587644
carry_unhedged,2011-12-31,EUR,0.06109248260088217,0.006147717817777389,0.0003755793438176984
carry_unhedged,2011-12-31,GBP,-0.3989811938547634,0.013870025171268396,-0.005533879201628284
carry_unhedged,2011-12-31,JPY,-0.09457795132553011,0.008348600538516493,-0.0007895935353681074
carry_unhedged,2011-12-31,USD,0.17884842472068108,0.0,0.0
carry_unhedged,2012-01-31,CAD,-0.6787502925669152,0.018478131693538104,-0.012542037293078977
carry_unhedged,2012-01-31,EUR,0.07434451564942968,0.023172322601022352,0.0017227351002453394
carry_unhedged,2012-01-31,GBP,-0.3708184455474076,0.012427221909178556,-0.004608243110834279
carry_unhedged,2012-01-31,JPY,-0.20729542898873782,-0.0604859138042837,0.012538453449834808
carry_unhedged,2012-01-31,USD,-0.11024396052960442,-0.0,0.0
carry_unhedged,2012-02-29,CAD,-0.5270006271466963,-0.01249008984891554,0.0065822851834970745
carry_unhedged,2012-02-29,EUR,-0.3064710033447197,-0.0018731508118068343,0.0005740664087104168
carry_unhedged,2012-02-29,GBP,-0.4905354840690027,0.002129259321493715,-0.0010444772519773557
carry_unhedged,2012-02-29,JPY,-0.08781936536876113,-0.016023827653924627,0.0014072023753460652
carry_unhedged,2012-02-29,USD,0.18970312251335536,0.0,0.0
carry_unhedged,2012-03-31,CAD,-0.040576477940476335,0.010464977775694414,-0.00042463193986303947
carry_unhedged,2012-03-31,EUR,-0.5100500878789744,-0.007905774715625204,0.004032341088456009
carry_unhedged,2012-03-31,GBP,-0.37016795124266855,0.014902480078348934,-0.005516420519037108
carry_unhedged,2012-03-31,JPY,-0.10906487491379319,0.03205797888737383,-0.0034963994573404492
carry_unhedged,2012-03-31,USD,0.31167269271898795,0.0,0.0
carry_unhedged,2012-04-30,CAD,0.5016701502698601,-0.045770281801268256,-0.022961584149136086
carry_unhedged,2012-04-30,EUR,-0.25355962550072164,-0.0676223652103732,0.017146301598215254
carry_unhedged,2012-04-30,GBP,-0.37029187121738005,-0.05186113054152253,0.019203755071669194
carry_unhedged,2012-04-30,JPY,-0.10876704520912499,0.01922892896809536,-0.002091473786395881
carry_unhedged,2012-04-30,USD,-0.3474273875443658,-0.0,0.0
carry_unhedged,2012-05-31,CAD,-0.7310693922551754,0.015483049451402591,-0.011319183552693719
carry_unhedged,2012-05-31,EUR,-0.4495733131065647,0.024290104406523464,-0.010920182713745119
carry_unhedged,2012-05-31,GBP,-0.5049019556449188,0.018076462741843546,-0.009126841389499318
carry_unhedged,2012-05-31,JPY,-0.05387433964183727,-0.01922892896809536,0.0010359458501759328
carry_unhedged,2012-05-31,USD,0.20122343512711793,0.0,0.0
carry_unhedged,2012-06-30,CAD,-0.7012694181709602,0.017422733326880203,-0.012218030063089077
carry_unhedged,2012-06-30,EUR,-0.2893884573421737,-0.028261097103892015,0.008178435293692684
carry_unhedged,2012-06-30,GBP,-0.46791954857000034,-0.0,0.0
carry_unhedged,2012-06-30,JPY,-0.08753495310177316,0.021658753042277826,-0.001895897931798676
carry_unhedged,2012-06-30,USD,0.18749514251345242,0.0,0.0
carry_unhedged,2012-07-31,CAD,-0.8926479934451572,0.015295126105818803,-0.013653163627849796
carry_unhedged,2012-07-31,EUR,-0.002757556367051772,0.021131224548810373,-5.827054279817275e-05
carry_unhedged,2012-07-31,GBP,0.2383041491328575,0.011283796427020099,0.0026889755065294023
carry_unhedged,2012-07-31,JPY,-0.019786700645689746,-0.0025575461511166964,5.060540007968206e-05
carry_unhedged,2012-07-31,USD,-0.171331830818783,-0.0,0.0
carry_unhedged,2012-08-31,CAD,-0.3990168160855981,0.002538201271313446,-0.0010127849898639086
carry_unhedged,2012-08-31,EUR,-0.002611536814430132,0.021861372313899927,-5.70917786117133e-05
carry_unhedged,2012-08-31,GBP,-0.19878673481801507,0.01675248579362681,-0.0033301719510002575
carry_unhedged,2012-08-31,JPY,-0.10215546288601401,0.004864943662477472,-0.0004969805717547665
carry_unhedged,2012-08-31,USD,-0.1307611465769538,-0.0,0.0
carry_unhedged,2012-09-30,CAD,-0.8184248627595812,-0.01583412639139233,0.01295904271879313
carry_unhedged,2012-09-30,EUR,0.08213046754592984,0.007902729592554059,0.0006490548763255204
carry_unhedged,2012-09-30,GBP,-0.33758746157833275,-0.0013026085022721514,0.00043974429771240946
carry_unhedged,2012-09-30,JPY,-0.018265316685970933,-0.0255936939488981,0.0004674769251404418
carry_unhedged,2012-09-30,USD,-0.13017048431159298,-0.0,0.0
carry_unhedged,2012-10-31,CAD,-0.6771149672981948,0.0063237350007916086,-0.0042818956182634595
carry_unhedged,2012-10-31,EUR,0.12206622367815304,0.004004934496648293,0.0004888672300842218
carry_unhedged,2012-10-31,GBP,-0.5730827153783422,-0.0052274684974111816,0.0029957718410511423
carry_unhedged,2012-10-31,JPY,-0.10218569566793673,-0.032006671041258095,0.0032706239463657634
carry_unhedged,2012-10-31,USD,0.21912538588065375,0.0,0.0
carry_unhedged,2012-11-30,CAD,-0.8183689774457318,-0.002715070298769398,0.00222192930409719
carry_unhedged,2012-11-30,EUR,-0.0038489917887732927,0.013437368166694181,-5.1720319736329535e-05
carry_unhedged,2012-11-30,GBP,-0.5464404260810165,0.014556297774207526,-0.007954149557900112
carry_unhedged,2012-11-30,JPY,-0.01837825324300261,-0.048478578368299274,0.0008909515901133523
carry_unhedged,2012-11-30,USD,0.21819023724399167,0.0,0.0
carry_unhedged,2012-12-31,CAD,-0.25722227711713663,-0.00340852460328558,0.0008767484600669017
carry_unhedged,2012-12-31,EUR,-0.02509092437762041,0.029736968877883595,-0.000746128037334629
carry_unhedged,2012-12-31,GBP,-0.5457995695200479,-0.02528312019801376,0.013799516120199539
carry_unhedged,2012-12-31,JPY,-0.018453767701938982,-0.052170102861085255,0.0009627349591847295
carry_unhedged,2012-12-31,USD,0.010568704650371186,0.0,0.0
carry_unhedged,2013-01-31,CAD,-0.043276842716155166,-0.028998974529447878,0.0012549840596407056
carry_unhedged,2013-01-31,EUR,-0.9241792480964245,-0.03788473906197614,0.035012289660626354
carry_unhedged,2013-01-31,GBP,-0.37255735934784756,-0.04277900407764729,0.015937632794699078
carry_unhedged,2013-01-31,JPY,-0.017052863116476222,-0.011762278932474501,0.00020058053257329973
carry_unhedged,2013-01-31,USD,0.33366986656205316,0.0,0.0
carry_unhedged,2013-02-28,CAD,-0.6772439656386675,0.01094830095215106,-0.007414670753840383
carry_unhedged,2013-02-28,EUR,-0.21243456307222652,-0.02031350018101194,0.0043152895354208656
carry_unhedged,2013-02-28,GBP,-0.4038376193656064,6.58219516446179e-05,-2.658138025416056e-05
carry_unhedged,2013-02-28,JPY,-0.018117854723557703,-0.01930147846572705,0.00034970138279192013
carry_unhedged,2013-02-28,USD,0.011546137737979079,0.0,0.0
carry_unhedged,2013-03-31,CAD,-0.7389293163777384,0.010076149658527262,-0.007445562378895332
carry_unhedged,2013-03-31,EUR,-0.09734745516116386,0.02709525360871054,-0.0026376539857543126
carry_unhedged,2013-03-31,GBP,0.08845845785912029,0.022518197342967727,0.0019919250107262652
carry_unhedged,2013-03-31,JPY,-0.1314534699132063,-0.03506202222099386,0.004609024483123588
carry_unhedged,2013-03-31,USD,0.24047862549723378,0.0,0.0
carry_unhedged,2013-04-30,CAD,-0.7915418953240896,-0.025970394844301612,0.020556655557373463
carry_unhedged,2013-04-30,EUR,-0.09030430315281769,-0.013763789694114516,0.001242929437068945
carry_unhedged,2013-04-30,GBP,-0.5458932503890054,-0.02304489430688511,0.012580052258056598
carry_unhedged,2013-04-30,JPY,-0.10150595665580174,-0.033378445232108866,0.003388111014968495
carry_unhedged,2013-04-30,USD,0.23982840925099122,0.0,0.0
carry_unhedged,2013-05-31,CAD,-0.6261611916782721,-0.016882895007345994,0.010571413656778918
carry_unhedged,2013-05-31,EUR,0.047456073956442094,0.0016924382838143794,8.031647636340912e-05
carry_unhedged,2013-05-31,GBP,-0.3986590197625263,0.0016450077734893598,-0.0006557971864810041
carry_unhedged,2013-05-31,JPY,-0.15709875420296984,0.016197114743313534,-0.002544546547857112
carry_unhedged,2013-05-31,USD,0.33529543390895333,0.0,0.0
carry_unhedged,2013-06-30,CAD,-0.2203278399913328,0.021731624444800857,-0.00478808187342582
carry_unhedged,2013-06-30,EUR,-0.17926014770254822,0.0206914425941081,-0.0037091510555986155
carry_unhedged,2013-06-30,GBP,-0.266228648259197,-0.0021719822932926287,0.0005782439099862074
carry_unhedged,2013-06-30,JPY,-0.15725918351269122,0.008706270826743356,-0.0013691410416540235
carry_unhedged,2013-06-30,USD,0.31244753322039764,0.0,0.0
carry_unhedged,2013-07-31,CAD,-0.22079792168115006,-0.025623972834583092,0.005657719947090194
carry_unhedged,2013-07-31,EUR,-0.17948955924941384,-0.006495981752186909,0.0011659609015922633
carry_unhedged,2013-07-31,GBP,-0.3964955353086105,0.01899224976714181,-0.0075303422381377254
carry_unhedged,2013-07-31,JPY,-0.1571200662769393,0.001322684223969084,-0.0002078202329334845
carry_unhedged,2013-07-31,USD,0.3390484287832013,0.0,0.0
carry_unhedged,2013-08-31,CAD,-0.2208130457782687,0.02591564557983294,-0.005722512633793038
carry_unhedged,2013-08-31,EUR,-0.372332843561967,0.025365169699929416,-0.009444285761806564
carry_unhedged,2013-08-31,GBP,-0.07151863547067594,0.04494073127814904,-0.003214099778067546
carry_unhedged,2013-08-31,JPY,-0.1899642207528705,-0.0007124319674396417,0.00013533658353410594
carry_unhedged,2013-08-31,USD,0.314366695758591,0.0,0.0
carry_unhedged,2013-09-30,CAD,-0.22087466195122873,-0.014001097735432707,0.0030924877292598132
carry_unhedged,2013-09-30,EUR,-0.17941612438958174,0.004349595858181954,-0.000780387631535983
carry_unhedged,2013-09-30,GBP,-0.07176152174716321,-0.006884388526163851,0.0004940341969362281
carry_unhedged,2013-09-30,JPY,-0.2120684121268291,0.001934926007220561,-0.0004103366859341698
carry_unhedged,2013-09-30,USD,0.3127274590773831,0.0,0.0
carry_unhedged,2013-10-31,CAD,-0.5470307913143243,-0.01598055505362333,0.008741855676625694
carry_unhedged,2013-10-31,EUR,-0.1378133152252946,0.000882352998422653,-0.00012159999191160496
carry_unhedged,2013-10-31,GBP,-0.07209986648714206,0.01880392016031951,-0.0013557601329939155
carry_unhedged,2013-10-31,JPY,-0.13400607580275892,-0.043387508113591274,0.005814189701162729
carry_unhedged,2013-10-31,USD,0.3121162803532027,0.0,0.0
carry_unhedged,2013-11-30,CAD,-0.5475569653799676,-0.0037675470768288657,0.0020629466443145813
carry_unhedged,2013-11-30,EUR,-0.13762988690138026,0.012634822088896934,-0.001738929135113946
carry_unhedged,2013-11-30,GBP,-0.07111049214494625,0.01220156576949543,-0.0008676593468077498
carry_unhedged,2013-11-30,JPY,-0.13407204363236172,-0.026963597877581513,0.0036150646711285645
carry_unhedged,2013-11-30,USD,0.312939419945536,0.0,0.0
carry_unhedged,2013-12-31,CAD,-0.35265787298212736,-0.04404702261072934,0.01553352930509548
carry_unhedged,2013-12-31,EUR,-0.243195510619492,-0.020456008567382167,0.0049748094487812086
carry_unhedged,2013-12-31,GBP,0.1255911651584014,-0.007509725215469774,-0.000943155139830276
carry_unhedged,2013-12-31,JPY,-0.21230474683873177,0.028624322139504166,-0.006077079465257737
carry_unhedged,2013-12-31,USD,0.31565320880320347,0.0,0.0
carry_unhedged,2014-01-31,CAD,-0.6267220516279345,0.0036951959490580523,-0.002315860786360895
carry_unhedged,2014-01-31,EUR,-0.13722305080277458,0.022413594836900027,-0.0030756618629767386
carry_unhedged,2014-01-31,GBP,0.12350183195387293,0.01807278105969457,0.002232021569373536
carry_unhedged,2014-01-31,JPY,-0.13401260464461737,0.0019573308265066203,-0.00026230700221135386
carry_unhedged,2014-01-31,USD,0.3133812559594971,0.0,0.0
carry_unhedged,2014-02-28,CAD,-0.6792337878041944,0.00198843160238088,-0.001350609929074729
carry_unhedged,2014-02-28,EUR,-0.1258213168086817,-0.0021027452188219216,0.0002645701723453337
carry_unhedged,2014-02-28,GBP,0.13403643852623454,-0.004487666469388142,-0.0006015108308503876
carry_unhedged,2014-02-28,JPY,-0.12091784495764847,-0.008777975021516225,0.00106141382269381
carry_unhedged,2014-02-28,USD,0.33951952067995367,0.0,0.0
carry_unhedged,2014-03-31,CAD,-0.6274384648835107,0.00881463292798666,-0.005530639752847596
carry_unhedged,2014-03-31,EUR,-0.30919072091023825,0.006727699264278297,-0.002080142185589486
carry_unhedged,2014-03-31,GBP,0.124373294470073,0.012396606693369177,0.0015418068147040826
carry_unhedged,2014-03-31,JPY,-0.11190469266124378,0.008190373398497819,-0.0009165412179397251
carry_unhedged,2014-03-31,USD,0.5082402631006622,0.0,0.0
carry_unhedged,2014-04-30,CAD,-0.5467335685676028,0.008156577320117084,-0.004459474625525188
carry_unhedged,2014-04-30,EUR,-0.2588760981120134,-0.016721581911424147,0.004328817879489906
carry_unhedged,2014-04-30,GBP,0.12426824057144975,-0.0070734684322315555,-0.0008790074768111064
carry_unhedged,2014-04-30,JPY,-0.13415157813056516,0.0036290560156579947,-0.000486843591624741
carry_unhedged,2014-04-30,USD,0.5077980718140271,0.0,0.0
carry_unhedged,2014-05-31,CAD,-0.6786525401837626,0.01773244253843678,-0.012034167172372729
carry_unhedged,2014-05-31,EUR,-0.07151755172429275,0.003658986885041405,-0.0002616817838094575
carry_unhedged,2014-05-31,GBP,0.1339968791856978,0.020137088366742995,0.0026983069970301816
carry_unhedged,2014-05-31,JPY,-0.14504307135806332,0.004826406807973528,-0.000700036867051947
carry_unhedged,2014-05-31,USD,0.5485434472989063,0.0,0.0
carry_unhedged,2014-06-30,CAD,-0.6789187712192084,-0.0197548738216461,0.01341195466058248
carry_unhedged,2014-06-30,EUR,-0.10485585039886605,-0.022157479597276375,0.0023233413658679384
carry_unhedged,2014-06-30,GBP,0.9726039655616774,-0.012708295993783647,-0.012360139079085553
carry_unhedged,2014-06-30,JPY,-0.14486444469383938,-0.014409894980477844,0.0020874814344434664
carry_unhedged,2014-06-30,USD,0.5494935642447306,0.0,0.0
carry_unhedged,2014-07-31,CAD,-0.6784569221536884,0.0028509698806645366,-0.0019342602503885297
carry_unhedged,2014-07-31,EUR,-0.10376545670192082,-0.01808640107930759,0.0018767436680884658
carry_unhedged,2014-07-31,GBP,0.9725879797193181,-0.01816385003676857,-0.017665942211185406
carry_unhedged,2014-07-31,JPY,-0.14473406890671653,-0.012092045765028203,0.0017501309849787617
carry_unhedged,2014-07-31,USD,0.5506972576863942,0.0,0.0
carry_unhedged,2014-08-31,CAD,-0.6777511037324891,-0.03163644758663155,0.021441637270014573
carry_unhedged,2014-08-31,EUR,-0.1860252717172273,-0.040505187928028374,0.007534988590268833
carry_unhedged,2014-08-31,GBP,0.9690188497707265,-0.022253623711748823,-0.02156418085238941
carry_unhedged,2014-08-31,JPY,-0.1205301057624183,-0.05299377083452939,0.006387344803435185
carry_unhedged,2014-08-31,USD,0.5490796464897849,0.0,0.0
carry_unhedged,2014-09-30,CAD,-0.5094897145677162,-0.005783191526488165,0.00294647660012089
carry_unhedged,2014-09-30,EUR,-0.11224468474445523,-0.007790801787768336,0.000874476090574595
carry_unhedged,2014-09-30,GBP,0.6017762498155412,-0.013718828400691994,-0.008255665106831367
carry_unhedged,2014-09-30,JPY,-0.15751255976342704,-0.021917450057101995,0.0034522736619812056
carry_unhedged,2014-09-30,USD,0.6008824847402761,0.0,0.0
carry_unhedged,2014-10-31,CAD,-0.7391912807248181,-0.013569685705891801,0.010030593355971418
carry_unhedged,2014-10-31,EUR,-0.08400673511983554,-0.007369466226279292,0.0006190847972456185
carry_unhedged,2014-10-31,GBP,0.1432874984892411,-0.022822370584252627,-0.0032701603906119987
carry_unhedged,2014-10-31,JPY,-0.13116233191699486,-0.05729718158261843,0.0075152319486477236
carry_unhedged,2014-10-31,USD,0.5990540527803826,0.0,0.0
carry_unhedged,2014-11-30,CAD,-0.7381640878801805,-0.015199840990998748,0.01121997676104437
carry_unhedged,2014-11-30,EUR,-0.10977452796203788,-0.027468208865782134,0.0030153096622038975
carry_unhedged,2014-11-30,GBP,0.14020177924698013,-0.0038441872045654746,-0.0005389618858385543
carry_unhedged,2014-11-30,JPY,-0.06517127956235218,-0.009641659264771008,0.0006283592713893343
carry_unhedged,2014-11-30,USD,0.5976084738758501,0.0,0.0
carry_unhedged,2014-12-31,CAD,-0.7378914160129123,-0.09176974175528674,0.06771610469094781
carry_unhedged,2014-12-31,EUR,-0.13032121444451586,-0.06937071565434474,0.009040475910959396
carry_unhedged,2014-12-31,GBP,0.1390746354001534,-0.03607762855078799,-0.005017483036803005
carry_unhedged,2014-12-31,JPY,-0.06449970594012921,0.02031339601418836,-0.001310208069560542
carry_unhedged,2014-12-31,USD,1.0547510635265538,0.0,0.0
carry_unhedged,2015-01-31,CAD,-0.9195052738709976,0.01665251390345024,-0.015312074357432606
carry_unhedged,2015-01-31,EUR,-0.0401364907610757,-0.008271492883510813,0.0003319886976993351
carry_unhedged,2015-01-31,GBP,-0.10201625695675065,0.02711474171282081,-0.002766144457891053
carry_unhedged,2015-01-31,JPY,-0.0709373943771798,-0.019228118118292947,0.0013639925980883432
carry_unhedged,2015-01-31,USD,0.6536743739012693,0.0,0.0
carry_unhedged,2015-02-28,CAD,-0.9739650798041145,-0.013896281107656368,0.013534492537998943
carry_unhedged,2015-02-28,EUR,-0.03999525306496738,-0.041577690662149835,0.0016629102598896138
carry_unhedged,2015-02-28,GBP,0.09886818502642059,-0.03889691041108093,-0.003845666935478855
carry_unhedged,2015-02-28,JPY,-0.07148787474658364,-0.0020026708963101214,0.00014316668619404635
carry_unhedged,2015-02-28,USD,1.1584076360636781,0.0,0.0
carry_unhedged,2015-03-31,CAD,-0.9441236799152654,0.04557791708777164,-0.04303119080377982
carry_unhedged,2015-03-31,EUR,-0.09207975135426384,0.0384469577503319,-0.0035401863099784486
carry_unhedged,2015-03-31,GBP,-0.09998018267219427,0.03168135597979602,-0.0031675077581628207
carry_unhedged,2015-03-31,JPY,-0.020344421436452206,0.0008339588507686458,-1.6966410320696684e-05
carry_unhedged,2015-03-31,USD,1.1571473113555304,0.0,0.0
carry_unhedged,2015-04-30,CAD,-0.8603632670400738,-0.028478045221667914,0.02450146402582917
carry_unhedged,2015-04-30,EUR,-0.08581573507073119,-0.015165482927773338,0.0013014370651494936
carry_unhedged,2015-04-30,GBP,0.14006393531951494,-0.002743844407812391,-0.00038431364566264754
carry_unhedged,2015-04-30,JPY,-0.06476863548100313,-0.03379586724373417,0.0021889122062737926
carry_unhedged,2015-04-30,USD,1.0526285091269223,0.0,0.0
carry_unhedged,2015-05-31,CAD,-0.7915786506385852,-0.0005613697569133437,0.00044436831468677517
carry_unhedged,2015-05-31,EUR,-0.08871761332641032,0.01444850852889336,-0.0012818371928097027
carry_unhedged,2015-05-31,GBP,-0.08926410334620294,0.028441603687896052,-0.0025388142509281
carry_unhedged,2015-05-31,JPY,-0.06522946699776327,0.015279881157114875,-0.0009966985036677697
carry_unhedged,2015-05-31,USD,1.0533707413197295,0.0,0.0
carry_unhedged,2015-06-30,CAD,-0.8137142338795349,-0.04499191414003892,0.036610560945235585
carry_unhedged,2015-06-30,EUR,0.007740749090806548,-0.011360684805811611,-8.794021058152599e-05
carry_unhedged,2015-06-30,GBP,0.12994548437184056,-0.005930950710449742,-0.0007707002628549037
carry_unhedged,2015-06-30,JPY,-0.14333124534787436,-0.014957196417302754,0.0021438335894047684
carry_unhedged,2015-06-30,USD,0.967257483043281,0.0,0.0
carry_unhedged,2015-07-31,CAD,-0.8179602815425733,-0.01339951529107486,0.010960271300021607
carry_unhedged,2015-07-31,EUR,-0.06528559636257811,0.014940427307617481,-0.0009753947066895544
carry_unhedged,2015-07-31,GBP,0.09056530314732475,-0.017486008649615702,-0.0015836256741891888
carry_unhedged,2015-07-31,JPY,-0.06514332920405752,0.021860576890376574,-0.0014240707569604131
carry_unhedged,2015-07-31,USD,1.054449932140021,0.0,0.0
carry_unhedged,2015-08-31,CAD,-0.8865856552377862,-0.012998417357272196,0.011524210369751384
carry_unhedged,2015-08-31,EUR,-0.016915637930641665,-0.0028627681029258917,4.8425548708484294e-05
carry_unhedged,2015-08-31,GBP,0.09021187889069421,-0.016208235661280386,-0.0014621753925072572
carry_unhedged,2015-08-31,JPY,-0.06507173822714632,0.012029845991777144,-0.0007828029892898077
carry_unhedged,2015-08-31,USD,1.0550922408184058,0.0,0.0
carry_unhedged,2015-09-30,CAD,-0.7703095636832421,0.023718915392937027,-0.018270907367373055
carry_unhedged,2015-09-30,EUR,-0.06435181072486057,-0.010808968504388963,0.0006955766953254178
carry_unhedged,2015-09-30,GBP,-0.13997517910048285,0.021531540883302454,-0.0030138812914496296
carry_unhedged,2015-09-30,JPY,-0.06488930513797825,-0.007400973451678005,0.0004802440246240102
carry_unhedged,2015-09-30,USD,1.0529043207767816,0.0,0.0
carry_unhedged,2015-10-31,CAD,-0.6174564034921477,-0.018929920906472216,0.011688400881301152
carry_unhedged,2015-10-31,EUR,-0.08983247775125776,-0.044443529577111486,0.003992472381923234
carry_unhedged,2015-10-31,GBP,-0.13935009747487054,-0.026306085762455085,0.00366575561518042
carry_unhedged,2015-10-31,JPY,-0.0646649320368886,-0.020663247482938903,0.0013361874941456536
carry_unhedged,2015-10-31,USD,1.0545659619527077,0.0,0.0
carry_unhedged,2015-11-30,CAD,-0.16105302215989656,-0.03732353279829987,0.006011067754850215
carry_unhedged,2015-11-30,EUR,-0.09057685980164795,0.027731574950022042,-0.002511838976327039
carry_unhedged,2015-11-30,GBP,-0.13953793572415163,-0.020007381040631145,0.0027917886496561985
carry_unhedged,2015-11-30,JPY,-0.09012134695126926,0.024232160263899516,-0.002183834922521649
carry_unhedged,2015-11-30,USD,1.0569357105632111,0.0,0.0
carry_unhedged,2015-12-31,CAD,-0.8867634745437994,-0.01683843030056409,0.014931704959191805
carry_unhedged,2015-12-31,EUR,0.008654691775883894,-0.002489513064844365,-2.1545968248264035e-05
carry_unhedged,2015-12-31,GBP,0.090851713396776,-0.03885729079555193,-0.0035302514467326664
carry_unhedged,2015-12-31,JPY,-0.08951862008245165,-0.006464468061542661,0.0005786902604363801
carry_unhedged,2015-12-31,USD,1.0586330240294128,0.0,0.0
carry_unhedged,2016-01-31,CAD,-0.8897540463780331,0.04001113487587099,-0.03560006915598345
carry_unhedged,2016-01-31,EUR,0.010873454871836573,0.0033179753941821725,3.607785571450402e-05
carry_unhedged,2016-01-31,GBP,-0.42955082845407405,-0.018356972251551803,0.007885252638562526
carry_unhedged,2016-01-31,JPY,-0.0196214666503252,0.06970121222845105,-0.0013676400112277913
carry_unhedged,2016-01-31,USD,0.6568110374012176,0.0,0.0
carry_unhedged,2016-02-29,CAD,-0.8904030836874756,0.04175609431488192,-0.03717975514071593
carry_unhedged,2016-02-29,EUR,0.032430338944772555,0.0469130858949895,0.0015214072765197379
carry_unhedged,2016-02-29,GBP,-0.8148349675643,0.03215029438388751,-0.02619718408147767
carry_unhedged,2016-02-29,JPY,-0.01906057059888961,0.004260613581688055,-8.12097259683531e-05
carry_unhedged,2016-02-29,USD,1.1577444248618143,0.0,0.0
carry_unhedged,2016-03-31,CAD,-0.38864695575511815,0.03292091322543328,-0.012794612705743051
carry_unhedged,2016-03-31,EUR,-0.03946410188932595,0.00446761725971595,-0.00017631050273994144
carry_unhedged,2016-03-31,GBP,-0.5447738871802086,0.016824502213677598,-0.009165549470817169
carry_unhedged,2016-03-31,JPY,-0.044240520519802894,0.050348039542929435,-0.002227423476530817
carry_unhedged,2016-03-31,USD,1.1574955898562387,0.0,0.0
carry_unhedged,2016-04-30,CAD,-0.22047098602559756,-0.042742215219094826,0.009423418334272139
carry_unhedged,2016-04-30,EUR,-0.06801097873765943,-0.027110094009475855,0.0018437840272544108
carry_unhedged,2016-04-30,GBP,-0.5442320478659411,-0.00651691553572853,0.0035467142877789047
carry_unhedged,2016-04-30,JPY,-0.04333731596604925,-0.03538159089424564,0.0015333431839654142
carry_unhedged,2016-04-30,USD,1.1581562855605942,0.0,0.0
carry_unhedged,2016-05-31,CAD,-0.3890186520499825,0.006664903822852064,-0.002592771901208685
carry_unhedged,2016-05-31,EUR,-0.04005088779333153,-0.009293160218330238,0.0003721993171497967
carry_unhedged,2016-05-31,GBP,-0.5440964333448494,-0.0928218810795372,0.05050405443173595
carry_unhedged,2016-05-31,JPY,-0.043109804067807955,0.07478192728826281,-0.003223834233210071
carry_unhedged,2016-05-31,USD,1.159690467889705,0.0,0.0
carry_unhedged,2016-06-30,CAD,-1.1128370551432718,-0.002303263974093084,0.0025631574981473363
carry_unhedged,2016-06-30,EUR,-0.07890644622398643,0.01225240552901602,-0.0009667937779897766
carry_unhedged,2016-06-30,GBP,0.03904526924407503,0.0021122518414617426,8.247344186116703e-05
carry_unhedged,2016-06-30,USD,1.4424757001298196,0.0,0.0
carry_unhedged,2016-07-31,CAD,-0.4853198475742933,-0.0062686544241789535,0.0030423024096384492
carry_unhedged,2016-07-31,EUR,-0.05443461032346522,-0.001971856872672026,0.00010733726047754851
carry_unhedged,2016-07-31,GBP,-0.15215727349295163,-0.01068232439214284,0.0016253933540757064
carry_unhedged,2016-07-31,JPY,-0.02167970268732692,-0.010306362497305877,0.0002234388747294076
carry_unhedged,2016-07-31,USD,1.471705673502506,0.0,0.0
carry_unhedged,2016-08-31,CAD,0.12631192108597292,0.0005335976038487455,6.739973842900698e-05
carry_unhedged,2016-08-31,EUR,-0.04861709461924189,0.008220203542661744,-0.00039964241342301345
carry_unhedged,2016-08-31,GBP,-0.13416070589754153,-0.008720985505444532,0.0011700135715326666
carry_unhedged,2016-08-31,JPY,-0.048438763294653256,0.021213953567083443,-0.00102757767537972
carry_unhedged,2016-08-31,USD,1.311141877096286,0.0,0.0
carry_unhedged,2016-09-30,CAD,-0.9891523944367211,-0.021721949177522515,0.02148631804077916
carry_unhedged,2016-09-30,EUR,-0.06989944610369885,-0.02486614606608166,0.0017381298367527781
carry_unhedged,2016-09-30,GBP,0.03468640065213289,-0.06368346357389729,-0.002208950132439712
carry_unhedged,2016-09-30,JPY,-0.019838076985835562,-0.037429228499873624,0.0007425239165009235
carry_unhedged,2016-09-30,USD,1.318946634988936,0.0,0.0
carry_unhedged,2016-10-31,CAD,-0.44191626368679443,-0.0016400778985687925,0.0007247770970908102
carry_unhedged,2016-10-31,EUR,-0.014752154795687911,-0.03565837398013648,0.0005260378527175034
carry_unhedged,2016-10-31,GBP,-0.04356142258518332,0.021788413063685178,-0.0009491342689277188
carry_unhedged,2016-10-31,JPY,-0.04397829263568056,-0.08454967113514211,0.0037183501794318336
carry_unhedged,2016-10-31,USD,1.1592165378205883,0.0,0.0
carry_unhedged,2016-11-30,CAD,0.021113943271686978,-7.448512163144018e-05,-1.5726746327109326e-06
carry_unhedged,2016-11-30,EUR,-0.04350939376225862,-0.002460957228774853,0.00010707475709884184
carry_unhedged,2016-11-30,GBP,0.12328787512443315,-0.011604610846989077,-0.0014307078129712318
carry_unhedged,2016-11-30,JPY,-0.0443310473505312,-0.02111535701956591,0.0009360658918577476
carry_unhedged,2016-11-30,USD,1.1662134058318903,0.0,0.0
carry_unhedged,2016-12-31,CAD,0.8002544380250658,0.029938734379806157,0.02395860505629349
carry_unhedged,2016-12-31,EUR,-0.07505762459454271,0.022675008781437585,-0.0017019322967951017
carry_unhedged,2016-12-31,GBP,-0.057602035285591505,0.019902751497951596,-0.001146438994065367
carry_unhedged,2016-12-31,JPY,-0.050005824218233456,0.03538495526496632,-0.0017694538529499605
carry_unhedged,2016-12-31,USD,1.297328437362412,0.0,0.0
carry_unhedged,2017-01-31,CAD,0.691689475174895,-0.016516720565370846,-0.011424441779471755
carry_unhedged,2017-01-31,EUR,-0.017432247446035103,-0.01643975003497116,0.0002865817905605815
carry_unhedged,2017-01-31,GBP,-0.05284495626115805,-0.012634103763421696,0.0006676486607769519
carry_unhedged,2017-01-31,JPY,-0.0455128898192486,0.005872425453286922,-0.0002672710526271987
carry_unhedged,2017-01-31,USD,1.1418272465927803,0.0,0.0
carry_unhedged,2017-02-28,CAD,0.6412851389337705,-0.005570625667201289,-0.0035723594549392067
carry_unhedged,2017-02-28,EUR,-0.01799479368262179,0.007506133947578619,-0.0001350713317408007
carry_unhedged,2017-02-28,GBP,-0.0571051663119241,0.008812747310030596,-0.0005032534008042589
carry_unhedged,2017-02-28,JPY,-0.05041987618587315,0.005817352065912829,-0.00029331017089295823
carry_unhedged,2017-02-28,USD,1.2342996773562565,0.0,0.0
carry_unhedged,2017-03-31,CAD,0.7469954374199689,-0.025788757801190058,-0.019264084414217602
carry_unhedged,2017-03-31,EUR,-0.016933906961033123,0.018247160287524686,-0.00030899571461200147
carry_unhedged,2017-03-31,GBP,-0.05124306859339339,0.03148444548790566,-0.0016133595997617047
carry_unhedged,2017-03-31,JPY,-0.04555302191974367,-0.00026923940032475,1.2264668304651978e-05
carry_unhedged,2017-03-31,USD,1.0863583854365992,0.0,0.0
carry_unhedged,2017-04-30,CAD,0.6719381777065141,0.012588968849300995,0.008459008787803382
carry_unhedged,2017-04-30,EUR,-0.016976676126744424,0.030818940845414054,-0.0005232031773018894
carry_unhedged,2017-04-30,GBP,-0.05122267420870328,-0.002553884451216515,0.0001308167912113365
carry_unhedged,2017-04-30,JPY,-0.045191365238248155,0.006572159600175099,-0.00029700486489557185
carry_unhedged,2017-04-30,USD,1.1421404361215393,0.0,0.0
carry_unhedged,2017-05-31,CAD,0.5591402147353955,0.038977743709938006,0.02179402398787595
carry_unhedged,2017-05-31,EUR,-0.019057161953575822,0.015454893210545455,-0.0002945264028885841
carry_unhedged,2017-05-31,GBP,-0.056687912903520474,0.006949834922876485,-0.0003939716368018671
carry_unhedged,2017-05-31,JPY,-0.05031185424774425,-0.015149767588216177,0.0007622128987855323
carry_unhedged,2017-05-31,USD,1.2968130086161034,0.0,0.0
carry_unhedged,2017-06-30,CAD,0.888889059203046,0.038635458473790435,0.03434263633464593
carry_unhedged,2017-06-30,EUR,-0.015864034527571343,0.035722694946095604,-0.000566706066042759
carry_unhedged,2017-06-30,GBP,0.1801091649133446,0.01534908527288137,0.0027645109306823797
carry_unhedged,2017-06-30,JPY,-0.041310185071125965,0.018134979448236166,-0.0007491593572677019
carry_unhedged,2017-06-30,USD,0.9889893444301422,0.0,0.0
carry_unhedged,2017-07-31,CAD,0.9592178754429905,-0.0019996007462511622,-0.0019180527795532583
carry_unhedged,2017-07-31,EUR,0.02895183805296134,0.005733573885763731,0.0001659975026053198
carry_unhedged,2017-07-31,GBP,-0.8158596596131091,-0.02361710749166185,0.019268245279193446
carry_unhedged,2017-07-31,JPY,-0.04137277796397601,0.002903286379742021,-0.00012011702275490236
carry_unhedged,2017-07-31,USD,0.7572892879005408,0.0,0.0
carry_unhedged,2017-08-31,CAD,1.1724102402659073,0.00047953965113337055,0.0005622171976023044
carry_unhedged,2017-08-31,EUR,0.004919722317081262,-0.00683345131801908,-3.361868295194683e-05
carry_unhedged,2017-08-31,GBP,-0.056740269273440266,0.03910730367630583,-0.0022189589411517933
carry_unhedged,2017-08-31,JPY,-0.0503021887168774,-0.023171220778118947,0.0011655631203813701
carry_unhedged,2017-08-31,USD,0.7351029931877449,0.0,0.0
carry_unhedged,2017-09-30,CAD,0.8915985925989646,-0.030313701655824254,-0.027027653732797807
carry_unhedged,2017-09-30,EUR,-0.016188799680460216,-0.014066128512052686,0.00022771373676123085
carry_unhedged,2017-09-30,GBP,0.4082762494090949,-0.009069507132865307,-0.003702864356195281
carry_unhedged,2017-09-30,JPY,-0.0413088653875478,-0.008750663520185498,0.00036147998140706786
carry_unhedged,2017-09-30,USD,0.9603714830701902,0.0,0.0
carry_unhedged,2017-10-31,CAD,0.8756707676880757,0.0007758554194761125,0.0006793939107876014
carry_unhedged,2017-10-31,EUR,-0.0695028348574569,0.021235827311383713,-0.001475950198684575
carry_unhedged,2017-10-31,GBP,0.523582175103649,0.016799588734536464,0.00879596521047536
carry_unhedged,2017-10-31,JPY,-0.04550682344849205,0.011773694185519544,-0.0005357834226369753
carry_unhedged,2017-10-31,USD,1.0902897524906958,0.0,0.0
carry_unhedged,2017-11-30,CAD,0.8765155203013929,0.028898511123065847,0.02532999351296965
carry_unhedged,2017-11-30,EUR,0.03174542860439991,0.010367985851256341,0.0003291361546124866
carry_unhedged,2017-11-30,GBP,-0.7309961397232599,0.0017014984685729815,-0.001243788812271888
carry_unhedged,2017-11-30,JPY,-0.045343768708354625,-0.003466824219859887,0.0001571988755778487
carry_unhedged,2017-11-30,USD,1.0928293776799585,0.0,0.0
carry_unhedged,2017-12-31,CAD,0.96438172790888,0.018057725660682533,0.017414540674753544
carry_unhedged,2017-12-31,EUR,0.028878774235650197,0.03321368691383064,0.0009591705659180844
carry_unhedged,2017-12-31,GBP,-0.7309537801577908,0.047701961550728145,-0.03486792911644633
carry_unhedged,2017-12-31,JPY,-0.04115979359604781,0.030452803658513435,-0.0012534311130053826
carry_unhedged,2017-12-31,USD,0.9657237042212957,0.0,0.0
carry_unhedged,2018-01-31,CAD,0.8957652714676385,-0.04088381641140637,-0.03662230290639652
carry_unhedged,2018-01-31,EUR,-0.01593817562700405,-0.017614806679916026,0.00028074788250022576
carry_unhedged,2018-01-31,GBP,0.40887685385755995,-0.028303776162851846,-0.011572758949755462
carry_unhedged,2018-01-31,JPY,-0.041227927039740424,0.02491677091112976,-0.0010272668131899843
carry_unhedged,2018-01-31,USD,0.9681316517746571,0.0,0.0
carry_unhedged,2018-02-28,CAD,0.7991614856507233,-0.006615582364357275,-0.005286918630744485
carry_unhedged,2018-02-28,EUR,0.050230372716904656,0.008886773254488833,0.0004463859328235939
carry_unhedged,2018-02-28,GBP,0.40912430546447315,0.016750328728434905,0.006852966607322542
carry_unhedged,2018-02-28,JPY,-0.04101178023432529,0.0039470025867762715,-0.0001618736026731819
carry_unhedged,2018-02-28,USD,0.9690182133487439,0.0,0.0
carry_unhedged,2018-03-31,CAD,0.799904384470579,0.005678960378932479,0.004542625306342791
carry_unhedged,2018-03-31,EUR,0.0033695855405954725,-0.020169577731139247,-6.796311748276325e-05
carry_unhedged,2018-03-31,GBP,0.6399527933678317,-0.019872494996726723,-0.012717458684343525
carry_unhedged,2018-03-31,JPY,-0.04089700672194256,-0.028589287014641585,0.001169216263213342
carry_unhedged,2018-03-31,USD,0.9694662160544407,0.0,0.0
carry_unhedged,2018-04-30,CAD,0.8960986125074254,-0.011788565246317245,-0.010563716960678139
carry_unhedged,2018-04-30,EUR,0.06971324531728018,-0.0340329340757698,-0.002372546282090964
carry_unhedged,2018-04-30,GBP,-0.5037016761414639,-0.03417492339143702,0.017213966194272946
carry_unhedged,2018-04-30,JPY,-0.04093115580007957,0.005045650812821378,-0.00020652431953238994
carry_unhedged,2018-04-30,USD,0.9715669325127619,0.0,0.0
carry_unhedged,2018-05-31,CAD,0.896990100572531,-0.013022014728112097,-0.01168061830062625
carry_unhedged,2018-05-31,EUR,0.06998866873307541,0.0005996487951131501,4.196862087736207e-05
carry_unhedged,2018-05-31,GBP,-0.5024150839931463,-0.0069470943146781585,0.003490324973617336
carry_unhedged,2018-05-31,JPY,-0.040816118115243126,-0.01804642486171648,0.0007365850087136801
carry_unhedged,2018-05-31,USD,0.9710397163778824,0.0,0.0
carry_unhedged,2018-06-30,CAD,0.8972535241859042,0.009404817572141178,0.008438505710929191
carry_unhedged,2018-06-30,EUR,0.004426428070844996,0.0024804357754514283,1.0979470544386378e-05
carry_unhedged,2018-06-30,GBP,-0.40981751739493544,-0.005470722557005037,0.002241997936668277
carry_unhedged,2018-06-30,JPY,-0.04079191999507639,-0.010512698462384229,0.0004288331546099401
carry_unhedged,2018-06-30,USD,0.9722374469561373,0.0,0.0
carry_unhedged,2018-07-31,CAD,0.8016625687244567,-0.004216342633323711,-0.003380084066052726
carry_unhedged,2018-07-31,EUR,-0.021450087656496395,-0.00944131980962018,0.00020251713750936873
carry_unhedged,2018-07-31,GBP,0.20048343485716646,-0.012342523198386524,-0.0024744714456167907
carry_unhedged,2018-07-31,JPY,-0.04091876073018491,0.008076863436004444,-0.00033049524238824504
carry_unhedged,2018-07-31,USD,0.9733920695552414,0.0,0.0
carry_unhedged,2018-08-31,CAD,0.9885104269987224,0.011541252981673245,0.011408648913014097
carry_unhedged,2018-08-31,EUR,0.032406083655619145,0.0022396425935047033,7.257804524380124e-05
carry_unhedged,2018-08-31,GBP,-0.8063052248431095,0.006841707127351771,-0.005516504203630075
carry_unhedged,2018-08-31,JPY,-0.018873066274842268,-0.022276605042895525,0.0004204278433530527
carry_unhedged,2018-08-31,USD,1.070252214512704,0.0,0.0
carry_unhedged,2018-09-30,CAD,0.8994302369158856,-0.01589223881599955,-0.014293960123398307
carry_unhedged,2018-09-30,EUR,0.07042308553222482,-0.025269271684643633,-0.0017795400811846853
carry_unhedged,2018-09-30,GBP,-0.41088661242537006,-0.021214793780086418,0.00871687474960252
carry_unhedged,2018-09-30,JPY,-0.04158560798314652,0.005478497399656667,-0.00022782664519880973
carry_unhedged,2018-09-30,USD,0.9019652671483632,0.0,0.0
carry_unhedged,2018-10-31,CAD,0.8485548922870392,-0.011586211166548564,-0.009831536168445508
carry_unhedged,2018-10-31,EUR,0.09524348295720417,-0.0007945266363675596,-7.567348414991842e-05
carry_unhedged,2018-10-31,GBP,-0.733597886236601,-0.0005479237740307618,0.0004019557224477479
carry_unhedged,2018-10-31,JPY,-0.04154067302062629,-0.006007085201586549,0.0002495383621661498
carry_unhedged,2018-10-31,USD,1.0055227035396295,0.0,0.0
carry_unhedged,2018-11-30,CAD,0.75150273048226,-0.026890129437877497,-0.02020800569558634
carry_unhedged,2018-11-30,EUR,0.09509399003702232,0.01167755488638719,0.0011104652880228848
carry_unhedged,2018-11-30,GBP,-0.8118279005367952,-0.0007049148519818195,0.0005722695443416062
carry_unhedged,2018-11-30,JPY,-0.04127707178728381,0.034405830461395226,-0.001420171933856127
carry_unhedged,2018-11-30,USD,1.0046034400778403,0.0,0.0
carry_unhedged,2018-12-31,CAD,0.1963860212636166,0.0376388514999349,0.007391744291004323
carry_unhedged,2018-12-31,EUR,0.2039891726067807,-0.00017459624662422013,-3.561574388912409e-05
carry_unhedged,2018-12-31,GBP,-0.46966975469485067,0.028730063136949424,-0.013493641705898608
carry_unhedged,2018-12-31,JPY,-0.01688378879501069,0.007870453366138896,-0.00013288307235487007
carry_unhedged,2018-12-31,USD,0.07106496962094119,0.0,0.0
carry_unhedged,2019-01-31,CAD,-0.0481201982230193,-0.0019767359892204333,9.51209276358634e-05
carry_unhedged,2019-01-31,EUR,0.12729152501319285,-0.006569462596794028,-0.0008362369124630419
carry_unhedged,2019-01-31,GBP,-0.5169721936329521,0.010526811586230034,-0.005442068877694117
carry_unhedged,2019-01-31,USD,-0.028749179744956582,-0.0,0.0
carry_unhedged,2019-02-28,CAD,-0.07974250811921932,-0.014627419062814838,0.0011664270833797357
carry_unhedged,2019-02-28,EUR,0.10072271894193405,-0.013358892875235423,-0.0013455440124477427
carry_unhedged,2019-02-28,GBP,-0.013704097090216059,-0.018399363423989182,0.00025214666276051793
carry_unhedged,2019-02-28,JPY,-0.018263486323119797,0.006304623242797014,-0.00011514440036724644
carry_unhedged,2019-02-28,USD,0.30712360745864786,0.0,0.0
carry_unhedged,2019-03-31,CAD,-0.5303412537724882,-0.005002436982071201,0.0026529987009895027
carry_unhedged,2019-03-31,EUR,0.12450160267818683,-0.002407598470033564,-0.0002997498681247293
carry_unhedged,2019-03-31,GBP,-0.7673658417128102,-0.00015348016299027156,0.00011777543445924903
carry_unhedged,2019-03-31,JPY,0.025891345928383346,-0.0064841725744582135,-0.0001678839551846336
carry_unhedged,2019-03-31,USD,-0.9884712348180917,-0.0,0.0
carry_unhedged,2019-04-30,CAD,-0.5527536782133406,-0.0071243344006518,0.0039380020447821185
carry_unhedged,2019-04-30,EUR,0.12556757809599217,-0.004653252244168086,-0.000584297614569927
carry_unhedged,2019-04-30,GBP,-0.49580665722569517,-0.03197153402368658,0.015851699410661623
carry_unhedged,2019-04-30,JPY,0.025970012086050456,0.02490358636980705,0.0006467464390098905
carry_unhedged,2019-04-30,USD,-0.9677561935418929,-0.0,0.0
carry_unhedged,2019-05-31,CAD,-0.9315202661019168,0.032466968293260845,-0.03024363894406084
carry_unhedged,2019-05-31,EUR,0.14165257218201907,0.019980241099173485,0.002830252544514816
carry_unhedged,2019-05-31,GBP,-0.7678419179407482,0.006634047391712777,-0.005093899672962557
carry_unhedged,2019-05-31,JPY,0.025771014766684513,0.0075750939593799416,0.00019521785828620312
carry_unhedged,2019-05-31,USD,-1.018019302779017,-0.0,0.0
carry_unhedged,2019-06-30,CAD,-0.5882324536266781,-0.003964326301909237,0.0023319453875488456
carry_unhedged,2019-06-30,EUR,0.07001506021294537,-0.021685883597154454,-0.0015183384458256936
carry_unhedged,2019-06-30,GBP,-0.2951839857796552,-0.03884295076133065,0.011465817025172475
carry_unhedged,2019-06-30,JPY,0.0284346413345754,-0.0068385813133087225,-0.0001944526068812631
carry_unhedged,2019-06-30,USD,-1.0934272691952787,-0.0,0.0
carry_unhedged,2019-07-31,CAD,-0.4734305619716016,-0.01112257522528276,0.00526576703947703
carry_unhedged,2019-07-31,EUR,0.06886318748882006,-0.012749392822666461,-0.0008779638283158974
carry_unhedged,2019-07-31,GBP,-0.9339574225829592,-0.004428777844935728,0.004136289941248685
carry_unhedged,2019-07-31,JPY,0.0478951601549714,0.021221943129403623,0.0010164283649824815
carry_unhedged,2019-07-31,USD,-1.0948956141005646,-0.0,0.0
carry_unhedged,2019-08-31,CAD,-1.1012446090002317,0.003542761780326587,-0.003901447311556717
carry_unhedged,2019-08-31,EUR,0.022133152346644498,-0.007673372811194596,-0.00016983592944276975
carry_unhedged,2019-08-31,GBP,-0.8184704894108177,0.011360507944505605,-0.009298240497294984
carry_unhedged,2019-08-31,USD,-1.1002508004531206,-0.0,0.0
carry_unhedged,2019-09-30,CAD,-0.026002064230731398,0.007503730209860389,-0.0001951124748868694
carry_unhedged,2019-09-30,EUR,0.020090735242096792,0.022666428230903368,0.00045538520847106793
carry_unhedged,2019-09-30,GBP,-0.9352611236673243,0.05024032249079672,-0.046987820466151284
carry_unhedged,2019-09-30,JPY,0.047918544498154525,0.0001850138765684406,8.865595677120889e-06
carry_unhedged,2019-09-30,USD,-0.9172371290371355,-0.0,0.0
carry_unhedged,2019-10-31,CAD,-0.588665556191388,-0.011121733704228752,0.006546981556812325
carry_unhedged,2019-10-31,EUR,0.04931130481575053,-0.012266772378855734,-0.0006048905518791844
carry_unhedged,2019-10-31,GBP,-1.0481692808492333,-0.0,0.0
carry_unhedged,2019-10-31,JPY,0.02843464133457539,-0.012686325688354037,-0.0003607311208019573
carry_unhedged,2019-10-31,USD,-0.6410568843352731,-0.0,0.0
carry_unhedged,2019-11-30,CAD,-0.11040608854327325,0.025065114433671386,-0.0027673412435111995
carry_unhedged,2019-11-30,EUR,0.049540319154625756,0.018700535971002408,0.0009264305203660185
carry_unhedged,2019-11-30,GBP,-1.0485357715283699,0.02518448122048356,-0.02640682944706147
carry_unhedged,2019-11-30,JPY,0.02850983242164349,0.007334772041705407,0.00020911312175997702
carry_unhedged,2019-11-30,USD,-0.41812692414208164,-0.0,0.0
carry_unhedged,2019-12-31,CAD,0.06463873818772223,-0.019708834418015957,-0.0012739541879313021
carry_unhedged,2019-12-31,EUR,0.050615715018124854,-0.012999421031484463,-0.0006579749903302362
carry_unhedged,2019-12-31,GBP,-1.0477585128410065,-0.005592517599012081,0.005859607922578055
carry_unhedged,2019-12-31,USD,-0.6385327246535425,-0.0,0.0
carry_unhedged,2020-01-31,CAD,-1.0347511610007705,-0.01434443130526275,0.014842916947016428
carry_unhedged,2020-01-31,EUR,0.04909638176532549,-0.007335992687859255,-0.00036017069763077426
carry_unhedged,2020-01-31,GBP,-0.9360366280662178,-0.03211302777513575,0.030058970235634863
carry_unhedged,2020-01-31,JPY,0.048022761422158375,0.003508451572267646,0.0001684855328162056
carry_unhedged,2020-01-31,USD,-0.8918021136790973,-0.0,0.0
carry_unhedged,2020-02-29,CAD,-1.160767852605149,-0.05172940835812379,0.060045834256394204
carry_unhedged,2020-02-29,EUR,0.02216668829635299,0.0013625836690549231,3.020396746964148e-05
carry_unhedged,2020-02-29,GBP,-0.8186347613380116,-0.025683085729891284,0.021025066756913242
carry_unhedged,2020-02-29,JPY,0.021754745550110456,0.005471843005811827,0.00011903855228158787
carry_unhedged,2020-02-29,USD,-1.0014429226790582,-0.0,0.0
carry_unhedged,2020-03-31,CAD,1.3611494664928903,0.015124780009493353,0.02058708624074421
carry_unhedged,2020-03-31,EUR,-0.026586360341163143,-0.007471560953546189,0.00019864161182194347
carry_unhedged,2020-03-31,GBP,-0.16865598808197244,0.011813675069603456,-0.0019924470417433354
carry_unhedged,2020-03-31,JPY,-0.0622338835679414,0.0055019488818492945,-0.0003424076461097744
carry_unhedged,2020-03-31,USD,0.7016331938602074,0.0,0.0
carry_unhedged,2020-04-30,CAD,0.4428249219481161,0.007359340574219441,0.003258899415368328
carry_unhedged,2020-04-30,EUR,-0.026259885405899762,0.01569833971217552,-0.00041223660190461454
carry_unhedged,2020-04-30,GBP,-0.06387328856705862,-0.02263157341449004,0.0014455530194302946
carry_unhedged,2020-04-30,JPY,-0.062215445983001744,-0.0077313970881549565,0.00048101231791124167
carry_unhedged,2020-04-30,USD,0.36189736591975574,0.0,0.0
carry_unhedged,2020-05-31,CAD,-1.2001362876756452,0.014221878477454375,-0.01706819243970625
carry_unhedged,2020-05-31,GBP,-0.0746202082313416,0.003969384287499045,-0.0002961962820833943
carry_unhedged,2020-05-31,JPY,-0.029925603741736553,-0.0,0.0
carry_unhedged,2020-05-31,USD,0.45660376563201976,0.0,0.0
carry_unhedged,2020-06-30,CAD,0.1056268032039977,0.017038711341236804,0.0017997446096905435
carry_unhedged,2020-06-30,EUR,-0.03018139079482827,0.05075029747641244,-0.0015317145610893909
carry_unhedged,2020-06-30,GBP,-0.03063536158536024,0.05993480421015007,-0.0018361243985257187
carry_unhedged,2020-06-30,JPY,-0.030344958749488064,0.018637860970907028,-0.0005655651223408673
carry_unhedged,2020-06-30,USD,0.456557264062119,0.0,0.0
carry_unhedged,2020-07-31,CAD,-0.811371792225847,0.02649863577433431,-0.021500245599761575
carry_unhedged,2020-07-31,GBP,-0.03058950534349468,0.018259146179047392,-0.0005585382496116207
carry_unhedged,2020-07-31,JPY,-0.03007686326361088,-0.0005670541688669317,1.705521070007122e-05
carry_unhedged,2020-07-31,USD,0.4533316989818822,0.0,0.0
carry_unhedged,2020-08-31,CAD,-0.6440094680713074,-0.02193053706788639,0.014123473511607604
carry_unhedged,2020-08-31,EUR,-0.030390245442213908,-0.01917855428782858,0.0005828409720339345
carry_unhedged,2020-08-31,GBP,0.05301874034119474,-0.03453339804198697,-0.0018309172638872298
carry_unhedged,2020-08-31,JPY,-0.03042118979520281,0.0024595604112302993,-7.482275408280401e-05
carry_unhedged,2020-08-31,USD,0.4230310629802115,0.0,0.0
carry_unhedged,2020-09-30,CAD,-1.4783874548147058,-0.0006752954674183463,0.0009983483473245162
carry_unhedged,2020-09-30,EUR,-0.029354694128850098,-0.0065040879691762865,0.0001909255129223037
carry_unhedged,2020-09-30,GBP,0.05319706069824322,0.0009282896930239427,4.938228314534824e-05
carry_unhedged,2020-09-30,USD,0.42262313348149766,0.0,0.0
carry_unhedged,2020-10-31,CAD,-0.2436755038070213,0.0266033778342164,-0.006482591496721224
carry_unhedged,2020-10-31,EUR,-0.029132464782026756,0.025515264233348572,-0.0007433225366821342
carry_unhedged,2020-10-31,GBP,-0.03150232810486848,0.03083491977700742,-0.0009713717599025857
carry_unhedged,2020-10-31,JPY,-0.07404572258569285,0.0015316870695079034,-0.00011341487583687505
carry_unhedged,2020-10-31,USD,0.42563108606439765,0.0,0.0
carry_unhedged,2020-11-30,CAD,-0.24304590953505803,0.01779724456651405,-0.004325547492886277
carry_unhedged,2020-11-30,EUR,-0.029088143054010904,0.023328049345217622,-0.0006785696365247156
carry_unhedged,2020-11-30,GBP,-0.03164089974989439,0.02400115209954301,-0.0007594180474636077
carry_unhedged,2020-11-30,JPY,-0.0740025936730429,0.011466137087644768,-0.0008485238838963833
carry_unhedged,2020-11-30,USD,0.42498927347451815,0.0,0.0
carry_unhedged,2020-12-31,CAD,-0.2431278974162202,-0.001801872867948501,0.0004380855617956536
carry_unhedged,2020-12-31,EUR,-0.02926567828322133,-0.0077981105205163215,0.0002282169937104343
carry_unhedged,2020-12-31,GBP,-0.07585255315862528,0.004455000977838575,-0.0003379231984932281
carry_unhedged,2020-12-31,JPY,-0.030605532482961682,-0.013953938581265923,0.00042706772051418645
carry_unhedged,2020-12-31,USD,0.4259025196728192,0.0,0.0
carry_unhedged,2021-01-31,CAD,0.06345499120236996,0.0061239101644531835,0.0003885926656094807
carry_unhedged,2021-01-31,EUR,-0.03554728049311271,-0.0034670663754262647,0.00012324478093551705
carry_unhedged,2021-01-31,GBP,-0.038157176461700686,0.016191174089061233,-0.0006178094868384253
carry_unhedged,2021-01-31,JPY,-0.08918437453798368,-0.01893278816156485,0.0016885088704493032
carry_unhedged,2021-01-31,USD,0.5146156613339723,0.0,0.0
carry_unhedged,2021-02-28,CAD,-0.2214785905527246,0.01005192681556405,-0.002226286583450263
carry_unhedged,2021-02-28,EUR,-0.07752534444487177,-0.029369454420194452,0.0022768770700835367
carry_unhedged,2021-02-28,GBP,-0.025537224738426487,-0.010958223707308035,0.00027984262154747834
carry_unhedged,2021-02-28,JPY,-0.056373571036147097,-0.03655182504370912,0.002060556905602357
carry_unhedged,2021-02-28,USD,0.5358966289083011,0.0,0.0
carry_unhedged,2021-03-31,CAD,0.4620870755808493,0.022525286699850378,0.010408643857754061
carry_unhedged,2021-03-31,EUR,-0.08938153638828307,0.02414621160364355,-0.002158225491090249
carry_unhedged,2021-03-31,GBP,-0.029191378340198627,0.003112223407369885,-9.085009096375644e-05
carry_unhedged,2021-03-31,JPY,-0.0638284717822418,0.011639669467768954,-0.000742942314178112
carry_unhedged,2021-03-31,USD,0.5716633865909925,0.0,0.0
carry_unhedged,2021-04-30,CAD,0.47166228047460024,0.016736792355523722,0.007894113650236175
carry_unhedged,2021-04-30,EUR,-0.1109411527767449,0.013540497499036824,-0.0015021984017137766
carry_unhedged,2021-04-30,GBP,-0.0253662957391058,0.02497810583475618,-0.0006336020196071095
carry_unhedged,2021-04-30,JPY,-0.05574023408623981,-0.004562884353861208,0.0002543362419926648
carry_unhedged,2021-04-30,USD,0.49940971315756694,0.0,0.0
carry_unhedged,2021-05-31,CAD,0.785397786136137,-0.02588850636088247,-0.02033277558220839
carry_unhedged,2021-05-31,EUR,-0.11169020631389047,-0.028784950520126668,0.003214997062328076
carry_unhedged,2021-05-31,GBP,-0.0252455165850634,-0.027293256630091578,0.0006890323629153686
carry_unhedged,2021-05-31,JPY,-0.05577121915115803,-0.011046834540181294,0.000616095430067033
carry_unhedged,2021-05-31,USD,0.28903828386409725,0.0,0.0
carry_unhedged,2021-06-30,CAD,0.7196588555480987,-0.0049859371484562995,-0.003588173822092811
carry_unhedged,2021-06-30,EUR,-0.07898423539865532,0.0013495278701331492,-0.0001065914269716426
carry_unhedged,2021-06-30,GBP,-0.06038224368249687,0.007720374578455814,-0.000466173539116473
carry_unhedged,2021-06-30,JPY,-0.05581885897925459,0.012231183059251194,-0.0006827306823337902
carry_unhedged,2021-06-30,USD,0.7448908892879282,0.0,0.0
carry_unhedged,2021-07-31,CAD,0.6747455174604993,-0.012990818277374139,-0.008765496400802125
carry_unhedged,2021-07-31,EUR,-0.0635969231687741,-0.0054090733640118635,0.000344000423145325
carry_unhedged,2021-07-31,GBP,-0.06709318323917032,-0.012003036370456686,0.0008053219186294763
carry_unhedged,2021-07-31,JPY,-0.06338531422335854,-0.003185440691285457,0.00020191015915700113
carry_unhedged,2021-07-31,USD,0.5672158126704818,0.0,0.0
carry_unhedged,2021-08-31,CAD,0.7184492034529434,-0.00347798943589428,-0.0024987587398359974
carry_unhedged,2021-08-31,EUR,-0.0555793022823294,-0.019079160248027662,0.0010604064147181323
carry_unhedged,2021-08-31,GBP,-0.059218207910808535,-0.020355628067010408,0.001205423815027312
carry_unhedged,2021-08-31,JPY,-0.05554541542654103,-0.013089782927703022,0.0007270774305625088
carry_unhedged,2021-08-31,USD,0.46975000725288796,0.0,0.0
carry_unhedged,2021-09-30,CAD,1.1973383650661613,0.022019238243917355,0.026364478718974297
carry_unhedged,2021-09-30,EUR,-0.06977962585112729,-0.0021617890731209237,0.0001508488326914333
carry_unhedged,2021-09-30,GBP,-0.05464026330763733,0.015908422108033393,-0.0008692403727919834
carry_unhedged,2021-09-30,JPY,-0.04957750836129565,-0.022436980769093395,0.0011123696016819575
carry_unhedged,2021-09-30,USD,0.6381479849957558,0.0,0.0
carry_unhedged,2021-10-31,CAD,0.9709228608196655,-0.03292772389090176,-0.03197027988043438
carry_unhedged,2021-10-31,EUR,-0.05052666833679627,-0.023206961176981126,0.0011725704304942324
carry_unhedged,2021-10-31,GBP,0.7844887641885082,-0.03222492809265659,-0.02528009401547171
carry_unhedged,2021-10-31,JPY,-0.04963299576702468,0.007128743060753173,-0.0003538208741585688
carry_unhedged,2021-10-31,USD,0.6410547656759872,0.0,0.0
carry_unhedged,2021-11-30,CAD,0.9712461503795882,0.0027355521377254717,0.0026568944829285174
carry_unhedged,2021-11-30,EUR,-0.04964445474813841,0.002742757746842711,-0.00013616271284823904
carry_unhedged,2021-11-30,GBP,0.5048427099504543,0.018541201006734457,0.009360390161975915
carry_unhedged,2021-11-30,JPY,-0.049574101095300915,-0.017076469072302203,0.0008465506041410889
carry_unhedged,2021-11-30,USD,1.1980754152794715,0.0,0.0
carry_unhedged,2021-12-31,CAD,0.9725227583877993,0.0065172387249077535,0.006338162981819073
carry_unhedged,2021-12-31,EUR,-0.05025343682562763,-0.009409745417790188,0.00047287204689815826
carry_unhedged,2021-12-31,GBP,0.7840144430000148,-0.0045287578794566685,-0.003550611586344148
carry_unhedged,2021-12-31,JPY,-0.04970785719696702,-0.00043404662342094724,2.1575527573834167e-05
carry_unhedged,2021-12-31,USD,1.1164564690346772,0.0,0.0
carry_unhedged,2022-01-31,CAD,0.8759619070932649,0.0025240587623436006,0.0022109793270779663
carry_unhedged,2022-01-31,EUR,-0.06347510559463401,0.001069709497618046,-6.789992331688837e-05
carry_unhedged,2022-01-31,GBP,0.7067036909805808,-0.001489314446106338,-0.0010525040160940483
carry_unhedged,2022-01-31,JPY,-0.04515324332045717,0.0009551513772656505,-4.31281825455457e-05
carry_unhedged,2022-01-31,USD,1.0855035069847185,0.0,0.0
carry_unhedged,2022-02-28,CAD,1.0125418342490755,0.014317775610083463,0.014497346778600585
carry_unhedged,2022-02-28,EUR,-0.0912115811851278,-0.01174006404363734,0.001070829804634827
carry_unhedged,2022-02-28,GBP,0.7061066280277641,-0.020097774804996808,-0.01419117199841765
carry_unhedged,2022-02-28,JPY,-0.045661992633262045,-0.053532120720348964,0.002444383301975469
carry_unhedged,2022-02-28,USD,1.0117294854935612,0.0,0.0
carry_unhedged,2022-03-31,CAD,0.8507886019533456,-0.02531380220796042,-0.02153669439063416
carry_unhedged,2022-03-31,EUR,0.01808648175404429,-0.0514214061391319,-0.0009300323239027102
carry_unhedged,2022-03-31,GBP,0.5893605031171906,-0.045658667318268564,-0.02690941514235519
carry_unhedged,2022-03-31,JPY,-0.08039358150273311,-0.06688260955901537,0.005376932522698179
carry_unhedged,2022-03-31,USD,0.9153066792089368,0.0,0.0
carry_unhedged,2022-04-30,CAD,0.6793090861402178,0.012814137054822483,0.008704759732386963
carry_unhedged,2022-04-30,EUR,0.3999443699156333,0.018243876327599703,0.007296535622660602
carry_unhedged,2022-04-30,GBP,0.5441678282288427,0.004684593107962931,0.0025492048576959926
carry_unhedged,2022-04-30,JPY,-0.07446392240734373,0.01014058308429533,-0.0007551075919541897
carry_unhedged,2022-04-30,USD,0.8492411705190539,0.0,0.0
carry_unhedged,2022-05-31,CAD,0.7631034581468403,-0.018189447002251335,-0.013880429909196672
carry_unhedged,2022-05-31,EUR,0.5272745726526874,-0.02471823960777249,-0.013033299225914972
carry_unhedged,2022-05-31,GBP,0.34655647164371894,-0.03728342740560045,-0.012920813052469626
carry_unhedged,2022-05-31,JPY,-0.0746548739819069,-0.054210532035821046,0.004047080437626347
carry_unhedged,2022-05-31,USD,0.7866889062871115,0.0,0.0
carry_unhedged,2022-06-30,CAD,0.6340178178387997,0.005453425793268019,0.003457569121193615
carry_unhedged,2022-06-30,EUR,1.3415325816732484,-0.02583472983648303,-0.03465813181436798
carry_unhedged,2022-06-30,GBP,0.24644742117025442,0.001725200674352417,0.0004251712571953371
carry_unhedged,2022-06-30,JPY,-0.06994244707816917,0.018145809111906885,-0.0012691622935001071
carry_unhedged,2022-06-30,USD,0.5904086541875357,0.0,0.0
carry_unhedged,2022-07-31,CAD,0.07225569495443805,-0.022401678323989378,-0.0016186488354456236
carry_unhedged,2022-07-31,EUR,-0.4565860260466783,-0.01351972040898005,0.006172915414798374
carry_unhedged,2022-07-31,GBP,0.6690801476040853,-0.04499290125175551,-0.03010385701066061
carry_unhedged,2022-07-31,USD,0.47236039974872823,0.0,0.0
carry_unhedged,2022-08-31,CAD,0.33505721644101727,-0.049259296882586116,-0.016504682897320985
carry_unhedged,2022-08-31,EUR,0.9887008694275327,-0.02841787361646304,-0.02809677635187875
carry_unhedged,2022-08-31,GBP,0.6328028716967142,-0.045045146359198894,-0.02850469797209985
carry_unhedged,2022-08-31,JPY,-0.05037587254060665,-0.042490513081657966,0.002140496671186581
carry_unhedged,2022-08-31,USD,0.6185562674811255,0.0,0.0
carry_unhedged,2022-09-30,CAD,0.021475626763765923,0.008250932135810064,0.00017719393900181895
carry_unhedged,2022-09-30,EUR,1.236484017491191,0.01037227114728856,0.012825147498707324
carry_unhedged,2022-09-30,GBP,0.7451974749426803,0.033647043511332506,0.02507369186393148
carry_unhedged,2022-09-30,JPY,-0.036235937001346086,-0.026728256410901707,0.0009685234154612589
carry_unhedged,2022-09-30,USD,0.5618791126077548,0.0,0.0
carry_unhedged,2022-10-31,CAD,-0.16714398554646462,0.007432789858322132,-0.0012423461206493031
carry_unhedged,2022-10-31,EUR,1.2404100665489644,0.04335595886087274,0.053779167815909315
carry_unhedged,2022-10-31,GBP,0.7371941828309515,0.03808442534971673,0.028075616824270802
carry_unhedged,2022-10-31,JPY,-0.03619055976028264,0.06475833044266999,-0.0023436402278615787
carry_unhedged,2022-10-31,USD,0.6219180716292145,0.0,0.0
carry_unhedged,2022-11-30,CAD,-0.1627035577650046,0.0004432951679538278,-7.212570096612304e-05
carry_unhedged,2022-11-30,EUR,0.754764282921375,0.035682392625605415,0.02693179548298403
carry_unhedged,2022-11-30,GBP,0.7202048849407388,0.00956785867087298,0.006890818553185325
carry_unhedged,2022-11-30,JPY,0.08625752360748001,0.05534017399375912,0.004773506364708729
carry_unhedged,2022-11-30,USD,-0.10091332602446165,-0.0,0.0
carry_unhedged,2022-12-31,CAD,-0.15493916299317653,0.014815085785140684,-0.0022954369912218052
carry_unhedged,2022-12-31,EUR,1.107746084644825,0.014845327374200993,0.01644485327404179
carry_unhedged,2022-12-31,GBP,0.21452666009269777,0.020245763441183257,0.004343256012063887
carry_unhedged,2022-12-31,JPY,0.14847148132573776,0.012520203246005222,0.0018588931224337057
carry_unhedged,2022-12-31,USD,-0.13904263270033607,-0.0,0.0
carry_unhedged,2023-01-31,CAD,-0.11903255749926299,-0.021003406697696958,0.0025000892154240185
carry_unhedged,2023-01-31,EUR,0.6546974383310351,-0.023859472917645057,-0.015620735799110927
carry_unhedged,2023-01-31,GBP,0.1225128311746326,-0.01892180793128298,-0.0023181642606040958
carry_unhedged,2023-01-31,JPY,0.12401132682442752,-0.04447514309385703,-0.005515421505775484
carry_unhedged,2023-01-31,USD,-0.12522598484688313,-0.0,0.0
carry_unhedged,2023-02-28,CAD,-0.11490349788920134,0.006705747098473102,-0.0007705137975749221
carry_unhedged,2023-02-28,EUR,0.617705607896338,0.025148014283228166,0.015534069450207244
carry_unhedged,2023-02-28,GBP,0.11505783776205923,0.02256656958973427,0.002596460702701865
carry_unhedged,2023-02-28,JPY,0.18214997553490497,0.024848771450177942,0.004526203111722357
carry_unhedged,2023-02-28,USD,-0.12130008921111488,-0.0,0.0
carry_unhedged,2023-03-31,CAD,-0.020988952457157928,-0.00199431317715332,4.185854445995461e-05
carry_unhedged,2023-03-31,EUR,-1.1079996726507648,0.015334364000106791,-0.016990470292425997
carry_unhedged,2023-03-31,GBP,-0.4662596770302817,0.01707387875496516,-0.007960861193944244
carry_unhedged,2023-03-31,JPY,0.12206950505777311,-0.024113693498819977,-0.002943546630515796
carry_unhedged,2023-03-31,USD,-0.7374647837032451,-0.0,0.0
carry_unhedged,2023-04-30,CAD,-0.020608036354663656,-0.00265291238863902,5.467131495081053e-05
carry_unhedged,2023-04-30,EUR,-1.3099611513147762,-0.03558963235414203,0.046621035773501504
carry_unhedged,2023-04-30,GBP,0.09000949158061203,-0.014893381222336077,-0.0013405456717387044
carry_unhedged,2023-04-30,JPY,0.12193797442361225,-0.027488404428114954,-0.003351880356101391
carry_unhedged,2023-04-30,USD,-0.737558858553454,-0.0,0.0
carry_unhedged,2023-05-31,CAD,-0.022663910569571552,0.026548912017002168,-0.0006017021676727606
carry_unhedged,2023-05-31,EUR,-1.3281249878978074,0.02466056182195176,-0.03275230837133281
carry_unhedged,2023-05-31,GBP,0.4626062131255996,0.024936563974431475,0.011535809428575995
carry_unhedged,2023-05-31,JPY,0.1221656652962441,-0.03300211549230703,-0.004031725395301173
carry_unhedged,2023-05-31,USD,-0.7400261080837909,-0.0,0.0
carry_unhedged,2023-06-30,CAD,-0.02351590232362752,0.005456212384164161,-0.00012830775748297123
carry_unhedged,2023-06-30,EUR,-1.4188537625972713,0.00911583340800945,-0.012934034530164113
carry_unhedged,2023-06-30,GBP,0.6110548751504764,0.011578006202178527,0.007074797134363642
carry_unhedged,2023-06-30,JPY,0.07062978185141053,0.01597801303995272,0.0011285235754308533
carry_unhedged,2023-06-30,USD,-1.693802343105677e-05,-0.0,0.0
carry_unhedged,2023-07-31,CAD,-0.02444426803128441,-0.02839248361580272,0.0006940334795785329
carry_unhedged,2023-07-31,EUR,-1.410996301369872,-0.016561062891155567,0.023367598486174347
carry_unhedged,2023-07-31,GBP,0.4640557009039877,-0.014888223600616422,-0.006908965038199345
carry_unhedged,2023-07-31,JPY,0.12351128043219563,-0.02431857491801548,-0.003003618326410369
carry_unhedged,2023-07-31,USD,-0.3714898250582573,-0.0,0.0
carry_unhedged,2023-08-31,CAD,-0.02283267266050519,0.000295486446709403,-6.74674531333161e-06
carry_unhedged,2023-08-31,EUR,-1.2270214028335205,-0.02380731402095837,0.02921208384769448
carry_unhedged,2023-08-31,GBP,-0.20965499797429954,-0.036417351700552346,0.0076350797970086565
carry_unhedged,2023-08-31,JPY,0.18303930649840003,-0.025415620333949285,-0.004652057520152711
carry_unhedged,2023-08-31,USD,-0.34644917739238956,-0.0,0.0
carry_unhedged,2023-09-30,CAD,0.06918316175857764,-0.025025929411092496,-0.0017313729226063578
carry_unhedged,2023-09-30,EUR,-1.339355028129514,-0.0015128595926304084,0.0020262561022435055
carry_unhedged,2023-09-30,GBP,-0.5532483892404741,-0.006488995622378312,0.0035900263758692893
carry_unhedged,2023-09-30,JPY,0.18395353936236225,-0.013493507932374806,-0.002482178542574456
carry_unhedged,2023-09-30,USD,0.07551870394282541,0.0,0.0
carry_unhedged,2023-10-31,CAD,0.0504700974376648,0.0211913992351705,0.0010695319842395105
carry_unhedged,2023-10-31,EUR,-1.336028763759904,0.03166589776331792,-0.04230655024207315
carry_unhedged,2023-10-31,GBP,-0.5521598871959554,0.04077254954014664,-0.022512966354778875
carry_unhedged,2023-10-31,JPY,0.29720939331252166,0.023988054300280837,0.007129475065334294
carry_unhedged,2023-10-31,USD,-0.21435577488932536,-0.0,0.0
carry_unhedged,2023-11-30,CAD,-0.27636239153110076,0.028745119975607414,-0.007944070101307281
carry_unhedged,2023-11-30,EUR,-1.2396039048660346,0.014019346589144265,-0.017378436775573554
carry_unhedged,2023-11-30,GBP,-0.5532613494284679,0.008115712511430727,-0.004490110055647665
carry_unhedged,2023-11-30,JPY,0.18355459759982126,0.0481411559123588,0.008836530501483275
carry_unhedged,2023-11-30,USD,-0.5965192883914473,-0.0,0.0
carry_unhedged,2023-12-31,CAD,-0.6208065418016535,-0.013691630417943744,0.008499853731389983
carry_unhedged,2023-12-31,EUR,-1.1890011085772119,-0.018890008242231263,0.02246024074104564
carry_unhedged,2023-12-31,GBP,-0.552954077342667,-0.0007850526388435141,0.0004340980575771413
carry_unhedged,2023-12-31,JPY,0.18316575093601892,-0.037193506369767704,-0.006812576524162104
carry_unhedged,2023-12-31,USD,-0.5959159529120888,-0.0,0.0
carry_unhedged,2024-01-31,CAD,-0.27585480341666313,-0.013654115365024366,0.003766553309847236
carry_unhedged,2024-01-31,EUR,-1.260619224549032,-0.004431731009226517,0.00558672530826103
carry_unhedged,2024-01-31,GBP,-0.55260447105402,-0.00796377163795753,0.004400815813588527
carry_unhedged,2024-01-31,JPY,0.1840606691308165,-0.02458254526574688,-0.004524679730551956
carry_unhedged,2024-01-31,USD,-0.5951827630676924,-0.0,0.0
carry_unhedged,2024-02-29,CAD,-0.2762397735665867,0.0020658115654181857,-0.0005706593190623556
carry_unhedged,2024-02-29,EUR,-1.265918479177218,-0.001481618939432036,0.0018756087945259656
carry_unhedged,2024-02-29,GBP,-0.5535576988858707,0.00039574182320267775,-0.00021906593300497336
carry_unhedged,2024-02-29,JPY,0.18395314869863852,-0.00876732502157207,-0.0016127770433825412
carry_unhedged,2024-02-29,USD,-0.5966919303753339,-0.0,0.0
carry_unhedged,2024-03-31,CAD,-0.6208682632274791,-0.015245091503458428,0.009465193484496233
carry_unhedged,2024-03-31,EUR,-1.2862385349317573,-0.009965158133882074,0.012817570398487764
carry_unhedged,2024-03-31,GBP,-0.5536442186765249,-0.009781001200371927,0.005415194767454067
carry_unhedged,2024-03-31,JPY,0.2957143326378145,-0.040943664145054015,-0.012107628318401462
carry_unhedged,2024-03-31,USD,-0.4769795748800205,-0.0,0.0
carry_unhedged,2024-04-30,CAD,-0.6215206843070823,0.007446920594355532,-0.004628415183784354
carry_unhedged,2024-04-30,EUR,-1.3761696112808497,0.01504905317115446,-0.02071004965269247
carry_unhedged,2024-04-30,GBP,-0.2078216503453954,0.017741634373002274,-0.003687095735221927
carry_unhedged,2024-04-30,JPY,0.4643750654878602,0.0022241295350315933,0.0010328302984837802
carry_unhedged,2024-04-30,USD,-0.4764221229108225,-0.0,0.0
carry_unhedged,2024-05-31,CAD,-0.5988312172639337,-0.002780828722126372,0.0016652470486734447
carry_unhedged,2024-05-31,EUR,-1.2024635753368766,-0.012525097636376369,0.015060973685280591
carry_unhedged,2024-05-31,GBP,-0.5185888772713929,-0.007723263230462713,0.004005198407557089
carry_unhedged,2024-05-31,JPY,0.7506491984723571,-0.02320348072425027,-0.017417674207427254
carry_unhedged,2024-05-31,USD,-0.5597325893690243,-0.0,0.0
carry_unhedged,2024-06-30,CAD,-0.6374086317512152,-0.008876013165925567,0.0056576474074983875
carry_unhedged,2024-06-30,EUR,-1.189657638611071,0.010402248530516855,-0.012375114423060166
carry_unhedged,2024-06-30,GBP,-0.5528833552609457,0.01569890954310377,-0.008679665782129291
carry_unhedged,2024-06-30,JPY,0.46636741203401694,0.06749332151451613,0.03147668568430473
carry_unhedged,2024-06-30,USD,-0.5966950408732927,-0.0,0.0
carry_unhedged,2024-07-31,CAD,-0.5785135494246396,0.022932247832633645,-0.013266616089942389
carry_unhedged,2024-07-31,EUR,-1.1791214025029795,0.02166149678117943,-0.025541534464938065
carry_unhedged,2024-07-31,GBP,-0.5175166485045114,0.022486701377531032,-0.011637242332821639
carry_unhedged,2024-07-31,JPY,0.7509879292609886,0.029901326649756754,0.022455535382857238
carry_unhedged,2024-07-31,USD,-0.576375913199721,-0.0,0.0
carry_unhedged,2024-08-31,CAD,-0.5772723600848357,-0.001333136029171733,0.0007695825818740927
carry_unhedged,2024-08-31,EUR,-1.1759485336412159,0.007655970743643395,-0.009003027569587499
carry_unhedged,2024-08-31,GBP,-0.5171298401710118,0.020128077667124877,-0.01040882958695
carry_unhedged,2024-08-31,JPY,0.7494091574055016,0.018672741705274554,0.013993523627800373
carry_unhedged,2024-08-31,USD,-0.5745348887697668,-0.0,0.0
carry_unhedged,2024-09-30,CAD,-0.591198218387626,-0.03118649826992737,0.01843740221492984
carry_unhedged,2024-09-30,EUR,-1.1517221897679304,-0.026365163507577147,0.03036534384853628
carry_unhedged,2024-09-30,GBP,-0.516316461305476,-0.04136944887125954,0.021359727447366545
carry_unhedged,2024-09-30,JPY,0.7492597707745163,-0.061589149836868806,-0.04614627228896966
carry_unhedged,2024-09-30,USD,-0.5728814738698843,-0.0,0.0
carry_unhedged,2024-10-31,CAD,-0.5919729813376287,-0.005366163200592855,0.003176623628199224
carry_unhedged,2024-10-31,EUR,-1.055432514867609,-0.028784344035777936,0.030379932614495567
carry_unhedged,2024-10-31,GBP,-0.5361914534600823,-0.01228737822831516,0.006588387191454077
carry_unhedged,2024-10-31,JPY,0.7501958654406367,0.0128156067645957,0.009614215207912748
carry_unhedged,2024-10-31,USD,-0.5747811441250323,-0.0,0.0
carry_unhedged,2024-11-30,CAD,-0.5916041936900096,-0.027171376633612798,0.016074700364776068
carry_unhedged,2024-11-30,EUR,-1.1206277960935829,-0.018758325892864112,0.021021101403725498
carry_unhedged,2024-11-30,GBP,-0.5161614156157177,-0.014116015520085734,0.007286142553700894
carry_unhedged,2024-11-30,JPY,0.7522123783658378,-0.04523482194565087,-0.03402619300069323
carry_unhedged,2024-11-30,USD,-0.5750212155238403,-0.0,0.0
carry_unhedged,2024-12-31,CAD,-0.5909317198832779,-0.004088851464034315,0.0024162320279890567
carry_unhedged,2024-12-31,EUR,-1.1902505611256606,0.004722672745713975,-0.0056211638855989225
carry_unhedged,2024-12-31,GBP,-0.6301519120394475,-0.005927604667970155,0.0037352914153353477
carry_unhedged,2024-12-31,JPY,0.7523536592066042,0.0157554174945016,0.011853646004316027
carry_unhedged,2024-12-31,USD,-0.13560262456336203,-0.0,0.0
carry_unhedged,2025-01-31,CAD,-0.5893365820145658,0.0017998066605629526,-0.0010606919056232204
carry_unhedged,2025-01-31,EUR,-1.1009252523639725,0.0001922892035537277,-0.00021169603994925494
carry_unhedged,2025-01-31,GBP,-0.62879809159314,0.011502643000723123,-0.00723283996713189
carry_unhedged,2025-01-31,JPY,0.440338569111165,0.02795141876937457,0.012308087745533358
carry_unhedged,2025-01-31,USD,-0.20587542389338623,-0.0,0.0
carry_unhedged,2025-02-28,CAD,-0.5888549473969047,0.0037484425398225385,-0.0022072889346075207
carry_unhedged,2025-02-28,EUR,-0.9419024504388234,0.037177599804877386,-0.03501767235764793
carry_unhedged,2025-02-28,GBP,-0.53376283051895,0.02393491274470894,-0.012775566774839934
carry_unhedged,2025-02-28,JPY,0.755415939251889,0.004924479240345114,0.003720030110671733
carry_unhedged,2025-02-28,USD,-0.6434446169583187,-0.0,0.0
carry_unhedged,2025-03-31,CAD,-0.5882236083829379,0.040593098911588466,-0.023877819117220075
carry_unhedged,2025-03-31,EUR,-0.7272892507130264,0.04995393916324377,-0.03633096298419967
carry_unhedged,2025-03-31,GBP,-0.5583370937555379,0.03414965985211843,-0.019067021834571974
carry_unhedged,2025-03-31,JPY,0.7568103593410987,0.049714540573220674,0.03762447931569677
carry_unhedged,2025-03-31,USD,-0.6860622644856926,-0.0,0.0
carry_unhedged,2025-04-30,CAD,-0.5386838479122451,0.004355091444732284,-0.0023460174174580856
carry_unhedged,2025-04-30,EUR,-0.7269089561962279,-0.00017624251014949907,0.00012811225909017547
carry_unhedged,2025-04-30,GBP,-0.6256098294043217,0.009249655682437073,-0.005786675513538173
carry_unhedged,2025-04-30,JPY,0.33599264696969167,-0.01080865444110124,-0.0036316284158463188
carry_unhedged,2025-04-30,USD,-0.6405241969468254,-0.0,0.0
carry_unhedged,2025-05-31,CAD,-0.43002026125683546,0.00928131776791663,-0.003991154691367218
carry_unhedged,2025-05-31,EUR,-0.7965270969246698,0.036600529463333004,-0.029153313479334482
carry_unhedged,2025-05-31,GBP,-0.5051558796954577,0.018683882969871113,-0.009438273337772224
carry_unhedged,2025-05-31,JPY,0.4434129749866255,6.936015261960192e-05,3.075519161858408e-05
carry_unhedged,2025-05-31,USD,-0.6622124626975829,-0.0,0.0
carry_unhedged,2025-06-30,CAD,-0.4300296701014313,-0.01638485590155886,0.007045974178006845
carry_unhedged,2025-06-30,EUR,-0.5854874617988183,-0.029224958228544044,0.01711084661440674
carry_unhedged,2025-06-30,GBP,-0.6259007711849677,-0.03726954984515885,0.023327039989801516
carry_unhedged,2025-06-30,JPY,0.3373833613905637,-0.04363415654198022,-0.01472143840557534
carry_unhedged,2025-06-30,USD,-0.6852855189428246,-0.0,0.0
carry_unhedged,2025-07-31,CAD,-0.3798950984637287,0.008632312136482355,-0.0032793730690586047
carry_unhedged,2025-07-31,EUR,-0.478324460221266,0.022832436992500982,-0.010921313099974099
carry_unhedged,2025-07-31,GBP,-0.6264690358849706,0.021773334054281723,-0.013640319592987268
carry_unhedged,2025-07-31,JPY,0.4446408396005588,0.02487523218596088,0.011060544124424488
carry_unhedged,2025-07-31,USD,-0.6870083863796972,-0.0,0.0
carry_unhedged,2025-08-31,CAD,-0.49763196827294426,-0.014537557584512027,0.0072343533946619895
carry_unhedged,2025-08-31,EUR,-0.5994864030823918,0.0034144292668444876,-0.00204690391975985
carry_unhedged,2025-08-31,GBP,-0.5048993792561566,-0.00504564400570634,0.0025475425264286783
carry_unhedged,2025-08-31,JPY,0.7595841827787524,-0.0072574673346110785,-0.0055126573944040465
carry_unhedged,2025-08-31,USD,-0.7361340868247607,-0.0,0.0
carry_unhedged,2025-09-30,CAD,-0.4964350830259772,-0.00594195827796068,0.0029497965510563028
carry_unhedged,2025-09-30,EUR,-0.5081414247933645,-0.016669916864719164,0.008470675306825333
carry_unhedged,2025-09-30,GBP,-0.5051516753961203,-0.022721410810614625,0.011477758738345497
carry_unhedged,2025-09-30,JPY,0.7604609557371397,-0.04026767452823421,-0.030621994257053062
carry_unhedged,2025-09-30,USD,-0.7355498829911209,-0.0,0.0
carry_unhedged,2025-10-31,CAD,0.2086788696719046,0.0025729002186567485,0.0005369099094078865
carry_unhedged,2025-10-31,EUR,-0.6358215571696882,0.005099185674051237,-0.003242172175572624
carry_unhedged,2025-10-31,GBP,-0.6464790801719581,0.007429905294018878,-0.0048032783402420865
carry_unhedged,2025-10-31,JPY,0.7441883514841298,-0.013667932457076759,-0.010171516123428384
carry_unhedged,2025-10-31,USD,-0.6838887351483519,-0.0,0.0
carry_unhedged,2025-11-30,CAD,0.18700301783358217,0.018927098274834908,0.003539424496226915
carry_unhedged,2025-11-30,EUR,-0.31719024131256984,0.011655942728361677,-0.003697151286734534
carry_unhedged,2025-11-30,GBP,-0.5770082141434705,0.015589013886212979,-0.008994989062741513
carry_unhedged,2025-11-30,JPY,0.7455812991399754,-0.004025950416553847,-0.003001673341847343
carry_unhedged,2025-11-30,USD,-0.7342218581759139,-0.0,0.0
carry_unhedged,2025-12-31,CAD,0.6667161010940084,0.01136834275817178,0.007579457159628595
carry_unhedged,2025-12-31,EUR,-0.41064821315185085,0.012616059971476579,-0.005180762484303447
carry_unhedged,2025-12-31,GBP,-0.6160721702408836,0.02075435107373497,-0.012786178107937115
carry_unhedged,2025-12-31,JPY,0.43347579072911796,0.01581314688685076,0.0068546163506933225
carry_unhedged,2025-12-31,USD,-0.6834406335542756,-0.0,0.0
carry_unhedged,2026-01-31,CAD,0.6662686964317247,-0.005516950989707725,-0.0036757717441902797
carry_unhedged,2026-01-31,EUR,-0.659895893852101,-0.005314898409979479,0.003507279636986519
carry_unhedged,2026-01-31,GBP,-0.6162499774714192,-0.02015959973659881,0.012423352883511844
carry_unhedged,2026-01-31,JPY,0.7498109275648551,-0.011018507687331258,-0.008261797469418337
carry_unhedged,2026-01-31,USD,-0.6838112224177689,-0.0,0.0
carry_unhedged,2026-02-28,CAD,-0.10927993307977238,-0.023274568823109635,0.0025434433234499776
carry_unhedged,2026-02-28,EUR,-0.6374756191070858,-0.026051173317697105,0.016606987839164956
carry_unhedged,2026-02-28,GBP,-0.5757495122701286,-0.020346811011753174,0.011714666516269371
carry_unhedged,2026-02-28,JPY,0.7488748663141379,-0.01923075162270127,-0.014401426550570804
carry_unhedged,2026-02-28,USD,-0.6821092425346357,-0.0,0.0
carry_unhedged,2026-03-31,CAD,0.5499472123443345,0.024816249560132956,0.013647627266436436
carry_unhedged,2026-03-31,EUR,1.0723196153403038,0.018153378454887483,0.019466223801871907
carry_unhedged,2026-03-31,GBP,0.2754447151882784,0.029594148963434264,0.008151551932472636
carry_unhedged,2026-03-31,JPY,0.6293908998886554,0.015329368400397668,0.009648164972251006
carry_unhedged,2026-03-31,USD,-0.6123560202795305,-0.0,0.0
carry_unhedged,2026-04-30,CAD,0.5503063148430962,-0.012630209875691911,-0.006950484252386896
carry_unhedged,2026-04-30,EUR,1.072513391376127,-0.004272050242939752,-0.00458183109418452
carry_unhedged,2026-04-30,GBP,0.43968386874003657,-0.0076877965862438,-0.00338020014512612
carry_unhedged,2026-04-30,JPY,0.3144586590755731,-0.016271845929242804,-0.005116822851594014
carry_unhedged,2026-04-30,USD,-0.6133999964615355,-0.0,0.0
carry_unhedged,2026-05-31,CAD,0.40329719595195956,-0.030085516080522845,-0.012133404274042452
carry_unhedged,2026-05-31,EUR,0.9146547139543387,-0.022688884602238252,-0.02075249525580323
carry_unhedged,2026-05-31,GBP,0.2751003904711059,-0.016233758411724582,-0.0044659132778790325
carry_unhedged,2026-05-31,JPY,0.7134972819398735,-0.021004997969296113,-0.014987008958245339
carry_unhedged,2026-05-31,USD,-0.01708966300998362,-0.0,0.0
carry_unhedged,2026-06-30,CAD,0.5499474485938324,0.012538683028219587,0.0068956167400961495
carry_unhedged,2026-06-30,EUR,0.26592973835923644,0.008894373250179222,0.002365278351289552
carry_unhedged,2026-06-30,GBP,0.3007959016761095,0.01578842328969082,0.004749093019466637
carry_unhedged,2026-06-30,JPY,0.10529347266184269,0.021444710278903042,0.0022579880154928143
carry_unhedged,2026-06-30,USD,0.3051260389397552,0.0,0.0
carry_unhedged,2026-07-31,CAD,0.5122961345720274,0.011904048782138688,0.0060983981768465
carry_unhedged,2026-07-31,EUR,0.5084466082891012,0.008471696586968419,0.004307405396098447
carry_unhedged,2026-07-31,GBP,0.43912811811585584,0.0059215569034373194,0.0026003221393223848
carry_unhedged,2026-07-31,JPY,0.3992518860122879,-0.0036375079305148716,-0.0014522819016427168
carry_unhedged,2026-07-31,USD,0.4263252818531085,0.0,0.0
overlay_unhedged,1997-09-30,GBP,0.8133657680750251,0.040670590120054854,0.03308006577106295
overlay_unhedged,1997-10-31,JPY,0.7865750937972229,-0.05926047518650801,-0.04661281382829554
overlay_unhedged,1997-11-30,JPY,-0.7844443837360768,-0.020993063449294525,0.016467890720214203
overlay_unhedged,1997-12-31,JPY,0.787237798698349,0.026015833387329046,0.02048064740714393
overlay_unhedged,1998-09-30,JPY,0.7959450286789354,0.15952174168445055,0.1269705372599437
overlay_unhedged,1998-09-30,USD,0.8044704757251027,0.0,0.0
overlay_unhedged,1998-10-31,CAD,-0.8005989540995615,0.012847863165755426,-0.010285985812918076
overlay_unhedged,1998-10-31,GBP,-0.8114439818747223,-0.015051458139595518,0.012213415125814087
overlay_unhedged,1998-10-31,USD,-0.7997789683938238,-0.0,0.0
overlay_unhedged,1998-11-30,JPY,-0.7920583423767813,0.08579468381118716,-0.06795439504422897
overlay_unhedged,1998-12-31,JPY,-0.7870759433752323,-0.02549465828097475,0.02006623221752738
overlay_unhedged,1999-01-31,JPY,-0.7860963086493558,-0.0230091105092578,0.018087376836632654
overlay_unhedged,1999-02-28,GBP,-0.8096487733354494,0.007025862830364437,-0.005688481222227695
overlay_unhedged,1999-02-28,JPY,-0.7834218417411574,0.002277232882218705,-0.001784033978661302
overlay_unhedged,1999-02-28,USD,-0.8048207730800592,-0.0,0.0
overlay_unhedged,1999-03-31,GBP,-0.8079381020263631,-0.003413502150813097,0.002757898448990842
overlay_unhedged,1999-03-31,USD,-0.8035154590066589,-0.0,0.0
overlay_unhedged,1999-04-30,USD,-0.8033247096394217,-0.0,0.0
overlay_unhedged,1999-05-31,GBP,-0.8076573599562791,-0.016045648643189026,0.012959386221944098
overlay_unhedged,1999-05-31,USD,-0.8042472159008205,-0.0,0.0
overlay_unhedged,1999-06-30,GBP,-0.8071949357623169,0.02765095467895839,-0.022319710585848557
overlay_unhedged,1999-06-30,USD,-0.8035605812395589,-0.0,0.0
overlay_unhedged,1999-07-31,GBP,-0.8091925707478242,-0.007493919194105305,0.006064023737654535
overlay_unhedged,1999-07-31,USD,-0.8034821236960058,-0.0,0.0
overlay_unhedged,2000-02-29,CAD,0.8058614074039189,-0.0022724934890762665,-0.0018313148014232421
overlay_unhedged,2000-03-31,CAD,0.808062616755814,-0.019076746932021493,-0.015415206045077736
overlay_unhedged,2000-03-31,USD,0.8133131006487475,0.0,0.0
overlay_unhedged,2000-08-31,USD,0.8129068792712886,0.0,0.0
overlay_unhedged,2001-01-31,CAD,-0.8000812851108732,-0.021442352111472714,0.017155624633146935
overlay_unhedged,2001-01-31,USD,-0.7995125910603196,-0.0,0.0
overlay_unhedged,2001-04-30,CAD,-0.7949905955534724,-0.00655399640093146,0.005210365502031816
overlay_unhedged,2001-04-30,USD,-0.793472384000369,-0.0,0.0
overlay_unhedged,2001-05-31,USD,-0.791472190479022,-0.0,0.0
overlay_unhedged,2001-09-30,CAD,-0.7836569103336707,-0.006813476614147218,0.005339428032073329
overlay_unhedged,2001-09-30,GBP,-0.8017037142224896,-0.010744329193845879,0.008613768621535369
overlay_unhedged,2001-11-30,USD,-0.781820320305866,-0.0,0.0
overlay_unhedged,2001-12-31,USD,-0.7812296703246618,-0.0,0.0
overlay_unhedged,2002-07-31,GBP,-0.7972348832700147,-0.009581758784198645,0.0076389123458420445
overlay_unhedged,2002-08-31,CAD,0.7876638867962968,-0.017680440207017978,-0.013926244253729304
overlay_unhedged,2002-08-31,USD,0.7806098615450658,0.0,0.0
overlay_unhedged,2002-09-30,USD,0.7813107161509107,0.0,0.0
overlay_unhedged,2002-10-31,JPY,0.789939186973821,0.0004887983804042761,0.0003861209952106744
overlay_unhedged,2003-05-31,CAD,0.7900601507040147,0.011294582846650136,0.008923399825963386
overlay_unhedged,2003-05-31,GBP,0.7963596002690322,0.008261999490897065,0.006579522611993734
overlay_unhedged,2003-05-31,USD,0.7794262251389624,0.0,0.0
overlay_unhedged,2003-06-30,JPY,-0.7922053583471735,-0.004577809817293498,0.0036265654667542047
overlay_unhedged,2003-07-31,CAD,-0.7813905234261111,0.016043890911009776,-0.012536544316745356
overlay_unhedged,2003-07-31,JPY,-0.7908802423256055,0.03129340661203894,-0.024749337004523066
overlay_unhedged,2003-07-31,USD,-0.7721521144865551,-0.0,0.0
overlay_unhedged,2003-08-31,JPY,-0.786963006222273,0.0462956343652996,-0.03643295159508334
overlay_unhedged,2003-09-30,USD,0.7746650656584327,0.0,0.0
overlay_unhedged,2004-04-30,USD,-0.7781135107712638,-0.0,0.0
overlay_unhedged,2004-08-31,JPY,0.7850047164388286,-0.010949014489670894,-0.008595028014748726
overlay_unhedged,2004-09-30,JPY,0.7860038662960384,0.0384805152979899,0.030245833801283914
overlay_unhedged,2005-12-31,EUR,0.8048140135741322,0.02633485521694645,0.021194660524044347
overlay_unhedged,2006-01-31,CAD,-0.8021928440009491,0.004996723085193889,-0.004008335502396883
overlay_unhedged,2006-03-31,GBP,-0.8070872314184704,0.04645206540579593,-0.037490868862033545
overlay_unhedged,2006-04-30,EUR,-0.8048036535121061,0.01642021415880565,-0.013215048346458003
overlay_unhedged,2006-04-30,GBP,-0.8062827706176063,0.027713399489483034,-0.022344836523612938
overlay_unhedged,2006-05-31,EUR,-0.8050065094321276,-0.0042167796357577845,0.003394535055625852
overlay_unhedged,2006-05-31,JPY,0.7904030936408081,-0.019844545911195336,-0.015685190480105842
overlay_unhedged,2006-06-30,EUR,-0.8062266796953677,-0.0011744902105692012,0.0009469053428019204
overlay_unhedged,2006-08-31,GBP,0.8108000191136984,-0.016322566944456333,-0.013234337590549814
overlay_unhedged,2006-09-30,EUR,0.81063293013096,0.006755720902178686,0.005476409830080081
overlay_unhedged,2006-10-31,EUR,0.8116148689083172,0.03749382863482212,0.030430548812322065
overlay_unhedged,2006-12-31,GBP,-0.8121303114197422,0.001275608000099626,-0.0010359599223704239
overlay_unhedged,2006-12-31,USD,-0.8078800703050051,-0.0,0.0
overlay_unhedged,2007-01-31,GBP,-0.8129619430947709,0.00010197838067160792,-8.29045425044486e-05
overlay_unhedged,2007-01-31,USD,-0.8079703876416129,-0.0,0.0
overlay_unhedged,2007-02-28,JPY,0.7925365745124833,0.00652848984575094,0.00517406697909098
overlay_unhedged,2007-05-31,USD,-0.8068689770515488,-0.0,0.0
overlay_unhedged,2007-06-30,EUR,-0.8137140928051648,0.014028359759699849,-0.011415074035408642
overlay_unhedged,2007-06-30,GBP,-0.8118167524317779,0.014891313342025756,-0.012089017636767355
overlay_unhedged,2007-06-30,USD,-0.8046549319606546,-0.0,0.0
overlay_unhedged,2007-08-31,CAD,-0.8055741266118545,0.05859661332861303,-0.04720391560460999
overlay_unhedged,2007-08-31,EUR,-0.8107980238124386,0.041499134903254076,-0.0336474165694842
overlay_unhedged,2007-09-30,CAD,-0.8034099403881864,0.04760600764213545,-0.03824713976188759
overlay_unhedged,2007-09-30,EUR,-0.8102051356179623,0.017360215675614243,-0.014065335895818112
overlay_unhedged,2007-09-30,GBP,-0.8074700743014686,0.018851065927811824,-0.015221671605392097
overlay_unhedged,2007-11-30,EUR,-0.8088097455953334,-0.0058038468198003965,0.004694207869797043
overlay_unhedged,2008-01-31,CAD,-0.796828476433042,0.022409335845503774,-0.017856396939649126
overlay_unhedged,2008-01-31,EUR,-0.8052177780110651,0.02304617783445168,-0.01855719210750504
overlay_unhedged,2008-01-31,USD,-0.7865223358634521,-0.0,0.0
overlay_unhedged,2008-02-29,CAD,-0.7944381685632116,-0.047739621292377035,0.03792617730741731
overlay_unhedged,2008-02-29,EUR,-0.8016743022278368,0.03988654691944815,-0.03197601966992647
overlay_unhedged,2008-02-29,USD,-0.781595361673637,-0.0,0.0
overlay_unhedged,2008-03-31,CAD,-0.7942588968375264,0.017970729603486942,-0.014273411870231017
overlay_unhedged,2008-03-31,USD,-0.7821485880770327,-0.0,0.0
overlay_unhedged,2008-04-30,CAD,-0.7939310873526509,0.015377237598682677,-0.012208466967202205
overlay_unhedged,2008-04-30,USD,-0.7868674786917045,-0.0,0.0
overlay_unhedged,2008-05-31,USD,-0.7881339847819316,-0.0,0.0
overlay_unhedged,2008-09-30,CAD,-0.7935321322363328,-0.13741644713383167,0.10904436629845074
overlay_unhedged,2008-09-30,EUR,-0.803492769336397,-0.10464270565733468,0.08407965735946529
overlay_unhedged,2008-09-30,GBP,-0.7998009314699346,-0.09657473997621145,0.07724056698944065
overlay_unhedged,2008-09-30,USD,-0.7822644633968769,-0.0,0.0
overlay_unhedged,2008-10-31,CAD,-0.7833848524185169,-0.016478062703013944,0.012908664718743645
overlay_unhedged,2008-10-31,EUR,-0.7913642304492556,0.000945775606438548,-0.0007484529849669196
overlay_unhedged,2008-10-31,GBP,-0.7866210597242531,-0.05186323879269056,0.04079671585983824
overlay_unhedged,2008-10-31,JPY,-0.7909208002309656,0.029113236075228418,-0.023026263973932676
overlay_unhedged,2008-10-31,USD,-0.7748308294083661,-0.0,0.0
overlay_unhedged,2008-11-30,CAD,0.7840061461603917,0.009756174945364626,0.00764890112018189
overlay_unhedged,2008-11-30,EUR,0.7923108814239296,0.09212537236098503,0.07299193497683977
overlay_unhedged,2008-11-30,USD,0.7803512847893197,0.0,0.0
overlay_unhedged,2008-12-31,CAD,0.7828637749283911,-0.010160623889199388,-0.007954384373526224
overlay_unhedged,2008-12-31,USD,0.7850567733304809,0.0,0.0
overlay_unhedged,2009-01-31,EUR,-0.7831508904896939,-0.01115223998568185,0.008733886675741511
overlay_unhedged,2009-01-31,GBP,-0.7739042551303021,-0.009550771473051833,0.007391382682771917
overlay_unhedged,2009-01-31,USD,-0.7802847365127724,-0.0,0.0
overlay_unhedged,2009-02-28,EUR,-0.781719581445445,0.04622201457352721,-0.03613265388598295
overlay_unhedged,2009-02-28,USD,-0.7793184936137767,-0.0,0.0
overlay_unhedged,2009-03-31,EUR,-0.7813975487342995,-0.0012827770104620884,0.0010023588115477887
overlay_unhedged,2009-03-31,GBP,0.7804249073177352,0.034300073653849295,0.026768631802296827
overlay_unhedged,2009-04-30,CAD,-0.7769153225404843,0.08583183093999502,-0.06668406461898656
overlay_unhedged,2009-04-30,USD,-0.7765763905868449,-0.0,0.0
overlay_unhedged,2009-05-31,CAD,-0.7773083500655273,-0.059265447855902646,0.04606752748876623
overlay_unhedged,2009-05-31,EUR,-0.777286358792058,-0.0075321893802866025,0.005854668057135181
overlay_unhedged,2009-05-31,JPY,-0.7882251468120742,-0.009063978291194099,0.0071444556192779216
overlay_unhedged,2009-05-31,USD,-0.7731106704299372,-0.0,0.0
overlay_unhedged,2009-06-30,USD,-0.774799030537357,-0.0,0.0
overlay_unhedged,2009-12-31,USD,-0.7714305845718937,-0.0,0.0
overlay_unhedged,2010-06-30,JPY,0.7901169021883976,0.023554713514712056,0.01861097727417947
overlay_unhedged,2010-07-31,JPY,0.790268944281423,0.02732827078564437,0.021596683702808032
overlay_unhedged,2010-08-31,EUR,0.7837651862078279,0.06822641494583652,0.053473488814316086
overlay_unhedged,2010-08-31,GBP,0.7775984501446171,0.02399677693201585,0.018659856550801626
overlay_unhedged,2010-08-31,JPY,0.7909087728466786,0.006800718211087187,0.005378747694807026
overlay_unhedged,2010-08-31,USD,0.7789398460175722,0.0,0.0
overlay_unhedged,2010-09-30,JPY,0.7916664440844138,0.037197142416386164,0.029447729466881956
overlay_unhedged,2010-11-30,JPY,-0.7896214301755475,0.022878199318180137,-0.018065116465462636
overlay_unhedged,2010-12-31,USD,-0.7711941279588215,-0.0,0.0
overlay_unhedged,2011-01-31,USD,-0.7694261037865828,-0.0,0.0
overlay_unhedged,2011-02-28,USD,-0.7708054589944375,-0.0,0.0
overlay_unhedged,2011-03-31,USD,-0.7716042412527276,-0.0,0.0
overlay_unhedged,2011-07-31,GBP,0.7757486922587992,-0.011367925868269957,-0.008818653626005393
overlay_unhedged,2011-08-31,GBP,0.7781574550135633,-0.04045326295265545,-0.03147900814623283
overlay_unhedged,2011-08-31,USD,0.7782647546757251,0.0,0.0
overlay_unhedged,2011-09-30,GBP,0.7814026554726693,0.032554425216764826,0.025438114311766465
overlay_unhedged,2011-09-30,USD,0.7823573827452639,0.0,0.0
overlay_unhedged,2011-12-31,EUR,0.7804816180098443,0.006147717817777399,0.004798180749486854
overlay_unhedged,2012-05-31,EUR,0.7851091173561802,0.024290104406523457,0.019070382431095094
overlay_unhedged,2012-05-31,GBP,0.7852347106003009,0.018076462741843546,0.01419426598976864
overlay_unhedged,2012-06-30,EUR,-0.7829573194299393,-0.028261097103892022,0.022127232832612517
overlay_unhedged,2013-01-31,CAD,-0.7926317291181788,-0.028998974529447878,0.022985507323930298
overlay_unhedged,2013-01-31,GBP,-0.7816941181096304,-0.04277900407764728,0.033440095866084776
overlay_unhedged,2013-02-28,CAD,-0.7917128603708323,0.01094830095215106,-0.008667910663028223
overlay_unhedged,2013-02-28,GBP,-0.7805956117624406,6.582195164461789e-05,-5.138032661142829e-05
overlay_unhedged,2013-03-31,JPY,0.7947377952811905,-0.03506202222099386,-0.02786511423801277
overlay_unhedged,2013-05-31,CAD,-0.7915238423592706,-0.01688289500734599,0.013363213926362645
overlay_unhedged,2013-05-31,GBP,-0.7817392717429656,0.0016450077734893598,-0.0012859671788590895
overlay_unhedged,2013-05-31,JPY,-0.7925314948385848,0.016197114743313534,-0.012836723559590356
overlay_unhedged,2013-05-31,USD,-0.7803019073494291,-0.0,0.0
overlay_unhedged,2013-06-30,CAD,-0.7889164256246316,0.02173162444480085,-0.017144435480009157
overlay_unhedged,2013-06-30,GBP,-0.7776829047040223,-0.002171982293292629,0.0016891134988135156
overlay_unhedged,2013-06-30,JPY,-0.7927221438080498,0.008706270826743355,-0.0069016536743494745
overlay_unhedged,2013-06-30,USD,-0.7769959859579216,-0.0,0.0
overlay_unhedged,2013-07-31,CAD,-0.7878613119434921,-0.02562397283458309,0.020188136854659033
overlay_unhedged,2013-07-31,USD,-0.7754626361362247,-0.0,0.0
overlay_unhedged,2013-08-31,CAD,-0.7862081808276498,0.02591564557983294,-0.020375092566294578
overlay_unhedged,2013-08-31,USD,-0.774415371901674,-0.0,0.0
overlay_unhedged,2013-12-31,JPY,-0.7934074164959359,0.02862432213950417,-0.022710749477651424
overlay_unhedged,2013-12-31,USD,-0.7713119662278982,-0.0,0.0
overlay_unhedged,2014-01-31,CAD,0.7860747523146012,0.0036951959490580527,0.0029047002404097265
overlay_unhedged,2014-02-28,CAD,0.7867721485714623,0.00198843160238088,0.0015644426040926007
overlay_unhedged,2015-01-31,CAD,0.7915493934114741,0.01665251390345024,0.013181287279052177
overlay_unhedged,2015-01-31,EUR,0.7937851657867452,-0.008271492883510811,-0.006565788349841512
overlay_unhedged,2015-01-31,GBP,0.7905481784306874,0.0271147417128208,0.02143550966968906
overlay_unhedged,2015-01-31,USD,0.7877748491577431,0.0,0.0
overlay_unhedged,2015-02-28,GBP,-0.7875901320756311,-0.03889691041108096,0.030634822807997245
overlay_unhedged,2015-02-28,JPY,-0.7965027756728312,-0.0020026708963101214,0.0015951329276702086
overlay_unhedged,2015-03-31,EUR,0.7940447681532878,0.038446957750331905,0.03052860565306155
overlay_unhedged,2015-05-31,EUR,-1.5787034668016882,0.014448508528893358,-0.022809910504677705
overlay_unhedged,2015-06-30,EUR,-1.5711334309597433,-0.011360684805811606,0.017849151697007015
overlay_unhedged,2016-01-31,EUR,0.7891283491847041,0.0033179753941821734,0.0026183084454464464
overlay_unhedged,2016-01-31,JPY,0.7978689176365292,0.06970121222845105,0.05561243075866826
overlay_unhedged,2016-02-29,EUR,0.790412227320057,0.04691308589498949,0.037080676712715796
overlay_unhedged,2016-02-29,JPY,0.7975163739551481,0.004260613581688055,0.0033979090944919136
overlay_unhedged,2016-03-31,JPY,0.7979404275930289,0.050348039542929435,0.04017473620135584
overlay_unhedged,2016-04-30,JPY,0.7978117435420744,-0.03538159089424564,-0.0282278487206305
overlay_unhedged,2016-05-31,JPY,0.7981882000781664,0.07478192728826283,0.05969005194059482
overlay_unhedged,2016-06-30,EUR,0.791617837026346,0.012252405529016018,0.009699222763249303
overlay_unhedged,2016-06-30,GBP,0.790231979348138,0.0021122518414617435,0.001669168953560063
overlay_unhedged,2016-06-30,JPY,0.7987444523242572,0.0043883243663946905,0.00350514974265712
overlay_unhedged,2016-07-31,EUR,0.7921234121451353,-0.001971856872672026,-0.0015619539942428005
overlay_unhedged,2016-07-31,GBP,0.7921409926559685,-0.010682324392142839,-0.008461907047865093
overlay_unhedged,2016-08-31,GBP,0.7941875595794653,-0.008720985505444534,-0.006926098195696884
overlay_unhedged,2016-08-31,JPY,-0.7981471540328089,0.021213953567083443,-0.016931856665351804
overlay_unhedged,2016-09-30,JPY,-0.7972709386122407,-0.037429228499873624,0.029841236137626275
overlay_unhedged,2016-10-31,CAD,-0.793096326119128,-0.0016400778985687923,0.0013007397559040889
overlay_unhedged,2016-10-31,EUR,-1.5752281315236534,-0.03565837398013647,0.05617007381790204
overlay_unhedged,2016-10-31,GBP,-0.7893787356080066,0.021788413063685178,-0.01719930995511678
overlay_unhedged,2016-10-31,JPY,-0.797428508493682,-0.08454967113514211,0.06742231814692769
overlay_unhedged,2016-11-30,CAD,-0.7907448271316166,-7.448512163144017e-05,5.889872462833059e-05
overlay_unhedged,2016-11-30,EUR,-1.5681821594417824,-0.0024609572287748525,0.0038592292213140127
overlay_unhedged,2016-11-30,GBP,-0.7860550510193853,-0.011604610846989077,0.009121862971390112
overlay_unhedged,2016-11-30,JPY,-0.7976927985827487,-0.021115357019565902,0.01684356823401141
overlay_unhedged,2016-11-30,USD,-0.788100936081924,-0.0,0.0
overlay_unhedged,2016-12-31,CAD,-0.789925334777555,0.02993873437980615,-0.02364936477778467
overlay_unhedged,2016-12-31,EUR,-1.5683204705925735,0.022675008781437588,-0.03556168044279494
overlay_unhedged,2016-12-31,JPY,-0.7972117859290584,0.03538495526496632,-0.02820930338180364
overlay_unhedged,2016-12-31,USD,-0.788328993539574,-0.0,0.0
overlay_unhedged,2017-01-31,CAD,-0.7894111502332579,-0.01651672056537085,0.013038483379590708
overlay_unhedged,2017-01-31,EUR,-1.5654532418986067,-0.01643975003497116,0.02573565998824834
overlay_unhedged,2017-01-31,JPY,-0.7964741076735046,0.0058724254532869224,-0.004677234822785877
overlay_unhedged,2017-01-31,USD,-0.7882032500087915,-0.0,0.0
overlay_unhedged,2017-02-28,EUR,-0.7842511982474452,0.007506133947578618,-0.005886694542594357
overlay_unhedged,2017-07-31,CAD,-0.7938268191317766,-0.0019996007462511622,0.001587336699930087
overlay_unhedged,2017-08-31,CAD,0.7955774638875366,0.0004795396511333705,0.00038151093948220096
overlay_unhedged,2019-01-31,EUR,0.7865939828133104,-0.00656946259679403,-0.005167499748955288
overlay_unhedged,2019-02-28,EUR,0.7869042794668213,-0.013358892875235423,-0.010512169972461584
overlay_unhedged,2019-03-31,CAD,0.8016916493489362,-0.005002436982071201,-0.004010411954920776
overlay_unhedged,2019-03-31,EUR,0.7891386345383451,-0.0024075984700335645,-0.0018999289691588959
overlay_unhedged,2019-08-31,EUR,0.7938099886113046,-0.007673372811194595,-0.006091199983864676
overlay_unhedged,2019-08-31,USD,0.8026975212728819,0.0,0.0
overlay_unhedged,2019-09-30,JPY,-0.7981217043436349,0.0001850138765684406,-0.00014766359049402672
overlay_unhedged,2019-12-31,CAD,-0.8027325562711946,-0.019708834418015964,0.015820923033499655
overlay_unhedged,2019-12-31,EUR,-1.5822220407017684,-0.012999421031484465,0.020567970472376837
overlay_unhedged,2019-12-31,GBP,-0.7979520088214804,-0.005592517599012081,0.004462560652501173
overlay_unhedged,2020-01-31,CAD,0.8042699780478343,-0.01434443130526275,-0.01153679545099234
overlay_unhedged,2020-01-31,EUR,1.5866419203672744,-0.007335992687859256,-0.011639593526065292
overlay_unhedged,2020-01-31,GBP,0.800196124774728,-0.03211302777513574,-0.025696720380446826
overlay_unhedged,2020-01-31,USD,0.8004475943534508,0.0,0.0
overlay_unhedged,2020-02-29,EUR,1.5875958058376205,0.0013625836690549231,0.0021632321180944324
overlay_unhedged,2020-02-29,USD,0.7986964205552765,0.0,0.0
overlay_unhedged,2020-03-31,CAD,-0.7973643238624826,0.015124780009493355,-0.012059959985838462
overlay_unhedged,2020-03-31,EUR,-0.7915645399467007,-0.0074715609535461885,0.005914222708877521
overlay_unhedged,2020-03-31,JPY,-0.798049868542808,0.0055019488818492945,-0.004390829581889079
overlay_unhedged,2020-04-30,JPY,-0.7980788430073776,-0.0077313970881549565,0.006170264442945316
overlay_unhedged,2020-05-31,JPY,-0.7978563273786862,-0.0,0.0
overlay_unhedged,2020-06-30,JPY,-0.7978093194802651,0.018637860970907028,-0.014869459177767129
overlay_unhedged,2020-08-31,CAD,-0.7961681538143854,-0.021930537067886387,0.01746039520949705
overlay_unhedged,2020-08-31,EUR,-0.7942734254284118,-0.019178554287828577,0.01523301600895836
overlay_unhedged,2020-08-31,GBP,-0.7954006768534481,-0.034533398041986955,0.027467888176645965
overlay_unhedged,2021-01-31,CAD,-0.7920383943456678,0.006123910164453184,-0.0048503719737706145
overlay_unhedged,2021-02-28,CAD,-0.7890593284660513,0.01005192681556405,-0.007931566622878862
overlay_unhedged,2021-02-28,EUR,-1.5837893510831287,-0.029369454420194452,0.046515029157825294
overlay_unhedged,2021-02-28,GBP,-0.7918098200342414,-0.010958223707308035,0.008676829141578532
overlay_unhedged,2021-02-28,JPY,-0.7968067159924896,-0.03655182504370913,0.02912473967660991
overlay_unhedged,2021-02-28,USD,-0.7862872295117243,-0.0,0.0
overlay_unhedged,2021-03-31,CAD,-0.7857841662954221,0.022525286699850378,-0.01770001363000729
overlay_unhedged,2021-03-31,EUR,-1.58266381211139,0.024146211603643553,-0.038215335304670785
overlay_unhedged,2021-03-31,GBP,-0.7911680823493547,0.0031122234073698856,-0.0024622918250516066
overlay_unhedged,2021-03-31,USD,-0.7832298892362822,-0.0,0.0
overlay_unhedged,2021-04-30,EUR,-1.581163009957463,0.013540497499036824,-0.021409733781898563
overlay_unhedged,2021-04-30,GBP,-0.79117693380578,0.02497810583475618,-0.01976210118661866
overlay_unhedged,2021-05-31,EUR,-1.5805121668735247,-0.028784950520126668,0.04549496451991259
overlay_unhedged,2021-09-30,EUR,-1.5802793424816792,-0.0021617890731209233,0.0034162306150556116
overlay_unhedged,2021-09-30,GBP,-0.7931487081193969,0.015908422108033397,-0.01261774444320474
overlay_unhedged,2022-05-31,EUR,-0.7932800273211987,-0.024718239607772495,0.019608485791385702
overlay_unhedged,2022-06-30,EUR,-0.7938229630139079,-0.025834729836483026,0.020508201787460767
overlay_unhedged,2022-06-30,JPY,-0.7966369017684947,0.018145809111906885,-0.014455621150992021
overlay_unhedged,2022-06-30,USD,0.8040111702867513,0.0,0.0
overlay_unhedged,2022-07-31,CAD,0.8079914501191785,-0.02240167832398937,-0.01810036455410354
overlay_unhedged,2022-07-31,GBP,0.8010214373178927,-0.044992901251755514,-0.03604027842978321
overlay_unhedged,2022-07-31,USD,0.8071731635186683,0.0,0.0
overlay_unhedged,2022-08-31,CAD,0.8114623612252154,-0.04925929688258612,-0.03997206536063723
overlay_unhedged,2022-08-31,EUR,1.5939895659088257,-0.028417873616463033,-0.04529779402995778
overlay_unhedged,2022-09-30,CAD,0.8124582930817288,0.008250932135810074,0.006703538239393435
overlay_unhedged,2022-09-30,EUR,1.5986037849354204,0.010372271147288557,0.016581151914431942
overlay_unhedged,2022-09-30,GBP,-0.8084896519252095,0.03364704351133251,-0.0272032864967896
overlay_unhedged,2022-09-30,JPY,-0.7964538309272278,-0.026728256410901707,0.0212878222124679
overlay_unhedged,2022-09-30,USD,-0.8106757959772863,-0.0,0.0
overlay_unhedged,2022-10-31,EUR,1.6052789684887157,0.04335595886087275,0.06959840891802099
overlay_unhedged,2022-10-31,GBP,-0.801970254126045,0.03808442534971673,-0.030542576275956718
overlay_unhedged,2022-11-30,CAD,0.8161450390447469,0.00044329516795382773,0.00036179315215802436
overlay_unhedged,2022-11-30,EUR,1.6150693011125257,0.035682392625605415,0.05762953691985928
overlay_unhedged,2022-11-30,GBP,0.8055426234088289,0.00956785867087298,0.007707317974139932
overlay_unhedged,2022-11-30,USD,0.8144769428003933,0.0,0.0
overlay_unhedged,2022-12-31,EUR,0.807038816783875,0.014845327374200997,0.011980755438844443
overlay_unhedged,2022-12-31,GBP,-0.803867840515109,0.020245763441183257,-0.016274918137043726
overlay_unhedged,2022-12-31,JPY,-0.7955738013479672,0.012520203246005225,-0.009960745690073535
overlay_unhedged,2023-01-31,EUR,1.622042809026459,-0.023859472917645057,-0.03870108647322771
overlay_unhedged,2023-01-31,JPY,-0.7944661490092046,-0.04447514309385703,0.035333995660409914
overlay_unhedged,2023-01-31,USD,0.8141752170987205,0.0,0.0
overlay_unhedged,2023-02-28,EUR,1.6287693950809234,0.025148014283228166,0.04096031601157996
overlay_unhedged,2023-02-28,JPY,0.7941274346472166,0.024848771450177942,0.019733091125864806
overlay_unhedged,2023-03-31,JPY,0.7951279842505303,-0.02411369349881998,-0.01917347250455185
overlay_unhedged,2023-04-30,JPY,0.7951790906890751,-0.027488404428114954,-0.021858204437641995
overlay_unhedged,2023-06-30,EUR,1.6348304723328768,0.00911583340800945,0.014902842236123906
overlay_unhedged,2023-06-30,GBP,0.8182716192461263,0.011578006202178526,0.009473953882698316
overlay_unhedged,2023-07-31,JPY,-0.7935867439010262,-0.02431857491801548,0.01929889868550107
overlay_unhedged,2023-08-31,JPY,-0.7933423806444001,-0.025415620333949285,0.02016328874128955
overlay_unhedged,2023-09-30,CAD,-0.8154900618686578,-0.025025929411092496,0.02040839672377248
overlay_unhedged,2023-09-30,JPY,-0.7923236662417164,-0.013493507932374804,0.010691225675440886
overlay_unhedged,2023-09-30,USD,-0.8120096116689994,-0.0,0.0
overlay_unhedged,2023-10-31,CAD,-0.8127213657026833,0.021191399235170494,-0.01722270292755856
overlay_unhedged,2023-10-31,JPY,-0.791716900600045,0.023988054300280837,-0.018991748002043923
overlay_unhedged,2023-10-31,USD,-0.8090316197771603,-0.0,0.0
overlay_unhedged,2023-11-30,JPY,0.7932778369213785,0.0481411559123588,0.03818931202905082
overlay_unhedged,2023-12-31,JPY,0.7937370954143654,-0.037193506369767704,-0.029521865714215115
overlay_unhedged,2024-02-29,JPY,0.7946871482706507,-0.00876732502157207,-0.006967280519355029
overlay_unhedged,2024-07-31,JPY,0.7942065248428262,0.02990132664975675,0.023747828726693496
overlay_unhedged,2024-08-31,JPY,0.7947196322710416,0.018672741705274557,0.014839594421507937
overlay_unhedged,2024-09-30,EUR,-0.8012526622218148,-0.026365163507577144,0.021125157450359627
overlay_unhedged,2024-09-30,JPY,0.7954102870737286,-0.0615891498368688,-0.0489886433523707
overlay_unhedged,2024-10-31,EUR,-0.8010614182761686,-0.028784344035777933,0.023058027457449445
overlay_unhedged,2024-11-30,EUR,-0.7998293032665913,-0.018758325892864112,0.015003458729337161
overlay_unhedged,2024-12-31,EUR,-1.6005965894095855,0.004722672745713974,-0.007559093889687389
overlay_unhedged,2024-12-31,USD,-0.8021572296849975,-0.0,0.0
overlay_unhedged,2025-01-31,EUR,-1.6012429718025696,0.00019228920355372767,-0.0003079017357439201
overlay_unhedged,2025-02-28,EUR,-1.5994684173465328,0.037177599804877386,-0.05946439672065
overlay_unhedged,2025-03-31,EUR,-1.5919278382604654,0.04995393916324377,-0.07952306638473745
overlay_unhedged,2025-04-30,EUR,-1.5897079281519948,-0.0001762425101494991,0.0002801741156620671
overlay_unhedged,2025-05-31,EUR,-0.7975676531033753,0.036600529463333004,-0.029191398386411445
overlay_unhedged,2026-02-28,CAD,0.7955039492871007,-0.02327456882310963,-0.01851501141673814
overlay_unhedged,2026-02-28,JPY,0.7925365624961398,-0.019230751622701273,-0.01524107378527273
overlay_unhedged,2026-02-28,USD,0.7983310931642438,0.0,0.0
overlay_unhedged,2026-03-31,CAD,0.797139270887175,0.024816249560132952,0.019782007080518558
overlay_unhedged,2026-03-31,EUR,1.6026936828696066,0.018153378454887487,0.029094304972389393
overlay_unhedged,2026-03-31,JPY,-0.7914790348252564,0.015329368400397668,-0.01213287370602753
overlay_unhedged,2026-04-30,CAD,0.7974044231411734,-0.012630209875691911,-0.01007138522007806
overlay_unhedged,2026-04-30,EUR,1.6035220109570651,-0.004272050242939751,-0.006850326596468368
overlay_unhedged,2026-04-30,JPY,-0.790078149586795,-0.0162718459292428,0.012856029922137574
overlay_unhedged,2026-05-31,CAD,0.7968221414736869,-0.030085516080522845,-0.023972805350623256
overlay_unhedged,2026-05-31,EUR,0.7986187226287093,-0.022688884602238252,-0.018119768038909703
overlay_unhedged,2026-05-31,JPY,-0.7884098440589908,-0.02100499796929611,0.016560547173432166
overlay_unhedged,2026-06-30,CAD,0.79738265397419,0.012538683028219588,0.009998128350382869
overlay_unhedged,2026-06-30,EUR,0.7988022930623583,0.00889437325017922,0.007104845747595662
overlay_unhedged,2026-06-30,JPY,-0.7878959189596958,0.021444710278903045,-0.01689619971202075
overlay_unhedged,2026-07-31,EUR,0.798684475382094,0.00847169658696842,0.006766212544159149
combined_unhedged,1997-08-31,CAD,1.2335836042072514,0.004762944704552463,0.0058754904952816695
combined_unhedged,1997-08-31,GBP,-0.7908005000529017,-0.005321794738282814,0.00420847794021295
combined_unhedged,1997-08-31,JPY,-0.32099084477722933,-0.000497182641994165,0.00015959107626228178
combined_unhedged,1997-08-31,USD,0.6374788593568611,0.0,0.0
combined_unhedged,1997-09-30,CAD,1.2297920090050911,-0.019697660821524018,-0.024224025874402897
combined_unhedged,1997-09-30,GBP,0.03151661460192127,0.04067059012005479,0.0012817993144464738
combined_unhedged,1997-09-30,JPY,-0.32173898979775295,0.002654501766100381,-0.0008540567166414878
combined_unhedged,1997-09-30,USD,0.6387440537605313,0.0,0.0
combined_unhedged,1997-10-31,CAD,1.2272652938015447,-0.010302095066647698,-0.012643403728740833
combined_unhedged,1997-10-31,GBP,-1.3090635454249162,0.005880448176895149,-0.007697880339133848
combined_unhedged,1997-10-31,JPY,0.6327240630365608,-0.05926047518650802,-0.03749552863748465
combined_unhedged,1997-10-31,USD,-0.28906621810849975,-0.0,0.0
combined_unhedged,1997-11-30,CAD,1.2331450935641879,-0.003014056184271696,-0.00371676859536144
combined_unhedged,1997-11-30,GBP,-1.3116037385271364,-0.02749933127846815,0.036068225711835045
combined_unhedged,1997-11-30,JPY,-1.0134222338322465,-0.020993063449294528,0.021274837255766146
combined_unhedged,1997-11-30,USD,0.6859800252710182,0.0,0.0
combined_unhedged,1997-12-31,CAD,1.236481029407112,-0.018995371838375852,-0.02348741692468584
combined_unhedged,1997-12-31,GBP,-1.3060962701695686,-0.006228647396568032,0.008135213132858901
combined_unhedged,1997-12-31,JPY,0.633701740834103,0.02601583338732905,0.0164862789068004
combined_unhedged,1997-12-31,USD,0.16563049621819403,0.0,0.0
combined_unhedged,1998-01-31,CAD,1.0819543027244394,0.022641428324573054,0.024496990795598812
combined_unhedged,1998-01-31,GBP,-1.3002689592897823,0.0078101562420182504,-0.010155303728699668
combined_unhedged,1998-01-31,JPY,0.6900786854636118,0.00774034351854791,0.00534144608031633
combined_unhedged,1998-01-31,USD,-0.7377877601326552,-0.0,0.0
combined_unhedged,1998-02-28,CAD,1.0824394320883395,0.003941446543964723,0.004266377158655722
combined_unhedged,1998-02-28,GBP,-1.3025522876414917,0.018785548513678915,-0.024469159191092694
combined_unhedged,1998-02-28,JPY,-0.06611076253710274,-0.055293370939065965,0.0036554869160285277
combined_unhedged,1998-02-28,USD,0.16571667194469952,0.0,0.0
combined_unhedged,1998-03-31,CAD,0.9659099992621896,-0.008566866522222716,-0.00827482203615942
combined_unhedged,1998-03-31,GBP,-1.2987380547584433,-0.0022691995883202805,0.0029470958591937416
combined_unhedged,1998-03-31,JPY,-0.0666603140523967,0.006926173890247074,-0.00046170092670538013
combined_unhedged,1998-03-31,USD,0.6860237698591959,0.0,0.0
combined_unhedged,1998-04-30,CAD,0.9670466019963462,-0.01863386440551329,-0.018019815255412294
combined_unhedged,1998-04-30,GBP,-1.296162451659859,-0.02536839537286467,0.0328815615411689
combined_unhedged,1998-04-30,JPY,-0.06794259151903204,-0.04526929390171385,0.003075713143919152
combined_unhedged,1998-04-30,USD,0.6858844013498668,0.0,0.0
combined_unhedged,1998-05-31,CAD,1.0825088274392918,-0.009970036150258323,-0.010792652142543487
combined_unhedged,1998-05-31,GBP,-1.2947767436058788,0.02345348843861078,-0.030367031386742595
combined_unhedged,1998-05-31,JPY,-0.23920495554700108,0.0015173961508265776,-0.00036296867880566204
combined_unhedged,1998-05-31,USD,0.6866757269387299,0.0,0.0
combined_unhedged,1998-06-30,CAD,1.0837511470799306,-0.026485842017232808,-0.02870406166755388
combined_unhedged,1998-06-30,GBP,-1.3023879547565034,-0.020942540002342355,0.02727531184105692
combined_unhedged,1998-06-30,JPY,0.15142352507865,-0.04496410194557753,-0.006808622818595135
combined_unhedged,1998-06-30,USD,0.42010151447027466,0.0,0.0
combined_unhedged,1998-07-31,CAD,1.051179235311529,-0.04103372435377944,-0.043133798988189934
combined_unhedged,1998-07-31,GBP,-1.3000743370174181,0.024828361660661543,-0.03227871582521324
combined_unhedged,1998-07-31,JPY,-0.07004297824278645,0.02626661251750927,-0.0018397917690756041
combined_unhedged,1998-07-31,USD,0.4545925202203162,0.0,0.0
combined_unhedged,1998-08-31,CAD,0.7042258545004954,0.03115677568554648,0.021941406980634227
combined_unhedged,1998-08-31,GBP,-1.2886911832764298,0.013924088094142363,-0.01794384956208557
combined_unhedged,1998-08-31,JPY,0.6802827827016333,0.031066680889834327,0.02113412812504015
combined_unhedged,1998-08-31,USD,-0.9239024050088382,-0.0,0.0
combined_unhedged,1998-09-30,CAD,-0.6788449080529957,-0.011077196735986337,0.0075196985997255895
combined_unhedged,1998-09-30,GBP,-1.1750734872609572,-0.015416848484789416,0.018115929911595302
combined_unhedged,1998-09-30,JPY,1.9722882551203065,0.15952174168445052,0.3146228575605772
combined_unhedged,1998-09-30,USD,-0.1146087922212253,-0.0,0.0
combined_unhedged,1998-10-31,CAD,-1.4769929661680081,0.012847863165755424,-0.0189762035261098
combined_unhedged,1998-10-31,GBP,-2.047706553874216,-0.01505145813959552,0.03082096947781316
combined_unhedged,1998-10-31,JPY,0.6756122846304929,-0.05642822030622696,-0.03812359883872277
combined_unhedged,1998-10-31,USD,-1.4534185988093025,-0.0,0.0
combined_unhedged,1998-11-30,CAD,0.07171368651126828,-0.009147401254909149,-0.0006559938659873368
combined_unhedged,1998-11-30,GBP,-1.270500381029542,0.008637144866696644,-0.01097349584414544
combined_unhedged,1998-11-30,JPY,-0.11379613910628293,0.0857946838111872,-0.009763103773557418
combined_unhedged,1998-11-30,USD,-0.6557962052010861,-0.0,0.0
combined_unhedged,1998-12-31,CAD,-0.5105769077609855,0.01837925053377942,-0.00938402090450154
combined_unhedged,1998-12-31,GBP,-1.262102188461729,-0.010337102777145335,0.013046480037388944
combined_unhedged,1998-12-31,JPY,0.40651138686219296,-0.025494658280974743,-0.010363868895376735
combined_unhedged,1998-12-31,USD,-0.391156718534872,-0.0,0.0
combined_unhedged,1999-01-31,CAD,-0.6801718176004665,0.0003312903790446686,-0.00022533437926835977
combined_unhedged,1999-01-31,EUR,-0.18642530501595067,-0.033625630635861346,0.006268668447644146
combined_unhedged,1999-01-31,GBP,-1.0487160360760381,-0.02647611860180737,0.027765930150766484
combined_unhedged,1999-01-31,JPY,0.20742542940981812,-0.0230091105092578,-0.0047726746277207575
combined_unhedged,1999-01-31,USD,-0.3966301662362204,-0.0,0.0
combined_unhedged,1999-02-28,CAD,0.40458321196013247,-0.00013252932230656267,-5.361913889768876e-05
combined_unhedged,1999-02-28,EUR,-0.06785398216321939,-0.017154023348826725,0.0011639687943387376
combined_unhedged,1999-02-28,GBP,-1.863511603536716,0.007025862830364438,-0.013092776909241445
combined_unhedged,1999-02-28,JPY,-0.8377559389343433,0.002277232882218705,-0.001907765371415292
combined_unhedged,1999-02-28,USD,-0.23390941992874018,-0.0,0.0
combined_unhedged,1999-03-31,CAD,-0.02795362611466289,0.03465125914204281,-0.0009686283424589591
combined_unhedged,1999-03-31,EUR,-0.43333388063704825,-0.02283460622301193,0.00989500852743665
combined_unhedged,1999-03-31,GBP,-1.8599006543332564,-0.003413502150813097,0.006348774883865257
combined_unhedged,1999-03-31,JPY,0.5427551837977846,-0.008408356946931761,-0.004563679320169327
combined_unhedged,1999-03-31,USD,-0.12552885855612797,-0.0,0.0
combined_unhedged,1999-04-30,CAD,-0.5133922549084957,-0.010033186577629026,0.005150960281006619
combined_unhedged,1999-04-30,EUR,0.6073800697960094,-0.013533037947862892,-0.008219697533325007
combined_unhedged,1999-04-30,GBP,-1.055710503017631,-0.004049219050776487,0.0042748030809238195
combined_unhedged,1999-04-30,JPY,0.19160902505340227,-0.012067892284148838,-0.002312317075015235
combined_unhedged,1999-04-30,USD,-0.08166663938077708,-0.0,0.0
combined_unhedged,1999-05-31,CAD,0.6889381319180445,-0.0006788866520077709,-0.00046771090181832925
combined_unhedged,1999-05-31,EUR,0.5776292492343462,-0.010804658458154422,-0.006241086753417268
combined_unhedged,1999-05-31,GBP,-1.8666060351855376,-0.016045648643189026,0.029950904595843268
combined_unhedged,1999-05-31,JPY,0.0618576302309251,-0.0004962368805827566,-3.0696037466035895e-05
combined_unhedged,1999-05-31,USD,-0.0814464379940351,-0.0,0.0
combined_unhedged,1999-06-30,CAD,0.4632652597181056,-0.022480396448746,-0.010414386699394294
combined_unhedged,1999-06-30,EUR,0.9600421885092969,0.03656853849767126,0.035107339729890795
combined_unhedged,1999-06-30,GBP,-1.272264368037494,0.027650954678958395,-0.03517932438025839
combined_unhedged,1999-06-30,JPY,0.4361779214409115,0.05297453070974179,0.02310632069428291
combined_unhedged,1999-06-30,USD,-1.098774962397961,-0.0,0.0
combined_unhedged,1999-07-31,CAD,0.6152859282255856,0.00699187133374185,0.004302000043615218
combined_unhedged,1999-07-31,EUR,0.9630893997794241,-0.010622896604515063,-0.010230799114761295
combined_unhedged,1999-07-31,GBP,-0.41043170194830453,-0.007493919194105304,0.0030757420090997065
combined_unhedged,1999-07-31,JPY,-0.4173074010507115,0.04822362895283217,-0.020124077267540237
combined_unhedged,1999-07-31,USD,-0.2710176745959042,-0.0,0.0
combined_unhedged,1999-08-31,CAD,0.615807963718751,0.01820684143378154,0.011211917949087194
combined_unhedged,1999-08-31,EUR,0.9655079790834924,0.005842459136882597,0.005640940914129401
combined_unhedged,1999-08-31,GBP,0.40042696119283283,0.02280159013136845,0.009130371446668355
combined_unhedged,1999-08-31,JPY,0.05890902290811773,0.022951220270869044,0.0013520339607058806
combined_unhedged,1999-08-31,USD,0.03977446175902054,0.0,0.0
combined_unhedged,1999-09-30,CAD,0.6873162453363959,-0.0016998134298494838,-0.0011683093843765284
combined_unhedged,1999-09-30,EUR,0.9675065531266163,-0.011814323891754757,-0.011430435786033075
combined_unhedged,1999-09-30,GBP,0.3984086146974741,-0.0019463542425714464,-0.0007754442974934414
combined_unhedged,1999-09-30,JPY,-0.04677864786797542,0.02396969477850241,-0.0011212699115464135
combined_unhedged,1999-09-30,USD,0.47304393503476183,0.0,0.0
combined_unhedged,1999-10-31,CAD,0.7439946299145209,0.0,0.0
combined_unhedged,1999-10-31,EUR,0.9716025838729011,-0.04283247586888709,-0.04161614422788438
combined_unhedged,1999-10-31,GBP,0.4010996520622444,-0.030286616501374597,-0.01214795134084398
combined_unhedged,1999-10-31,JPY,-0.09254036733846271,0.02416537601669955,-0.002236272773457453
combined_unhedged,1999-10-31,USD,0.47302676967799023,0.0,0.0
combined_unhedged,1999-11-30,CAD,0.7446344139783863,0.019204979836050073,0.01430068890568387
combined_unhedged,1999-11-30,EUR,0.9723793003606438,-0.000694892567794602,-0.0006756991488979264
combined_unhedged,1999-11-30,GBP,0.40377352164102864,0.01340210179936585,0.005411413840921516
combined_unhedged,1999-11-30,JPY,-0.06598165626756335,-0.003530107607861765,0.0002329223467694453
combined_unhedged,1999-11-30,USD,0.43539895774279824,0.0,0.0
combined_unhedged,1999-12-31,CAD,0.7446803210345415,-0.005318243014611146,-0.003960390915460336
combined_unhedged,1999-12-31,EUR,0.9744022745718195,-0.03157573060465783,-0.0307674637224456
combined_unhedged,1999-12-31,GBP,0.4029346598590037,0.001979463716982433,0.0007975945395055557
combined_unhedged,1999-12-31,JPY,-0.09146003414929377,-0.04936798876914938,0.0045151979387083535
combined_unhedged,1999-12-31,USD,0.5329085475792518,0.0,0.0
combined_unhedged,2000-01-31,CAD,0.7469339541943916,0.0008269589059238802,0.0006176836855579917
combined_unhedged,2000-01-31,EUR,0.9781083796254675,-0.011752712597565582,-0.01149542667500869
combined_unhedged,2000-01-31,GBP,0.40124547762112117,-0.025156197967919736,-0.010093810668769432
combined_unhedged,2000-01-31,JPY,-0.09102488249069714,-0.02348066073364041,0.002137324384083545
combined_unhedged,2000-01-31,USD,0.5346057242853822,0.0,0.0
combined_unhedged,2000-02-29,CAD,1.4794527621344884,-0.002272493489076266,-0.0033620467693465227
combined_unhedged,2000-02-29,EUR,0.9782342182784373,-0.0071811725579300975,-0.007024868723529315
combined_unhedged,2000-02-29,GBP,0.023243726725264834,0.00895848524865828,0.00020822858299212926
combined_unhedged,2000-02-29,JPY,0.043372551402714225,0.06728467399890103,0.0029183079816322045
combined_unhedged,2000-02-29,USD,0.5366448247835172,0.0,0.0
combined_unhedged,2000-03-31,CAD,1.2886300611221522,-0.019076746932021493,-0.024582869565022685
combined_unhedged,2000-03-31,EUR,0.8351218848495019,-0.051986199833683945,-0.043414813191269
combined_unhedged,2000-03-31,GBP,0.023001496657646725,-0.022998281916140877,-0.0005289949046257315
combined_unhedged,2000-03-31,JPY,0.46071457302955066,-0.049841837561968916,-0.02296286091137073
combined_unhedged,2000-03-31,USD,1.1517409211440335,0.0,0.0
combined_unhedged,2000-04-30,CAD,0.6913824986654411,-0.010673033015793476,-0.0073791482347980416
combined_unhedged,2000-04-30,EUR,0.8375270060674749,0.025955738471503148,0.02173863193230841
combined_unhedged,2000-04-30,GBP,-0.18326947603702365,-0.03878892977845716,0.007108826836534747
combined_unhedged,2000-04-30,JPY,0.3130684254389389,0.0022251075377539564,0.0006966109132769455
combined_unhedged,2000-04-30,USD,0.4280184610885362,0.0,0.0
combined_unhedged,2000-05-31,CAD,0.5500047477854315,0.012023654506899349,0.006613067064526344
combined_unhedged,2000-05-31,EUR,0.9079529944867596,0.022996827569574427,0.02088003845549077
combined_unhedged,2000-05-31,GBP,0.024165015329812464,0.010764938828476055,0.00026013491181461727
combined_unhedged,2000-05-31,JPY,0.45969352013813247,0.014961939852638828,0.006877906798954554
combined_unhedged,2000-05-31,USD,-0.46983847286609526,-0.0,0.0
combined_unhedged,2000-06-30,CAD,0.37571317469526566,-0.005525992901586619,-0.0020761883363986113
combined_unhedged,2000-06-30,EUR,0.8405609201941698,-0.02966567018325435,-0.024935803027413023
combined_unhedged,2000-06-30,GBP,-0.1826891293308226,-0.009763302739257407,0.0017836492768281708
combined_unhedged,2000-06-30,JPY,0.8881960060664426,-0.03280805785430996,-0.029139985952994885
combined_unhedged,2000-06-30,USD,-0.575629198363788,-0.0,0.0
combined_unhedged,2000-07-31,CAD,0.5828289764160752,0.010810916104215695,0.006300915167140098
combined_unhedged,2000-07-31,EUR,0.8424566060606906,-0.042775480582613074,-0.036036486194243184
combined_unhedged,2000-07-31,GBP,0.02381634881572182,-0.03173362758441388,-0.0007557791437386129
combined_unhedged,2000-07-31,JPY,0.8871765573851608,0.02792083008160251,0.024770705911132153
combined_unhedged,2000-07-31,USD,-0.8164620856720869,-0.0,0.0
combined_unhedged,2000-08-31,CAD,0.37559054627352884,-0.023498899337673906,-0.008825964439063607
combined_unhedged,2000-08-31,EUR,0.9111026449619175,-0.004628853875976114,-0.004217361009544061
combined_unhedged,2000-08-31,GBP,0.023071469285225518,0.018565818914757122,0.0004283407208468779
combined_unhedged,2000-08-31,JPY,0.890053810078717,-0.011558667091632556,-0.010287835684339039
combined_unhedged,2000-08-31,USD,-0.17540453806821746,-0.0,0.0
combined_unhedged,2000-09-30,CAD,-0.026501478112142107,-0.013380550949904757,0.0003546043781273032
combined_unhedged,2000-09-30,EUR,0.9091070940199628,-0.04052970575573428,-0.03684584302107975
combined_unhedged,2000-09-30,GBP,-0.5845553088028317,-0.019254998817983038,0.011255611780044235
combined_unhedged,2000-09-30,JPY,0.9327606513139377,-0.011518210731864542,-0.010743733744225157
combined_unhedged,2000-09-30,USD,-0.9193913075147261,-0.0,0.0
combined_unhedged,2000-10-31,CAD,0.5815225426464958,-0.00535459030447688,-0.0031138149686896696
combined_unhedged,2000-10-31,EUR,0.753099955667486,0.024215385786467116,0.018236605962259456
combined_unhedged,2000-10-31,GBP,-0.9849883760072031,-0.02054747546435798,0.02023902448868582
combined_unhedged,2000-10-31,JPY,0.9324058428264814,-0.01617628875461552,-0.015082866150051817
combined_unhedged,2000-10-31,USD,-0.8917884487889004,-0.0,0.0
combined_unhedged,2000-11-30,CAD,-0.026097088724340592,0.023724341691813255,-0.0006191362500578231
combined_unhedged,2000-11-30,EUR,0.5785954384358797,0.07679914542217679,0.044435635217045265
combined_unhedged,2000-11-30,GBP,-0.9796951014445947,0.05109974997290206,-0.05006217473349571
combined_unhedged,2000-11-30,JPY,0.9297569497322382,-0.030364548718221585,-0.028231650196249646
combined_unhedged,2000-11-30,USD,-0.8879429780109253,-0.0,0.0
combined_unhedged,2000-12-31,CAD,-0.6052620222023044,-0.0,0.0
combined_unhedged,2000-12-31,EUR,-0.3463353716170385,-0.008558032548731788,0.0029639493830757348
combined_unhedged,2000-12-31,GBP,-0.8993955467899603,-0.023134148589396053,0.02080675022008005
combined_unhedged,2000-12-31,JPY,0.9301478904475646,-0.01768270048509457,-0.016447526553626843
combined_unhedged,2000-12-31,USD,-0.8324375740974057,-0.0,0.0
combined_unhedged,2001-01-31,CAD,-1.3701781929463897,-0.021442352111472714,0.029379843268617888
combined_unhedged,2001-01-31,EUR,-0.5488887866293239,-0.010367263481606478,0.005690474673085481
combined_unhedged,2001-01-31,GBP,-0.9470136674500815,-0.012394292107088978,0.011737564023781932
combined_unhedged,2001-01-31,JPY,0.9267467519381601,-0.0076176171844561935,-0.00705960198320309
combined_unhedged,2001-01-31,USD,-1.4415482439596032,-0.0,0.0
combined_unhedged,2001-02-28,CAD,-0.569836052229325,-0.029837604407869145,0.01700254270376046
combined_unhedged,2001-02-28,EUR,-0.49984206323273433,-0.04643731119982046,0.02321132144109882
combined_unhedged,2001-02-28,GBP,-0.9466714489246894,-0.01697976021347503,0.016074254203684198
combined_unhedged,2001-02-28,JPY,0.9239389693876209,-0.06806019475104463,-0.06288346619460095
combined_unhedged,2001-02-28,USD,-0.7070495856704112,-0.0,0.0
combined_unhedged,2001-03-31,CAD,-0.07691600516237918,0.02723004100078812,-0.0020944259741884157
combined_unhedged,2001-03-31,EUR,-0.8068551149319194,0.009055982198099388,-0.007306865557268899
combined_unhedged,2001-03-31,GBP,-1.0234889394117863,0.00814153851424082,-0.008332774619120548
combined_unhedged,2001-03-31,JPY,0.37370225283406,0.015816635773286514,0.005910712420732955
combined_unhedged,2001-03-31,USD,-0.54299134365056,-0.0,0.0
combined_unhedged,2001-04-30,CAD,-0.2827847676703282,-0.006553996400931461,0.0018533703495495703
combined_unhedged,2001-04-30,EUR,-0.8109349737839653,-0.04836767060617406,0.03922303569500923
combined_unhedged,2001-04-30,GBP,-1.0599939603459523,-0.009199180072376356,0.009751075316853777
combined_unhedged,2001-04-30,JPY,0.19062623471097576,0.03869321614665022,0.007375942102893863
combined_unhedged,2001-04-30,USD,-0.6499003575038449,-0.0,0.0
combined_unhedged,2001-05-31,CAD,0.9447258560054567,0.018671387174895582,0.017639342231612534
combined_unhedged,2001-05-31,EUR,-0.8087840842758229,0.0022446698538238774,-0.00181545325222649
combined_unhedged,2001-05-31,GBP,-0.8405500195810384,-0.006937589767987529,0.0058313912153271285
combined_unhedged,2001-05-31,JPY,0.1055393144718243,-0.04803682016816868,-0.005069773069954826
combined_unhedged,2001-05-31,USD,-0.6765566457267286,-0.0,0.0
combined_unhedged,2001-06-30,CAD,0.9458782133610099,-0.008856872724030296,-0.008377522948171637
combined_unhedged,2001-06-30,EUR,-0.836894680127437,0.03227959347525783,-0.0270146200561196
combined_unhedged,2001-06-30,GBP,0.24699681684001468,0.012354987897761403,0.0030516426828439713
combined_unhedged,2001-06-30,JPY,-0.019018106479650746,-0.0021623361646838646,4.112353942475735e-05
combined_unhedged,2001-06-30,USD,0.5431933834525919,0.0,0.0
combined_unhedged,2001-07-31,CAD,0.9414611432427823,-0.010913451178674982,-0.01027459022339964
combined_unhedged,2001-07-31,EUR,-0.8062975537290415,0.03789266250976214,-0.030552761085901377
combined_unhedged,2001-07-31,GBP,-0.8385712906501973,0.017940819152506893,-0.015044655872039485
combined_unhedged,2001-07-31,JPY,0.10597570586765459,0.051293294387551036,0.005435843078998127
combined_unhedged,2001-07-31,USD,0.11096020277092256,0.0,0.0
combined_unhedged,2001-08-31,CAD,0.5629908280302274,-0.02040038773869285,-0.011485231185144384
combined_unhedged,2001-08-31,EUR,-0.8039957868694149,0.0009896091851662875,-0.0007956416155209698
combined_unhedged,2001-08-31,GBP,-1.0566977860150237,0.012396994492193503,-0.013099876633141317
combined_unhedged,2001-08-31,JPY,0.10600746507074985,-0.004033957903290641,-0.000427629651529958
combined_unhedged,2001-08-31,USD,0.537279597605764,0.0,0.0
combined_unhedged,2001-09-30,CAD,-0.6517630772049451,-0.006813476614147217,0.00444077248450052
combined_unhedged,2001-09-30,EUR,-0.48558550654192595,-0.01171802044217539,0.005690100892082379
combined_unhedged,2001-09-30,GBP,-1.4844722914561659,-0.010744329193845879,0.015949658978547773
combined_unhedged,2001-09-30,JPY,0.041904046039338394,-0.027383106479467397,-0.0011474629546157074
combined_unhedged,2001-09-30,USD,-0.10910601833517485,-0.0,0.0
combined_unhedged,2001-10-31,CAD,0.12847310547157031,0.011890596106914902,0.0015276218077635215
combined_unhedged,2001-10-31,EUR,-0.7966127654927662,-0.0038995091472700254,0.0031063987658711133
combined_unhedged,2001-10-31,GBP,-0.8971452732924833,-0.019383009829808843,0.017389375650994743
combined_unhedged,2001-10-31,JPY,0.044627971590709054,-0.005533868288916111,-0.0002469653167844739
combined_unhedged,2001-10-31,USD,0.18342484072147713,0.0,0.0
combined_unhedged,2001-11-30,CAD,0.9264548477491903,-0.013147272364034514,-0.012180354216338733
combined_unhedged,2001-11-30,EUR,-0.4913555516961241,-0.006383357808313922,0.003136498297577849
combined_unhedged,2001-11-30,GBP,-0.030045647975079234,0.020002055830937712,-0.0006009747282742355
combined_unhedged,2001-11-30,JPY,-0.1295828200405672,-0.06153124451833491,0.00797339218529153
combined_unhedged,2001-11-30,USD,0.17416352355237014,0.0,0.0
combined_unhedged,2001-12-31,CAD,0.9264612057575322,0.0006281407241708892,0.0005819480127007714
combined_unhedged,2001-12-31,EUR,-0.06269651828884992,-0.03509934462399103,0.0022006067021447
combined_unhedged,2001-12-31,GBP,0.49290104123516815,-0.02951754613047708,-0.01454922922241926
combined_unhedged,2001-12-31,JPY,-0.31391113942270965,-0.022784840825051944,0.007152415344957128
combined_unhedged,2001-12-31,USD,0.14249247712163599,0.0,0.0
combined_unhedged,2002-01-31,CAD,0.8572006067580655,-0.008384481604962912,-0.007187182719126048
combined_unhedged,2002-01-31,EUR,0.5903773986692374,0.007419463666985426,0.0043802836592357775
combined_unhedged,2002-01-31,GBP,0.17839095194615762,0.0006371907185748205,0.00011366905885781844
combined_unhedged,2002-01-31,JPY,-0.2304096898872858,0.0007462130038078385,-0.0001719347067972241
combined_unhedged,2002-01-31,USD,0.9247860396750589,0.0,0.0
combined_unhedged,2002-02-28,CAD,0.9286754613874914,0.00568627145292977,0.0052807007651240745
combined_unhedged,2002-02-28,EUR,-0.11645951878335459,0.006791393009650176,-0.0007909223617724977
combined_unhedged,2002-02-28,GBP,0.3980605778204119,0.008527483930988788,0.0033944551809236747
combined_unhedged,2002-02-28,JPY,-0.2302940473458454,0.009450306587841517,-0.002176349352773129
combined_unhedged,2002-02-28,USD,0.9519132013594349,0.0,0.0
combined_unhedged,2002-03-31,CAD,0.9432458285187154,0.01751048248719478,0.016516689561396496
combined_unhedged,2002-03-31,EUR,0.5845603987224692,0.03217163284130192,0.018806262521264338
combined_unhedged,2002-03-31,GBP,0.29568413486553863,0.021864483696738272,0.006464980946151729
combined_unhedged,2002-03-31,JPY,-0.19038229635610732,0.032551217782269326,-0.00619717559057619
combined_unhedged,2002-03-31,USD,0.9684852423039283,0.0,0.0
combined_unhedged,2002-04-30,CAD,0.940805423095886,0.026232283341235396,0.02467947442762213
combined_unhedged,2002-04-30,EUR,0.5840564289652772,0.036752405256839815,0.021465478570194544
combined_unhedged,2002-04-30,GBP,0.2958630415786389,0.00411100270652226,0.0012162937646896924
combined_unhedged,2002-04-30,JPY,-0.19003749438550357,0.03421032002803681,-0.006501243500254326
combined_unhedged,2002-04-30,USD,0.9635688346738522,0.0,0.0
combined_unhedged,2002-05-31,CAD,0.9412979588250605,0.005580188449977651,0.005252619997823142
combined_unhedged,2002-05-31,EUR,0.5855031566926316,0.053881226663583234,0.031547628297999175
combined_unhedged,2002-05-31,GBP,0.2955863846175934,0.041519187322297986,0.01227250647285868
combined_unhedged,2002-05-31,JPY,-0.18978603483165754,0.03508844264746269,-0.006659296398479972
combined_unhedged,2002-05-31,USD,0.9627772828014562,0.0,0.0
combined_unhedged,2002-06-30,CAD,0.9394656347302106,-0.04221667653520261,-0.03966111681734411
combined_unhedged,2002-06-30,EUR,0.40321478600823685,-0.006106267701242662,-0.0024621374244655683
combined_unhedged,2002-06-30,GBP,0.4342358154613978,0.02462061518224712,0.010691152910824349
combined_unhedged,2002-06-30,JPY,-0.18892271430305643,0.0006677239209782472,-0.00012614821555629002
combined_unhedged,2002-06-30,USD,0.9591703634695987,0.0,0.0
combined_unhedged,2002-07-31,CAD,1.012610777228158,0.016545079923583728,0.016753726240722112
combined_unhedged,2002-07-31,EUR,-0.06772139413112627,0.0010203041391202013,-6.909641873897864e-05
combined_unhedged,2002-07-31,GBP,-1.436382498846402,-0.009581758784198646,0.013763070625790715
combined_unhedged,2002-07-31,JPY,-0.14027181075562556,0.008468587063855894,-0.0011879040419887326
combined_unhedged,2002-07-31,USD,0.2013719547583582,0.0,0.0
combined_unhedged,2002-08-31,CAD,1.8016047882107251,-0.017680440207017978,-0.031853165734637014
combined_unhedged,2002-08-31,EUR,-0.4994323576857327,0.007416848833295385,-0.00370421429941139
combined_unhedged,2002-08-31,GBP,-0.636575338576942,0.014370275515995845,-0.009147763002038995
combined_unhedged,2002-08-31,JPY,-0.13927464037963236,-0.02478297317021916,0.003451639675820351
combined_unhedged,2002-08-31,USD,0.9777569169298636,0.0,0.0
combined_unhedged,2002-09-30,CAD,1.0685467037380556,0.016077618898977686,0.017179686678459274
combined_unhedged,2002-09-30,EUR,-0.7359740562686098,0.0002024291504888042,-0.00014898260299225406
combined_unhedged,2002-09-30,GBP,-0.8717791173391087,-0.004468567920877187,0.00389560419783217
combined_unhedged,2002-09-30,JPY,-0.020252558204325536,-0.008506512933571742,0.00017227864830300966
combined_unhedged,2002-09-30,USD,0.7392628208859858,0.0,0.0
combined_unhedged,2002-10-31,CAD,0.6044374391117981,-0.0030702339583819067,-0.0018557643512784388
combined_unhedged,2002-10-31,EUR,-0.6046572969992735,0.005148146433094422,-0.003112864306791324
combined_unhedged,2002-10-31,GBP,-0.635626838033758,-0.004938598370962221,0.0031391056668533847
combined_unhedged,2002-10-31,JPY,0.6516350329098751,0.0004887983804042763,0.0003185181487010342
combined_unhedged,2002-10-31,USD,-0.039087989812782956,-0.0,0.0
combined_unhedged,2002-11-30,CAD,1.012502000418234,-0.0090279715471987,-0.009140839251257582
combined_unhedged,2002-11-30,EUR,-0.7361061878718066,0.05418379670796311,-0.03988502803911967
combined_unhedged,2002-11-30,GBP,-0.6376524542975327,0.034255118688348456,-0.021842860503878674
combined_unhedged,2002-11-30,JPY,-0.1381498736648774,0.03288489470419531,-0.0045430440488673784
combined_unhedged,2002-11-30,USD,1.062173384839299,0.0,0.0
combined_unhedged,2002-12-31,CAD,0.5445763800345864,0.0330725632122289,0.018010536752580648
combined_unhedged,2002-12-31,EUR,-0.36570477847796495,0.023936310522196254,-0.008753623137099563
combined_unhedged,2002-12-31,GBP,-1.1364055708084753,0.021695224521983136,-0.024654574006722274
combined_unhedged,2002-12-31,JPY,-0.11116074386284505,-0.01013791096605754,0.0011269377242022502
combined_unhedged,2002-12-31,USD,0.6509553194194618,0.0,0.0
combined_unhedged,2003-01-31,CAD,1.044650888961758,0.026919347415746475,0.02812132020812996
combined_unhedged,2003-01-31,EUR,-0.7022540321291783,0.003717821923411927,-0.0026108554364542825
combined_unhedged,2003-01-31,GBP,-1.1340963130863784,-0.0441892616540272,0.05011487871984153
combined_unhedged,2003-01-31,JPY,-0.11034738255356473,0.01461105848458466,-0.0016122920601109713
combined_unhedged,2003-01-31,USD,0.6536098412822997,0.0,0.0
combined_unhedged,2003-02-28,CAD,1.0440914160348602,0.012510729534065181,0.013062345314851261
combined_unhedged,2003-02-28,EUR,-0.7007110960378596,0.011162992435606658,-0.007822032664616278
combined_unhedged,2003-02-28,GBP,-0.9541708858848141,0.0033622006488233103,-0.003208113971610235
combined_unhedged,2003-02-28,JPY,-0.1361730569428564,0.001269626477204966,-0.00017288891857658998
combined_unhedged,2003-02-28,USD,0.19047442657481198,0.0,0.0
combined_unhedged,2003-03-31,CAD,1.0162991919964488,0.024733443638306096,0.025136578784900193
combined_unhedged,2003-03-31,EUR,-0.4650148369369959,0.0253636784918551,-0.011794486818012389
combined_unhedged,2003-03-31,GBP,-0.7946232381778292,0.013211893972230604,-0.010498477970676025
combined_unhedged,2003-03-31,JPY,-0.2012767343254441,-0.008433886544064961,0.0016975451412607012
combined_unhedged,2003-03-31,USD,0.19190525121276625,0.0,0.0
combined_unhedged,2003-04-30,CAD,0.937539767681277,0.04450249437715059,0.041722858239591105
combined_unhedged,2003-04-30,EUR,-0.29003032060039374,0.0510875487153111,-0.014816938132589911
combined_unhedged,2003-04-30,GBP,-0.7383951303946763,0.024265692204537895,-0.01791766895948684
combined_unhedged,2003-04-30,JPY,-0.24692285959096227,-0.003604815908482273,0.0008901114524214353
combined_unhedged,2003-04-30,USD,-0.03942614870586516,-0.0,0.0
combined_unhedged,2003-05-31,CAD,0.5286325012424227,0.011294582846650138,0.0059706835807144245
combined_unhedged,2003-05-31,EUR,-0.4704403897426305,-0.022693083150701954,0.010675742881878149
combined_unhedged,2003-05-31,GBP,0.05925286694679832,0.008261999490897065,0.0004895471565486393
combined_unhedged,2003-05-31,JPY,-0.10833877719582567,-0.003091450847442445,0.0003349240045729135
combined_unhedged,2003-05-31,USD,0.7338657105043874,0.0,0.0
combined_unhedged,2003-06-30,CAD,-0.39335198125827625,-0.03735234453558339,0.014692618727713476
combined_unhedged,2003-06-30,EUR,-0.07501432939536519,-0.023843121310663316,0.0017885757558117495
combined_unhedged,2003-06-30,GBP,-0.9551986728750858,-0.02691845293092443,0.025712470515469477
combined_unhedged,2003-06-30,JPY,-0.9280962601126884,-0.004577809817293498,0.004248648170937245
combined_unhedged,2003-06-30,USD,0.6458444387082641,0.0,0.0
combined_unhedged,2003-07-31,CAD,-1.013778596934258,0.016043890911009776,-0.016264953217129785
combined_unhedged,2003-07-31,EUR,0.2305054349817779,-0.022056077060470358,-0.005084045636815333
combined_unhedged,2003-07-31,GBP,-0.559024750950356,-0.019898343498954918,0.011123666518827909
combined_unhedged,2003-07-31,JPY,-1.042308780344365,0.03129340661203894,-0.032617392478614594
combined_unhedged,2003-07-31,USD,0.3459933139192771,0.0,0.0
combined_unhedged,2003-08-31,CAD,-0.48775033489236785,0.025077163054720405,-0.012231394678090392
combined_unhedged,2003-08-31,EUR,0.8231988459144071,0.05868444509128094,0.04830896747226986
combined_unhedged,2003-08-31,GBP,0.4922335158210021,0.05230717192196522,0.025747343137802543
combined_unhedged,2003-08-31,JPY,-1.0151930318846027,0.0462956343652996,-0.046999005414329505
combined_unhedged,2003-08-31,USD,0.9917578053639103,0.0,0.0
combined_unhedged,2003-09-30,CAD,-0.17727766501049363,0.023370099623339798,-0.0041429966922882965
combined_unhedged,2003-09-30,EUR,-0.14557256911562955,-0.0035255206558108543,0.0005132190993366052
combined_unhedged,2003-09-30,GBP,0.2736898285500669,0.020014964063088555,0.005477892082862457
combined_unhedged,2003-09-30,JPY,-0.22813057230955325,0.01200754733032916,-0.0027392886445020397
combined_unhedged,2003-09-30,USD,1.371814556704991,0.0,0.0
combined_unhedged,2003-10-31,CAD,-0.12308914502870533,0.016967695366412013,-0.0020885391157591795
combined_unhedged,2003-10-31,EUR,0.7637707603120106,0.03270923693575914,0.02498235876365046
combined_unhedged,2003-10-31,GBP,0.4923818307637512,0.015391671813658081,0.007578579546123792
combined_unhedged,2003-10-31,JPY,-0.3138186816910243,0.005190559392978855,-0.0016288945059435875
combined_unhedged,2003-10-31,USD,0.9379799189306891,0.0,0.0
combined_unhedged,2003-11-30,CAD,0.3024913192244466,0.0038616050458208377,0.0011681020046341248
combined_unhedged,2003-11-30,EUR,0.7312657493740023,0.04896879407850804,0.03580920189776139
combined_unhedged,2003-11-30,GBP,0.49237423656066337,0.03554180318754297,0.01749986821045582
combined_unhedged,2003-11-30,JPY,-0.31229726579413464,0.022155434061188473,-0.0069190814797914
combined_unhedged,2003-11-30,USD,0.9397604863983872,0.0,0.0
combined_unhedged,2003-12-31,CAD,-0.12258264606300343,-0.02612031804664855,0.0032018977021654
combined_unhedged,2003-12-31,EUR,0.8555490167914992,-0.01157743779080414,-0.00990506551888723
combined_unhedged,2003-12-31,GBP,0.17906601795003416,0.020690201968935337,0.0037049120771592073
combined_unhedged,2003-12-31,JPY,-0.22800834120686597,0.012114530467766114,-0.00276221399645539
combined_unhedged,2003-12-31,USD,0.9377014235032508,0.0,0.0
combined_unhedged,2004-01-31,CAD,-0.26848889061455583,-0.010498784098219749,0.0028188068953327603
combined_unhedged,2004-01-31,EUR,0.4675495642477678,-0.0008837826470078636,-0.00041321219149826537
combined_unhedged,2004-01-31,GBP,0.29805573853801953,0.01957116014329574,0.005833296590555865
combined_unhedged,2004-01-31,JPY,-0.1887314435483589,-0.031801843160871535,0.00600200776724979
combined_unhedged,2004-01-31,USD,1.022515199736505,0.0,0.0
combined_unhedged,2004-02-29,CAD,-0.23187038748182368,0.023015541480816748,-0.005336622521260965
combined_unhedged,2004-02-29,EUR,-0.15869287190259024,-0.012048825664115663,0.0019120627476921486
combined_unhedged,2004-02-29,GBP,-0.27307399384844644,-0.00946592598888285,0.002584898215258045
combined_unhedged,2004-02-29,JPY,-0.13993019966664785,0.04761019065052619,-0.0066621034838953005
combined_unhedged,2004-02-29,USD,1.075793799202245,0.0,0.0
combined_unhedged,2004-03-31,CAD,0.07133362838201679,-0.04558620016741194,-0.003251829062090395
combined_unhedged,2004-03-31,EUR,-0.3599361277168268,-0.02612750097125935,0.009404231526512721
combined_unhedged,2004-03-31,GBP,0.180212104887844,-0.0363032340069288,-0.0065422822146245984
combined_unhedged,2004-03-31,JPY,-0.22886340995286003,-0.05771818546774731,0.01320958074244026
combined_unhedged,2004-03-31,USD,0.9844292325737607,0.0,0.0
combined_unhedged,2004-04-30,CAD,0.49687731461081774,0.00328743401593129,0.0016334513857961955
combined_unhedged,2004-04-30,EUR,0.3034432609684339,0.020007281124943876,0.006071074627665166
combined_unhedged,2004-04-30,GBP,0.17828612620996917,0.03249163124360244,0.005792807068664681
combined_unhedged,2004-04-30,JPY,-0.3149171345594733,0.0017229657402229037,-0.0005425914338551387
combined_unhedged,2004-04-30,USD,0.16468726812335302,0.0,0.0
combined_unhedged,2004-05-31,CAD,0.8542445709703274,0.0191340377391625,0.016345147859420924
combined_unhedged,2004-05-31,EUR,0.3038322455693632,-0.0031152673169493605,-0.0009465186644575694
combined_unhedged,2004-05-31,GBP,0.1774361438087225,-0.011191690219023663,-0.0019858103551653556
combined_unhedged,2004-05-31,JPY,-0.314792261020126,0.00683031661421829,-0.002150130810473107
combined_unhedged,2004-05-31,USD,0.9456818438514945,0.0,0.0
combined_unhedged,2004-06-30,CAD,0.8556136065357939,0.008313720506331834,0.007113332386153167
combined_unhedged,2004-06-30,EUR,0.7312006751615246,-0.012143389897489393,-0.008879254891793881
combined_unhedged,2004-06-30,GBP,-0.40518848177396877,0.0031397200046677787,-0.0012721783818866953
combined_unhedged,2004-06-30,JPY,-0.2317343423874062,-0.017752481426746236,0.004113859609171682
combined_unhedged,2004-06-30,USD,0.9470199643288546,0.0,0.0
combined_unhedged,2004-07-31,CAD,0.85543825876395,0.009825489067407324,0.008405099259327148
combined_unhedged,2004-07-31,EUR,0.7308645524010622,0.012471770164786318,0.009115174719135474
combined_unhedged,2004-07-31,GBP,-0.40556149162303423,-0.00839459284302646,0.0034045235949858588
combined_unhedged,2004-07-31,JPY,-0.30180238381436847,0.02168967462795468,-0.006545995506874748
combined_unhedged,2004-07-31,USD,0.9464088137915231,0.0,0.0
combined_unhedged,2004-08-31,CAD,0.9239071282098277,0.04013864913851406,0.0370843840557864
combined_unhedged,2004-08-31,EUR,0.3366479128909368,0.019024964062434698,0.00640471444444372
combined_unhedged,2004-08-31,GBP,-1.0555061146390485,0.0032668006129724647,-0.0034481280222990285
combined_unhedged,2004-08-31,JPY,0.5997219471520916,-0.010949014489670894,-0.006566364289141893
combined_unhedged,2004-08-31,USD,0.9426001074956636,0.0,0.0
combined_unhedged,2004-09-30,CAD,0.8558010086749697,0.03532571522045244,0.030231782717827928
combined_unhedged,2004-09-30,EUR,0.7636550180323273,0.02615099545739727,0.01997033890758202
combined_unhedged,2004-09-30,GBP,-1.0535883739047587,0.013997758400041693,-0.014747875511011603
combined_unhedged,2004-09-30,JPY,0.6013028791881095,0.0384805152979899,0.023138444641323423
combined_unhedged,2004-09-30,USD,0.9444108768208521,0.0,0.0
combined_unhedged,2004-10-31,CAD,0.8559101747103544,0.025466931464058176,0.021797405758738654
combined_unhedged,2004-10-31,EUR,0.7631342285914906,0.03945907024047943,0.030112567128905712
combined_unhedged,2004-10-31,GBP,-1.051802274938115,0.03891666458704413,-0.040932636345656595
combined_unhedged,2004-10-31,JPY,-0.18502995142365286,0.028699119064780735,-0.005310196606458009
combined_unhedged,2004-10-31,USD,0.9438623326594658,0.0,0.0
combined_unhedged,2004-11-30,CAD,0.42704365562456265,-0.011029523575499828,-0.004710088067478743
combined_unhedged,2004-11-30,EUR,0.05156464136196867,0.020823978953834046,0.001073781006483636
combined_unhedged,2004-11-30,GBP,-0.8992802084304343,0.00455105014842494,-0.004092669326052939
combined_unhedged,2004-11-30,JPY,-0.15844144960638162,0.003499906353104265,-0.0005545302360724243
combined_unhedged,2004-11-30,USD,0.8136452510951119,0.0,0.0
combined_unhedged,2004-12-31,CAD,0.7319095463392724,-0.029637863127341794,-0.02169223495599818
combined_unhedged,2004-12-31,EUR,0.9122418403248506,-0.03678904360630603,-0.033560504843207786
combined_unhedged,2004-12-31,GBP,-0.8989353232373443,-0.016311858648694666,0.01466330592696621
combined_unhedged,2004-12-31,JPY,-0.1582753292048448,-0.008437231838653858,0.0013354056468405373
combined_unhedged,2004-12-31,USD,0.8135621554055489,0.0,0.0
combined_unhedged,2005-01-31,CAD,0.7906817804791209,0.008181164257345913,0.0064686975213904116
combined_unhedged,2005-01-31,EUR,0.5477605188775028,0.017095732243623374,0.009364367164357994
combined_unhedged,2005-01-31,GBP,-0.8997996306920557,0.020946197438478587,-0.018847380719545916
combined_unhedged,2005-01-31,JPY,-0.03841126403446256,-0.006737272837317399,0.0002587871658264113
combined_unhedged,2005-01-31,USD,0.7562774955335707,0.0,0.0
combined_unhedged,2005-02-28,CAD,0.7042359645595543,0.016483213817134718,0.01160807198155124
combined_unhedged,2005-02-28,EUR,0.9915654974081365,-0.023245340370128764,-0.023049277486528165
combined_unhedged,2005-02-28,GBP,-0.9027962493969697,-0.01893231154928654,0.01709201985911082
combined_unhedged,2005-02-28,JPY,-0.03881863425719809,-0.028090937720480547,0.001090451837313064
combined_unhedged,2005-02-28,USD,0.7588930406315473,0.0,0.0
combined_unhedged,2005-03-31,CAD,0.7340209653742991,-0.038444439102298694,-0.02821902430314274
combined_unhedged,2005-03-31,EUR,0.991697218841849,-0.003862798375440124,-0.0038307264058707836
combined_unhedged,2005-03-31,GBP,-0.9020103434579756,0.012312704880042435,-0.01110618715774377
combined_unhedged,2005-03-31,JPY,-0.15771632542685904,0.024356910690502605,-0.003841482452856251
combined_unhedged,2005-03-31,USD,0.7606005387415635,0.0,0.0
combined_unhedged,2005-04-30,CAD,0.7917992590838083,0.004465717150364589,0.0035359515309365376
combined_unhedged,2005-04-30,EUR,-0.33932266769571606,-0.04512400784247883,0.01531159871823233
combined_unhedged,2005-04-30,GBP,-0.8996826265260385,-0.047716062841926414,0.04292931274510586
combined_unhedged,2005-04-30,JPY,-0.016444437296454215,-0.03132752305016062,0.0005151634884515904
combined_unhedged,2005-04-30,USD,0.7591513408226979,0.0,0.0
combined_unhedged,2005-05-31,CAD,0.7633473190137567,0.0206725708047199,0.015780351500904996
combined_unhedged,2005-05-31,EUR,-0.31312159070318535,-0.020534938450962933,0.006429932592757519
combined_unhedged,2005-05-31,GBP,-0.8963327626722609,-0.016648154204286447,0.014922286051321888
combined_unhedged,2005-05-31,JPY,0.021592526069799972,-0.026865650857600617,-0.0005800972665248853
combined_unhedged,2005-05-31,USD,0.5257031804574941,0.0,0.0
combined_unhedged,2005-06-30,CAD,0.7896921779149141,-8.15893607926943e-05,-6.443048001906846e-05
combined_unhedged,2005-06-30,EUR,-0.7642004658064723,0.0025591296420210963,-0.0019556880644916726
combined_unhedged,2005-06-30,GBP,-0.8936169682819446,-0.018974191960132277,0.016955659895013055
combined_unhedged,2005-06-30,JPY,0.037956324320543425,-0.01200946500571387,-0.0004558351486730926
combined_unhedged,2005-06-30,USD,0.47428781508681267,0.0,0.0
combined_unhedged,2005-07-31,CAD,0.7649483290685833,0.03014721061391981,0.02306105838519662
combined_unhedged,2005-07-31,EUR,-0.07360137078631822,0.016436037849509425,-0.0012097149160197034
combined_unhedged,2005-07-31,GBP,-0.8955870133935525,0.023537106782416047,-0.021079527167189117
combined_unhedged,2005-07-31,JPY,0.07412402308556232,0.012640806627586267,0.0009369874422833336
combined_unhedged,2005-07-31,USD,0.6552244972704668,0.0,0.0
combined_unhedged,2005-08-31,CAD,0.7913906684236703,0.02434162735862272,0.019263736745860335
combined_unhedged,2005-08-31,EUR,0.31631626609176366,-0.0223069771090392,-0.0070560597069257245
combined_unhedged,2005-08-31,GBP,-0.8936968987917422,-0.017699577099400843,0.015818057163659874
combined_unhedged,2005-08-31,JPY,0.1636470311168527,-0.021863182890619726,-0.0035778449708146875
combined_unhedged,2005-08-31,USD,0.218710492277558,0.0,0.0
combined_unhedged,2005-09-30,CAD,0.7090595510273765,-0.016152126566544217,-0.011452819611411202
combined_unhedged,2005-09-30,EUR,0.9177313982004267,-0.005238443775555907,-0.004807484330535244
combined_unhedged,2005-09-30,GBP,-0.8952318258442364,-0.0003956478785539508,0.0003541965727092521
combined_unhedged,2005-09-30,JPY,0.24603917456652416,-0.026737930741603577,-0.006578578409281035
combined_unhedged,2005-09-30,USD,0.3445890710995774,0.0,0.0
combined_unhedged,2005-10-31,CAD,0.5048232248669919,0.010739044654565153,0.005421319154508213
combined_unhedged,2005-10-31,EUR,1.386448791640087,-0.01723818174237829,-0.023899856246792587
combined_unhedged,2005-10-31,GBP,-0.8964890890439365,-0.021023339273227304,0.01884719427371716
combined_unhedged,2005-10-31,JPY,0.24649602019172284,-0.02796555433488468,-0.0068933978460044565
combined_unhedged,2005-10-31,USD,0.4242382659774901,0.0,0.0
combined_unhedged,2005-11-30,CAD,0.5065647127065449,0.0012003774055610315,0.0006080688355874517
combined_unhedged,2005-11-30,EUR,1.4933388470287599,0.004400819560304692,0.006571914808167023
combined_unhedged,2005-11-30,GBP,-0.8953228830831994,-0.007708172275394332,0.006901303024908038
combined_unhedged,2005-11-30,JPY,0.12607828351623648,0.01498723009239189,0.0018895642447116557
combined_unhedged,2005-11-30,USD,0.3442957875831451,0.0,0.0
combined_unhedged,2005-12-31,CAD,0.6349659017436514,0.01905479443283831,0.012099144729587086
combined_unhedged,2005-12-31,EUR,2.2414513206512137,0.02633485521694645,0.059028296005183126
combined_unhedged,2005-12-31,GBP,-0.8935701092551049,0.03610995612991452,-0.03226677744420477
combined_unhedged,2005-12-31,JPY,0.42564841296981826,0.00851939042704952,0.003626265014743891
combined_unhedged,2005-12-31,USD,-0.3403536188594902,-0.0,0.0
combined_unhedged,2006-01-31,CAD,-0.26862026272230216,0.004996723085193889,-0.0013422210678953746
combined_unhedged,2006-01-31,EUR,1.517344536601231,-0.019350352552125943,-0.02936115172627599
combined_unhedged,2006-01-31,GBP,-0.894582412451022,-0.015894449266662503,0.01421889476955132
combined_unhedged,2006-01-31,JPY,0.42608287165479897,0.009110505644800426,0.0038818304073638217
combined_unhedged,2006-01-31,USD,-0.5305606880346374,-0.0,0.0
combined_unhedged,2006-02-28,CAD,0.47397777474450137,-0.025251894923593227,-0.011968836963966688
combined_unhedged,2006-02-28,EUR,1.4176320095061157,0.017786373141261778,0.025214531898072535
combined_unhedged,2006-02-28,GBP,-0.8354665697284255,-0.00835914634998447,0.006983787326879413
combined_unhedged,2006-02-28,JPY,0.39904187432468974,-0.014230844532775675,-0.005678702875582069
combined_unhedged,2006-02-28,USD,0.005119651835122731,0.0,0.0
combined_unhedged,2006-03-31,CAD,0.2985843170385995,0.04083984672187834,0.012194137741413131
combined_unhedged,2006-03-31,EUR,1.4777078017785616,0.03917635418785181,0.05789120422862885
combined_unhedged,2006-03-31,GBP,-1.6451230905309755,0.046452065405795946,-0.07641936540193003
combined_unhedged,2006-03-31,JPY,0.7346095325892608,0.03191346196150224,0.023443933374844315
combined_unhedged,2006-03-31,USD,-0.4938315751424725,-0.0,0.0
combined_unhedged,2006-04-30,CAD,-0.08766732565257218,0.015834788800044908,-0.0013881935863732397
combined_unhedged,2006-04-30,EUR,0.7314770001248425,0.01642021415880565,0.012011008994290622
combined_unhedged,2006-04-30,GBP,-1.125900187213117,0.027713399489483037,-0.03120252167352085
combined_unhedged,2006-04-30,JPY,0.7349598259245947,0.013537034854864238,0.009949176780466192
combined_unhedged,2006-04-30,USD,-0.5228549920392045,-0.0,0.0
combined_unhedged,2006-05-31,CAD,-0.6069245218341016,-0.011092687129586304,0.0067324238319794606
combined_unhedged,2006-05-31,EUR,0.6747284904817762,-0.0042167796357577845,-0.002845181358329144
combined_unhedged,2006-05-31,GBP,0.14594037215228872,-0.012949164096446194,-0.001889805827296413
combined_unhedged,2006-05-31,JPY,1.5262744698957547,-0.019844545911195336,-0.030288223790931625
combined_unhedged,2006-05-31,USD,-0.49688073371878105,-0.0,0.0
combined_unhedged,2006-06-30,CAD,-0.08831310237494393,-0.014159370983062221,0.0012504579791919844
combined_unhedged,2006-06-30,EUR,0.6779574547348712,-0.0011744902105692014,-0.0007962543937685187
combined_unhedged,2006-06-30,GBP,0.14514452128062955,0.010436935712598181,0.0015148640376417694
combined_unhedged,2006-06-30,JPY,0.7362866497124523,0.0006114872433391483,0.00045022989374008456
combined_unhedged,2006-06-30,USD,-0.8712372848278569,-0.0,0.0
combined_unhedged,2006-07-31,CAD,-0.6837835883109435,0.021721524413271964,-0.014852821906890867
combined_unhedged,2006-07-31,EUR,1.4276298350554353,0.0022694379189009406,0.0032399172818291
combined_unhedged,2006-07-31,GBP,0.2216128254424801,0.01798027701097882,0.003984659990641487
combined_unhedged,2006-07-31,JPY,0.7730328106565085,-0.025110254115123354,-0.019411050314912966
combined_unhedged,2006-07-31,USD,-0.8415690976860404,-0.0,0.0
combined_unhedged,2006-08-31,CAD,-0.6375718185122298,-0.007651835507306762,0.004878594679350022
combined_unhedged,2006-08-31,EUR,1.4274758839003479,-0.00832029917643684,-0.011877026421199515
combined_unhedged,2006-08-31,GBP,0.8372528216369608,-0.016322566944456333,-0.013666115230604249
combined_unhedged,2006-08-31,JPY,0.770114828821505,-0.005438952814795783,-0.004188618215934697
combined_unhedged,2006-08-31,USD,-0.8386541525191011,-0.0,0.0
combined_unhedged,2006-09-30,CAD,-0.7111524233316684,-0.0067924114934177215,0.0048304398938098896
combined_unhedged,2006-09-30,EUR,2.1643425767160287,0.006755720902178687,0.014621694384995753
combined_unhedged,2006-09-30,GBP,0.14718833572794554,0.019471514649890834,0.002865979835419742
combined_unhedged,2006-09-30,JPY,0.7908632631875572,0.009965586499665058,0.007881416258702973
combined_unhedged,2006-09-30,USD,-0.8371701266674143,-0.0,0.0
combined_unhedged,2006-10-31,CAD,-0.7115624441001692,-0.016431465094820533,0.011692013463017117
combined_unhedged,2006-10-31,EUR,2.093912702329871,0.03749382863482212,0.07850880403743349
combined_unhedged,2006-10-31,GBP,0.14751060266085508,0.031412954996198665,0.004633743922847584
combined_unhedged,2006-10-31,JPY,0.8075907911318218,0.010930951891773509,0.008827736086101252
combined_unhedged,2006-10-31,USD,-0.8370926379297201,-0.0,0.0
combined_unhedged,2006-11-30,CAD,-0.636790782222649,-0.020724782525725183,0.013197350475950826
combined_unhedged,2006-11-30,EUR,1.3560728594798523,-0.004837865660769491,-0.006560498320379069
combined_unhedged,2006-11-30,GBP,-0.49663413204274365,-0.005448217351456619,0.0027057706955208737
combined_unhedged,2006-11-30,JPY,0.8076094102571211,-0.029588209496316683,-0.023895716421884466
combined_unhedged,2006-11-30,USD,-0.8149182561052127,-0.0,0.0
combined_unhedged,2006-12-31,CAD,-0.7118905804292546,-0.01194349634979258,0.008502462548808523
combined_unhedged,2006-12-31,EUR,1.2850535759042074,-0.015194031562535291,-0.01952514459183737
combined_unhedged,2006-12-31,GBP,-0.6660114318822946,0.0012756080000996262,-0.0008495695106668622
combined_unhedged,2006-12-31,JPY,0.8075136310605789,-0.016664274977468807,-0.013456629196047783
combined_unhedged,2006-12-31,USD,-1.6464028468355152,-0.0,0.0
combined_unhedged,2007-01-31,CAD,-0.6382044112382038,0.007832493643270405,-0.004998731994130363
combined_unhedged,2007-01-31,EUR,1.361593178833808,0.017691478654707105,0.02408859665973311
combined_unhedged,2007-01-31,GBP,-0.7897266091162549,0.00010197838067160792,-8.053504077095555e-05
combined_unhedged,2007-01-31,JPY,0.7917080386437156,0.022478489797707724,0.017796401069415956
combined_unhedged,2007-01-31,USD,-1.6482033515853713,-0.0,0.0
combined_unhedged,2007-02-28,CAD,-0.6373487657242831,0.014636507522742618,-0.009328560004134193
combined_unhedged,2007-02-28,EUR,1.2852741630809021,0.01082554550492243,0.013913793938733397
combined_unhedged,2007-02-28,GBP,-0.15323457680899455,0.003664312716326946,-0.0005614994083821768
combined_unhedged,2007-02-28,JPY,1.6000313118924747,0.00652848984575094,0.010445788172573576
combined_unhedged,2007-02-28,USD,-0.8155857928412826,-0.0,0.0
combined_unhedged,2007-03-31,CAD,-0.6376539584892955,0.04089427235628822,-0.026076394647526552
combined_unhedged,2007-03-31,EUR,1.287381838423604,0.021159330510857388,0.02724013781288024
combined_unhedged,2007-03-31,GBP,0.023206018229469026,0.01587534915829015,0.00036840364196646697
combined_unhedged,2007-03-31,JPY,0.8074781855200531,-0.01586531168021832,-0.012810893088252793
combined_unhedged,2007-03-31,USD,-0.8367597163086894,-0.0,0.0
combined_unhedged,2007-04-30,CAD,-0.6385034826916846,0.03372086687981535,-0.02153089094214478
combined_unhedged,2007-04-30,EUR,1.2896671534023854,-0.015269724639238313,-0.019692862308724742
combined_unhedged,2007-04-30,GBP,0.0230647762207016,-0.010201862484596641,-0.00023530367524159237
combined_unhedged,2007-04-30,JPY,0.807609671848372,-0.019237740882441123,-0.015536585601172286
combined_unhedged,2007-04-30,USD,-0.8365466507548336,-0.0,0.0
combined_unhedged,2007-05-31,CAD,0.43398417713157034,0.006280779962717482,0.0027257591238644017
combined_unhedged,2007-05-31,EUR,1.2929824012058677,0.0049679411114122995,0.0064234604272832225
combined_unhedged,2007-05-31,GBP,0.02118448067679612,0.013346911628669536,0.00028274739149245523
combined_unhedged,2007-05-31,JPY,0.7733071845259297,-0.013298176797066574,-0.010283575658267598
combined_unhedged,2007-05-31,USD,-1.6472811945544825,-0.0,0.0
combined_unhedged,2007-06-30,CAD,0.43362867687574363,-0.0020666987158867514,-0.0008961798296707704
combined_unhedged,2007-06-30,EUR,0.4807352993956234,0.014028359759699847,0.006743927729108822
combined_unhedged,2007-06-30,GBP,-0.6697914625276827,0.014891313342025758,-0.009974074542313428
combined_unhedged,2007-06-30,JPY,0.7742884095583914,0.03513473709917303,0.027204419708770897
combined_unhedged,2007-06-30,USD,-1.6727380246900476,-0.0,0.0
combined_unhedged,2007-07-31,CAD,0.29943638014396423,0.009049835519917955,0.002709849988982503
combined_unhedged,2007-07-31,EUR,1.2475620231877975,-0.005118466863534676,-0.006385604875891022
combined_unhedged,2007-07-31,GBP,-0.5048998708978413,-0.009820207714757999,0.004958221607371299
combined_unhedged,2007-07-31,JPY,0.8101117043846973,0.028091734867015106,0.022757443212240634
combined_unhedged,2007-07-31,USD,-0.8373611226425807,-0.0,0.0
combined_unhedged,2007-08-31,CAD,-1.1011622755985362,0.05859661332861304,-0.06452438007530305
combined_unhedged,2007-08-31,EUR,0.1994701128540184,0.04149913490325406,0.008277837122496221
combined_unhedged,2007-08-31,GBP,-0.8497464479228535,0.01104711140950565,-0.009387243680035453
combined_unhedged,2007-08-31,JPY,0.8078406750814263,0.007452374178605226,0.006020330987403836
combined_unhedged,2007-08-31,USD,-0.7902095740326132,-0.0,0.0
combined_unhedged,2007-09-30,CAD,-1.5365525796467232,0.047606007642135455,-0.07314913384920485
combined_unhedged,2007-09-30,EUR,-0.037718881721823194,0.017360215675614243,-0.0006548079217338346
combined_unhedged,2007-09-30,GBP,-1.6549170878190416,0.018851065927811828,-0.03119695112753911
combined_unhedged,2007-09-30,JPY,0.808156350887875,-0.002605977847272456,-0.002106037547546348
combined_unhedged,2007-09-30,USD,-0.6375884011981119,-0.0,0.0
combined_unhedged,2007-10-31,CAD,-0.7135396723535241,-0.052414190800951894,0.037399604530786314
combined_unhedged,2007-10-31,EUR,0.7209535120483814,0.015091519788283155,0.010880284193510387
combined_unhedged,2007-10-31,GBP,-0.8472526235668969,-0.01015875609532646,0.008607032753941549
combined_unhedged,2007-10-31,JPY,0.8072871434577874,0.037566837350905935,0.030327224813756166
combined_unhedged,2007-10-31,USD,-0.5695072558327621,-0.0,0.0
combined_unhedged,2007-11-30,CAD,-0.6357446768571692,0.012671126895493202,-0.00805560147359151
combined_unhedged,2007-11-30,EUR,-1.3179445113480739,-0.005803846819800396,0.0076491480608609054
combined_unhedged,2007-11-30,GBP,-0.816329439870447,-0.03583654946420756,0.02925443035100612
combined_unhedged,2007-11-30,JPY,0.8061724153121123,-0.006195862320740985,-0.004994933292053069
combined_unhedged,2007-11-30,USD,-0.5657165765861308,-0.0,0.0
combined_unhedged,2007-12-31,CAD,-0.7651727983142458,-0.01376975372259942,0.010536240988019401
combined_unhedged,2007-12-31,EUR,0.5433671998183693,0.01616663385534689,0.00878441856846869
combined_unhedged,2007-12-31,GBP,-0.8394646021992431,0.002617143775776931,-0.002196999558630807
combined_unhedged,2007-12-31,JPY,0.8059135480317756,0.04551025667695808,0.03667733243036409
combined_unhedged,2007-12-31,USD,-0.5656301567405808,-0.0,0.0
combined_unhedged,2008-01-31,CAD,-1.3116993324794288,0.022409335845503777,-0.02939431086985464
combined_unhedged,2008-01-31,EUR,-1.8325432961650174,0.023046177834451675,-0.04223311869275124
combined_unhedged,2008-01-31,GBP,-0.7708492342071805,-0.0015593956730265424,0.001202058960378501
combined_unhedged,2008-01-31,JPY,0.30227605213989756,0.024179815481706335,0.007308979165281366
combined_unhedged,2008-01-31,USD,-1.201213197551375,-0.0,0.0
combined_unhedged,2008-02-29,CAD,-1.424480936939871,-0.04773962129237703,0.06800418046771985
combined_unhedged,2008-02-29,EUR,-1.9155353876547858,0.03988654691944815,-0.07640409211555592
combined_unhedged,2008-02-29,GBP,-0.6389806634271351,-0.0004531836226506769,0.000289575571855642
combined_unhedged,2008-02-29,JPY,0.3015561901145586,0.04254709556226821,0.012830340038197646
combined_unhedged,2008-02-29,USD,-1.1946828677387127,-0.0,0.0
combined_unhedged,2008-03-31,CAD,-1.3827913329865353,0.01797072960348695,-0.024849769143146308
combined_unhedged,2008-03-31,EUR,-1.028059647339574,-0.01510882022393184,0.015532768391132391
combined_unhedged,2008-03-31,GBP,-0.7377396172950683,-0.0004030023730933196,0.00029731081649486994
combined_unhedged,2008-03-31,JPY,0.23322621798163146,-0.04580505168279192,-0.010682938968430722
combined_unhedged,2008-03-31,USD,-1.0806419490816426,-0.0,0.0
combined_unhedged,2008-04-30,CAD,-1.2125021682445516,0.015377237598682677,-0.018644933930014387
combined_unhedged,2008-04-30,EUR,-1.2855693826808257,-0.0005140066934036236,0.0006607912675327089
combined_unhedged,2008-04-30,GBP,-0.840284765161172,-0.002724522371523319,0.0022893746411318315
combined_unhedged,2008-04-30,JPY,0.7711224162586036,-0.0088576225577075,-0.00683031130900612
combined_unhedged,2008-04-30,USD,0.030459175934146307,0.0,0.0
combined_unhedged,2008-05-31,CAD,-0.21171933274943971,-0.024550256498640313,0.005197763924719723
combined_unhedged,2008-05-31,EUR,0.5210241205805753,0.012009854331245464,0.006257423791237981
combined_unhedged,2008-05-31,GBP,-0.5009560681454391,0.005692853985273638,-0.0028518697489887754
combined_unhedged,2008-05-31,JPY,0.6860713575012091,-0.00670984892315829,-0.004603435159339234
combined_unhedged,2008-05-31,USD,0.03427709285153285,0.0,0.0
combined_unhedged,2008-06-30,CAD,0.47072067004722284,-0.007434251201303065,-0.00349945570677675
combined_unhedged,2008-06-30,EUR,0.8246841080766304,-0.010147835750947243,-0.00836875887517807
combined_unhedged,2008-06-30,GBP,-0.15655144818436012,-0.0050362717247608435,0.0007884356319612551
combined_unhedged,2008-06-30,JPY,0.053187682627004865,-0.01801514161968054,-0.000958183634948115
combined_unhedged,2008-06-30,USD,0.8219214739879465,0.0,0.0
combined_unhedged,2008-07-31,CAD,0.0749211927454379,-0.03542396042639599,-0.002654005366912779
combined_unhedged,2008-07-31,EUR,-0.30254152162621495,-0.06082911382491802,0.018403332655764926
combined_unhedged,2008-07-31,GBP,-0.8448327461962201,-0.08511292956908012,0.07190619002465141
combined_unhedged,2008-07-31,JPY,0.40668693691880775,-0.005443068929933404,-0.0022136250305525487
combined_unhedged,2008-07-31,USD,0.8210832547502097,0.0,0.0
combined_unhedged,2008-08-31,CAD,-0.41869185560144345,0.0032033191137690663,-0.0013412036238275417
combined_unhedged,2008-08-31,EUR,-1.0176206768647622,-0.04091005257045127,0.04163091538731563
combined_unhedged,2008-08-31,GBP,-0.840306618088419,-0.02144884137642289,0.01802360335893687
combined_unhedged,2008-08-31,JPY,0.40567699948909514,0.02562689745871527,0.010396242867266328
combined_unhedged,2008-08-31,USD,0.8391036016800623,0.0,0.0
combined_unhedged,2008-09-30,CAD,-0.28621060661767767,-0.13741644713383167,0.03933004469342
combined_unhedged,2008-09-30,EUR,-1.545378923941898,-0.10464270565733466,0.1617126318671006
combined_unhedged,2008-09-30,GBP,-1.6357260754231022,-0.09657473997621147,0.15796982040629495
combined_unhedged,2008-09-30,JPY,0.6846819833853344,0.0750523484634016,0.05138699080364906
combined_unhedged,2008-09-30,USD,-0.30392382052487715,-0.0,0.0
combined_unhedged,2008-10-31,CAD,-0.8588562693221061,-0.016478062703013944,0.014152287458766295
combined_unhedged,2008-10-31,EUR,-2.0552706332493713,0.0009457756064385481,-0.001943824829556763
combined_unhedged,2008-10-31,GBP,-1.4444317258066677,-0.05186323879269055,0.07491290751524933
combined_unhedged,2008-10-31,JPY,-0.2910117205377484,0.02911323607522842,-0.008472292920673868
combined_unhedged,2008-10-31,USD,0.03880151662338116,0.0,0.0
combined_unhedged,2008-11-30,CAD,0.42164579105265665,0.009756174945364625,0.004113650102486376
combined_unhedged,2008-11-30,EUR,-0.5757668242380413,0.09212537236098504,-0.053042733076031384
combined_unhedged,2008-11-30,GBP,0.0781889843923178,-0.0486631198552271,-0.003804919918841843
combined_unhedged,2008-11-30,JPY,0.3980023677940705,0.050158164194084705,0.01996306811344948
combined_unhedged,2008-11-30,USD,1.396235921623208,0.0,0.0
combined_unhedged,2008-12-31,CAD,0.39717369011700915,-0.01016062388919939,-0.004035532483964359
combined_unhedged,2008-12-31,EUR,-1.0019168041041653,-0.08349719113764684,0.08365723889630575
combined_unhedged,2008-12-31,GBP,0.11365285051192489,-0.014191475428513064,-0.0016129016354204505
combined_unhedged,2008-12-31,JPY,-0.083348138891505,0.010630152142550031,-0.0008860033972150894
combined_unhedged,2008-12-31,USD,1.564734014219124,0.0,0.0
combined_unhedged,2009-01-31,CAD,0.3122656354109697,-0.027519184227983162,-0.008593295548942698
combined_unhedged,2009-01-31,EUR,-1.5039526518293742,-0.01115223998568185,0.0167724409003038
combined_unhedged,2009-01-31,GBP,-0.6990315964208599,-0.009550771473051835,0.006676291029858231
combined_unhedged,2009-01-31,JPY,-0.4539371653031117,-0.08439189660089319,0.03830861831756276
combined_unhedged,2009-01-31,USD,-0.021111465102640656,-0.0,0.0
combined_unhedged,2009-02-28,CAD,-0.05571287374166166,0.008216194110444273,-0.0004577477851121659
combined_unhedged,2009-02-28,EUR,-1.6167498825825768,0.046222014573527204,-0.07472943663448026
combined_unhedged,2009-02-28,GBP,0.11391871551948834,0.0016797316379476568,0.0001913528706124433
combined_unhedged,2009-02-28,JPY,-0.2515763128442602,-0.014322963123796661,0.003603318251689071
combined_unhedged,2009-02-28,USD,-0.01829148294757474,-0.0,0.0
combined_unhedged,2009-03-31,CAD,0.6138797314097157,0.0543625387276671,0.03337206067289055
combined_unhedged,2009-03-31,EUR,-1.3055170889610672,-0.0012827770104620886,0.0016746873084846463
combined_unhedged,2009-03-31,GBP,1.1884328052725448,0.03430007365384929,0.04076333275349901
combined_unhedged,2009-03-31,JPY,-0.8021258754068676,0.003941190488826685,-0.003161330870995325
combined_unhedged,2009-03-31,USD,0.7198605971894465,0.0,0.0
combined_unhedged,2009-04-30,CAD,-0.4671821415203172,0.08583183093999502,-0.040099098589156695
combined_unhedged,2009-04-30,EUR,-0.35377939247641904,0.06447245130173068,-0.022809024652991793
combined_unhedged,2009-04-30,GBP,0.40878811002574433,0.0879794421732385,0.03596494988711743
combined_unhedged,2009-04-30,JPY,-0.8026723430912467,0.03304299379069686,-0.026522697248728164
combined_unhedged,2009-04-30,USD,-0.05592955004134999,-0.0,0.0
combined_unhedged,2009-05-31,CAD,-0.20280446628871462,-0.05926544785590267,0.012019297521777987
combined_unhedged,2009-05-31,EUR,-0.9701592217320341,-0.007532189380286603,0.007307422987117143
combined_unhedged,2009-05-31,GBP,0.021164724989669134,0.017907997275228286,0.00037901783744595085
combined_unhedged,2009-05-31,JPY,-1.207835052987276,-0.009063978291194097,0.01094779069961994
combined_unhedged,2009-05-31,USD,-0.38631607247719935,-0.0,0.0
combined_unhedged,2009-06-30,CAD,0.5753517611908112,0.0745315158975623,0.04288183893588341
combined_unhedged,2009-06-30,EUR,0.10157290728564025,0.018305044841714194,0.0018592966225669232
combined_unhedged,2009-06-30,GBP,0.621411054854813,0.015739809338610522,0.0097808915243196
combined_unhedged,2009-06-30,JPY,-0.4679910999040855,0.019690623612385494,-0.009215036602157644
combined_unhedged,2009-06-30,USD,-0.05176444658441315,-0.0,0.0
combined_unhedged,2009-07-31,CAD,0.5755604631420717,-0.016178310396475326,-0.009311595824651532
combined_unhedged,2009-07-31,EUR,0.1464043956196566,0.005238722559722021,0.0007669720101751628
combined_unhedged,2009-07-31,GBP,0.6935589882477119,-0.024163224828399554,-0.016758621764786787
combined_unhedged,2009-07-31,JPY,-0.4684414596880843,0.018360891552061,-0.00860100283982207
combined_unhedged,2009-07-31,USD,0.38821238818373854,0.0,0.0
combined_unhedged,2009-08-31,CAD,0.6469133072696974,0.02287289606868941,0.014796780842631925
combined_unhedged,2009-08-31,EUR,0.17195914524752898,0.019045566024152805,0.0032750592542686954
combined_unhedged,2009-08-31,GBP,0.3318699165578745,-0.019184943883399974,-0.0063669057257514546
combined_unhedged,2009-08-31,JPY,-0.4674398527847581,0.03653524661826246,-0.017078030300695435
combined_unhedged,2009-08-31,USD,0.3874521094666814,0.0,0.0
combined_unhedged,2009-09-30,CAD,0.6472478068544241,-0.004468033124197384,-0.0028919246405896774
combined_unhedged,2009-09-30,EUR,0.17118618552895087,0.008507793362869774,0.0014564166930582018
combined_unhedged,2009-09-30,GBP,0.3316573554317597,0.02924815203360437,0.00970036475473127
combined_unhedged,2009-09-30,JPY,-0.4671463202345097,-0.011222963511113626,0.0052427661063429035
combined_unhedged,2009-09-30,USD,0.3873402402569471,0.0,0.0
combined_unhedged,2009-10-31,CAD,0.6472217788575764,0.018466100951433674,0.011951662706350487
combined_unhedged,2009-10-31,EUR,0.170851795468638,0.016068112685967643,0.0027452659021899714
combined_unhedged,2009-10-31,GBP,0.3318045104216551,-0.004256878235579686,-0.0014124513988811168
combined_unhedged,2009-10-31,JPY,-0.46813706003540817,0.04960817820971819,-0.02322342670081007
combined_unhedged,2009-10-31,USD,0.38682318462432835,0.0,0.0
combined_unhedged,2009-11-30,CAD,0.6458155152273282,0.010365743520522344,0.006694357992420476
combined_unhedged,2009-11-30,EUR,-0.042700132329535526,-0.045155321638162965,0.0019281382093322974
combined_unhedged,2009-11-30,GBP,0.384422568401233,-0.014857837173543997,-0.0057116879271411
combined_unhedged,2009-11-30,JPY,-0.4667903106935393,-0.07771766593792863,0.0362778534295424
combined_unhedged,2009-11-30,USD,0.3846865829276182,0.0,0.0
combined_unhedged,2009-12-31,CAD,0.6479801213648153,-0.018093611590061932,-0.01172430063405616
combined_unhedged,2009-12-31,EUR,-0.23801175547562378,-0.03276656511596715,0.007798827684157678
combined_unhedged,2009-12-31,GBP,0.38583374931225617,-0.00982106352351192,-0.003789297761510441
combined_unhedged,2009-12-31,JPY,-0.29960232356241817,0.029436334450957172,-0.008819194198667227
combined_unhedged,2009-12-31,USD,-0.04851221019494565,-0.0,0.0
combined_unhedged,2010-01-31,CAD,0.6466584652722548,0.012469460642121866,0.00806348228160731
combined_unhedged,2010-01-31,EUR,-0.5725112992874811,-0.015256380184096143,0.008734450041620663
combined_unhedged,2010-01-31,GBP,0.3857183770177171,-0.049293132788233725,-0.019013267177196327
combined_unhedged,2010-01-31,JPY,-0.2999080703769075,0.017186004956907478,-0.005154221584114088
combined_unhedged,2010-01-31,USD,0.4465677326568976,0.0,0.0
combined_unhedged,2010-02-28,CAD,0.6998052191500383,0.03521354346713187,0.024642621503065617
combined_unhedged,2010-02-28,EUR,-0.6859796491832246,-0.00985809498989587,0.0067624525427836734
combined_unhedged,2010-02-28,GBP,0.40952586413170033,-0.003483980516681751,-0.0014267801317121018
combined_unhedged,2010-02-28,JPY,-0.2999572641020319,-0.05005434620857052,0.015014164745138727
combined_unhedged,2010-02-28,USD,0.42585900533089904,0.0,0.0
combined_unhedged,2010-03-31,CAD,0.7036645991225777,0.004341826437930362,0.003055189559906078
combined_unhedged,2010-03-31,EUR,-0.6858666757818618,-0.0166993592905188,0.01145353404427508
combined_unhedged,2010-03-31,GBP,0.3842770665958075,0.008001616772413844,0.0030748378213270055
combined_unhedged,2010-03-31,JPY,-0.30045680738240316,-0.008953374668479341,0.0026901023681897853
combined_unhedged,2010-03-31,USD,0.4486099466489562,0.0,0.0
combined_unhedged,2010-04-30,CAD,0.7057185980782469,-0.03736666464915907,-0.026370350191064523
combined_unhedged,2010-04-30,EUR,-1.0221120785246718,-0.0727210574693567,0.07432907120251628
combined_unhedged,2010-04-30,GBP,0.4095602544235295,-0.054778794530624945,-0.022435217024977
combined_unhedged,2010-04-30,JPY,-0.263625250702177,0.0370753082015396,-0.009773987419491356
combined_unhedged,2010-04-30,USD,0.4475013958722318,0.0,0.0
combined_unhedged,2010-05-31,CAD,0.6518853089537149,-0.010330376661277493,-0.006734220781445125
combined_unhedged,2010-05-31,EUR,-1.0172419022033528,-0.006326055160028959,0.0064351283844311935
combined_unhedged,2010-05-31,GBP,0.4473596031673282,0.030913837770846553,0.013829602197545076
combined_unhedged,2010-05-31,JPY,-0.26340674074940945,0.02587986042247792,-0.006816929684934543
combined_unhedged,2010-05-31,USD,0.444505270322603,0.0,0.0
combined_unhedged,2010-06-30,CAD,0.721109149651825,0.029955826170515815,0.021601420336938546
combined_unhedged,2010-06-30,EUR,-1.0910257595304647,0.06137572638205503,-0.06696249849271557
combined_unhedged,2010-06-30,GBP,0.11876968046540504,0.05004142394995244,0.0059434039325697175
combined_unhedged,2010-06-30,JPY,0.6287137678028968,0.023554713514712056,0.01480917268335243
combined_unhedged,2010-06-30,USD,0.29344495540335047,0.0,0.0
combined_unhedged,2010-07-31,CAD,0.6955186004722915,-0.03315643136907591,-0.02306091474247526
combined_unhedged,2010-07-31,EUR,-1.09383067917064,-0.028326109110118933,0.030983967166183048
combined_unhedged,2010-07-31,GBP,0.4777247437661267,-0.022915523845277952,-0.010947312757251977
combined_unhedged,2010-07-31,JPY,0.6291630337301045,0.027328270785644374,0.0171939377540938
combined_unhedged,2010-07-31,USD,0.29242377489555965,0.0,0.0
combined_unhedged,2010-08-31,CAD,0.4567658764470332,0.03315643136907591,0.015144726434151861
combined_unhedged,2010-08-31,EUR,-0.4234681539141181,0.06822641494583649,-0.028891713985291972
combined_unhedged,2010-08-31,GBP,0.7120871029400675,0.02399677693201585,0.01708779536541821
combined_unhedged,2010-08-31,JPY,0.6825092194693653,0.006800718211087187,0.004641552878080214
combined_unhedged,2010-08-31,USD,1.0688542642747139,0.0,0.0
combined_unhedged,2010-09-30,CAD,0.5701253911273553,0.010351654936493187,0.005901741319483596
combined_unhedged,2010-09-30,EUR,-1.0103691537508825,0.02131377282007274,-0.021534778607455455
combined_unhedged,2010-09-30,GBP,-0.06494281005508552,0.01820465379984549,-0.0011822613738419565
combined_unhedged,2010-09-30,JPY,0.6311609168300872,0.037197142416386164,0.02347738251098562
combined_unhedged,2010-09-30,USD,0.28972805082561254,0.0,0.0
combined_unhedged,2010-10-31,CAD,0.4474281003940773,-0.007725066530182189,-0.003456411843017283
combined_unhedged,2010-10-31,EUR,-0.7814073418878952,-0.06374233129537397,0.049808725663255775
combined_unhedged,2010-10-31,GBP,0.29445437713191,-0.027978279142456375,-0.0082383267581147
combined_unhedged,2010-10-31,JPY,-0.16120182111343148,-0.03755623033693567,0.006054132724469532
combined_unhedged,2010-10-31,USD,-0.16313186525594378,-0.0,0.0
combined_unhedged,2010-11-30,CAD,0.6511882494838331,0.025352775901229696,0.016509429758677675
combined_unhedged,2010-11-30,EUR,-0.7288543251145744,0.017715726578984237,-0.012912183939639884
combined_unhedged,2010-11-30,GBP,0.10949130194274848,-0.012011768574406221,-0.001315184179846729
combined_unhedged,2010-11-30,JPY,-1.039456193835009,0.022878199318180133,-0.02378088598507422
combined_unhedged,2010-11-30,USD,0.15942501365224376,0.0,0.0
combined_unhedged,2010-12-31,CAD,0.5804090159333904,-0.001098407419837071,-0.0006375255696415688
combined_unhedged,2010-12-31,EUR,-0.7291046149299991,0.03305963683526714,-0.02410393378450306
combined_unhedged,2010-12-31,GBP,0.40670860538736303,0.04136238902138223,0.016822439554375943
combined_unhedged,2010-12-31,JPY,-0.2980560040372704,-0.0036665892947542744,0.0010928489536402924
combined_unhedged,2010-12-31,USD,-0.3277384600847072,-0.0,0.0
combined_unhedged,2011-01-31,CAD,0.5791499526410834,0.028650033660099567,0.01659266563741211
combined_unhedged,2011-01-31,EUR,0.05070745385311358,0.0056710927038162665,0.00028756667157549243
combined_unhedged,2011-01-31,GBP,0.3834843279225845,0.01269799340288047,0.004869481466069029
combined_unhedged,2011-01-31,JPY,-0.2991279252812149,0.0003660545462134124,-0.00010949713694857464
combined_unhedged,2011-01-31,USD,-0.8278530252613279,-0.0,0.0
combined_unhedged,2011-02-28,CAD,0.5804118077160292,0.0020561331393172053,0.001193403952295933
combined_unhedged,2011-02-28,EUR,-0.06476905434703373,0.02788284721908765,-0.0018059456468831263
combined_unhedged,2011-02-28,GBP,0.7449292325161017,-0.012324045128033588,-0.009180541478719863
combined_unhedged,2011-02-28,JPY,-0.4667930403976433,-0.009957580758617189,0.004648129397319989
combined_unhedged,2011-02-28,USD,-0.6997993394720972,-0.0,0.0
combined_unhedged,2011-03-31,CAD,0.5802474348194848,0.024059901401912137,0.013960696070469245
combined_unhedged,2011-03-31,EUR,0.7090777814834472,0.044001029662307505,0.031200152495936363
combined_unhedged,2011-03-31,GBP,0.6665188007926265,0.039285420776700775,0.026184471544720332
combined_unhedged,2011-03-31,JPY,-0.4665416696480127,0.017675842657596696,-0.008246517145910728
combined_unhedged,2011-03-31,USD,-0.3862145354814315,-0.0,0.0
combined_unhedged,2011-04-30,CAD,0.5800741435785133,-0.021070978795401325,-0.012222729979103437
combined_unhedged,2011-04-30,EUR,0.4448069592066173,-0.030484944493520016,-0.01355991546174515
combined_unhedged,2011-04-30,GBP,0.38312534054866837,-0.015213091468907204,-0.005828520849823114
combined_unhedged,2011-04-30,JPY,-0.2991135165497661,0.00024600246126471603,-7.358266126878683e-05
combined_unhedged,2011-04-30,USD,-0.09796381765598765,-0.0,0.0
combined_unhedged,2011-05-31,CAD,0.6214927370660978,0.004759450267360701,0.002957963773591973
combined_unhedged,2011-05-31,EUR,0.2928225312466054,0.010173450144409011,0.00297901542279699
combined_unhedged,2011-05-31,GBP,0.40917533312406956,-0.02288908146617524,-0.00936564753382622
combined_unhedged,2011-05-31,JPY,-0.3198658345387033,0.008028203435422652,-0.002567947991717952
combined_unhedged,2011-05-31,USD,0.17214720482745516,0.0,0.0
combined_unhedged,2011-06-30,CAD,0.6210506399892548,0.010739897820359619,0.0066700204147535445
combined_unhedged,2011-06-30,EUR,-0.2542876275782978,-0.009339073792289376,0.0023748109184199223
combined_unhedged,2011-06-30,GBP,0.45111429333364816,0.023861903334105206,0.010764445660160693
combined_unhedged,2011-06-30,JPY,-0.31954544408223307,0.04385444821358586,-0.014013489129391586
combined_unhedged,2011-06-30,USD,0.2935783348781578,0.0,0.0
combined_unhedged,2011-07-31,CAD,0.7022271857560718,-0.025257527312220775,-0.017736522323617915
combined_unhedged,2011-07-31,EUR,-1.0413084340195484,0.0012502606337936872,-0.0013019069426919926
combined_unhedged,2011-07-31,GBP,0.7148545797849364,-0.011367925868269957,-0.008126413869588428
combined_unhedged,2011-07-31,JPY,-0.21381804471276325,0.008849615276982803,-0.0018922074349846617
combined_unhedged,2011-07-31,USD,-0.15086302587919334,-0.0,0.0
combined_unhedged,2011-08-31,CAD,-0.20762562587981065,-0.06010136861310291,0.0124785842745287
combined_unhedged,2011-08-31,EUR,-1.1900118148372487,-0.06874003262575912,0.0818014509769513
combined_unhedged,2011-08-31,GBP,0.7115749160770604,-0.040453262952655444,-0.02878552719057905
combined_unhedged,2011-08-31,JPY,-0.08805603779776275,-0.007034026657380288,0.0006193885172127494
combined_unhedged,2011-08-31,USD,0.7909646452882261,0.0,0.0
combined_unhedged,2011-09-30,CAD,-0.4288452906340643,0.04498568644247455,-0.019291899776795882
combined_unhedged,2011-09-30,EUR,-1.1874395266980493,0.036359677535145296,-0.04317491828322663
combined_unhedged,2011-09-30,GBP,0.7375092641179168,0.032554425216764826,0.024009190185397985
combined_unhedged,2011-09-30,JPY,-0.08789221372212028,-0.01199936983163852,0.0010546511777731352
combined_unhedged,2011-09-30,USD,0.9720490414602426,0.0,0.0
combined_unhedged,2011-10-31,CAD,-0.429162738328959,-0.026527808622461096,0.011384746990281974
combined_unhedged,2011-10-31,EUR,-0.9425994227888852,-0.036062301873151625,0.03399230493007126
combined_unhedged,2011-10-31,GBP,-0.24831864680461058,-0.027383485800532795,0.006799830138781572
combined_unhedged,2011-10-31,JPY,-0.1353356654310442,0.0050144753096876835,-0.000678637352824124
combined_unhedged,2011-10-31,USD,0.19104195328614126,0.0,0.0
combined_unhedged,2011-11-30,CAD,-0.5812768188611095,0.0030441423812282496,-0.0017694893995206398
combined_unhedged,2011-11-30,EUR,-0.026054904185307787,-0.036331854914530434,0.0009466229986725943
combined_unhedged,2011-11-30,GBP,-0.3692986485453135,-0.010754856880745733,0.003971754111357665
combined_unhedged,2011-11-30,JPY,-0.2289144374184513,0.007764014156220966,-0.0017772949326802143
combined_unhedged,2011-11-30,USD,0.16706583110237758,0.0,0.0
combined_unhedged,2011-12-31,CAD,-0.7554855447597546,0.011672899382068263,-0.008818706748587644
combined_unhedged,2011-12-31,EUR,0.8415741006107265,0.006147717817777398,0.005173760093304552
combined_unhedged,2011-12-31,GBP,-0.3989811938547634,0.013870025171268396,-0.005533879201628284
combined_unhedged,2011-12-31,JPY,-0.09457795132553011,0.008348600538516493,-0.0007895935353681074
combined_unhedged,2011-12-31,USD,0.17884842472068108,0.0,0.0
combined_unhedged,2012-01-31,CAD,-0.6787502925669152,0.018478131693538104,-0.012542037293078977
combined_unhedged,2012-01-31,EUR,0.07434451564942965,0.02317232260102238,0.0017227351002453407
combined_unhedged,2012-01-31,GBP,-0.3708184455474076,0.012427221909178556,-0.004608243110834279
combined_unhedged,2012-01-31,JPY,-0.20729542898873782,-0.0604859138042837,0.012538453449834808
combined_unhedged,2012-01-31,USD,-0.11024396052960443,-0.0,0.0
combined_unhedged,2012-02-29,CAD,-0.5270006271466963,-0.01249008984891554,0.0065822851834970745
combined_unhedged,2012-02-29,EUR,-0.3064710033447197,-0.001873150811806834,0.0005740664087104167
combined_unhedged,2012-02-29,GBP,-0.4905354840690027,0.002129259321493715,-0.0010444772519773557
combined_unhedged,2012-02-29,JPY,-0.08781936536876113,-0.016023827653924627,0.0014072023753460652
combined_unhedged,2012-02-29,USD,0.18970312251335536,0.0,0.0
combined_unhedged,2012-03-31,CAD,-0.040576477940476335,0.010464977775694414,-0.00042463193986303947
combined_unhedged,2012-03-31,EUR,-0.5100500878789744,-0.007905774715625204,0.004032341088456009
combined_unhedged,2012-03-31,GBP,-0.37016795124266855,0.014902480078348934,-0.005516420519037108
combined_unhedged,2012-03-31,JPY,-0.10906487491379319,0.03205797888737383,-0.0034963994573404492
combined_unhedged,2012-03-31,USD,0.31167269271898795,0.0,0.0
combined_unhedged,2012-04-30,CAD,0.5016701502698601,-0.045770281801268256,-0.022961584149136086
combined_unhedged,2012-04-30,EUR,-0.25355962550072164,-0.0676223652103732,0.017146301598215254
combined_unhedged,2012-04-30,GBP,-0.37029187121738005,-0.05186113054152253,0.019203755071669194
combined_unhedged,2012-04-30,JPY,-0.10876704520912499,0.01922892896809536,-0.002091473786395881
combined_unhedged,2012-04-30,USD,-0.3474273875443658,-0.0,0.0
combined_unhedged,2012-05-31,CAD,-0.7310693922551754,0.015483049451402591,-0.011319183552693719
combined_unhedged,2012-05-31,EUR,0.33553580424961543,0.024290104406523464,0.008150199717349978
combined_unhedged,2012-05-31,GBP,0.28033275495538207,0.01807646274184355,0.005067424600269321
combined_unhedged,2012-05-31,JPY,-0.05387433964183727,-0.01922892896809536,0.0010359458501759328
combined_unhedged,2012-05-31,USD,0.20122343512711793,0.0,0.0
combined_unhedged,2012-06-30,CAD,-0.7012694181709602,0.017422733326880203,-0.012218030063089077
combined_unhedged,2012-06-30,EUR,-1.072345776772113,-0.028261097103892022,0.030305668126305203
combined_unhedged,2012-06-30,GBP,-0.46791954857000034,-0.0,0.0
combined_unhedged,2012-06-30,JPY,-0.08753495310177316,0.021658753042277826,-0.001895897931798676
combined_unhedged,2012-06-30,USD,0.18749514251345242,0.0,0.0
combined_unhedged,2012-07-31,CAD,-0.8926479934451572,0.015295126105818803,-0.013653163627849796
combined_unhedged,2012-07-31,EUR,-0.002757556367051793,0.02113122454881037,-5.8270542798173185e-05
combined_unhedged,2012-07-31,GBP,0.2383041491328575,0.011283796427020099,0.0026889755065294023
combined_unhedged,2012-07-31,JPY,-0.019786700645689746,-0.0025575461511166964,5.060540007968206e-05
combined_unhedged,2012-07-31,USD,-0.171331830818783,-0.0,0.0
combined_unhedged,2012-08-31,CAD,-0.3990168160855981,0.002538201271313446,-0.0010127849898639086
combined_unhedged,2012-08-31,EUR,-0.002611536814430125,0.021861372313900066,-5.7091778611713514e-05
combined_unhedged,2012-08-31,GBP,-0.19878673481801507,0.01675248579362681,-0.0033301719510002575
combined_unhedged,2012-08-31,JPY,-0.10215546288601401,0.004864943662477472,-0.0004969805717547665
combined_unhedged,2012-08-31,USD,-0.1307611465769538,-0.0,0.0
combined_unhedged,2012-09-30,CAD,-0.8184248627595812,-0.01583412639139233,0.01295904271879313
combined_unhedged,2012-09-30,EUR,0.08213046754592983,0.00790272959255406,0.0006490548763255205
combined_unhedged,2012-09-30,GBP,-0.33758746157833275,-0.0013026085022721514,0.00043974429771240946
combined_unhedged,2012-09-30,JPY,-0.018265316685970933,-0.0255936939488981,0.0004674769251404418
combined_unhedged,2012-09-30,USD,-0.13017048431159295,-0.0,0.0
combined_unhedged,2012-10-31,CAD,-0.6771149672981948,0.0063237350007916086,-0.0042818956182634595
combined_unhedged,2012-10-31,EUR,0.12206622367815304,0.004004934496648292,0.0004888672300842217
combined_unhedged,2012-10-31,GBP,-0.5730827153783423,-0.005227468497411181,0.0029957718410511423
combined_unhedged,2012-10-31,JPY,-0.10218569566793673,-0.032006671041258095,0.0032706239463657634
combined_unhedged,2012-10-31,USD,0.21912538588065375,0.0,0.0
combined_unhedged,2012-11-30,CAD,-0.8183689774457318,-0.002715070298769398,0.00222192930409719
combined_unhedged,2012-11-30,EUR,-0.0038489917887733135,0.01343736816669408,-5.1720319736329426e-05
combined_unhedged,2012-11-30,GBP,-0.5464404260810165,0.014556297774207526,-0.007954149557900112
combined_unhedged,2012-11-30,JPY,-0.01837825324300261,-0.048478578368299274,0.0008909515901133523
combined_unhedged,2012-11-30,USD,0.21819023724399167,0.0,0.0
combined_unhedged,2012-12-31,CAD,-0.25722227711713663,-0.00340852460328558,0.0008767484600669017
combined_unhedged,2012-12-31,EUR,-0.02509092437762039,0.0297369688778836,-0.0007461280373346285
combined_unhedged,2012-12-31,GBP,-0.5457995695200479,-0.025283120198013764,0.01379951612019954
combined_unhedged,2012-12-31,JPY,-0.018453767701938982,-0.052170102861085255,0.0009627349591847295
combined_unhedged,2012-12-31,USD,0.010568704650371179,0.0,0.0
combined_unhedged,2013-01-31,CAD,-0.835908571834334,-0.028998974529447878,0.024240491383571004
combined_unhedged,2013-01-31,EUR,-0.9241792480964245,-0.03788473906197614,0.035012289660626354
combined_unhedged,2013-01-31,GBP,-1.154251477457478,-0.04277900407764729,0.049377728660783854
combined_unhedged,2013-01-31,JPY,-0.017052863116476222,-0.011762278932474501,0.00020058053257329973
combined_unhedged,2013-01-31,USD,0.33366986656205316,0.0,0.0
combined_unhedged,2013-02-28,CAD,-1.4689568260094998,0.01094830095215106,-0.016082581416868608
combined_unhedged,2013-02-28,EUR,-0.21243456307222652,-0.020313500181011943,0.004315289535420866
combined_unhedged,2013-02-28,GBP,-1.1844332311280472,6.582195164461789e-05,-7.796170686558886e-05
combined_unhedged,2013-02-28,JPY,-0.018117854723557703,-0.01930147846572705,0.00034970138279192013
combined_unhedged,2013-02-28,USD,0.011546137737979075,0.0,0.0
combined_unhedged,2013-03-31,CAD,-0.7389293163777384,0.010076149658527262,-0.007445562378895332
combined_unhedged,2013-03-31,EUR,-0.09734745516116386,0.02709525360871054,-0.0026376539857543126
combined_unhedged,2013-03-31,GBP,0.08845845785912028,0.02251819734296773,0.0019919250107262652
combined_unhedged,2013-03-31,JPY,0.6632843253679842,-0.03506202222099386,-0.023256089754889183
combined_unhedged,2013-03-31,USD,0.24047862549723378,0.0,0.0
combined_unhedged,2013-04-30,CAD,-0.7915418953240896,-0.025970394844301612,0.020556655557373463
combined_unhedged,2013-04-30,EUR,-0.09030430315281769,-0.013763789694114516,0.001242929437068945
combined_unhedged,2013-04-30,GBP,-0.5458932503890054,-0.02304489430688511,0.012580052258056598
combined_unhedged,2013-04-30,JPY,-0.10150595665580174,-0.033378445232108866,0.003388111014968495
combined_unhedged,2013-04-30,USD,0.23982840925099122,0.0,0.0
combined_unhedged,2013-05-31,CAD,-1.4176850340375426,-0.016882895007345994,0.023934627583141563
combined_unhedged,2013-05-31,EUR,0.0474560739564421,0.0016924382838143792,8.031647636340912e-05
combined_unhedged,2013-05-31,GBP,-1.180398291505492,0.0016450077734893598,-0.0019417643653400938
combined_unhedged,2013-05-31,JPY,-0.9496302490415546,0.016197114743313534,-0.015381270107447468
combined_unhedged,2013-05-31,USD,-0.44500647344047567,-0.0,0.0
combined_unhedged,2013-06-30,CAD,-1.0092442656159644,0.021731624444800854,-0.021932517353434978
combined_unhedged,2013-06-30,EUR,-0.17926014770254822,0.020691442594108097,-0.003709151055598615
combined_unhedged,2013-06-30,GBP,-1.0439115529632192,-0.002171982293292629,0.002267357408799723
combined_unhedged,2013-06-30,JPY,-0.949981327320741,0.008706270826743355,-0.008270794716003498
combined_unhedged,2013-06-30,USD,-0.464548452737524,-0.0,0.0
combined_unhedged,2013-07-31,CAD,-1.008659233624642,-0.025623972834583085,0.025845856801749223
combined_unhedged,2013-07-31,EUR,-0.17948955924941384,-0.006495981752186909,0.0011659609015922633
combined_unhedged,2013-07-31,GBP,-0.3964955353086105,0.01899224976714181,-0.0075303422381377254
combined_unhedged,2013-07-31,JPY,-0.1571200662769393,0.001322684223969084,-0.0002078202329334845
combined_unhedged,2013-07-31,USD,-0.4364142073530234,-0.0,0.0
combined_unhedged,2013-08-31,CAD,-1.0070212266059186,0.025915645579832936,-0.026097605200087616
combined_unhedged,2013-08-31,EUR,-0.37233284356196705,0.02536516969992941,-0.009444285761806564
combined_unhedged,2013-08-31,GBP,-0.07151863547067594,0.04494073127814903,-0.003214099778067545
combined_unhedged,2013-08-31,JPY,-0.1899642207528705,-0.0007124319674396417,0.00013533658353410594
combined_unhedged,2013-08-31,USD,-0.460048676143083,-0.0,0.0
combined_unhedged,2013-09-30,CAD,-0.22087466195122873,-0.014001097735432707,0.0030924877292598132
combined_unhedged,2013-09-30,EUR,-0.17941612438958174,0.004349595858181954,-0.0007803876315359829
combined_unhedged,2013-09-30,GBP,-0.07176152174716319,-0.006884388526163854,0.0004940341969362281
combined_unhedged,2013-09-30,JPY,-0.2120684121268291,0.001934926007220561,-0.0004103366859341698
combined_unhedged,2013-09-30,USD,0.3127274590773831,0.0,0.0
combined_unhedged,2013-10-31,CAD,-0.5470307913143243,-0.01598055505362333,0.008741855676625694
combined_unhedged,2013-10-31,EUR,-0.1378133152252946,0.000882352998422653,-0.00012159999191160496
combined_unhedged,2013-10-31,GBP,-0.07209986648714209,0.018803920160319502,-0.0013557601329939155
combined_unhedged,2013-10-31,JPY,-0.13400607580275892,-0.043387508113591274,0.005814189701162729
combined_unhedged,2013-10-31,USD,0.3121162803532027,0.0,0.0
combined_unhedged,2013-11-30,CAD,-0.5475569653799676,-0.0037675470768288657,0.0020629466443145813
combined_unhedged,2013-11-30,EUR,-0.13762988690138023,0.012634822088896937,-0.0017389291351139462
combined_unhedged,2013-11-30,GBP,-0.07111049214494623,0.012201565769495437,-0.0008676593468077501
combined_unhedged,2013-11-30,JPY,-0.13407204363236172,-0.026963597877581513,0.0036150646711285645
combined_unhedged,2013-11-30,USD,0.312939419945536,0.0,0.0
combined_unhedged,2013-12-31,CAD,-0.35265787298212736,-0.04404702261072934,0.01553352930509548
combined_unhedged,2013-12-31,EUR,-0.24319551061949196,-0.02045600856738217,0.004974809448781209
combined_unhedged,2013-12-31,GBP,0.1255911651584014,-0.007509725215469776,-0.0009431551398302763
combined_unhedged,2013-12-31,JPY,-1.0057121633346677,0.02862432213950417,-0.028787828942909162
combined_unhedged,2013-12-31,USD,-0.45565875742469475,-0.0,0.0
combined_unhedged,2014-01-31,CAD,0.15935270068666674,0.003695195949058053,0.0005888394540488314
combined_unhedged,2014-01-31,EUR,-0.13722305080277458,0.02241359483690003,-0.003075661862976739
combined_unhedged,2014-01-31,GBP,0.12350183195387293,0.01807278105969457,0.002232021569373536
combined_unhedged,2014-01-31,JPY,-0.13401260464461737,0.0019573308265066203,-0.00026230700221135386
combined_unhedged,2014-01-31,USD,0.3133812559594971,0.0,0.0
combined_unhedged,2014-02-28,CAD,0.10753836076726782,0.0019884316023808797,0.00021383267501787147
combined_unhedged,2014-02-28,EUR,-0.1258213168086817,-0.0021027452188219216,0.0002645701723453337
combined_unhedged,2014-02-28,GBP,0.13403643852623456,-0.004487666469388141,-0.0006015108308503876
combined_unhedged,2014-02-28,JPY,-0.12091784495764847,-0.008777975021516225,0.00106141382269381
combined_unhedged,2014-02-28,USD,0.33951952067995367,0.0,0.0
combined_unhedged,2014-03-31,CAD,-0.6274384648835107,0.00881463292798666,-0.005530639752847596
combined_unhedged,2014-03-31,EUR,-0.30919072091023825,0.006727699264278297,-0.002080142185589486
combined_unhedged,2014-03-31,GBP,0.124373294470073,0.012396606693369174,0.0015418068147040824
combined_unhedged,2014-03-31,JPY,-0.11190469266124378,0.008190373398497819,-0.0009165412179397251
combined_unhedged,2014-03-31,USD,0.5082402631006622,0.0,0.0
combined_unhedged,2014-04-30,CAD,-0.5467335685676028,0.008156577320117084,-0.004459474625525188
combined_unhedged,2014-04-30,EUR,-0.2588760981120134,-0.016721581911424147,0.004328817879489906
combined_unhedged,2014-04-30,GBP,0.12426824057144975,-0.0070734684322315555,-0.0008790074768111064
combined_unhedged,2014-04-30,JPY,-0.13415157813056516,0.0036290560156579947,-0.000486843591624741
combined_unhedged,2014-04-30,USD,0.5077980718140271,0.0,0.0
combined_unhedged,2014-05-31,CAD,-0.6786525401837626,0.01773244253843678,-0.012034167172372729
combined_unhedged,2014-05-31,EUR,-0.07151755172429278,0.0036589868850414034,-0.0002616817838094575
combined_unhedged,2014-05-31,GBP,0.13399687918569783,0.020137088366742988,0.002698306997030181
combined_unhedged,2014-05-31,JPY,-0.14504307135806332,0.004826406807973528,-0.000700036867051947
combined_unhedged,2014-05-31,USD,0.5485434472989063,0.0,0.0
combined_unhedged,2014-06-30,CAD,-0.6789187712192084,-0.0197548738216461,0.01341195466058248
combined_unhedged,2014-06-30,EUR,-0.10485585039886605,-0.022157479597276375,0.0023233413658679384
combined_unhedged,2014-06-30,GBP,0.9726039655616774,-0.012708295993783647,-0.012360139079085553
combined_unhedged,2014-06-30,JPY,-0.14486444469383938,-0.014409894980477844,0.0020874814344434664
combined_unhedged,2014-06-30,USD,0.5494935642447306,0.0,0.0
combined_unhedged,2014-07-31,CAD,-0.6784569221536884,0.0028509698806645366,-0.0019342602503885297
combined_unhedged,2014-07-31,EUR,-0.10376545670192082,-0.01808640107930759,0.0018767436680884658
combined_unhedged,2014-07-31,GBP,0.9725879797193181,-0.01816385003676857,-0.017665942211185406
combined_unhedged,2014-07-31,JPY,-0.14473406890671653,-0.012092045765028203,0.0017501309849787617
combined_unhedged,2014-07-31,USD,0.5506972576863942,0.0,0.0
combined_unhedged,2014-08-31,CAD,-0.6777511037324891,-0.03163644758663155,0.021441637270014573
combined_unhedged,2014-08-31,EUR,-0.18602527171722733,-0.04050518792802837,0.007534988590268833
combined_unhedged,2014-08-31,GBP,0.9690188497707265,-0.022253623711748823,-0.02156418085238941
combined_unhedged,2014-08-31,JPY,-0.1205301057624183,-0.05299377083452939,0.006387344803435185
combined_unhedged,2014-08-31,USD,0.5490796464897849,0.0,0.0
combined_unhedged,2014-09-30,CAD,-0.5094897145677162,-0.005783191526488165,0.00294647660012089
combined_unhedged,2014-09-30,EUR,-0.11224468474445523,-0.007790801787768336,0.000874476090574595
combined_unhedged,2014-09-30,GBP,0.6017762498155412,-0.013718828400691994,-0.008255665106831367
combined_unhedged,2014-09-30,JPY,-0.15751255976342704,-0.021917450057101995,0.0034522736619812056
combined_unhedged,2014-09-30,USD,0.6008824847402761,0.0,0.0
combined_unhedged,2014-10-31,CAD,-0.7391912807248181,-0.013569685705891801,0.010030593355971418
combined_unhedged,2014-10-31,EUR,-0.08400673511983556,-0.00736946622627929,0.0006190847972456185
combined_unhedged,2014-10-31,GBP,0.1432874984892411,-0.022822370584252627,-0.003270160390611999
combined_unhedged,2014-10-31,JPY,-0.13116233191699486,-0.05729718158261843,0.0075152319486477236
combined_unhedged,2014-10-31,USD,0.5990540527803826,0.0,0.0
combined_unhedged,2014-11-30,CAD,-0.7381640878801805,-0.015199840990998748,0.01121997676104437
combined_unhedged,2014-11-30,EUR,-0.10977452796203788,-0.027468208865782134,0.0030153096622038975
combined_unhedged,2014-11-30,GBP,0.14020177924698013,-0.0038441872045654754,-0.0005389618858385544
combined_unhedged,2014-11-30,JPY,-0.06517127956235218,-0.009641659264771008,0.0006283592713893343
combined_unhedged,2014-11-30,USD,0.5976084738758501,0.0,0.0
combined_unhedged,2014-12-31,CAD,-0.7378914160129123,-0.09176974175528674,0.06771610469094781
combined_unhedged,2014-12-31,EUR,-0.13032121444451586,-0.06937071565434474,0.009040475910959396
combined_unhedged,2014-12-31,GBP,0.1390746354001534,-0.036077628550788,-0.005017483036803006
combined_unhedged,2014-12-31,JPY,-0.06449970594012921,0.02031339601418836,-0.001310208069560542
combined_unhedged,2014-12-31,USD,1.0547510635265538,0.0,0.0
combined_unhedged,2015-01-31,CAD,-0.1279558804595234,0.01665251390345023,-0.002130787078380429
combined_unhedged,2015-01-31,EUR,0.7536486750256695,-0.008271492883510811,-0.006233799652142177
combined_unhedged,2015-01-31,GBP,0.6885319214739367,0.0271147417128208,0.018669365211798006
combined_unhedged,2015-01-31,JPY,-0.0709373943771798,-0.019228118118292947,0.0013639925980883432
combined_unhedged,2015-01-31,USD,1.4414492230590124,0.0,0.0
combined_unhedged,2015-02-28,CAD,-0.9739650798041145,-0.013896281107656368,0.013534492537998943
combined_unhedged,2015-02-28,EUR,-0.03999525306496738,-0.041577690662149835,0.0016629102598896138
combined_unhedged,2015-02-28,GBP,-0.6887219470492106,-0.038896910411080954,0.026789155872518386
combined_unhedged,2015-02-28,JPY,-0.8679906504194148,-0.002002670896310122,0.001738299613864255
combined_unhedged,2015-02-28,USD,1.1584076360636781,0.0,0.0
combined_unhedged,2015-03-31,CAD,-0.9441236799152654,0.04557791708777164,-0.04303119080377982
combined_unhedged,2015-03-31,EUR,0.701965016799024,0.038446957750331905,0.0269884193430831
combined_unhedged,2015-03-31,GBP,-0.09998018267219425,0.03168135597979603,-0.0031675077581628207
combined_unhedged,2015-03-31,JPY,-0.020344421436452206,0.0008339588507686458,-1.6966410320696684e-05
combined_unhedged,2015-03-31,USD,1.1571473113555304,0.0,0.0
combined_unhedged,2015-04-30,CAD,-0.8603632670400738,-0.028478045221667914,0.02450146402582917
combined_unhedged,2015-04-30,EUR,-0.08581573507073119,-0.015165482927773338,0.0013014370651494936
combined_unhedged,2015-04-30,GBP,0.14006393531951497,-0.00274384440781239,-0.00038431364566264743
combined_unhedged,2015-04-30,JPY,-0.06476863548100313,-0.03379586724373417,0.0021889122062737926
combined_unhedged,2015-04-30,USD,1.0526285091269223,0.0,0.0
combined_unhedged,2015-05-31,CAD,-0.7915786506385852,-0.0005613697569133436,0.0004443683146867751
combined_unhedged,2015-05-31,EUR,-1.6674210801280984,0.01444850852889336,-0.02409174769748741
combined_unhedged,2015-05-31,GBP,-0.08926410334620294,0.028441603687896052,-0.0025388142509281
combined_unhedged,2015-05-31,JPY,-0.06522946699776327,0.015279881157114875,-0.0009966985036677697
combined_unhedged,2015-05-31,USD,1.0533707413197295,0.0,0.0
combined_unhedged,2015-06-30,CAD,-0.8137142338795349,-0.04499191414003892,0.036610560945235585
combined_unhedged,2015-06-30,EUR,-1.5633926818689368,-0.011360684805811606,0.01776121148642549
combined_unhedged,2015-06-30,GBP,0.12994548437184056,-0.005930950710449742,-0.0007707002628549037
combined_unhedged,2015-06-30,JPY,-0.14333124534787436,-0.014957196417302754,0.0021438335894047684
combined_unhedged,2015-06-30,USD,0.967257483043281,0.0,0.0
combined_unhedged,2015-07-31,CAD,-0.8179602815425733,-0.01339951529107486,0.010960271300021607
combined_unhedged,2015-07-31,EUR,-0.06528559636257811,0.014940427307617481,-0.0009753947066895544
combined_unhedged,2015-07-31,GBP,0.09056530314732475,-0.017486008649615706,-0.001583625674189189
combined_unhedged,2015-07-31,JPY,-0.06514332920405752,0.021860576890376574,-0.0014240707569604131
combined_unhedged,2015-07-31,USD,1.054449932140021,0.0,0.0
combined_unhedged,2015-08-31,CAD,-0.8865856552377862,-0.012998417357272196,0.011524210369751384
combined_unhedged,2015-08-31,EUR,-0.01691563793064166,-0.002862768102925893,4.842554870848431e-05
combined_unhedged,2015-08-31,GBP,0.09021187889069422,-0.016208235661280386,-0.0014621753925072574
combined_unhedged,2015-08-31,JPY,-0.06507173822714632,0.012029845991777144,-0.0007828029892898077
combined_unhedged,2015-08-31,USD,1.0550922408184058,0.0,0.0
combined_unhedged,2015-09-30,CAD,-0.7703095636832421,0.023718915392937027,-0.018270907367373055
combined_unhedged,2015-09-30,EUR,-0.06435181072486057,-0.010808968504388963,0.0006955766953254178
combined_unhedged,2015-09-30,GBP,-0.13997517910048285,0.021531540883302454,-0.0030138812914496296
combined_unhedged,2015-09-30,JPY,-0.06488930513797825,-0.007400973451678005,0.0004802440246240102
combined_unhedged,2015-09-30,USD,1.0529043207767816,0.0,0.0
combined_unhedged,2015-10-31,CAD,-0.6174564034921476,-0.01892992090647222,0.011688400881301152
combined_unhedged,2015-10-31,EUR,-0.08983247775125776,-0.044443529577111486,0.003992472381923234
combined_unhedged,2015-10-31,GBP,-0.13935009747487054,-0.026306085762455078,0.0036657556151804193
combined_unhedged,2015-10-31,JPY,-0.0646649320368886,-0.020663247482938903,0.0013361874941456536
combined_unhedged,2015-10-31,USD,1.0545659619527077,0.0,0.0
combined_unhedged,2015-11-30,CAD,-0.16105302215989656,-0.03732353279829987,0.0060110677548502155
combined_unhedged,2015-11-30,EUR,-0.09057685980164795,0.027731574950022042,-0.002511838976327039
combined_unhedged,2015-11-30,GBP,-0.1395379357241516,-0.020007381040631152,0.002791788649656199
combined_unhedged,2015-11-30,JPY,-0.09012134695126926,0.024232160263899516,-0.002183834922521649
combined_unhedged,2015-11-30,USD,1.0569357105632111,0.0,0.0
combined_unhedged,2015-12-31,CAD,-0.8867634745437994,-0.01683843030056409,0.014931704959191805
combined_unhedged,2015-12-31,EUR,0.008654691775883894,-0.002489513064844365,-2.1545968248264035e-05
combined_unhedged,2015-12-31,GBP,0.09085171339677603,-0.03885729079555193,-0.0035302514467326677
combined_unhedged,2015-12-31,JPY,-0.08951862008245165,-0.006464468061542661,0.0005786902604363801
combined_unhedged,2015-12-31,USD,1.0586330240294128,0.0,0.0
combined_unhedged,2016-01-31,CAD,-0.8897540463780331,0.04001113487587099,-0.03560006915598345
combined_unhedged,2016-01-31,EUR,0.8000018040565406,0.003317975394182174,0.0026543863011609507
combined_unhedged,2016-01-31,GBP,-0.429550828454074,-0.018356972251551803,0.007885252638562525
combined_unhedged,2016-01-31,JPY,0.7782474509862041,0.06970121222845105,0.054244790747440465
combined_unhedged,2016-01-31,USD,0.6568110374012176,0.0,0.0
combined_unhedged,2016-02-29,CAD,-0.8904030836874756,0.04175609431488192,-0.03717975514071593
combined_unhedged,2016-02-29,EUR,0.8228425662648295,0.0469130858949895,0.038602083989235536
combined_unhedged,2016-02-29,GBP,-0.8148349675643,0.0321502943838875,-0.026197184081477667
combined_unhedged,2016-02-29,JPY,0.7784558033562585,0.004260613581688054,0.0033166993685235604
combined_unhedged,2016-02-29,USD,1.1577444248618143,0.0,0.0
combined_unhedged,2016-03-31,CAD,-0.38864695575511815,0.03292091322543328,-0.012794612705743051
combined_unhedged,2016-03-31,EUR,-0.03946410188932595,0.00446761725971595,-0.00017631050273994144
combined_unhedged,2016-03-31,GBP,-0.5447738871802087,0.016824502213677595,-0.009165549470817169
combined_unhedged,2016-03-31,JPY,0.7536999070732259,0.05034803954292944,0.03794731272482502
combined_unhedged,2016-03-31,USD,1.1574955898562387,0.0,0.0
combined_unhedged,2016-04-30,CAD,-0.22047098602559756,-0.042742215219094826,0.009423418334272139
combined_unhedged,2016-04-30,EUR,-0.06801097873765943,-0.027110094009475855,0.0018437840272544108
combined_unhedged,2016-04-30,GBP,-0.5442320478659413,-0.006516915535728528,0.0035467142877789047
combined_unhedged,2016-04-30,JPY,0.7544744275760251,-0.03538159089424564,-0.026694505536665084
combined_unhedged,2016-04-30,USD,1.1581562855605942,0.0,0.0
combined_unhedged,2016-05-31,CAD,-0.3890186520499825,0.006664903822852064,-0.002592771901208685
combined_unhedged,2016-05-31,EUR,-0.04005088779333153,-0.009293160218330238,0.0003721993171497967
combined_unhedged,2016-05-31,GBP,-0.5440964333448494,-0.0928218810795372,0.05050405443173595
combined_unhedged,2016-05-31,JPY,0.7550783960103584,0.07478192728826283,0.05646621770738475
combined_unhedged,2016-05-31,USD,1.159690467889705,0.0,0.0
combined_unhedged,2016-06-30,CAD,-1.1128370551432716,-0.0023032639740930842,0.0025631574981473363
combined_unhedged,2016-06-30,EUR,0.7127113908023596,0.012252405529016016,0.008732428985259525
combined_unhedged,2016-06-30,GBP,0.829277248592213,0.0021122518414617435,0.0017516423954212297
combined_unhedged,2016-06-30,JPY,0.7987444523242572,0.0043883243663946905,0.00350514974265712
combined_unhedged,2016-06-30,USD,1.4424757001298196,0.0,0.0
combined_unhedged,2016-07-31,CAD,-0.4853198475742933,-0.0062686544241789535,0.0030423024096384492
combined_unhedged,2016-07-31,EUR,0.7376888018216701,-0.0019718568726720255,-0.001454616733765252
combined_unhedged,2016-07-31,GBP,0.6399837191630169,-0.010682324392142839,-0.006836513693789388
combined_unhedged,2016-07-31,JPY,-0.02167970268732692,-0.010306362497305877,0.0002234388747294076
combined_unhedged,2016-07-31,USD,1.471705673502506,0.0,0.0
combined_unhedged,2016-08-31,CAD,0.1263119210859729,0.0005335976038487457,6.739973842900698e-05
combined_unhedged,2016-08-31,EUR,-0.04861709461924189,0.008220203542661744,-0.00039964241342301345
combined_unhedged,2016-08-31,GBP,0.6600268536819238,-0.008720985505444534,-0.005756084624164218
combined_unhedged,2016-08-31,JPY,-0.8465859173274621,0.02121395356708344,-0.017959434340731523
combined_unhedged,2016-08-31,USD,1.311141877096286,0.0,0.0
combined_unhedged,2016-09-30,CAD,-0.9891523944367211,-0.021721949177522515,0.02148631804077916
combined_unhedged,2016-09-30,EUR,-0.06989944610369885,-0.02486614606608166,0.0017381298367527781
combined_unhedged,2016-09-30,GBP,0.03468640065213289,-0.06368346357389729,-0.002208950132439712
combined_unhedged,2016-09-30,JPY,-0.8171090155980762,-0.037429228499873624,0.030583760054127197
combined_unhedged,2016-09-30,USD,1.318946634988936,0.0,0.0
combined_unhedged,2016-10-31,CAD,-1.2350125898059223,-0.0016400778985687925,0.0020255168529948993
combined_unhedged,2016-10-31,EUR,-1.589980286319341,-0.035658373980136486,0.056696111670619546
combined_unhedged,2016-10-31,GBP,-0.83294015819319,0.021788413063685175,-0.018148444224044498
combined_unhedged,2016-10-31,JPY,-0.8414068011293625,-0.08454967113514213,0.07114066832635953
combined_unhedged,2016-10-31,USD,1.1592165378205883,0.0,0.0
combined_unhedged,2016-11-30,CAD,-0.7696308838599297,-7.448512163144015e-05,5.732604999561966e-05
combined_unhedged,2016-11-30,EUR,-1.611691553204041,-0.0024609572287748525,0.003966303978412854
combined_unhedged,2016-11-30,GBP,-0.6627671758949522,-0.011604610846989077,0.0076911551584188794
combined_unhedged,2016-11-30,JPY,-0.8420238459332798,-0.021115357019565906,0.01777963412586916
combined_unhedged,2016-11-30,USD,0.37811246974996643,0.0,0.0
combined_unhedged,2016-12-31,CAD,0.010329103247510917,0.029938734379805994,0.00030924027850882084
combined_unhedged,2016-12-31,EUR,-1.6433780951871164,0.022675008781437585,-0.03726361273959004
combined_unhedged,2016-12-31,GBP,-0.057602035285591505,0.019902751497951596,-0.001146438994065367
combined_unhedged,2016-12-31,JPY,-0.8472176101472918,0.03538495526496632,-0.0299787572347536
combined_unhedged,2016-12-31,USD,0.5089994438228381,0.0,0.0
combined_unhedged,2017-01-31,CAD,-0.09772167505836299,-0.016516720565370863,0.0016140416001189529
combined_unhedged,2017-01-31,EUR,-1.5828854893446418,-0.01643975003497116,0.026022241778808918
combined_unhedged,2017-01-31,GBP,-0.05284495626115805,-0.012634103763421696,0.0006676486607769519
combined_unhedged,2017-01-31,JPY,-0.8419869974927532,0.005872425453286922,-0.0049445058754130754
combined_unhedged,2017-01-31,USD,0.35362399658398874,0.0,0.0
combined_unhedged,2017-02-28,CAD,0.6412851389337705,-0.005570625667201289,-0.0035723594549392067
combined_unhedged,2017-02-28,EUR,-0.802245991930067,0.007506133947578618,-0.006021765874335157
combined_unhedged,2017-02-28,GBP,-0.0571051663119241,0.008812747310030596,-0.0005032534008042589
combined_unhedged,2017-02-28,JPY,-0.05041987618587315,0.005817352065912829,-0.00029331017089295823
combined_unhedged,2017-02-28,USD,1.2342996773562565,0.0,0.0
combined_unhedged,2017-03-31,CAD,0.7469954374199689,-0.025788757801190058,-0.019264084414217602
combined_unhedged,2017-03-31,EUR,-0.016933906961033123,0.018247160287524686,-0.00030899571461200147
combined_unhedged,2017-03-31,GBP,-0.05124306859339339,0.03148444548790566,-0.0016133595997617047
combined_unhedged,2017-03-31,JPY,-0.04555302191974367,-0.00026923940032475,1.2264668304651978e-05
combined_unhedged,2017-03-31,USD,1.0863583854365992,0.0,0.0
combined_unhedged,2017-04-30,CAD,0.6719381777065141,0.012588968849300995,0.008459008787803382
combined_unhedged,2017-04-30,EUR,-0.016976676126744427,0.030818940845414044,-0.0005232031773018893
combined_unhedged,2017-04-30,GBP,-0.05122267420870328,-0.002553884451216515,0.0001308167912113365
combined_unhedged,2017-04-30,JPY,-0.045191365238248155,0.006572159600175099,-0.00029700486489557185
combined_unhedged,2017-04-30,USD,1.1421404361215393,0.0,0.0
combined_unhedged,2017-05-31,CAD,0.5591402147353955,0.038977743709938006,0.02179402398787595
combined_unhedged,2017-05-31,EUR,-0.019057161953575822,0.015454893210545452,-0.00029452640288858407
combined_unhedged,2017-05-31,GBP,-0.056687912903520474,0.006949834922876485,-0.0003939716368018671
combined_unhedged,2017-05-31,JPY,-0.05031185424774425,-0.015149767588216177,0.0007622128987855323
combined_unhedged,2017-05-31,USD,1.2968130086161034,0.0,0.0
combined_unhedged,2017-06-30,CAD,0.888889059203046,0.038635458473790435,0.03434263633464593
combined_unhedged,2017-06-30,EUR,-0.015864034527571343,0.035722694946095604,-0.000566706066042759
combined_unhedged,2017-06-30,GBP,0.1801091649133446,0.01534908527288137,0.0027645109306823797
combined_unhedged,2017-06-30,JPY,-0.041310185071125965,0.018134979448236166,-0.0007491593572677019
combined_unhedged,2017-06-30,USD,0.9889893444301422,0.0,0.0
combined_unhedged,2017-07-31,CAD,0.16539105631121404,-0.0019996007462511627,-0.00033071607962317166
combined_unhedged,2017-07-31,EUR,0.02895183805296134,0.005733573885763731,0.0001659975026053198
combined_unhedged,2017-07-31,GBP,-0.8158596596131091,-0.02361710749166185,0.019268245279193446
combined_unhedged,2017-07-31,JPY,-0.04137277796397601,0.002903286379742021,-0.00012011702275490236
combined_unhedged,2017-07-31,USD,0.7572892879005408,0.0,0.0
combined_unhedged,2017-08-31,CAD,1.967987704153444,0.0004795396511333705,0.0009437281370845052
combined_unhedged,2017-08-31,EUR,0.004919722317081265,-0.00683345131801908,-3.3618682951946856e-05
combined_unhedged,2017-08-31,GBP,-0.056740269273440266,0.03910730367630583,-0.0022189589411517933
combined_unhedged,2017-08-31,JPY,-0.0503021887168774,-0.023171220778118947,0.0011655631203813701
combined_unhedged,2017-08-31,USD,0.7351029931877449,0.0,0.0
combined_unhedged,2017-09-30,CAD,0.8915985925989646,-0.030313701655824254,-0.027027653732797807
combined_unhedged,2017-09-30,EUR,-0.016188799680460213,-0.014066128512052689,0.00022771373676123085
combined_unhedged,2017-09-30,GBP,0.4082762494090949,-0.009069507132865307,-0.003702864356195281
combined_unhedged,2017-09-30,JPY,-0.0413088653875478,-0.008750663520185498,0.00036147998140706786
combined_unhedged,2017-09-30,USD,0.9603714830701902,0.0,0.0
combined_unhedged,2017-10-31,CAD,0.8756707676880757,0.0007758554194761125,0.0006793939107876014
combined_unhedged,2017-10-31,EUR,-0.0695028348574569,0.021235827311383713,-0.001475950198684575
combined_unhedged,2017-10-31,GBP,0.523582175103649,0.016799588734536464,0.00879596521047536
combined_unhedged,2017-10-31,JPY,-0.04550682344849205,0.011773694185519544,-0.0005357834226369753
combined_unhedged,2017-10-31,USD,1.0902897524906958,0.0,0.0
combined_unhedged,2017-11-30,CAD,0.8765155203013929,0.028898511123065847,0.02532999351296965
combined_unhedged,2017-11-30,EUR,0.03174542860439991,0.010367985851256341,0.0003291361546124866
combined_unhedged,2017-11-30,GBP,-0.7309961397232599,0.0017014984685729815,-0.001243788812271888
combined_unhedged,2017-11-30,JPY,-0.045343768708354625,-0.003466824219859887,0.0001571988755778487
combined_unhedged,2017-11-30,USD,1.0928293776799585,0.0,0.0
combined_unhedged,2017-12-31,CAD,0.96438172790888,0.018057725660682533,0.017414540674753544
combined_unhedged,2017-12-31,EUR,0.028878774235650197,0.03321368691383064,0.0009591705659180844
combined_unhedged,2017-12-31,GBP,-0.7309537801577908,0.047701961550728145,-0.03486792911644633
combined_unhedged,2017-12-31,JPY,-0.04115979359604781,0.030452803658513435,-0.0012534311130053826
combined_unhedged,2017-12-31,USD,0.9657237042212957,0.0,0.0
combined_unhedged,2018-01-31,CAD,0.8957652714676385,-0.04088381641140637,-0.03662230290639652
combined_unhedged,2018-01-31,EUR,-0.015938175627004055,-0.017614806679916023,0.00028074788250022576
combined_unhedged,2018-01-31,GBP,0.40887685385755995,-0.028303776162851846,-0.011572758949755462
combined_unhedged,2018-01-31,JPY,-0.041227927039740424,0.02491677091112976,-0.0010272668131899843
combined_unhedged,2018-01-31,USD,0.9681316517746571,0.0,0.0
combined_unhedged,2018-02-28,CAD,0.7991614856507233,-0.006615582364357275,-0.005286918630744485
combined_unhedged,2018-02-28,EUR,0.050230372716904656,0.008886773254488833,0.0004463859328235939
combined_unhedged,2018-02-28,GBP,0.40912430546447315,0.016750328728434905,0.006852966607322542
combined_unhedged,2018-02-28,JPY,-0.04101178023432529,0.0039470025867762715,-0.0001618736026731819
combined_unhedged,2018-02-28,USD,0.9690182133487439,0.0,0.0
combined_unhedged,2018-03-31,CAD,0.799904384470579,0.005678960378932479,0.004542625306342791
combined_unhedged,2018-03-31,EUR,0.003369585540595469,-0.020169577731139286,-6.79631174827633e-05
combined_unhedged,2018-03-31,GBP,0.6399527933678317,-0.019872494996726723,-0.012717458684343525
combined_unhedged,2018-03-31,JPY,-0.04089700672194256,-0.028589287014641585,0.001169216263213342
combined_unhedged,2018-03-31,USD,0.9694662160544407,0.0,0.0
combined_unhedged,2018-04-30,CAD,0.8960986125074254,-0.011788565246317245,-0.010563716960678139
combined_unhedged,2018-04-30,EUR,0.06971324531728018,-0.0340329340757698,-0.002372546282090964
combined_unhedged,2018-04-30,GBP,-0.5037016761414639,-0.03417492339143702,0.017213966194272946
combined_unhedged,2018-04-30,JPY,-0.04093115580007957,0.005045650812821378,-0.00020652431953238994
combined_unhedged,2018-04-30,USD,0.9715669325127619,0.0,0.0
combined_unhedged,2018-05-31,CAD,0.896990100572531,-0.013022014728112097,-0.01168061830062625
combined_unhedged,2018-05-31,EUR,0.06998866873307541,0.0005996487951131501,4.196862087736207e-05
combined_unhedged,2018-05-31,GBP,-0.5024150839931463,-0.0069470943146781585,0.003490324973617336
combined_unhedged,2018-05-31,JPY,-0.040816118115243126,-0.01804642486171648,0.0007365850087136801
combined_unhedged,2018-05-31,USD,0.9710397163778824,0.0,0.0
combined_unhedged,2018-06-30,CAD,0.8972535241859042,0.009404817572141178,0.008438505710929191
combined_unhedged,2018-06-30,EUR,0.004426428070844993,0.00248043577545143,1.0979470544386378e-05
combined_unhedged,2018-06-30,GBP,-0.40981751739493544,-0.005470722557005037,0.002241997936668277
combined_unhedged,2018-06-30,JPY,-0.04079191999507639,-0.010512698462384229,0.0004288331546099401
combined_unhedged,2018-06-30,USD,0.9722374469561373,0.0,0.0
combined_unhedged,2018-07-31,CAD,0.8016625687244567,-0.004216342633323711,-0.003380084066052726
combined_unhedged,2018-07-31,EUR,-0.02145008765649639,-0.009441319809620182,0.0002025171375093687
combined_unhedged,2018-07-31,GBP,0.20048343485716646,-0.012342523198386524,-0.0024744714456167907
combined_unhedged,2018-07-31,JPY,-0.04091876073018491,0.008076863436004444,-0.00033049524238824504
combined_unhedged,2018-07-31,USD,0.9733920695552414,0.0,0.0
combined_unhedged,2018-08-31,CAD,0.9885104269987224,0.011541252981673245,0.011408648913014097
combined_unhedged,2018-08-31,EUR,0.032406083655619145,0.0022396425935047033,7.257804524380124e-05
combined_unhedged,2018-08-31,GBP,-0.8063052248431095,0.006841707127351771,-0.005516504203630075
combined_unhedged,2018-08-31,JPY,-0.018873066274842268,-0.022276605042895525,0.0004204278433530527
combined_unhedged,2018-08-31,USD,1.070252214512704,0.0,0.0
combined_unhedged,2018-09-30,CAD,0.8994302369158856,-0.01589223881599955,-0.014293960123398307
combined_unhedged,2018-09-30,EUR,0.07042308553222482,-0.025269271684643633,-0.0017795400811846853
combined_unhedged,2018-09-30,GBP,-0.41088661242537,-0.02121479378008642,0.00871687474960252
combined_unhedged,2018-09-30,JPY,-0.04158560798314652,0.005478497399656667,-0.00022782664519880973
combined_unhedged,2018-09-30,USD,0.9019652671483632,0.0,0.0
combined_unhedged,2018-10-31,CAD,0.8485548922870392,-0.011586211166548564,-0.009831536168445508
combined_unhedged,2018-10-31,EUR,0.09524348295720417,-0.0007945266363675596,-7.567348414991842e-05
combined_unhedged,2018-10-31,GBP,-0.733597886236601,-0.0005479237740307618,0.0004019557224477479
combined_unhedged,2018-10-31,JPY,-0.04154067302062629,-0.006007085201586549,0.0002495383621661498
combined_unhedged,2018-10-31,USD,1.0055227035396295,0.0,0.0
combined_unhedged,2018-11-30,CAD,0.75150273048226,-0.026890129437877497,-0.02020800569558634
combined_unhedged,2018-11-30,EUR,0.09509399003702232,0.01167755488638719,0.0011104652880228848
combined_unhedged,2018-11-30,GBP,-0.8118279005367952,-0.0007049148519818195,0.0005722695443416062
combined_unhedged,2018-11-30,JPY,-0.04127707178728381,0.034405830461395226,-0.001420171933856127
combined_unhedged,2018-11-30,USD,1.0046034400778403,0.0,0.0
combined_unhedged,2018-12-31,CAD,0.1963860212636166,0.0376388514999349,0.007391744291004323
combined_unhedged,2018-12-31,EUR,0.2039891726067807,-0.00017459624662422013,-3.561574388912409e-05
combined_unhedged,2018-12-31,GBP,-0.46966975469485067,0.028730063136949424,-0.013493641705898608
combined_unhedged,2018-12-31,JPY,-0.01688378879501069,0.007870453366138896,-0.00013288307235487007
combined_unhedged,2018-12-31,USD,0.07106496962094119,0.0,0.0
combined_unhedged,2019-01-31,CAD,-0.0481201982230193,-0.0019767359892204333,9.51209276358634e-05
combined_unhedged,2019-01-31,EUR,0.9138855078265034,-0.006569462596794028,-0.00600373666141833
combined_unhedged,2019-01-31,GBP,-0.5169721936329521,0.010526811586230034,-0.005442068877694117
combined_unhedged,2019-01-31,USD,-0.028749179744956582,-0.0,0.0
combined_unhedged,2019-02-28,CAD,-0.07974250811921932,-0.014627419062814838,0.0011664270833797357
combined_unhedged,2019-02-28,EUR,0.8876269984087553,-0.013358892875235425,-0.011857713984909327
combined_unhedged,2019-02-28,GBP,-0.013704097090216062,-0.01839936342398918,0.00025214666276051793
combined_unhedged,2019-02-28,JPY,-0.018263486323119797,0.006304623242797014,-0.00011514440036724644
combined_unhedged,2019-02-28,USD,0.3071236074586479,0.0,0.0
combined_unhedged,2019-03-31,CAD,0.2713503955764481,-0.005002436982071201,-0.0013574132539312736
combined_unhedged,2019-03-31,EUR,0.913640237216532,-0.0024075984700335645,-0.0021996788372836253
combined_unhedged,2019-03-31,GBP,-0.7673658417128102,-0.00015348016299027156,0.00011777543445924903
combined_unhedged,2019-03-31,JPY,0.025891345928383346,-0.0064841725744582135,-0.0001678839551846336
combined_unhedged,2019-03-31,USD,-0.9884712348180917,-0.0,0.0
combined_unhedged,2019-04-30,CAD,-0.5527536782133406,-0.0071243344006518,0.0039380020447821185
combined_unhedged,2019-04-30,EUR,0.12556757809599217,-0.004653252244168086,-0.000584297614569927
combined_unhedged,2019-04-30,GBP,-0.49580665722569517,-0.03197153402368658,0.015851699410661623
combined_unhedged,2019-04-30,JPY,0.025970012086050456,0.02490358636980705,0.0006467464390098905
combined_unhedged,2019-04-30,USD,-0.9677561935418928,-0.0,0.0
combined_unhedged,2019-05-31,CAD,-0.9315202661019168,0.032466968293260845,-0.03024363894406084
combined_unhedged,2019-05-31,EUR,0.14165257218201907,0.019980241099173485,0.002830252544514816
combined_unhedged,2019-05-31,GBP,-0.7678419179407482,0.006634047391712777,-0.005093899672962557
combined_unhedged,2019-05-31,JPY,0.025771014766684513,0.0075750939593799416,0.00019521785828620312
combined_unhedged,2019-05-31,USD,-1.018019302779017,-0.0,0.0
combined_unhedged,2019-06-30,CAD,-0.5882324536266781,-0.003964326301909237,0.0023319453875488456
combined_unhedged,2019-06-30,EUR,0.07001506021294537,-0.021685883597154454,-0.0015183384458256936
combined_unhedged,2019-06-30,GBP,-0.2951839857796552,-0.03884295076133065,0.011465817025172475
combined_unhedged,2019-06-30,JPY,0.0284346413345754,-0.0068385813133087225,-0.0001944526068812631
combined_unhedged,2019-06-30,USD,-1.0934272691952787,-0.0,0.0
combined_unhedged,2019-07-31,CAD,-0.4734305619716016,-0.01112257522528276,0.00526576703947703
combined_unhedged,2019-07-31,EUR,0.06886318748882006,-0.012749392822666461,-0.0008779638283158974
combined_unhedged,2019-07-31,GBP,-0.9339574225829592,-0.004428777844935727,0.0041362899412486845
combined_unhedged,2019-07-31,JPY,0.0478951601549714,0.021221943129403623,0.0010164283649824815
combined_unhedged,2019-07-31,USD,-1.0948956141005646,-0.0,0.0
combined_unhedged,2019-08-31,CAD,-1.1012446090002317,0.003542761780326587,-0.003901447311556717
combined_unhedged,2019-08-31,EUR,0.8159431409579491,-0.0076733728111945945,-0.006261035913307445
combined_unhedged,2019-08-31,GBP,-0.8184704894108177,0.011360507944505605,-0.009298240497294984
combined_unhedged,2019-08-31,USD,-0.2975532791802388,-0.0,0.0
combined_unhedged,2019-09-30,CAD,-0.026002064230731398,0.007503730209860389,-0.0001951124748868694
combined_unhedged,2019-09-30,EUR,0.020090735242096792,0.022666428230903368,0.00045538520847106793
combined_unhedged,2019-09-30,GBP,-0.9352611236673243,0.05024032249079671,-0.04698782046615128
combined_unhedged,2019-09-30,JPY,-0.7502031598454804,0.0001850138765684406,-0.00013879799481690582
combined_unhedged,2019-09-30,USD,-0.9172371290371354,-0.0,0.0
combined_unhedged,2019-10-31,CAD,-0.588665556191388,-0.011121733704228752,0.006546981556812325
combined_unhedged,2019-10-31,EUR,0.04931130481575053,-0.012266772378855734,-0.0006048905518791844
combined_unhedged,2019-10-31,GBP,-1.0481692808492333,-0.0,0.0
combined_unhedged,2019-10-31,JPY,0.02843464133457539,-0.012686325688354037,-0.0003607311208019573
combined_unhedged,2019-10-31,USD,-0.6410568843352731,-0.0,0.0
combined_unhedged,2019-11-30,CAD,-0.11040608854327325,0.025065114433671386,-0.0027673412435111995
combined_unhedged,2019-11-30,EUR,0.049540319154625756,0.018700535971002408,0.0009264305203660185
combined_unhedged,2019-11-30,GBP,-1.0485357715283699,0.025184481220483557,-0.026406829447061467
combined_unhedged,2019-11-30,JPY,0.02850983242164349,0.007334772041705407,0.00020911312175997702
combined_unhedged,2019-11-30,USD,-0.41812692414208164,-0.0,0.0
combined_unhedged,2019-12-31,CAD,-0.7380938180834723,-0.019708834418015967,0.014546968845568355
combined_unhedged,2019-12-31,EUR,-1.5316063256836436,-0.012999421031484463,0.0199099954820466
combined_unhedged,2019-12-31,GBP,-1.8457105216624872,-0.005592517599012081,0.010322168575079229
combined_unhedged,2019-12-31,USD,-0.6385327246535425,-0.0,0.0
combined_unhedged,2020-01-31,CAD,-0.23048118295293607,-0.014344431305262752,0.003306121496024088
combined_unhedged,2020-01-31,EUR,1.6357383021326,-0.007335992687859255,-0.011999764223696066
combined_unhedged,2020-01-31,GBP,-0.13584050329148986,-0.032113027775135757,0.0043622498551880344
combined_unhedged,2020-01-31,JPY,0.048022761422158375,0.003508451572267646,0.0001684855328162056
combined_unhedged,2020-01-31,USD,-0.09135451932564669,-0.0,0.0
combined_unhedged,2020-02-29,CAD,-1.160767852605149,-0.05172940835812379,0.060045834256394204
combined_unhedged,2020-02-29,EUR,1.6097624941339737,0.0013625836690549231,0.002193436085564074
combined_unhedged,2020-02-29,GBP,-0.8186347613380117,-0.02568308572989128,0.021025066756913242
combined_unhedged,2020-02-29,JPY,0.021754745550110456,0.005471843005811827,0.00011903855228158787
combined_unhedged,2020-02-29,USD,-0.20274650212378167,-0.0,0.0
combined_unhedged,2020-03-31,CAD,0.5637851426304077,0.015124780009493355,0.00852712625490575
combined_unhedged,2020-03-31,EUR,-0.8181509002878639,-0.007471560953546189,0.006112864320699465
combined_unhedged,2020-03-31,GBP,-0.16865598808197244,0.011813675069603456,-0.0019924470417433354
combined_unhedged,2020-03-31,JPY,-0.8602837521107495,0.005501948881849294,-0.004733237227998853
combined_unhedged,2020-03-31,USD,0.7016331938602074,0.0,0.0
combined_unhedged,2020-04-30,CAD,0.44282492194811607,0.007359340574219443,0.0032588994153683283
combined_unhedged,2020-04-30,EUR,-0.026259885405899762,0.01569833971217552,-0.00041223660190461454
combined_unhedged,2020-04-30,GBP,-0.06387328856705862,-0.02263157341449004,0.0014455530194302946
combined_unhedged,2020-04-30,JPY,-0.8602942889903794,-0.0077313970881549565,0.006651276760856558
combined_unhedged,2020-04-30,USD,0.36189736591975574,0.0,0.0
combined_unhedged,2020-05-31,CAD,-1.2001362876756452,0.014221878477454375,-0.01706819243970625
combined_unhedged,2020-05-31,GBP,-0.0746202082313416,0.003969384287499045,-0.0002961962820833943
combined_unhedged,2020-05-31,JPY,-0.8277819311204228,-0.0,0.0
combined_unhedged,2020-05-31,USD,0.45660376563201976,0.0,0.0
combined_unhedged,2020-06-30,CAD,0.1056268032039977,0.017038711341236804,0.0017997446096905435
combined_unhedged,2020-06-30,EUR,-0.03018139079482827,0.05075029747641244,-0.0015317145610893909
combined_unhedged,2020-06-30,GBP,-0.03063536158536024,0.05993480421015007,-0.0018361243985257187
combined_unhedged,2020-06-30,JPY,-0.8281542782297532,0.018637860970907028,-0.015435024300107996
combined_unhedged,2020-06-30,USD,0.456557264062119,0.0,0.0
combined_unhedged,2020-07-31,CAD,-0.811371792225847,0.02649863577433431,-0.021500245599761575
combined_unhedged,2020-07-31,GBP,-0.03058950534349468,0.018259146179047392,-0.0005585382496116207
combined_unhedged,2020-07-31,JPY,-0.03007686326361088,-0.0005670541688669317,1.705521070007122e-05
combined_unhedged,2020-07-31,USD,0.4533316989818822,0.0,0.0
combined_unhedged,2020-08-31,CAD,-1.440177621885693,-0.02193053706788639,0.03158386872110466
combined_unhedged,2020-08-31,EUR,-0.8246636708706256,-0.01917855428782858,0.015815856980992294
combined_unhedged,2020-08-31,GBP,-0.7423819365122533,-0.03453339804198696,0.025636970912758735
combined_unhedged,2020-08-31,JPY,-0.03042118979520281,0.0024595604112302993,-7.482275408280401e-05
combined_unhedged,2020-08-31,USD,0.4230310629802115,0.0,0.0
combined_unhedged,2020-09-30,CAD,-1.4783874548147058,-0.0006752954674183466,0.0009983483473245164
combined_unhedged,2020-09-30,EUR,-0.029354694128850098,-0.0065040879691762865,0.0001909255129223037
combined_unhedged,2020-09-30,GBP,0.05319706069824322,0.0009282896930239427,4.938228314534824e-05
combined_unhedged,2020-09-30,USD,0.42262313348149766,0.0,0.0
combined_unhedged,2020-10-31,CAD,-0.2436755038070213,0.0266033778342164,-0.006482591496721224
combined_unhedged,2020-10-31,EUR,-0.029132464782026756,0.025515264233348572,-0.0007433225366821342
combined_unhedged,2020-10-31,GBP,-0.03150232810486848,0.03083491977700742,-0.0009713717599025857
combined_unhedged,2020-10-31,JPY,-0.07404572258569285,0.0015316870695079034,-0.00011341487583687505
combined_unhedged,2020-10-31,USD,0.42563108606439765,0.0,0.0
combined_unhedged,2020-11-30,CAD,-0.24304590953505806,0.017797244566514048,-0.004325547492886277
combined_unhedged,2020-11-30,EUR,-0.029088143054010904,0.023328049345217622,-0.0006785696365247156
combined_unhedged,2020-11-30,GBP,-0.03164089974989439,0.02400115209954301,-0.0007594180474636077
combined_unhedged,2020-11-30,JPY,-0.0740025936730429,0.011466137087644768,-0.0008485238838963833
combined_unhedged,2020-11-30,USD,0.42498927347451815,0.0,0.0
combined_unhedged,2020-12-31,CAD,-0.24312789741622023,-0.0018018728679485008,0.0004380855617956536
combined_unhedged,2020-12-31,EUR,-0.02926567828322133,-0.0077981105205163215,0.0002282169937104343
combined_unhedged,2020-12-31,GBP,-0.07585255315862528,0.004455000977838575,-0.0003379231984932281
combined_unhedged,2020-12-31,JPY,-0.030605532482961682,-0.013953938581265923,0.00042706772051418645
combined_unhedged,2020-12-31,USD,0.4259025196728192,0.0,0.0
combined_unhedged,2021-01-31,CAD,-0.7285834031432978,0.006123910164453184,-0.004461779308161134
combined_unhedged,2021-01-31,EUR,-0.03554728049311271,-0.0034670663754262647,0.00012324478093551705
combined_unhedged,2021-01-31,GBP,-0.038157176461700686,0.016191174089061233,-0.0006178094868384253
combined_unhedged,2021-01-31,JPY,-0.08918437453798368,-0.01893278816156485,0.0016885088704493032
combined_unhedged,2021-01-31,USD,0.5146156613339723,0.0,0.0
combined_unhedged,2021-02-28,CAD,-1.0105379190187758,0.010051926815564051,-0.010157853206329125
combined_unhedged,2021-02-28,EUR,-1.6613146955280005,-0.02936945442019445,0.04879190622790883
combined_unhedged,2021-02-28,GBP,-0.8173470447726678,-0.010958223707308035,0.00895667176312601
combined_unhedged,2021-02-28,JPY,-0.8531802870286368,-0.03655182504370913,0.03118529658221227
combined_unhedged,2021-02-28,USD,-0.25039060060342305,-0.0,0.0
combined_unhedged,2021-03-31,CAD,-0.32369709071457275,0.02252528669985038,-0.007291369772253228
combined_unhedged,2021-03-31,EUR,-1.6720453484996731,0.024146211603643553,-0.040373560795761036
combined_unhedged,2021-03-31,GBP,-0.8203594606895532,0.0031122234073698856,-0.002553141916015363
combined_unhedged,2021-03-31,JPY,-0.0638284717822418,0.011639669467768954,-0.000742942314178112
combined_unhedged,2021-03-31,USD,-0.2115665026452897,-0.0,0.0
combined_unhedged,2021-04-30,CAD,0.47166228047460024,0.016736792355523722,0.007894113650236175
combined_unhedged,2021-04-30,EUR,-1.6921041627342077,0.013540497499036824,-0.02291193218361234
combined_unhedged,2021-04-30,GBP,-0.8165432295448859,0.024978105834756178,-0.020395703206225767
combined_unhedged,2021-04-30,JPY,-0.05574023408623981,-0.004562884353861208,0.0002543362419926648
combined_unhedged,2021-04-30,USD,0.49940971315756694,0.0,0.0
combined_unhedged,2021-05-31,CAD,0.785397786136137,-0.02588850636088247,-0.02033277558220839
combined_unhedged,2021-05-31,EUR,-1.6922023731874152,-0.02878495052012667,0.048709961582240675
combined_unhedged,2021-05-31,GBP,-0.0252455165850634,-0.027293256630091578,0.0006890323629153686
combined_unhedged,2021-05-31,JPY,-0.05577121915115803,-0.011046834540181294,0.000616095430067033
combined_unhedged,2021-05-31,USD,0.28903828386409725,0.0,0.0
combined_unhedged,2021-06-30,CAD,0.7196588555480987,-0.0049859371484562995,-0.003588173822092811
combined_unhedged,2021-06-30,EUR,-0.07898423539865532,0.0013495278701331492,-0.0001065914269716426
combined_unhedged,2021-06-30,GBP,-0.06038224368249687,0.007720374578455814,-0.000466173539116473
combined_unhedged,2021-06-30,JPY,-0.05581885897925459,0.012231183059251194,-0.0006827306823337902
combined_unhedged,2021-06-30,USD,0.7448908892879282,0.0,0.0
combined_unhedged,2021-07-31,CAD,0.6747455174604993,-0.012990818277374139,-0.008765496400802125
combined_unhedged,2021-07-31,EUR,-0.0635969231687741,-0.0054090733640118635,0.000344000423145325
combined_unhedged,2021-07-31,GBP,-0.06709318323917032,-0.012003036370456686,0.0008053219186294763
combined_unhedged,2021-07-31,JPY,-0.06338531422335854,-0.003185440691285457,0.00020191015915700113
combined_unhedged,2021-07-31,USD,0.5672158126704818,0.0,0.0
combined_unhedged,2021-08-31,CAD,0.7184492034529434,-0.00347798943589428,-0.0024987587398359974
combined_unhedged,2021-08-31,EUR,-0.0555793022823294,-0.019079160248027662,0.0010604064147181323
combined_unhedged,2021-08-31,GBP,-0.059218207910808535,-0.020355628067010408,0.001205423815027312
combined_unhedged,2021-08-31,JPY,-0.05554541542654103,-0.013089782927703022,0.0007270774305625088
combined_unhedged,2021-08-31,USD,0.46975000725288796,0.0,0.0
combined_unhedged,2021-09-30,CAD,1.1973383650661613,0.022019238243917355,0.026364478718974297
combined_unhedged,2021-09-30,EUR,-1.6500589683328066,-0.0021617890731209233,0.0035670794477470446
combined_unhedged,2021-09-30,GBP,-0.8477889714270342,0.015908422108033397,-0.013486984815996724
combined_unhedged,2021-09-30,JPY,-0.04957750836129565,-0.022436980769093395,0.0011123696016819575
combined_unhedged,2021-09-30,USD,0.6381479849957558,0.0,0.0
combined_unhedged,2021-10-31,CAD,0.9709228608196655,-0.03292772389090176,-0.03197027988043438
combined_unhedged,2021-10-31,EUR,-0.05052666833679627,-0.023206961176981126,0.0011725704304942324
combined_unhedged,2021-10-31,GBP,0.7844887641885082,-0.03222492809265659,-0.02528009401547171
combined_unhedged,2021-10-31,JPY,-0.04963299576702468,0.007128743060753173,-0.0003538208741585688
combined_unhedged,2021-10-31,USD,0.6410547656759872,0.0,0.0
combined_unhedged,2021-11-30,CAD,0.9712461503795882,0.0027355521377254717,0.0026568944829285174
combined_unhedged,2021-11-30,EUR,-0.04964445474813841,0.002742757746842711,-0.00013616271284823904
combined_unhedged,2021-11-30,GBP,0.5048427099504543,0.018541201006734457,0.009360390161975915
combined_unhedged,2021-11-30,JPY,-0.049574101095300915,-0.017076469072302203,0.0008465506041410889
combined_unhedged,2021-11-30,USD,1.1980754152794715,0.0,0.0
combined_unhedged,2021-12-31,CAD,0.9725227583877993,0.0065172387249077535,0.006338162981819073
combined_unhedged,2021-12-31,EUR,-0.05025343682562763,-0.009409745417790188,0.00047287204689815826
combined_unhedged,2021-12-31,GBP,0.7840144430000148,-0.0045287578794566685,-0.003550611586344148
combined_unhedged,2021-12-31,JPY,-0.04970785719696702,-0.00043404662342094724,2.1575527573834167e-05
combined_unhedged,2021-12-31,USD,1.1164564690346772,0.0,0.0
combined_unhedged,2022-01-31,CAD,0.8759619070932649,0.0025240587623436006,0.0022109793270779663
combined_unhedged,2022-01-31,EUR,-0.06347510559463401,0.001069709497618046,-6.789992331688837e-05
combined_unhedged,2022-01-31,GBP,0.7067036909805808,-0.001489314446106338,-0.0010525040160940483
combined_unhedged,2022-01-31,JPY,-0.04515324332045717,0.0009551513772656505,-4.31281825455457e-05
combined_unhedged,2022-01-31,USD,1.0855035069847185,0.0,0.0
combined_unhedged,2022-02-28,CAD,1.0125418342490755,0.014317775610083463,0.014497346778600585
combined_unhedged,2022-02-28,EUR,-0.0912115811851278,-0.01174006404363734,0.001070829804634827
combined_unhedged,2022-02-28,GBP,0.7061066280277641,-0.020097774804996808,-0.01419117199841765
combined_unhedged,2022-02-28,JPY,-0.045661992633262045,-0.053532120720348964,0.002444383301975469
combined_unhedged,2022-02-28,USD,1.0117294854935612,0.0,0.0
combined_unhedged,2022-03-31,CAD,0.8507886019533456,-0.02531380220796042,-0.02153669439063416
combined_unhedged,2022-03-31,EUR,0.018086481754044294,-0.051421406139131896,-0.0009300323239027102
combined_unhedged,2022-03-31,GBP,0.5893605031171906,-0.045658667318268564,-0.02690941514235519
combined_unhedged,2022-03-31,JPY,-0.08039358150273311,-0.06688260955901537,0.005376932522698179
combined_unhedged,2022-03-31,USD,0.9153066792089368,0.0,0.0
combined_unhedged,2022-04-30,CAD,0.6793090861402178,0.012814137054822483,0.008704759732386963
combined_unhedged,2022-04-30,EUR,0.3999443699156333,0.018243876327599703,0.007296535622660602
combined_unhedged,2022-04-30,GBP,0.5441678282288427,0.004684593107962931,0.0025492048576959926
combined_unhedged,2022-04-30,JPY,-0.07446392240734373,0.01014058308429533,-0.0007551075919541897
combined_unhedged,2022-04-30,USD,0.8492411705190539,0.0,0.0
combined_unhedged,2022-05-31,CAD,0.7631034581468403,-0.018189447002251335,-0.013880429909196672
combined_unhedged,2022-05-31,EUR,-0.2660054546685114,-0.02471823960777249,0.006575186565470729
combined_unhedged,2022-05-31,GBP,0.34655647164371894,-0.03728342740560045,-0.012920813052469626
combined_unhedged,2022-05-31,JPY,-0.0746548739819069,-0.054210532035821046,0.004047080437626347
combined_unhedged,2022-05-31,USD,0.7866889062871115,0.0,0.0
combined_unhedged,2022-06-30,CAD,0.6340178178387997,0.005453425793268019,0.003457569121193615
combined_unhedged,2022-06-30,EUR,0.5477096186593404,-0.02583472983648303,-0.014149930026907204
combined_unhedged,2022-06-30,GBP,0.24644742117025442,0.001725200674352417,0.0004251712571953371
combined_unhedged,2022-06-30,JPY,-0.8665793488466639,0.018145809111906882,-0.015724783444492126
combined_unhedged,2022-06-30,USD,1.3944198244742871,0.0,0.0
combined_unhedged,2022-07-31,CAD,0.8802471450736166,-0.022401678323989375,-0.019719013389549168
combined_unhedged,2022-07-31,EUR,-0.4565860260466783,-0.013519720408980048,0.006172915414798373
combined_unhedged,2022-07-31,GBP,1.470101584921978,-0.0449929012517555,-0.06614413544044381
combined_unhedged,2022-07-31,USD,1.2795335632673965,0.0,0.0
combined_unhedged,2022-08-31,CAD,1.1465195776662327,-0.04925929688258612,-0.05647674825795822
combined_unhedged,2022-08-31,EUR,2.582690435336358,-0.02841787361646304,-0.07339457038183653
combined_unhedged,2022-08-31,GBP,0.6328028716967142,-0.045045146359198894,-0.02850469797209985
combined_unhedged,2022-08-31,JPY,-0.05037587254060665,-0.042490513081657966,0.002140496671186581
combined_unhedged,2022-08-31,USD,0.6185562674811255,0.0,0.0
combined_unhedged,2022-09-30,CAD,0.8339339198454946,0.008250932135810074,0.006880732178395253
combined_unhedged,2022-09-30,EUR,2.8350878024266115,0.010372271147288559,0.02940629941313927
combined_unhedged,2022-09-30,GBP,-0.06329217698252917,0.033647043511332526,-0.002129594632858118
combined_unhedged,2022-09-30,JPY,-0.8326897679285739,-0.026728256410901704,0.022256345627929157
combined_unhedged,2022-09-30,USD,-0.2487966833695315,-0.0,0.0
combined_unhedged,2022-10-31,CAD,-0.16714398554646462,0.007432789858322132,-0.0012423461206493031
combined_unhedged,2022-10-31,EUR,2.84568903503768,0.04335595886087275,0.12337757673393032
combined_unhedged,2022-10-31,GBP,-0.06477607129509347,0.03808442534971674,-0.0024669594516859164
combined_unhedged,2022-10-31,JPY,-0.03619055976028264,0.06475833044266999,-0.0023436402278615787
combined_unhedged,2022-10-31,USD,0.6219180716292145,0.0,0.0
combined_unhedged,2022-11-30,CAD,0.6534414812797426,0.0004432951679538277,0.0002896674511919014
combined_unhedged,2022-11-30,EUR,2.3698335840339007,0.035682392625605415,0.0845613324028433
combined_unhedged,2022-11-30,GBP,1.5257475083495677,0.009567858670872979,0.014598136527325256
combined_unhedged,2022-11-30,JPY,0.08625752360748001,0.05534017399375912,0.004773506364708729
combined_unhedged,2022-11-30,USD,0.7135636167759317,0.0,0.0
combined_unhedged,2022-12-31,CAD,-0.15493916299317653,0.014815085785140684,-0.0022954369912218052
combined_unhedged,2022-12-31,EUR,1.9147849014287,0.014845327374200995,0.028425608712886234
combined_unhedged,2022-12-31,GBP,-0.5893411804224111,0.020245763441183257,-0.011931662124979836
combined_unhedged,2022-12-31,JPY,-0.6471023200222294,0.012520203246005225,-0.008101852567639829
combined_unhedged,2022-12-31,USD,-0.13904263270033607,-0.0,0.0
combined_unhedged,2023-01-31,CAD,-0.11903255749926299,-0.021003406697696958,0.0025000892154240185
combined_unhedged,2023-01-31,EUR,2.2767402473574943,-0.023859472917645053,-0.054321822272338637
combined_unhedged,2023-01-31,GBP,0.12251283117463259,-0.01892180793128298,-0.0023181642606040958
combined_unhedged,2023-01-31,JPY,-0.6704548221847771,-0.04447514309385703,0.02981857415463443
combined_unhedged,2023-01-31,USD,0.6889492322518374,0.0,0.0
combined_unhedged,2023-02-28,CAD,-0.11490349788920134,0.006705747098473102,-0.0007705137975749221
combined_unhedged,2023-02-28,EUR,2.2464750029772618,0.025148014283228163,0.05649438546178721
combined_unhedged,2023-02-28,GBP,0.11505783776205923,0.022566569589734266,0.0025964607027018647
combined_unhedged,2023-02-28,JPY,0.9762774101821216,0.024848771450177942,0.024259294237587162
combined_unhedged,2023-02-28,USD,-0.12130008921111488,-0.0,0.0
combined_unhedged,2023-03-31,CAD,-0.020988952457157928,-0.00199431317715332,4.185854445995461e-05
combined_unhedged,2023-03-31,EUR,-1.1079996726507648,0.015334364000106791,-0.016990470292425997
combined_unhedged,2023-03-31,GBP,-0.46625967703028165,0.017073878754965164,-0.007960861193944244
combined_unhedged,2023-03-31,JPY,0.9171974893083035,-0.02411369349881998,-0.022117019135067646
combined_unhedged,2023-03-31,USD,-0.7374647837032451,-0.0,0.0
combined_unhedged,2023-04-30,CAD,-0.020608036354663656,-0.00265291238863902,5.467131495081053e-05
combined_unhedged,2023-04-30,EUR,-1.3099611513147762,-0.03558963235414203,0.046621035773501504
combined_unhedged,2023-04-30,GBP,0.09000949158061203,-0.014893381222336077,-0.0013405456717387044
combined_unhedged,2023-04-30,JPY,0.9171170651126874,-0.02748840442811495,-0.025210084793743384
combined_unhedged,2023-04-30,USD,-0.737558858553454,-0.0,0.0
combined_unhedged,2023-05-31,CAD,-0.022663910569571552,0.026548912017002168,-0.0006017021676727606
combined_unhedged,2023-05-31,EUR,-1.3281249878978074,0.024660561821951754,-0.032752308371332806
combined_unhedged,2023-05-31,GBP,0.4626062131255996,0.024936563974431475,0.011535809428575995
combined_unhedged,2023-05-31,JPY,0.1221656652962441,-0.03300211549230703,-0.004031725395301173
combined_unhedged,2023-05-31,USD,-0.7400261080837909,-0.0,0.0
combined_unhedged,2023-06-30,CAD,-0.02351590232362752,0.005456212384164161,-0.00012830775748297123
combined_unhedged,2023-06-30,EUR,0.21597670973560557,0.009115833408009451,0.001968807705959793
combined_unhedged,2023-06-30,GBP,1.4293264943966026,0.011578006202178527,0.016548751017061956
combined_unhedged,2023-06-30,JPY,0.07062978185141053,0.01597801303995272,0.0011285235754308533
combined_unhedged,2023-06-30,USD,-1.693802343105677e-05,-0.0,0.0
combined_unhedged,2023-07-31,CAD,-0.02444426803128441,-0.02839248361580272,0.0006940334795785329
combined_unhedged,2023-07-31,EUR,-1.410996301369872,-0.016561062891155567,0.023367598486174344
combined_unhedged,2023-07-31,GBP,0.4640557009039877,-0.014888223600616422,-0.006908965038199345
combined_unhedged,2023-07-31,JPY,-0.6700754634688306,-0.02431857491801548,0.0162952803590907
combined_unhedged,2023-07-31,USD,-0.3714898250582573,-0.0,0.0
combined_unhedged,2023-08-31,CAD,-0.02283267266050519,0.000295486446709403,-6.74674531333161e-06
combined_unhedged,2023-08-31,EUR,-1.2270214028335205,-0.023807314020958373,0.029212083847694484
combined_unhedged,2023-08-31,GBP,-0.20965499797429954,-0.036417351700552346,0.0076350797970086565
combined_unhedged,2023-08-31,JPY,-0.610303074146,-0.025415620333949285,0.015511231221136837
combined_unhedged,2023-08-31,USD,-0.34644917739238956,-0.0,0.0
combined_unhedged,2023-09-30,CAD,-0.7463069001100803,-0.025025929411092492,0.018677023801166124
combined_unhedged,2023-09-30,EUR,-1.339355028129514,-0.0015128595926304084,0.0020262561022435055
combined_unhedged,2023-09-30,GBP,-0.5532483892404741,-0.006488995622378312,0.0035900263758692893
combined_unhedged,2023-09-30,JPY,-0.6083701268793542,-0.013493507932374804,0.008209047132866432
combined_unhedged,2023-09-30,USD,-0.7364909077261739,-0.0,0.0
combined_unhedged,2023-10-31,CAD,-0.7622512682650184,0.021191399235170494,-0.01615317094331905
combined_unhedged,2023-10-31,EUR,-1.3360287637599042,0.031665897763317914,-0.04230655024207315
combined_unhedged,2023-10-31,GBP,-0.5521598871959554,0.04077254954014664,-0.022512966354778875
combined_unhedged,2023-10-31,JPY,-0.4945075072875233,0.023988054300280833,-0.011862272936709628
combined_unhedged,2023-10-31,USD,-1.0233873946664855,-0.0,0.0
combined_unhedged,2023-11-30,CAD,-0.27636239153110076,0.028745119975607414,-0.007944070101307281
combined_unhedged,2023-11-30,EUR,-1.2396039048660346,0.014019346589144265,-0.017378436775573554
combined_unhedged,2023-11-30,GBP,-0.5532613494284678,0.008115712511430728,-0.004490110055647665
combined_unhedged,2023-11-30,JPY,0.9768324345211998,0.048141155912358784,0.04702584253053409
combined_unhedged,2023-11-30,USD,-0.5965192883914473,-0.0,0.0
combined_unhedged,2023-12-31,CAD,-0.6208065418016534,-0.013691630417943745,0.008499853731389983
combined_unhedged,2023-12-31,EUR,-1.1890011085772119,-0.018890008242231263,0.02246024074104564
combined_unhedged,2023-12-31,GBP,-0.552954077342667,-0.0007850526388435141,0.0004340980575771413
combined_unhedged,2023-12-31,JPY,0.9769028463503844,-0.037193506369767704,-0.03633444223837722
combined_unhedged,2023-12-31,USD,-0.5959159529120888,-0.0,0.0
combined_unhedged,2024-01-31,CAD,-0.27585480341666313,-0.013654115365024366,0.003766553309847236
combined_unhedged,2024-01-31,EUR,-1.260619224549032,-0.004431731009226517,0.00558672530826103
combined_unhedged,2024-01-31,GBP,-0.55260447105402,-0.007963771637957529,0.004400815813588526
combined_unhedged,2024-01-31,JPY,0.1840606691308165,-0.02458254526574688,-0.004524679730551956
combined_unhedged,2024-01-31,USD,-0.5951827630676924,-0.0,0.0
combined_unhedged,2024-02-29,CAD,-0.2762397735665867,0.0020658115654181852,-0.0005706593190623555
combined_unhedged,2024-02-29,EUR,-1.2659184791772178,-0.0014816189394320364,0.0018756087945259658
combined_unhedged,2024-02-29,GBP,-0.5535576988858707,0.00039574182320267775,-0.00021906593300497336
combined_unhedged,2024-02-29,JPY,0.9786402969692892,-0.00876732502157207,-0.00858005756273757
combined_unhedged,2024-02-29,USD,-0.5966919303753339,-0.0,0.0
combined_unhedged,2024-03-31,CAD,-0.6208682632274791,-0.015245091503458428,0.009465193484496233
combined_unhedged,2024-03-31,EUR,-1.2862385349317573,-0.009965158133882074,0.012817570398487764
combined_unhedged,2024-03-31,GBP,-0.5536442186765249,-0.009781001200371927,0.005415194767454067
combined_unhedged,2024-03-31,JPY,0.2957143326378145,-0.040943664145054015,-0.012107628318401462
combined_unhedged,2024-03-31,USD,-0.4769795748800205,-0.0,0.0
combined_unhedged,2024-04-30,CAD,-0.6215206843070823,0.007446920594355532,-0.004628415183784354
combined_unhedged,2024-04-30,EUR,-1.3761696112808497,0.015049053171154457,-0.020710049652692467
combined_unhedged,2024-04-30,GBP,-0.2078216503453954,0.017741634373002274,-0.003687095735221927
combined_unhedged,2024-04-30,JPY,0.4643750654878602,0.0022241295350315933,0.0010328302984837802
combined_unhedged,2024-04-30,USD,-0.4764221229108225,-0.0,0.0
combined_unhedged,2024-05-31,CAD,-0.5988312172639337,-0.002780828722126372,0.0016652470486734447
combined_unhedged,2024-05-31,EUR,-1.2024635753368766,-0.012525097636376369,0.015060973685280591
combined_unhedged,2024-05-31,GBP,-0.5185888772713929,-0.007723263230462713,0.004005198407557089
combined_unhedged,2024-05-31,JPY,0.7506491984723571,-0.02320348072425027,-0.017417674207427254
combined_unhedged,2024-05-31,USD,-0.5597325893690243,-0.0,0.0
combined_unhedged,2024-06-30,CAD,-0.6374086317512152,-0.008876013165925567,0.0056576474074983875
combined_unhedged,2024-06-30,EUR,-1.189657638611071,0.010402248530516855,-0.012375114423060166
combined_unhedged,2024-06-30,GBP,-0.5528833552609457,0.01569890954310377,-0.008679665782129291
combined_unhedged,2024-06-30,JPY,0.46636741203401694,0.06749332151451613,0.03147668568430473
combined_unhedged,2024-06-30,USD,-0.5966950408732927,-0.0,0.0
combined_unhedged,2024-07-31,CAD,-0.5785135494246396,0.022932247832633645,-0.013266616089942389
combined_unhedged,2024-07-31,EUR,-1.1791214025029795,0.02166149678117943,-0.025541534464938065
combined_unhedged,2024-07-31,GBP,-0.5175166485045114,0.022486701377531032,-0.011637242332821639
combined_unhedged,2024-07-31,JPY,1.5451944541038147,0.029901326649756747,0.046203364109550726
combined_unhedged,2024-07-31,USD,-0.576375913199721,-0.0,0.0
combined_unhedged,2024-08-31,CAD,-0.5772723600848357,-0.001333136029171733,0.0007695825818740927
combined_unhedged,2024-08-31,EUR,-1.1759485336412159,0.007655970743643395,-0.009003027569587499
combined_unhedged,2024-08-31,GBP,-0.5171298401710118,0.020128077667124877,-0.01040882958695
combined_unhedged,2024-08-31,JPY,1.5441287896765432,0.018672741705274554,0.02883311804930831
combined_unhedged,2024-08-31,USD,-0.5745348887697668,-0.0,0.0
combined_unhedged,2024-09-30,CAD,-0.591198218387626,-0.03118649826992737,0.01843740221492984
combined_unhedged,2024-09-30,EUR,-1.9529748519897452,-0.026365163507577147,0.05149050129889591
combined_unhedged,2024-09-30,GBP,-0.516316461305476,-0.04136944887125954,0.021359727447366545
combined_unhedged,2024-09-30,JPY,1.5446700578482448,-0.06158914983686881,-0.09513491564134037
combined_unhedged,2024-09-30,USD,-0.5728814738698843,-0.0,0.0
combined_unhedged,2024-10-31,CAD,-0.5919729813376287,-0.005366163200592855,0.003176623628199224
combined_unhedged,2024-10-31,EUR,-1.8564939331437778,-0.028784344035777933,0.05343796007194501
combined_unhedged,2024-10-31,GBP,-0.5361914534600823,-0.01228737822831516,0.006588387191454077
combined_unhedged,2024-10-31,JPY,0.7501958654406367,0.0128156067645957,0.009614215207912748
combined_unhedged,2024-10-31,USD,-0.5747811441250323,-0.0,0.0
combined_unhedged,2024-11-30,CAD,-0.5916041936900096,-0.027171376633612798,0.016074700364776068
combined_unhedged,2024-11-30,EUR,-1.9204570993601742,-0.01875832589286411,0.036024560133062655
combined_unhedged,2024-11-30,GBP,-0.5161614156157177,-0.014116015520085734,0.007286142553700894
combined_unhedged,2024-11-30,JPY,0.7522123783658378,-0.04523482194565087,-0.03402619300069323
combined_unhedged,2024-11-30,USD,-0.5750212155238403,-0.0,0.0
combined_unhedged,2024-12-31,CAD,-0.5909317198832779,-0.004088851464034315,0.0024162320279890567
combined_unhedged,2024-12-31,EUR,-2.790847150535246,0.004722672745713975,-0.013180257775286312
combined_unhedged,2024-12-31,GBP,-0.6301519120394475,-0.005927604667970155,0.0037352914153353477
combined_unhedged,2024-12-31,JPY,0.7523536592066042,0.0157554174945016,0.011853646004316027
combined_unhedged,2024-12-31,USD,-0.9377598542483596,-0.0,0.0
combined_unhedged,2025-01-31,CAD,-0.5893365820145658,0.0017998066605629526,-0.0010606919056232204
combined_unhedged,2025-01-31,EUR,-2.702168224166542,0.00019228920355372767,-0.0005195977756931751
combined_unhedged,2025-01-31,GBP,-0.6287980915931402,0.011502643000723121,-0.00723283996713189
combined_unhedged,2025-01-31,JPY,0.440338569111165,0.02795141876937457,0.012308087745533358
combined_unhedged,2025-01-31,USD,-0.20587542389338623,-0.0,0.0
combined_unhedged,2025-02-28,CAD,-0.5888549473969047,0.0037484425398225385,-0.0022072889346075207
combined_unhedged,2025-02-28,EUR,-2.541370867785356,0.037177599804877386,-0.09448206907829793
combined_unhedged,2025-02-28,GBP,-0.53376283051895,0.023934912744708936,-0.012775566774839932
combined_unhedged,2025-02-28,JPY,0.755415939251889,0.004924479240345114,0.003720030110671733
combined_unhedged,2025-02-28,USD,-0.6434446169583187,-0.0,0.0
combined_unhedged,2025-03-31,CAD,-0.5882236083829379,0.040593098911588466,-0.023877819117220075
combined_unhedged,2025-03-31,EUR,-2.3192170889734918,0.04995393916324377,-0.11585402936893711
combined_unhedged,2025-03-31,GBP,-0.5583370937555379,0.03414965985211843,-0.019067021834571974
combined_unhedged,2025-03-31,JPY,0.7568103593410987,0.049714540573220674,0.03762447931569677
combined_unhedged,2025-03-31,USD,-0.6860622644856926,-0.0,0.0
combined_unhedged,2025-04-30,CAD,-0.5386838479122451,0.004355091444732283,-0.002346017417458085
combined_unhedged,2025-04-30,EUR,-2.3166168843482224,-0.0001762425101494991,0.0004082863747522426
combined_unhedged,2025-04-30,GBP,-0.6256098294043217,0.009249655682437073,-0.005786675513538173
combined_unhedged,2025-04-30,JPY,0.33599264696969167,-0.01080865444110124,-0.0036316284158463188
combined_unhedged,2025-04-30,USD,-0.6405241969468255,-0.0,0.0
combined_unhedged,2025-05-31,CAD,-0.43002026125683546,0.00928131776791663,-0.003991154691367218
combined_unhedged,2025-05-31,EUR,-1.5940947500280451,0.036600529463333004,-0.05834471186574592
combined_unhedged,2025-05-31,GBP,-0.5051558796954577,0.018683882969871113,-0.009438273337772224
combined_unhedged,2025-05-31,JPY,0.4434129749866255,6.936015261960192e-05,3.075519161858408e-05
combined_unhedged,2025-05-31,USD,-0.6622124626975829,-0.0,0.0
combined_unhedged,2025-06-30,CAD,-0.4300296701014313,-0.01638485590155886,0.007045974178006845
combined_unhedged,2025-06-30,EUR,-0.5854874617988183,-0.029224958228544044,0.01711084661440674
combined_unhedged,2025-06-30,GBP,-0.6259007711849677,-0.03726954984515885,0.023327039989801516
combined_unhedged,2025-06-30,JPY,0.3373833613905637,-0.04363415654198022,-0.01472143840557534
combined_unhedged,2025-06-30,USD,-0.6852855189428246,-0.0,0.0
combined_unhedged,2025-07-31,CAD,-0.3798950984637287,0.008632312136482355,-0.0032793730690586047
combined_unhedged,2025-07-31,EUR,-0.478324460221266,0.022832436992500982,-0.010921313099974099
combined_unhedged,2025-07-31,GBP,-0.6264690358849706,0.021773334054281723,-0.013640319592987268
combined_unhedged,2025-07-31,JPY,0.4446408396005588,0.02487523218596088,0.011060544124424488
combined_unhedged,2025-07-31,USD,-0.6870083863796972,-0.0,0.0
combined_unhedged,2025-08-31,CAD,-0.49763196827294426,-0.014537557584512027,0.0072343533946619895
combined_unhedged,2025-08-31,EUR,-0.5994864030823918,0.0034144292668444876,-0.00204690391975985
combined_unhedged,2025-08-31,GBP,-0.5048993792561566,-0.005045644005706341,0.0025475425264286787
combined_unhedged,2025-08-31,JPY,0.7595841827787524,-0.0072574673346110785,-0.0055126573944040465
combined_unhedged,2025-08-31,USD,-0.7361340868247607,-0.0,0.0
combined_unhedged,2025-09-30,CAD,-0.4964350830259772,-0.00594195827796068,0.0029497965510563028
combined_unhedged,2025-09-30,EUR,-0.5081414247933645,-0.016669916864719164,0.008470675306825333
combined_unhedged,2025-09-30,GBP,-0.5051516753961203,-0.02272141081061463,0.011477758738345499
combined_unhedged,2025-09-30,JPY,0.7604609557371397,-0.04026767452823421,-0.030621994257053062
combined_unhedged,2025-09-30,USD,-0.7355498829911209,-0.0,0.0
combined_unhedged,2025-10-31,CAD,0.2086788696719046,0.0025729002186567485,0.0005369099094078865
combined_unhedged,2025-10-31,EUR,-0.6358215571696882,0.005099185674051238,-0.0032421721755726243
combined_unhedged,2025-10-31,GBP,-0.6464790801719581,0.007429905294018878,-0.0048032783402420865
combined_unhedged,2025-10-31,JPY,0.7441883514841298,-0.013667932457076759,-0.010171516123428384
combined_unhedged,2025-10-31,USD,-0.6838887351483519,-0.0,0.0
combined_unhedged,2025-11-30,CAD,0.18700301783358217,0.018927098274834908,0.003539424496226915
combined_unhedged,2025-11-30,EUR,-0.31719024131256984,0.011655942728361677,-0.003697151286734534
combined_unhedged,2025-11-30,GBP,-0.5770082141434706,0.015589013886212977,-0.008994989062741513
combined_unhedged,2025-11-30,JPY,0.7455812991399754,-0.004025950416553847,-0.003001673341847343
combined_unhedged,2025-11-30,USD,-0.7342218581759139,-0.0,0.0
combined_unhedged,2025-12-31,CAD,0.6667161010940084,0.01136834275817178,0.007579457159628595
combined_unhedged,2025-12-31,EUR,-0.41064821315185085,0.012616059971476579,-0.005180762484303447
combined_unhedged,2025-12-31,GBP,-0.6160721702408836,0.02075435107373497,-0.012786178107937115
combined_unhedged,2025-12-31,JPY,0.43347579072911796,0.01581314688685076,0.0068546163506933225
combined_unhedged,2025-12-31,USD,-0.6834406335542756,-0.0,0.0
combined_unhedged,2026-01-31,CAD,0.6662686964317247,-0.005516950989707725,-0.0036757717441902797
combined_unhedged,2026-01-31,EUR,-0.659895893852101,-0.005314898409979479,0.003507279636986519
combined_unhedged,2026-01-31,GBP,-0.6162499774714192,-0.02015959973659881,0.012423352883511844
combined_unhedged,2026-01-31,JPY,0.7498109275648551,-0.011018507687331258,-0.008261797469418337
combined_unhedged,2026-01-31,USD,-0.6838112224177689,-0.0,0.0
combined_unhedged,2026-02-28,CAD,0.6862240162073283,-0.023274568823109628,-0.01597156809328816
combined_unhedged,2026-02-28,EUR,-0.637475619107086,-0.026051173317697098,0.016606987839164956
combined_unhedged,2026-02-28,GBP,-0.5757495122701286,-0.020346811011753174,0.011714666516269371
combined_unhedged,2026-02-28,JPY,1.5414114288102778,-0.01923075162270127,-0.029642500335843532
combined_unhedged,2026-02-28,USD,0.11622185062960819,0.0,0.0
combined_unhedged,2026-03-31,CAD,1.3470864832315095,0.024816249560132952,0.03342963434695499
combined_unhedged,2026-03-31,EUR,2.6750132982099104,0.018153378454887487,0.0485605287742613
combined_unhedged,2026-03-31,GBP,0.2754447151882784,0.029594148963434264,0.008151551932472636
combined_unhedged,2026-03-31,JPY,-0.16208813493660107,0.015329368400397664,-0.002484708733776525
combined_unhedged,2026-03-31,USD,-0.6123560202795305,-0.0,0.0
combined_unhedged,2026-04-30,CAD,1.3477107379842697,-0.012630209875691913,-0.017021869472464958
combined_unhedged,2026-04-30,EUR,2.6760354023331923,-0.00427205024293975,-0.011432157690652887
combined_unhedged,2026-04-30,GBP,0.43968386874003657,-0.0076877965862438,-0.00338020014512612
combined_unhedged,2026-04-30,JPY,-0.47561949051122193,-0.0162718459292428,0.007739207070543562
combined_unhedged,2026-04-30,USD,-0.6133999964615355,-0.0,0.0
combined_unhedged,2026-05-31,CAD,1.2001193374256462,-0.030085516080522845,-0.0361062096246657
combined_unhedged,2026-05-31,EUR,1.713273436583048,-0.022688884602238252,-0.03887226329471293
combined_unhedged,2026-05-31,GBP,0.2751003904711059,-0.016233758411724582,-0.0044659132778790325
combined_unhedged,2026-05-31,JPY,-0.07491256211911729,-0.021004997969296158,0.001573538215186831
combined_unhedged,2026-05-31,USD,-0.01708966300998362,-0.0,0.0
combined_unhedged,2026-06-30,CAD,1.3473301025680222,0.012538683028219588,0.01689374509047902
combined_unhedged,2026-06-30,EUR,1.0647320314215947,0.008894373250179222,0.009470124098885214
combined_unhedged,2026-06-30,GBP,0.3007959016761095,0.01578842328969082,0.004749093019466637
combined_unhedged,2026-06-30,JPY,-0.6826024462978532,0.02144471027890305,-0.014638211696527938
combined_unhedged,2026-06-30,USD,0.3051260389397552,0.0,0.0
combined_unhedged,2026-07-31,CAD,0.5122961345720274,0.011904048782138688,0.0060983981768465
combined_unhedged,2026-07-31,EUR,1.3071310836711951,0.008471696586968419,0.011073617940257595
combined_unhedged,2026-07-31,GBP,0.43912811811585584,0.0059215569034373194,0.0026003221393223848
combined_unhedged,2026-07-31,JPY,0.3992518860122879,-0.0036375079305148716,-0.0014522819016427168
combined_unhedged,2026-07-31,USD,0.4263252818531085,0.0,0.0

variant,n_months,beta,alpha_ann,r_squared,sd_book,sd_fx_term,mean_abs_net_notional,max_abs_net_notional
carry_unhedged,348,0.9564441833444982,-0.005602964238807643,0.9526940922330615,0.031957011829281734,0.03261243820202484,1.8601554220394445,3.390821731045656
overlay_unhedged,348,0.9443449219615813,-0.0005475021051889224,0.9605039329678822,0.02631468747501273,0.027309713302389738,1.4158949562820538,4.016005560869587
combined_unhedged,348,0.9405222138947569,-0.005476545443952636,0.9594364276989482,0.04462945860979041,0.046479416027919884,2.292375881136889,4.93904949956872
