date,n_universe,n_eligible,n_below_floor,n_missing_input,n_not_in_universe,eligible_buckets
1962-01-31,7,7,0,0,0,US:1;US:2;US:3;US:5;US:7;US:10;US:20
1962-02-28,7,7,0,0,0,US:1;US:2;US:3;US:5;US:7;US:10;US:20
1962-03-31,7,7,0,0,0,US:1;US:2;US:3;US:5;US:7;US:10;US:20
1962-04-30,7,7,0,0,0,US:1;US:2;US:3;US:5;US:7;US:10;US:20
1962-05-31,7,7,0,0,0,US:1;US:2;US:3;US:5;US:7;US:10;US:20
1962-06-30,7,7,0,0,0,US:1;US:2;US:3;US:5;US:7;US:10;US:20
1962-07-31,7,7,0,0,0,US:1;US:2;US:3;US:5;US:7;US:10;US:20
1962-08-31,7,7,0,0,0,US:1;US:2;US:3;US:5;US:7;US:10;US:20
1962-09-30,7,7,0,0,0,US:1;US:2;US:3;US:5;US:7;US:10;US:20
1962-10-31,7,7,0,0,0,US:1;US:2;US:3;US:5;US:7;US:10;US:20
1962-11-30,7,7,0,0,0,US:1;US:2;US:3;US:5;US:7;US:10;US:20
1962-12-31,7,7,0,0,0,US:1;US:2;US:3;US:5;US:7;US:10;US:20
1963-01-31,7,7,0,0,0,US:1;US:2;US:3;US:5;US:7;US:10;US:20
1963-02-28,7,7,0,0,0,US:1;US:2;US:3;US:5;US:7;US:10;US:20
1963-03-31,7,7,0,0,0,US:1;US:2;US:3;US:5;US:7;US:10;US:20
1963-04-30,7,7,0,0,0,US:1;US:2;US:3;US:5;US:7;US:10;US:20
1963-05-31,7,7,0,0,0,US:1;US:2;US:3;US:5;US:7;US:10;US:20
1963-06-30,7,7,0,0,0,US:1;US:2;US:3;US:5;US:7;US:10;US:20
1963-07-31,7,7,0,0,0,US:1;US:2;US:3;US:5;US:7;US:10;US:20
1963-08-31,7,7,0,0,0,US:1;US:2;US:3;US:5;US:7;US:10;US:20
1963-09-30,7,7,0,0,0,US:1;US:2;US:3;US:5;US:7;US:10;US:20
1963-10-31,7,7,0,0,0,US:1;US:2;US:3;US:5;US:7;US:10;US:20
1963-11-30,7,7,0,0,0,US:1;US:2;US:3;US:5;US:7;US:10;US:20
1963-12-31,7,7,0,0,0,US:1;US:2;US:3;US:5;US:7;US:10;US:20
1964-01-31,7,7,0,0,0,US:1;US:2;US:3;US:5;US:7;US:10;US:20
1964-02-29,7,7,0,0,0,US:1;US:2;US:3;US:5;US:7;US:10;US:20
1964-03-31,7,7,0,0,0,US:1;US:2;US:3;US:5;US:7;US:10;US:20
1964-04-30,7,7,0,0,0,US:1;US:2;US:3;US:5;US:7;US:10;US:20
1964-05-31,7,7,0,0,0,US:1;US:2;US:3;US:5;US:7;US:10;US:20
1964-06-30,7,7,0,0,0,US:1;US:2;US:3;US:5;US:7;US:10;US:20
1964-07-31,7,7,0,0,0,US:1;US:2;US:3;US:5;US:7;US:10;US:20
1964-08-31,7,7,0,0,0,US:1;US:2;US:3;US:5;US:7;US:10;US:20
1964-09-30,7,7,0,0,0,US:1;US:2;US:3;US:5;US:7;US:10;US:20
1964-10-31,7,7,0,0,0,US:1;US:2;US:3;US:5;US:7;US:10;US:20
1964-11-30,7,7,0,0,0,US:1;US:2;US:3;US:5;US:7;US:10;US:20
1964-12-31,7,7,0,0,0,US:1;US:2;US:3;US:5;US:7;US:10;US:20
1965-01-31,7,7,0,0,0,US:1;US:2;US:3;US:5;US:7;US:10;US:20
1965-02-28,7,7,0,0,0,US:1;US:2;US:3;US:5;US:7;US:10;US:20
1965-03-31,7,7,0,0,0,US:1;US:2;US:3;US:5;US:7;US:10;US:20
1965-04-30,7,7,0,0,0,US:1;US:2;US:3;US:5;US:7;US:10;US:20
1965-05-31,7,7,0,0,0,US:1;US:2;US:3;US:5;US:7;US:10;US:20
1965-06-30,7,7,0,0,0,US:1;US:2;US:3;US:5;US:7;US:10;US:20
1965-07-31,7,7,0,0,0,US:1;US:2;US:3;US:5;US:7;US:10;US:20
1965-08-31,7,7,0,0,0,US:1;US:2;US:3;US:5;US:7;US:10;US:20
1965-09-30,7,7,0,0,0,US:1;US:2;US:3;US:5;US:7;US:10;US:20
1965-10-31,7,7,0,0,0,US:1;US:2;US:3;US:5;US:7;US:10;US:20
1965-11-30,7,7,0,0,0,US:1;US:2;US:3;US:5;US:7;US:10;US:20
1965-12-31,7,7,0,0,0,US:1;US:2;US:3;US:5;US:7;US:10;US:20
1966-01-31,7,7,0,0,0,US:1;US:2;US:3;US:5;US:7;US:10;US:20
1966-02-28,7,7,0,0,0,US:1;US:2;US:3;US:5;US:7;US:10;US:20
1966-03-31,7,7,0,0,0,US:1;US:2;US:3;US:5;US:7;US:10;US:20
1966-04-30,7,7,0,0,0,US:1;US:2;US:3;US:5;US:7;US:10;US:20
1966-05-31,7,7,0,0,0,US:1;US:2;US:3;US:5;US:7;US:10;US:20
1966-06-30,7,7,0,0,0,US:1;US:2;US:3;US:5;US:7;US:10;US:20
1966-07-31,7,7,0,0,0,US:1;US:2;US:3;US:5;US:7;US:10;US:20
1966-08-31,7,7,0,0,0,US:1;US:2;US:3;US:5;US:7;US:10;US:20
1966-09-30,7,7,0,0,0,US:1;US:2;US:3;US:5;US:7;US:10;US:20
1966-10-31,7,7,0,0,0,US:1;US:2;US:3;US:5;US:7;US:10;US:20
1966-11-30,7,7,0,0,0,US:1;US:2;US:3;US:5;US:7;US:10;US:20
1966-12-31,7,7,0,0,0,US:1;US:2;US:3;US:5;US:7;US:10;US:20
1967-01-31,7,7,0,0,0,US:1;US:2;US:3;US:5;US:7;US:10;US:20
1967-02-28,7,7,0,0,0,US:1;US:2;US:3;US:5;US:7;US:10;US:20
1967-03-31,7,7,0,0,0,US:1;US:2;US:3;US:5;US:7;US:10;US:20
1967-04-30,7,7,0,0,0,US:1;US:2;US:3;US:5;US:7;US:10;US:20
1967-05-31,7,7,0,0,0,US:1;US:2;US:3;US:5;US:7;US:10;US:20
1967-06-30,7,7,0,0,0,US:1;US:2;US:3;US:5;US:7;US:10;US:20
1967-07-31,7,7,0,0,0,US:1;US:2;US:3;US:5;US:7;US:10;US:20
1967-08-31,7,7,0,0,0,US:1;US:2;US:3;US:5;US:7;US:10;US:20
1967-09-30,7,7,0,0,0,US:1;US:2;US:3;US:5;US:7;US:10;US:20
1967-10-31,7,7,0,0,0,US:1;US:2;US:3;US:5;US:7;US:10;US:20
1967-11-30,7,7,0,0,0,US:1;US:2;US:3;US:5;US:7;US:10;US:20
1967-12-31,7,7,0,0,0,US:1;US:2;US:3;US:5;US:7;US:10;US:20
1968-01-31,7,7,0,0,0,US:1;US:2;US:3;US:5;US:7;US:10;US:20
1968-02-29,7,7,0,0,0,US:1;US:2;US:3;US:5;US:7;US:10;US:20
1968-03-31,7,7,0,0,0,US:1;US:2;US:3;US:5;US:7;US:10;US:20
1968-04-30,7,7,0,0,0,US:1;US:2;US:3;US:5;US:7;US:10;US:20
1968-05-31,7,7,0,0,0,US:1;US:2;US:3;US:5;US:7;US:10;US:20
1968-06-30,7,7,0,0,0,US:1;US:2;US:3;US:5;US:7;US:10;US:20
1968-07-31,7,7,0,0,0,US:1;US:2;US:3;US:5;US:7;US:10;US:20
1968-08-31,7,7,0,0,0,US:1;US:2;US:3;US:5;US:7;US:10;US:20
1968-09-30,7,7,0,0,0,US:1;US:2;US:3;US:5;US:7;US:10;US:20
1968-10-31,7,7,0,0,0,US:1;US:2;US:3;US:5;US:7;US:10;US:20
1968-11-30,7,7,0,0,0,US:1;US:2;US:3;US:5;US:7;US:10;US:20
1968-12-31,7,7,0,0,0,US:1;US:2;US:3;US:5;US:7;US:10;US:20
1969-01-31,7,7,0,0,0,US:1;US:2;US:3;US:5;US:7;US:10;US:20
1969-02-28,7,7,0,0,0,US:1;US:2;US:3;US:5;US:7;US:10;US:20
1969-03-31,7,7,0,0,0,US:1;US:2;US:3;US:5;US:7;US:10;US:20
1969-04-30,7,7,0,0,0,US:1;US:2;US:3;US:5;US:7;US:10;US:20
1969-05-31,7,7,0,0,0,US:1;US:2;US:3;US:5;US:7;US:10;US:20
1969-06-30,7,7,0,0,0,US:1;US:2;US:3;US:5;US:7;US:10;US:20
1969-07-31,7,7,0,0,0,US:1;US:2;US:3;US:5;US:7;US:10;US:20
1969-08-31,7,7,0,0,0,US:1;US:2;US:3;US:5;US:7;US:10;US:20
1969-09-30,7,7,0,0,0,US:1;US:2;US:3;US:5;US:7;US:10;US:20
1969-10-31,7,7,0,0,0,US:1;US:2;US:3;US:5;US:7;US:10;US:20
1969-11-30,7,7,0,0,0,US:1;US:2;US:3;US:5;US:7;US:10;US:20
1969-12-31,7,7,0,0,0,US:1;US:2;US:3;US:5;US:7;US:10;US:20
1970-01-31,14,14,0,0,0,GB:1;GB:2;GB:3;GB:5;GB:7;GB:10;GB:20;US:1;US:2;US:3;US:5;US:7;US:10;US:20
1970-02-28,14,14,0,0,0,GB:1;GB:2;GB:3;GB:5;GB:7;GB:10;GB:20;US:1;US:2;US:3;US:5;US:7;US:10;US:20
1970-03-31,14,14,0,0,0,GB:1;GB:2;GB:3;GB:5;GB:7;GB:10;GB:20;US:1;US:2;US:3;US:5;US:7;US:10;US:20
1970-04-30,14,14,0,0,0,GB:1;GB:2;GB:3;GB:5;GB:7;GB:10;GB:20;US:1;US:2;US:3;US:5;US:7;US:10;US:20
1970-05-31,14,14,0,0,0,GB:1;GB:2;GB:3;GB:5;GB:7;GB:10;GB:20;US:1;US:2;US:3;US:5;US:7;US:10;US:20
1970-06-30,14,14,0,0,0,GB:1;GB:2;GB:3;GB:5;GB:7;GB:10;GB:20;US:1;US:2;US:3;US:5;US:7;US:10;US:20
1970-07-31,14,14,0,0,0,GB:1;GB:2;GB:3;GB:5;GB:7;GB:10;GB:20;US:1;US:2;US:3;US:5;US:7;US:10;US:20
1970-08-31,14,14,0,0,0,GB:1;GB:2;GB:3;GB:5;GB:7;GB:10;GB:20;US:1;US:2;US:3;US:5;US:7;US:10;US:20
1970-09-30,14,14,0,0,0,GB:1;GB:2;GB:3;GB:5;GB:7;GB:10;GB:20;US:1;US:2;US:3;US:5;US:7;US:10;US:20
1970-10-31,14,14,0,0,0,GB:1;GB:2;GB:3;GB:5;GB:7;GB:10;GB:20;US:1;US:2;US:3;US:5;US:7;US:10;US:20
1970-11-30,14,14,0,0,0,GB:1;GB:2;GB:3;GB:5;GB:7;GB:10;GB:20;US:1;US:2;US:3;US:5;US:7;US:10;US:20
1970-12-31,14,14,0,0,0,GB:1;GB:2;GB:3;GB:5;GB:7;GB:10;GB:20;US:1;US:2;US:3;US:5;US:7;US:10;US:20
1971-01-31,14,14,0,0,0,GB:1;GB:2;GB:3;GB:5;GB:7;GB:10;GB:20;US:1;US:2;US:3;US:5;US:7;US:10;US:20
1971-02-28,14,14,0,0,0,GB:1;GB:2;GB:3;GB:5;GB:7;GB:10;GB:20;US:1;US:2;US:3;US:5;US:7;US:10;US:20
1971-03-31,14,14,0,0,0,GB:1;GB:2;GB:3;GB:5;GB:7;GB:10;GB:20;US:1;US:2;US:3;US:5;US:7;US:10;US:20
1971-04-30,14,14,0,0,0,GB:1;GB:2;GB:3;GB:5;GB:7;GB:10;GB:20;US:1;US:2;US:3;US:5;US:7;US:10;US:20
1971-05-31,14,14,0,0,0,GB:1;GB:2;GB:3;GB:5;GB:7;GB:10;GB:20;US:1;US:2;US:3;US:5;US:7;US:10;US:20
1971-06-30,14,14,0,0,0,GB:1;GB:2;GB:3;GB:5;GB:7;GB:10;GB:20;US:1;US:2;US:3;US:5;US:7;US:10;US:20
1971-07-31,14,14,0,0,0,GB:1;GB:2;GB:3;GB:5;GB:7;GB:10;GB:20;US:1;US:2;US:3;US:5;US:7;US:10;US:20
1971-08-31,14,14,0,0,0,GB:1;GB:2;GB:3;GB:5;GB:7;GB:10;GB:20;US:1;US:2;US:3;US:5;US:7;US:10;US:20
1971-09-30,14,14,0,0,0,GB:1;GB:2;GB:3;GB:5;GB:7;GB:10;GB:20;US:1;US:2;US:3;US:5;US:7;US:10;US:20
1971-10-31,14,14,0,0,0,GB:1;GB:2;GB:3;GB:5;GB:7;GB:10;GB:20;US:1;US:2;US:3;US:5;US:7;US:10;US:20
1971-11-30,14,14,0,0,0,GB:1;GB:2;GB:3;GB:5;GB:7;GB:10;GB:20;US:1;US:2;US:3;US:5;US:7;US:10;US:20
1971-12-31,14,14,0,0,0,GB:1;GB:2;GB:3;GB:5;GB:7;GB:10;GB:20;US:1;US:2;US:3;US:5;US:7;US:10;US:20
1972-01-31,14,14,0,0,0,GB:1;GB:2;GB:3;GB:5;GB:7;GB:10;GB:20;US:1;US:2;US:3;US:5;US:7;US:10;US:20
1972-02-29,14,14,0,0,0,GB:1;GB:2;GB:3;GB:5;GB:7;GB:10;GB:20;US:1;US:2;US:3;US:5;US:7;US:10;US:20
1972-03-31,14,14,0,0,0,GB:1;GB:2;GB:3;GB:5;GB:7;GB:10;GB:20;US:1;US:2;US:3;US:5;US:7;US:10;US:20
1972-04-30,14,14,0,0,0,GB:1;GB:2;GB:3;GB:5;GB:7;GB:10;GB:20;US:1;US:2;US:3;US:5;US:7;US:10;US:20
1972-05-31,14,14,0,0,0,GB:1;GB:2;GB:3;GB:5;GB:7;GB:10;GB:20;US:1;US:2;US:3;US:5;US:7;US:10;US:20
1972-06-30,14,14,0,0,0,GB:1;GB:2;GB:3;GB:5;GB:7;GB:10;GB:20;US:1;US:2;US:3;US:5;US:7;US:10;US:20
1972-07-31,14,14,0,0,0,GB:1;GB:2;GB:3;GB:5;GB:7;GB:10;GB:20;US:1;US:2;US:3;US:5;US:7;US:10;US:20
1972-08-31,14,14,0,0,0,GB:1;GB:2;GB:3;GB:5;GB:7;GB:10;GB:20;US:1;US:2;US:3;US:5;US:7;US:10;US:20
1972-09-30,14,14,0,0,0,GB:1;GB:2;GB:3;GB:5;GB:7;GB:10;GB:20;US:1;US:2;US:3;US:5;US:7;US:10;US:20
1972-10-31,13,13,0,0,0,GB:2;GB:3;GB:5;GB:7;GB:10;GB:20;US:1;US:2;US:3;US:5;US:7;US:10;US:20
1972-11-30,13,13,0,0,0,GB:2;GB:3;GB:5;GB:7;GB:10;GB:20;US:1;US:2;US:3;US:5;US:7;US:10;US:20
1972-12-31,14,14,0,0,0,GB:1;GB:2;GB:3;GB:5;GB:7;GB:10;GB:20;US:1;US:2;US:3;US:5;US:7;US:10;US:20
1973-01-31,14,14,0,0,0,GB:1;GB:2;GB:3;GB:5;GB:7;GB:10;GB:20;US:1;US:2;US:3;US:5;US:7;US:10;US:20
1973-02-28,14,14,0,0,0,GB:1;GB:2;GB:3;GB:5;GB:7;GB:10;GB:20;US:1;US:2;US:3;US:5;US:7;US:10;US:20
1973-03-31,14,14,0,0,0,GB:1;GB:2;GB:3;GB:5;GB:7;GB:10;GB:20;US:1;US:2;US:3;US:5;US:7;US:10;US:20
1973-04-30,14,14,0,0,0,GB:1;GB:2;GB:3;GB:5;GB:7;GB:10;GB:20;US:1;US:2;US:3;US:5;US:7;US:10;US:20
1973-05-31,14,14,0,0,0,GB:1;GB:2;GB:3;GB:5;GB:7;GB:10;GB:20;US:1;US:2;US:3;US:5;US:7;US:10;US:20
1973-06-30,14,14,0,0,0,GB:1;GB:2;GB:3;GB:5;GB:7;GB:10;GB:20;US:1;US:2;US:3;US:5;US:7;US:10;US:20
1973-07-31,14,14,0,0,0,GB:1;GB:2;GB:3;GB:5;GB:7;GB:10;GB:20;US:1;US:2;US:3;US:5;US:7;US:10;US:20
1973-08-31,14,14,0,0,0,GB:1;GB:2;GB:3;GB:5;GB:7;GB:10;GB:20;US:1;US:2;US:3;US:5;US:7;US:10;US:20
1973-09-30,14,14,0,0,0,GB:1;GB:2;GB:3;GB:5;GB:7;GB:10;GB:20;US:1;US:2;US:3;US:5;US:7;US:10;US:20
1973-10-31,14,14,0,0,0,GB:1;GB:2;GB:3;GB:5;GB:7;GB:10;GB:20;US:1;US:2;US:3;US:5;US:7;US:10;US:20
1973-11-30,14,14,0,0,0,GB:1;GB:2;GB:3;GB:5;GB:7;GB:10;GB:20;US:1;US:2;US:3;US:5;US:7;US:10;US:20
1973-12-31,14,14,0,0,0,GB:1;GB:2;GB:3;GB:5;GB:7;GB:10;GB:20;US:1;US:2;US:3;US:5;US:7;US:10;US:20
1974-01-31,14,14,0,0,0,GB:1;GB:2;GB:3;GB:5;GB:7;GB:10;GB:20;US:1;US:2;US:3;US:5;US:7;US:10;US:20
1974-02-28,14,14,0,0,0,GB:1;GB:2;GB:3;GB:5;GB:7;GB:10;GB:20;US:1;US:2;US:3;US:5;US:7;US:10;US:20
1974-03-31,14,14,0,0,0,GB:1;GB:2;GB:3;GB:5;GB:7;GB:10;GB:20;US:1;US:2;US:3;US:5;US:7;US:10;US:20
1974-04-30,14,14,0,0,0,GB:1;GB:2;GB:3;GB:5;GB:7;GB:10;GB:20;US:1;US:2;US:3;US:5;US:7;US:10;US:20
1974-05-31,14,14,0,0,0,GB:1;GB:2;GB:3;GB:5;GB:7;GB:10;GB:20;US:1;US:2;US:3;US:5;US:7;US:10;US:20
1974-06-30,14,14,0,0,0,GB:1;GB:2;GB:3;GB:5;GB:7;GB:10;GB:20;US:1;US:2;US:3;US:5;US:7;US:10;US:20
1974-07-31,14,14,0,0,0,GB:1;GB:2;GB:3;GB:5;GB:7;GB:10;GB:20;US:1;US:2;US:3;US:5;US:7;US:10;US:20
1974-08-31,14,14,0,0,0,GB:1;GB:2;GB:3;GB:5;GB:7;GB:10;GB:20;US:1;US:2;US:3;US:5;US:7;US:10;US:20
1974-09-30,19,19,0,0,0,GB:1;GB:2;GB:3;GB:5;GB:7;GB:10;GB:20;JP:1;JP:2;JP:3;JP:5;JP:7;US:1;US:2;US:3;US:5;US:7;US:10;US:20
1974-10-31,19,19,0,0,0,GB:1;GB:2;GB:3;GB:5;GB:7;GB:10;GB:20;JP:1;JP:2;JP:3;JP:5;JP:7;US:1;US:2;US:3;US:5;US:7;US:10;US:20
1974-11-30,19,19,0,0,0,GB:1;GB:2;GB:3;GB:5;GB:7;GB:10;GB:20;JP:1;JP:2;JP:3;JP:5;JP:7;US:1;US:2;US:3;US:5;US:7;US:10;US:20
1974-12-31,19,19,0,0,0,GB:1;GB:2;GB:3;GB:5;GB:7;GB:10;GB:20;JP:1;JP:2;JP:3;JP:5;JP:7;US:1;US:2;US:3;US:5;US:7;US:10;US:20
1975-01-31,19,19,0,0,0,GB:1;GB:2;GB:3;GB:5;GB:7;GB:10;GB:20;JP:1;JP:2;JP:3;JP:5;JP:7;US:1;US:2;US:3;US:5;US:7;US:10;US:20
1975-02-28,19,19,0,0,0,GB:1;GB:2;GB:3;GB:5;GB:7;GB:10;GB:20;JP:1;JP:2;JP:3;JP:5;JP:7;US:1;US:2;US:3;US:5;US:7;US:10;US:20
1975-03-31,19,19,0,0,0,GB:1;GB:2;GB:3;GB:5;GB:7;GB:10;GB:20;JP:1;JP:2;JP:3;JP:5;JP:7;US:1;US:2;US:3;US:5;US:7;US:10;US:20
1975-04-30,19,19,0,0,0,GB:1;GB:2;GB:3;GB:5;GB:7;GB:10;GB:20;JP:1;JP:2;JP:3;JP:5;JP:7;US:1;US:2;US:3;US:5;US:7;US:10;US:20
1975-05-31,19,19,0,0,0,GB:1;GB:2;GB:3;GB:5;GB:7;GB:10;GB:20;JP:1;JP:2;JP:3;JP:5;JP:7;US:1;US:2;US:3;US:5;US:7;US:10;US:20
1975-06-30,19,19,0,0,0,GB:1;GB:2;GB:3;GB:5;GB:7;GB:10;GB:20;JP:1;JP:2;JP:3;JP:5;JP:7;US:1;US:2;US:3;US:5;US:7;US:10;US:20
1975-07-31,19,19,0,0,0,GB:1;GB:2;GB:3;GB:5;GB:7;GB:10;GB:20;JP:1;JP:2;JP:3;JP:5;JP:7;US:1;US:2;US:3;US:5;US:7;US:10;US:20
1975-08-31,19,19,0,0,0,GB:1;GB:2;GB:3;GB:5;GB:7;GB:10;GB:20;JP:1;JP:2;JP:3;JP:5;JP:7;US:1;US:2;US:3;US:5;US:7;US:10;US:20
1975-09-30,19,19,0,0,0,GB:1;GB:2;GB:3;GB:5;GB:7;GB:10;GB:20;JP:1;JP:2;JP:3;JP:5;JP:7;US:1;US:2;US:3;US:5;US:7;US:10;US:20
1975-10-31,19,19,0,0,0,GB:1;GB:2;GB:3;GB:5;GB:7;GB:10;GB:20;JP:1;JP:2;JP:3;JP:5;JP:7;US:1;US:2;US:3;US:5;US:7;US:10;US:20
1975-11-30,19,19,0,0,0,GB:1;GB:2;GB:3;GB:5;GB:7;GB:10;GB:20;JP:1;JP:2;JP:3;JP:5;JP:7;US:1;US:2;US:3;US:5;US:7;US:10;US:20
1975-12-31,19,19,0,0,0,GB:1;GB:2;GB:3;GB:5;GB:7;GB:10;GB:20;JP:1;JP:2;JP:3;JP:5;JP:7;US:1;US:2;US:3;US:5;US:7;US:10;US:20
1976-01-31,19,19,0,0,0,GB:1;GB:2;GB:3;GB:5;GB:7;GB:10;GB:20;JP:1;JP:2;JP:3;JP:5;JP:7;US:1;US:2;US:3;US:5;US:7;US:10;US:20
1976-02-29,19,19,0,0,0,GB:1;GB:2;GB:3;GB:5;GB:7;GB:10;GB:20;JP:1;JP:2;JP:3;JP:5;JP:7;US:1;US:2;US:3;US:5;US:7;US:10;US:20
1976-03-31,19,19,0,0,0,GB:1;GB:2;GB:3;GB:5;GB:7;GB:10;GB:20;JP:1;JP:2;JP:3;JP:5;JP:7;US:1;US:2;US:3;US:5;US:7;US:10;US:20
1976-04-30,19,19,0,0,0,GB:1;GB:2;GB:3;GB:5;GB:7;GB:10;GB:20;JP:1;JP:2;JP:3;JP:5;JP:7;US:1;US:2;US:3;US:5;US:7;US:10;US:20
1976-05-31,19,19,0,0,0,GB:1;GB:2;GB:3;GB:5;GB:7;GB:10;GB:20;JP:1;JP:2;JP:3;JP:5;JP:7;US:1;US:2;US:3;US:5;US:7;US:10;US:20
1976-06-30,19,19,0,0,0,GB:1;GB:2;GB:3;GB:5;GB:7;GB:10;GB:20;JP:1;JP:2;JP:3;JP:5;JP:7;US:1;US:2;US:3;US:5;US:7;US:10;US:20
1976-07-31,19,19,0,0,0,GB:1;GB:2;GB:3;GB:5;GB:7;GB:10;GB:20;JP:1;JP:2;JP:3;JP:5;JP:7;US:1;US:2;US:3;US:5;US:7;US:10;US:20
1976-08-31,19,19,0,0,0,GB:1;GB:2;GB:3;GB:5;GB:7;GB:10;GB:20;JP:1;JP:2;JP:3;JP:5;JP:7;US:1;US:2;US:3;US:5;US:7;US:10;US:20
1976-09-30,19,19,0,0,0,GB:1;GB:2;GB:3;GB:5;GB:7;GB:10;GB:20;JP:1;JP:2;JP:3;JP:5;JP:7;US:1;US:2;US:3;US:5;US:7;US:10;US:20
1976-10-31,19,19,0,0,0,GB:1;GB:2;GB:3;GB:5;GB:7;GB:10;GB:20;JP:1;JP:2;JP:3;JP:5;JP:7;US:1;US:2;US:3;US:5;US:7;US:10;US:20
1976-11-30,19,19,0,0,0,GB:1;GB:2;GB:3;GB:5;GB:7;GB:10;GB:20;JP:1;JP:2;JP:3;JP:5;JP:7;US:1;US:2;US:3;US:5;US:7;US:10;US:20
1976-12-31,19,19,0,0,0,GB:1;GB:2;GB:3;GB:5;GB:7;GB:10;GB:20;JP:1;JP:2;JP:3;JP:5;JP:7;US:1;US:2;US:3;US:5;US:7;US:10;US:20
1977-01-31,19,19,0,0,0,GB:1;GB:2;GB:3;GB:5;GB:7;GB:10;GB:20;JP:1;JP:2;JP:3;JP:5;JP:7;US:1;US:2;US:3;US:5;US:7;US:10;US:20
1977-02-28,20,20,0,0,0,GB:1;GB:2;GB:3;GB:5;GB:7;GB:10;GB:20;JP:1;JP:2;JP:3;JP:5;JP:7;US:1;US:2;US:3;US:5;US:7;US:10;US:20;US:30
1977-03-31,20,20,0,0,0,GB:1;GB:2;GB:3;GB:5;GB:7;GB:10;GB:20;JP:1;JP:2;JP:3;JP:5;JP:7;US:1;US:2;US:3;US:5;US:7;US:10;US:20;US:30
1977-04-30,20,20,0,0,0,GB:1;GB:2;GB:3;GB:5;GB:7;GB:10;GB:20;JP:1;JP:2;JP:3;JP:5;JP:7;US:1;US:2;US:3;US:5;US:7;US:10;US:20;US:30
1977-05-31,20,20,0,0,0,GB:1;GB:2;GB:3;GB:5;GB:7;GB:10;GB:20;JP:1;JP:2;JP:3;JP:5;JP:7;US:1;US:2;US:3;US:5;US:7;US:10;US:20;US:30
1977-06-30,20,20,0,0,0,GB:1;GB:2;GB:3;GB:5;GB:7;GB:10;GB:20;JP:1;JP:2;JP:3;JP:5;JP:7;US:1;US:2;US:3;US:5;US:7;US:10;US:20;US:30
1977-07-31,20,20,0,0,0,GB:1;GB:2;GB:3;GB:5;GB:7;GB:10;GB:20;JP:1;JP:2;JP:3;JP:5;JP:7;US:1;US:2;US:3;US:5;US:7;US:10;US:20;US:30
1977-08-31,20,20,0,0,0,GB:1;GB:2;GB:3;GB:5;GB:7;GB:10;GB:20;JP:1;JP:2;JP:3;JP:5;JP:7;US:1;US:2;US:3;US:5;US:7;US:10;US:20;US:30
1977-09-30,20,20,0,0,0,GB:1;GB:2;GB:3;GB:5;GB:7;GB:10;GB:20;JP:1;JP:2;JP:3;JP:5;JP:7;US:1;US:2;US:3;US:5;US:7;US:10;US:20;US:30
1977-10-31,20,20,0,0,0,GB:1;GB:2;GB:3;GB:5;GB:7;GB:10;GB:20;JP:1;JP:2;JP:3;JP:5;JP:7;US:1;US:2;US:3;US:5;US:7;US:10;US:20;US:30
1977-11-30,20,20,0,0,0,GB:1;GB:2;GB:3;GB:5;GB:7;GB:10;GB:20;JP:1;JP:2;JP:3;JP:5;JP:7;US:1;US:2;US:3;US:5;US:7;US:10;US:20;US:30
1977-12-31,20,20,0,0,0,GB:1;GB:2;GB:3;GB:5;GB:7;GB:10;GB:20;JP:1;JP:2;JP:3;JP:5;JP:7;US:1;US:2;US:3;US:5;US:7;US:10;US:20;US:30
1978-01-31,20,20,0,0,0,GB:1;GB:2;GB:3;GB:5;GB:7;GB:10;GB:20;JP:1;JP:2;JP:3;JP:5;JP:7;US:1;US:2;US:3;US:5;US:7;US:10;US:20;US:30
1978-02-28,20,20,0,0,0,GB:1;GB:2;GB:3;GB:5;GB:7;GB:10;GB:20;JP:1;JP:2;JP:3;JP:5;JP:7;US:1;US:2;US:3;US:5;US:7;US:10;US:20;US:30
1978-03-31,20,20,0,0,0,GB:1;GB:2;GB:3;GB:5;GB:7;GB:10;GB:20;JP:1;JP:2;JP:3;JP:5;JP:7;US:1;US:2;US:3;US:5;US:7;US:10;US:20;US:30
1978-04-30,20,20,0,0,0,GB:1;GB:2;GB:3;GB:5;GB:7;GB:10;GB:20;JP:1;JP:2;JP:3;JP:5;JP:7;US:1;US:2;US:3;US:5;US:7;US:10;US:20;US:30
1978-05-31,20,20,0,0,0,GB:1;GB:2;GB:3;GB:5;GB:7;GB:10;GB:20;JP:1;JP:2;JP:3;JP:5;JP:7;US:1;US:2;US:3;US:5;US:7;US:10;US:20;US:30
1978-06-30,17,17,0,0,0,GB:1;GB:2;GB:3;GB:5;GB:7;GB:10;GB:20;JP:5;JP:7;US:1;US:2;US:3;US:5;US:7;US:10;US:20;US:30
1978-07-31,17,17,0,0,0,GB:1;GB:2;GB:3;GB:5;GB:7;GB:10;GB:20;JP:5;JP:7;US:1;US:2;US:3;US:5;US:7;US:10;US:20;US:30
1978-08-31,18,18,0,0,0,GB:1;GB:2;GB:3;GB:5;GB:7;GB:10;GB:20;JP:3;JP:5;JP:7;US:1;US:2;US:3;US:5;US:7;US:10;US:20;US:30
1978-09-30,18,18,0,0,0,GB:1;GB:2;GB:3;GB:5;GB:7;GB:10;GB:20;JP:3;JP:5;JP:7;US:1;US:2;US:3;US:5;US:7;US:10;US:20;US:30
1978-10-31,18,18,0,0,0,GB:1;GB:2;GB:3;GB:5;GB:7;GB:10;GB:20;JP:3;JP:5;JP:7;US:1;US:2;US:3;US:5;US:7;US:10;US:20;US:30
1978-11-30,18,18,0,0,0,GB:1;GB:2;GB:3;GB:5;GB:7;GB:10;GB:20;JP:3;JP:5;JP:7;US:1;US:2;US:3;US:5;US:7;US:10;US:20;US:30
1978-12-31,18,18,0,0,0,GB:1;GB:2;GB:3;GB:5;GB:7;GB:10;GB:20;JP:3;JP:5;JP:7;US:1;US:2;US:3;US:5;US:7;US:10;US:20;US:30
1979-01-31,18,18,0,0,0,GB:1;GB:2;GB:3;GB:5;GB:7;GB:10;GB:20;JP:3;JP:5;JP:7;US:1;US:2;US:3;US:5;US:7;US:10;US:20;US:30
1979-02-28,18,18,0,0,0,GB:1;GB:2;GB:3;GB:5;GB:7;GB:10;GB:20;JP:3;JP:5;JP:7;US:1;US:2;US:3;US:5;US:7;US:10;US:20;US:30
1979-03-31,18,18,0,0,0,GB:1;GB:2;GB:3;GB:5;GB:7;GB:10;GB:20;JP:3;JP:5;JP:7;US:1;US:2;US:3;US:5;US:7;US:10;US:20;US:30
1979-04-30,18,18,0,0,0,GB:1;GB:2;GB:3;GB:5;GB:7;GB:10;GB:20;JP:3;JP:5;JP:7;US:1;US:2;US:3;US:5;US:7;US:10;US:20;US:30
1979-05-31,17,17,0,0,1,GB:1;GB:2;GB:3;GB:5;GB:7;GB:10;JP:3;JP:5;JP:7;US:1;US:2;US:3;US:5;US:7;US:10;US:20;US:30
1979-06-30,17,17,0,0,0,GB:1;GB:2;GB:3;GB:5;GB:7;GB:10;JP:3;JP:5;JP:7;US:1;US:2;US:3;US:5;US:7;US:10;US:20;US:30
1979-07-31,17,17,0,0,0,GB:1;GB:2;GB:3;GB:5;GB:7;GB:10;JP:3;JP:5;JP:7;US:1;US:2;US:3;US:5;US:7;US:10;US:20;US:30
1979-08-31,18,18,0,0,0,GB:1;GB:2;GB:3;GB:5;GB:7;GB:10;JP:2;JP:3;JP:5;JP:7;US:1;US:2;US:3;US:5;US:7;US:10;US:20;US:30
1979-09-30,18,18,0,0,0,GB:1;GB:2;GB:3;GB:5;GB:7;GB:10;JP:2;JP:3;JP:5;JP:7;US:1;US:2;US:3;US:5;US:7;US:10;US:20;US:30
1979-10-31,18,18,0,0,0,GB:1;GB:2;GB:3;GB:5;GB:7;GB:10;JP:2;JP:3;JP:5;JP:7;US:1;US:2;US:3;US:5;US:7;US:10;US:20;US:30
1979-11-30,18,18,0,0,0,GB:1;GB:2;GB:3;GB:5;GB:7;GB:10;JP:2;JP:3;JP:5;JP:7;US:1;US:2;US:3;US:5;US:7;US:10;US:20;US:30
1979-12-31,18,18,0,0,0,GB:1;GB:2;GB:3;GB:5;GB:7;GB:10;JP:2;JP:3;JP:5;JP:7;US:1;US:2;US:3;US:5;US:7;US:10;US:20;US:30
1980-01-31,18,18,0,0,0,GB:1;GB:2;GB:3;GB:5;GB:7;GB:10;JP:2;JP:3;JP:5;JP:7;US:1;US:2;US:3;US:5;US:7;US:10;US:20;US:30
1980-02-29,18,18,0,0,0,GB:1;GB:2;GB:3;GB:5;GB:7;GB:10;JP:2;JP:3;JP:5;JP:7;US:1;US:2;US:3;US:5;US:7;US:10;US:20;US:30
1980-03-31,18,18,0,0,0,GB:1;GB:2;GB:3;GB:5;GB:7;GB:10;JP:2;JP:3;JP:5;JP:7;US:1;US:2;US:3;US:5;US:7;US:10;US:20;US:30
1980-04-30,18,18,0,0,0,GB:1;GB:2;GB:3;GB:5;GB:7;GB:10;JP:2;JP:3;JP:5;JP:7;US:1;US:2;US:3;US:5;US:7;US:10;US:20;US:30
1980-05-31,18,18,0,0,0,GB:1;GB:2;GB:3;GB:5;GB:7;GB:10;JP:2;JP:3;JP:5;JP:7;US:1;US:2;US:3;US:5;US:7;US:10;US:20;US:30
1980-06-30,19,19,0,0,0,GB:1;GB:2;GB:3;GB:5;GB:7;GB:10;GB:20;JP:2;JP:3;JP:5;JP:7;US:1;US:2;US:3;US:5;US:7;US:10;US:20;US:30
1980-07-31,18,18,0,0,1,GB:1;GB:2;GB:3;GB:5;GB:7;GB:10;JP:2;JP:3;JP:5;JP:7;US:1;US:2;US:3;US:5;US:7;US:10;US:20;US:30
1980-08-31,19,19,0,0,0,GB:1;GB:2;GB:3;GB:5;GB:7;GB:10;JP:1;JP:2;JP:3;JP:5;JP:7;US:1;US:2;US:3;US:5;US:7;US:10;US:20;US:30
1980-09-30,19,19,0,0,0,GB:1;GB:2;GB:3;GB:5;GB:7;GB:10;JP:1;JP:2;JP:3;JP:5;JP:7;US:1;US:2;US:3;US:5;US:7;US:10;US:20;US:30
1980-10-31,19,19,0,0,0,GB:1;GB:2;GB:3;GB:5;GB:7;GB:10;JP:1;JP:2;JP:3;JP:5;JP:7;US:1;US:2;US:3;US:5;US:7;US:10;US:20;US:30
1980-11-30,19,19,0,0,0,GB:1;GB:2;GB:3;GB:5;GB:7;GB:10;JP:1;JP:2;JP:3;JP:5;JP:7;US:1;US:2;US:3;US:5;US:7;US:10;US:20;US:30
1980-12-31,19,19,0,0,0,GB:1;GB:2;GB:3;GB:5;GB:7;GB:10;JP:1;JP:2;JP:3;JP:5;JP:7;US:1;US:2;US:3;US:5;US:7;US:10;US:20;US:30
1981-01-31,19,19,0,0,0,GB:1;GB:2;GB:3;GB:5;GB:7;GB:10;JP:1;JP:2;JP:3;JP:5;JP:7;US:1;US:2;US:3;US:5;US:7;US:10;US:20;US:30
1981-02-28,18,18,0,0,1,GB:1;GB:2;GB:3;GB:5;GB:7;GB:10;JP:1;JP:2;JP:3;JP:5;JP:7;US:1;US:2;US:3;US:5;US:7;US:10;US:20
1981-03-31,18,18,0,0,0,GB:1;GB:2;GB:3;GB:5;GB:7;GB:10;JP:1;JP:2;JP:3;JP:5;JP:7;US:1;US:2;US:3;US:5;US:7;US:10;US:20
1981-04-30,18,18,0,0,0,GB:1;GB:2;GB:3;GB:5;GB:7;GB:10;JP:1;JP:2;JP:3;JP:5;JP:7;US:1;US:2;US:3;US:5;US:7;US:10;US:20
1981-05-31,18,18,0,0,0,GB:1;GB:2;GB:3;GB:5;GB:7;GB:10;JP:1;JP:2;JP:3;JP:5;JP:7;US:1;US:2;US:3;US:5;US:7;US:10;US:20
1981-06-30,18,18,0,0,0,GB:1;GB:2;GB:3;GB:5;GB:7;GB:10;JP:1;JP:2;JP:3;JP:5;JP:7;US:1;US:2;US:3;US:5;US:7;US:10;US:20
1981-07-31,18,18,0,0,0,GB:1;GB:2;GB:3;GB:5;GB:7;GB:10;JP:1;JP:2;JP:3;JP:5;JP:7;US:1;US:2;US:3;US:5;US:7;US:10;US:20
1981-08-31,18,18,0,0,0,GB:1;GB:2;GB:3;GB:5;GB:7;GB:10;JP:1;JP:2;JP:3;JP:5;JP:7;US:1;US:2;US:3;US:5;US:7;US:10;US:20
1981-09-30,18,18,0,0,0,GB:1;GB:2;GB:3;GB:5;GB:7;GB:10;JP:1;JP:2;JP:3;JP:5;JP:7;US:1;US:2;US:3;US:5;US:7;US:10;US:20
1981-10-31,18,18,0,0,0,GB:1;GB:2;GB:3;GB:5;GB:7;GB:10;JP:1;JP:2;JP:3;JP:5;JP:7;US:1;US:2;US:3;US:5;US:7;US:10;US:20
1981-11-30,18,18,0,0,1,GB:1;GB:2;GB:3;GB:5;GB:7;GB:10;JP:1;JP:2;JP:3;JP:5;JP:7;US:1;US:2;US:3;US:5;US:7;US:10;US:20
1981-12-31,18,18,0,0,0,GB:1;GB:2;GB:3;GB:5;GB:7;GB:10;JP:1;JP:2;JP:3;JP:5;JP:7;US:1;US:2;US:3;US:5;US:7;US:10;US:20
1982-01-31,18,18,0,0,0,GB:1;GB:2;GB:3;GB:5;GB:7;GB:10;JP:1;JP:2;JP:3;JP:5;JP:7;US:1;US:2;US:3;US:5;US:7;US:10;US:20
1982-02-28,18,18,0,0,1,GB:1;GB:2;GB:3;GB:5;GB:7;GB:10;JP:1;JP:2;JP:3;JP:5;JP:7;US:1;US:2;US:3;US:5;US:7;US:10;US:20
1982-03-31,18,18,0,0,0,GB:1;GB:2;GB:3;GB:5;GB:7;GB:10;JP:1;JP:2;JP:3;JP:5;JP:7;US:1;US:2;US:3;US:5;US:7;US:10;US:20
1982-04-30,19,19,0,0,0,GB:1;GB:2;GB:3;GB:5;GB:7;GB:10;JP:1;JP:2;JP:3;JP:5;JP:7;US:1;US:2;US:3;US:5;US:7;US:10;US:20;US:30
1982-05-31,18,18,0,0,1,GB:1;GB:2;GB:3;GB:5;GB:7;GB:10;JP:1;JP:2;JP:3;JP:5;JP:7;US:1;US:2;US:3;US:5;US:7;US:10;US:20
1982-06-30,18,18,0,0,0,GB:1;GB:2;GB:3;GB:5;GB:7;GB:10;JP:1;JP:2;JP:3;JP:5;JP:7;US:1;US:2;US:3;US:5;US:7;US:10;US:20
1982-07-31,19,19,0,0,0,GB:1;GB:2;GB:3;GB:5;GB:7;GB:10;JP:1;JP:2;JP:3;JP:5;JP:7;US:1;US:2;US:3;US:5;US:7;US:10;US:20;US:30
1982-08-31,19,19,0,0,0,GB:1;GB:2;GB:3;GB:5;GB:7;GB:10;JP:1;JP:2;JP:3;JP:5;JP:7;US:1;US:2;US:3;US:5;US:7;US:10;US:20;US:30
1982-09-30,18,18,0,0,1,GB:1;GB:2;GB:3;GB:5;GB:7;GB:10;JP:1;JP:2;JP:3;JP:5;JP:7;US:1;US:2;US:3;US:5;US:7;US:10;US:20
1982-10-31,18,18,0,0,0,GB:1;GB:2;GB:3;GB:5;GB:7;GB:10;JP:1;JP:2;JP:3;JP:5;JP:7;US:1;US:2;US:3;US:5;US:7;US:10;US:20
1982-11-30,19,19,0,0,0,GB:1;GB:2;GB:3;GB:5;GB:7;GB:10;JP:1;JP:2;JP:3;JP:5;JP:7;US:1;US:2;US:3;US:5;US:7;US:10;US:20;US:30
1982-12-31,19,19,0,0,0,GB:1;GB:2;GB:3;GB:5;GB:7;GB:10;JP:1;JP:2;JP:3;JP:5;JP:7;US:1;US:2;US:3;US:5;US:7;US:10;US:20;US:30
1983-01-31,19,19,0,0,0,GB:1;GB:2;GB:3;GB:5;GB:7;GB:10;JP:1;JP:2;JP:3;JP:5;JP:7;US:1;US:2;US:3;US:5;US:7;US:10;US:20;US:30
1983-02-28,19,19,0,0,0,GB:1;GB:2;GB:3;GB:5;GB:7;GB:10;JP:1;JP:2;JP:3;JP:5;JP:7;US:1;US:2;US:3;US:5;US:7;US:10;US:20;US:30
1983-03-31,19,19,0,0,0,GB:1;GB:2;GB:3;GB:5;GB:7;GB:10;JP:1;JP:2;JP:3;JP:5;JP:7;US:1;US:2;US:3;US:5;US:7;US:10;US:20;US:30
1983-04-30,19,19,0,0,0,GB:1;GB:2;GB:3;GB:5;GB:7;GB:10;JP:1;JP:2;JP:3;JP:5;JP:7;US:1;US:2;US:3;US:5;US:7;US:10;US:20;US:30
1983-05-31,19,19,0,0,0,GB:1;GB:2;GB:3;GB:5;GB:7;GB:10;JP:1;JP:2;JP:3;JP:5;JP:7;US:1;US:2;US:3;US:5;US:7;US:10;US:20;US:30
1983-06-30,19,19,0,0,0,GB:1;GB:2;GB:3;GB:5;GB:7;GB:10;JP:1;JP:2;JP:3;JP:5;JP:7;US:1;US:2;US:3;US:5;US:7;US:10;US:20;US:30
1983-07-31,19,19,0,0,0,GB:1;GB:2;GB:3;GB:5;GB:7;GB:10;JP:1;JP:2;JP:3;JP:5;JP:7;US:1;US:2;US:3;US:5;US:7;US:10;US:20;US:30
1983-08-31,19,19,0,0,0,GB:1;GB:2;GB:3;GB:5;GB:7;GB:10;JP:1;JP:2;JP:3;JP:5;JP:7;US:1;US:2;US:3;US:5;US:7;US:10;US:20;US:30
1983-09-30,19,19,0,0,0,GB:1;GB:2;GB:3;GB:5;GB:7;GB:10;JP:1;JP:2;JP:3;JP:5;JP:7;US:1;US:2;US:3;US:5;US:7;US:10;US:20;US:30
1983-10-31,19,19,0,0,0,GB:1;GB:2;GB:3;GB:5;GB:7;GB:10;JP:1;JP:2;JP:3;JP:5;JP:7;US:1;US:2;US:3;US:5;US:7;US:10;US:20;US:30
1983-11-30,19,19,0,0,0,GB:1;GB:2;GB:3;GB:5;GB:7;GB:10;JP:1;JP:2;JP:3;JP:5;JP:7;US:1;US:2;US:3;US:5;US:7;US:10;US:20;US:30
1983-12-31,19,19,0,0,0,GB:1;GB:2;GB:3;GB:5;GB:7;GB:10;JP:1;JP:2;JP:3;JP:5;JP:7;US:1;US:2;US:3;US:5;US:7;US:10;US:20;US:30
1984-01-31,19,19,0,0,0,GB:1;GB:2;GB:3;GB:5;GB:7;GB:10;JP:1;JP:2;JP:3;JP:5;JP:7;US:1;US:2;US:3;US:5;US:7;US:10;US:20;US:30
1984-02-29,19,19,0,0,0,GB:1;GB:2;GB:3;GB:5;GB:7;GB:10;JP:1;JP:2;JP:3;JP:5;JP:7;US:1;US:2;US:3;US:5;US:7;US:10;US:20;US:30
1984-03-31,19,19,0,0,0,GB:1;GB:2;GB:3;GB:5;GB:7;GB:10;JP:1;JP:2;JP:3;JP:5;JP:7;US:1;US:2;US:3;US:5;US:7;US:10;US:20;US:30
1984-04-30,19,19,0,0,0,GB:1;GB:2;GB:3;GB:5;GB:7;GB:10;JP:1;JP:2;JP:3;JP:5;JP:7;US:1;US:2;US:3;US:5;US:7;US:10;US:20;US:30
1984-05-31,19,19,0,0,0,GB:1;GB:2;GB:3;GB:5;GB:7;GB:10;JP:1;JP:2;JP:3;JP:5;JP:7;US:1;US:2;US:3;US:5;US:7;US:10;US:20;US:30
1984-06-30,19,19,0,0,0,GB:1;GB:2;GB:3;GB:5;GB:7;GB:10;JP:1;JP:2;JP:3;JP:5;JP:7;US:1;US:2;US:3;US:5;US:7;US:10;US:20;US:30
1984-07-31,19,19,0,0,0,GB:1;GB:2;GB:3;GB:5;GB:7;GB:10;JP:1;JP:2;JP:3;JP:5;JP:7;US:1;US:2;US:3;US:5;US:7;US:10;US:20;US:30
1984-08-31,19,19,0,0,0,GB:1;GB:2;GB:3;GB:5;GB:7;GB:10;JP:1;JP:2;JP:3;JP:5;JP:7;US:1;US:2;US:3;US:5;US:7;US:10;US:20;US:30
1984-09-30,19,19,0,0,0,GB:1;GB:2;GB:3;GB:5;GB:7;GB:10;JP:1;JP:2;JP:3;JP:5;JP:7;US:1;US:2;US:3;US:5;US:7;US:10;US:20;US:30
1984-10-31,19,19,0,0,0,GB:1;GB:2;GB:3;GB:5;GB:7;GB:10;JP:1;JP:2;JP:3;JP:5;JP:7;US:1;US:2;US:3;US:5;US:7;US:10;US:20;US:30
1984-11-30,19,19,0,0,0,GB:1;GB:2;GB:3;GB:5;GB:7;GB:10;JP:1;JP:2;JP:3;JP:5;JP:7;US:1;US:2;US:3;US:5;US:7;US:10;US:20;US:30
1984-12-31,19,19,0,0,0,GB:1;GB:2;GB:3;GB:5;GB:7;GB:10;JP:1;JP:2;JP:3;JP:5;JP:7;US:1;US:2;US:3;US:5;US:7;US:10;US:20;US:30
1985-01-31,20,20,0,0,0,GB:1;GB:2;GB:3;GB:5;GB:7;GB:10;GB:20;JP:1;JP:2;JP:3;JP:5;JP:7;US:1;US:2;US:3;US:5;US:7;US:10;US:20;US:30
1985-02-28,20,20,0,0,0,GB:1;GB:2;GB:3;GB:5;GB:7;GB:10;GB:20;JP:1;JP:2;JP:3;JP:5;JP:7;US:1;US:2;US:3;US:5;US:7;US:10;US:20;US:30
1985-03-31,20,20,0,0,0,GB:1;GB:2;GB:3;GB:5;GB:7;GB:10;GB:20;JP:1;JP:2;JP:3;JP:5;JP:7;US:1;US:2;US:3;US:5;US:7;US:10;US:20;US:30
1985-04-30,20,20,0,0,0,GB:1;GB:2;GB:3;GB:5;GB:7;GB:10;GB:20;JP:1;JP:2;JP:3;JP:5;JP:7;US:1;US:2;US:3;US:5;US:7;US:10;US:20;US:30
1985-05-31,20,20,0,0,0,GB:1;GB:2;GB:3;GB:5;GB:7;GB:10;GB:20;JP:1;JP:2;JP:3;JP:5;JP:7;US:1;US:2;US:3;US:5;US:7;US:10;US:20;US:30
1985-06-30,20,20,0,0,0,GB:1;GB:2;GB:3;GB:5;GB:7;GB:10;GB:20;JP:1;JP:2;JP:3;JP:5;JP:7;US:1;US:2;US:3;US:5;US:7;US:10;US:20;US:30
1985-07-31,20,20,0,0,0,GB:1;GB:2;GB:3;GB:5;GB:7;GB:10;GB:20;JP:1;JP:2;JP:3;JP:5;JP:7;US:1;US:2;US:3;US:5;US:7;US:10;US:20;US:30
1985-08-31,18,18,0,0,2,GB:1;GB:2;GB:3;GB:5;GB:7;GB:10;GB:20;JP:1;JP:2;JP:3;JP:5;JP:7;US:1;US:2;US:3;US:5;US:7;US:10
1985-09-30,17,17,0,0,1,GB:1;GB:2;GB:3;GB:5;GB:7;GB:10;JP:1;JP:2;JP:3;JP:5;JP:7;US:1;US:2;US:3;US:5;US:7;US:10
1985-10-31,19,19,0,0,0,GB:1;GB:2;GB:3;GB:5;GB:7;GB:10;JP:1;JP:2;JP:3;JP:5;JP:7;US:1;US:2;US:3;US:5;US:7;US:10;US:20;US:30
1985-11-30,19,19,0,0,0,GB:1;GB:2;GB:3;GB:5;GB:7;GB:10;JP:1;JP:2;JP:3;JP:5;JP:7;US:1;US:2;US:3;US:5;US:7;US:10;US:20;US:30
1985-12-31,19,19,0,0,0,GB:1;GB:2;GB:3;GB:5;GB:7;GB:10;JP:1;JP:2;JP:3;JP:5;JP:7;US:1;US:2;US:3;US:5;US:7;US:10;US:20;US:30
1986-01-31,26,26,0,0,0,CA:1;CA:2;CA:3;CA:5;CA:7;CA:10;CA:20;GB:1;GB:2;GB:3;GB:5;GB:7;GB:10;JP:1;JP:2;JP:3;JP:5;JP:7;US:1;US:2;US:3;US:5;US:7;US:10;US:20;US:30
1986-02-28,26,26,0,0,0,CA:1;CA:2;CA:3;CA:5;CA:7;CA:10;CA:20;GB:1;GB:2;GB:3;GB:5;GB:7;GB:10;JP:1;JP:2;JP:3;JP:5;JP:7;US:1;US:2;US:3;US:5;US:7;US:10;US:20;US:30
1986-03-31,26,26,0,0,0,CA:1;CA:2;CA:3;CA:5;CA:7;CA:10;CA:20;GB:1;GB:2;GB:3;GB:5;GB:7;GB:10;JP:1;JP:2;JP:3;JP:5;JP:7;US:1;US:2;US:3;US:5;US:7;US:10;US:20;US:30
1986-04-30,26,26,0,0,0,CA:1;CA:2;CA:3;CA:5;CA:7;CA:10;CA:20;GB:1;GB:2;GB:3;GB:5;GB:7;GB:10;JP:1;JP:2;JP:3;JP:5;JP:7;US:1;US:2;US:3;US:5;US:7;US:10;US:20;US:30
1986-05-31,26,26,0,0,0,CA:1;CA:2;CA:3;CA:5;CA:7;CA:10;CA:20;GB:1;GB:2;GB:3;GB:5;GB:7;GB:10;JP:1;JP:2;JP:3;JP:5;JP:7;US:1;US:2;US:3;US:5;US:7;US:10;US:20;US:30
1986-06-30,27,27,0,0,0,CA:1;CA:2;CA:3;CA:5;CA:7;CA:10;CA:20;GB:1;GB:2;GB:3;GB:5;GB:7;GB:10;GB:20;JP:1;JP:2;JP:3;JP:5;JP:7;US:1;US:2;US:3;US:5;US:7;US:10;US:20;US:30
1986-07-31,28,28,0,0,0,CA:1;CA:2;CA:3;CA:5;CA:7;CA:10;CA:20;GB:1;GB:2;GB:3;GB:5;GB:7;GB:10;GB:20;JP:1;JP:2;JP:3;JP:5;JP:7;JP:10;US:1;US:2;US:3;US:5;US:7;US:10;US:20;US:30
1986-08-31,28,28,0,0,0,CA:1;CA:2;CA:3;CA:5;CA:7;CA:10;CA:20;GB:1;GB:2;GB:3;GB:5;GB:7;GB:10;GB:20;JP:1;JP:2;JP:3;JP:5;JP:7;JP:10;US:1;US:2;US:3;US:5;US:7;US:10;US:20;US:30
1986-09-30,28,28,0,0,0,CA:1;CA:2;CA:3;CA:5;CA:7;CA:10;CA:20;GB:1;GB:2;GB:3;GB:5;GB:7;GB:10;GB:20;JP:1;JP:2;JP:3;JP:5;JP:7;JP:10;US:1;US:2;US:3;US:5;US:7;US:10;US:20;US:30
1986-10-31,28,28,0,0,0,CA:1;CA:2;CA:3;CA:5;CA:7;CA:10;CA:20;GB:1;GB:2;GB:3;GB:5;GB:7;GB:10;GB:20;JP:1;JP:2;JP:3;JP:5;JP:7;JP:10;US:1;US:2;US:3;US:5;US:7;US:10;US:20;US:30
1986-11-30,28,28,0,0,0,CA:1;CA:2;CA:3;CA:5;CA:7;CA:10;CA:20;GB:1;GB:2;GB:3;GB:5;GB:7;GB:10;GB:20;JP:1;JP:2;JP:3;JP:5;JP:7;JP:10;US:1;US:2;US:3;US:5;US:7;US:10;US:20;US:30
1986-12-31,27,27,0,0,2,CA:1;CA:2;CA:3;CA:5;CA:7;CA:10;CA:20;GB:1;GB:2;GB:3;GB:5;GB:7;GB:10;GB:20;JP:1;JP:2;JP:3;JP:5;JP:7;JP:10;JP:20;US:1;US:2;US:3;US:5;US:7;US:10
1987-01-31,27,27,0,0,0,CA:1;CA:2;CA:3;CA:5;CA:7;CA:10;CA:20;GB:1;GB:2;GB:3;GB:5;GB:7;GB:10;GB:20;JP:1;JP:2;JP:3;JP:5;JP:7;JP:10;JP:20;US:1;US:2;US:3;US:5;US:7;US:10
1987-02-28,27,27,0,0,0,CA:1;CA:2;CA:3;CA:5;CA:7;CA:10;CA:20;GB:1;GB:2;GB:3;GB:5;GB:7;GB:10;GB:20;JP:1;JP:2;JP:3;JP:5;JP:7;JP:10;JP:20;US:1;US:2;US:3;US:5;US:7;US:10
1987-03-31,27,27,0,0,0,CA:1;CA:2;CA:3;CA:5;CA:7;CA:10;CA:20;GB:1;GB:2;GB:3;GB:5;GB:7;GB:10;GB:20;JP:1;JP:2;JP:3;JP:5;JP:7;JP:10;JP:20;US:1;US:2;US:3;US:5;US:7;US:10
1987-04-30,27,27,0,0,0,CA:1;CA:2;CA:3;CA:5;CA:7;CA:10;CA:20;GB:1;GB:2;GB:3;GB:5;GB:7;GB:10;GB:20;JP:1;JP:2;JP:3;JP:5;JP:7;JP:10;JP:20;US:1;US:2;US:3;US:5;US:7;US:10
1987-05-31,27,27,0,0,0,CA:1;CA:2;CA:3;CA:5;CA:7;CA:10;CA:20;GB:1;GB:2;GB:3;GB:5;GB:7;GB:10;GB:20;JP:1;JP:2;JP:3;JP:5;JP:7;JP:10;JP:20;US:1;US:2;US:3;US:5;US:7;US:10
1987-06-30,27,27,0,0,0,CA:1;CA:2;CA:3;CA:5;CA:7;CA:10;CA:20;GB:1;GB:2;GB:3;GB:5;GB:7;GB:10;GB:20;JP:1;JP:2;JP:3;JP:5;JP:7;JP:10;JP:20;US:1;US:2;US:3;US:5;US:7;US:10
1987-07-31,27,27,0,0,0,CA:1;CA:2;CA:3;CA:5;CA:7;CA:10;CA:20;GB:1;GB:2;GB:3;GB:5;GB:7;GB:10;GB:20;JP:1;JP:2;JP:3;JP:5;JP:7;JP:10;JP:20;US:1;US:2;US:3;US:5;US:7;US:10
1987-08-31,27,27,0,0,0,CA:1;CA:2;CA:3;CA:5;CA:7;CA:10;CA:20;GB:1;GB:2;GB:3;GB:5;GB:7;GB:10;GB:20;JP:1;JP:2;JP:3;JP:5;JP:7;JP:10;JP:20;US:1;US:2;US:3;US:5;US:7;US:10
1987-09-30,27,27,0,0,0,CA:1;CA:2;CA:3;CA:5;CA:7;CA:10;CA:20;GB:1;GB:2;GB:3;GB:5;GB:7;GB:10;GB:20;JP:1;JP:2;JP:3;JP:5;JP:7;JP:10;JP:20;US:1;US:2;US:3;US:5;US:7;US:10
1987-10-31,27,27,0,0,0,CA:1;CA:2;CA:3;CA:5;CA:7;CA:10;CA:20;GB:1;GB:2;GB:3;GB:5;GB:7;GB:10;GB:20;JP:1;JP:2;JP:3;JP:5;JP:7;JP:10;JP:20;US:1;US:2;US:3;US:5;US:7;US:10
1987-11-30,27,27,0,0,0,CA:1;CA:2;CA:3;CA:5;CA:7;CA:10;CA:20;GB:1;GB:2;GB:3;GB:5;GB:7;GB:10;GB:20;JP:1;JP:2;JP:3;JP:5;JP:7;JP:10;JP:20;US:1;US:2;US:3;US:5;US:7;US:10
1987-12-31,27,27,0,0,0,CA:1;CA:2;CA:3;CA:5;CA:7;CA:10;CA:20;GB:1;GB:2;GB:3;GB:5;GB:7;GB:10;GB:20;JP:1;JP:2;JP:3;JP:5;JP:7;JP:10;JP:20;US:1;US:2;US:3;US:5;US:7;US:10
1988-01-31,27,27,0,0,0,CA:1;CA:2;CA:3;CA:5;CA:7;CA:10;CA:20;GB:1;GB:2;GB:3;GB:5;GB:7;GB:10;GB:20;JP:1;JP:2;JP:3;JP:5;JP:7;JP:10;JP:20;US:1;US:2;US:3;US:5;US:7;US:10
1988-02-29,27,27,0,0,0,CA:1;CA:2;CA:3;CA:5;CA:7;CA:10;CA:20;GB:1;GB:2;GB:3;GB:5;GB:7;GB:10;GB:20;JP:1;JP:2;JP:3;JP:5;JP:7;JP:10;JP:20;US:1;US:2;US:3;US:5;US:7;US:10
1988-03-31,27,27,0,0,0,CA:1;CA:2;CA:3;CA:5;CA:7;CA:10;CA:20;GB:1;GB:2;GB:3;GB:5;GB:7;GB:10;GB:20;JP:1;JP:2;JP:3;JP:5;JP:7;JP:10;JP:20;US:1;US:2;US:3;US:5;US:7;US:10
1988-04-30,27,27,0,0,0,CA:1;CA:2;CA:3;CA:5;CA:7;CA:10;CA:20;GB:1;GB:2;GB:3;GB:5;GB:7;GB:10;GB:20;JP:1;JP:2;JP:3;JP:5;JP:7;JP:10;JP:20;US:1;US:2;US:3;US:5;US:7;US:10
1988-05-31,27,27,0,0,0,CA:1;CA:2;CA:3;CA:5;CA:7;CA:10;CA:20;GB:1;GB:2;GB:3;GB:5;GB:7;GB:10;GB:20;JP:1;JP:2;JP:3;JP:5;JP:7;JP:10;JP:20;US:1;US:2;US:3;US:5;US:7;US:10
1988-06-30,27,27,0,0,0,CA:1;CA:2;CA:3;CA:5;CA:7;CA:10;CA:20;GB:1;GB:2;GB:3;GB:5;GB:7;GB:10;GB:20;JP:1;JP:2;JP:3;JP:5;JP:7;JP:10;JP:20;US:1;US:2;US:3;US:5;US:7;US:10
1988-07-31,27,27,0,0,0,CA:1;CA:2;CA:3;CA:5;CA:7;CA:10;CA:20;GB:1;GB:2;GB:3;GB:5;GB:7;GB:10;GB:20;JP:1;JP:2;JP:3;JP:5;JP:7;JP:10;JP:20;US:1;US:2;US:3;US:5;US:7;US:10
1988-08-31,27,27,0,0,0,CA:1;CA:2;CA:3;CA:5;CA:7;CA:10;CA:20;GB:1;GB:2;GB:3;GB:5;GB:7;GB:10;GB:20;JP:1;JP:2;JP:3;JP:5;JP:7;JP:10;JP:20;US:1;US:2;US:3;US:5;US:7;US:10
1988-09-30,27,27,0,0,0,CA:1;CA:2;CA:3;CA:5;CA:7;CA:10;CA:20;GB:1;GB:2;GB:3;GB:5;GB:7;GB:10;GB:20;JP:1;JP:2;JP:3;JP:5;JP:7;JP:10;JP:20;US:1;US:2;US:3;US:5;US:7;US:10
1988-10-31,27,27,0,0,0,CA:1;CA:2;CA:3;CA:5;CA:7;CA:10;CA:20;GB:1;GB:2;GB:3;GB:5;GB:7;GB:10;GB:20;JP:1;JP:2;JP:3;JP:5;JP:7;JP:10;JP:20;US:1;US:2;US:3;US:5;US:7;US:10
1988-11-30,27,27,0,0,0,CA:1;CA:2;CA:3;CA:5;CA:7;CA:10;CA:20;GB:1;GB:2;GB:3;GB:5;GB:7;GB:10;GB:20;JP:1;JP:2;JP:3;JP:5;JP:7;JP:10;JP:20;US:1;US:2;US:3;US:5;US:7;US:10
1988-12-31,27,27,0,0,0,CA:1;CA:2;CA:3;CA:5;CA:7;CA:10;CA:20;GB:1;GB:2;GB:3;GB:5;GB:7;GB:10;GB:20;JP:1;JP:2;JP:3;JP:5;JP:7;JP:10;JP:20;US:1;US:2;US:3;US:5;US:7;US:10
1989-01-31,27,27,0,0,0,CA:1;CA:2;CA:3;CA:5;CA:7;CA:10;CA:20;GB:1;GB:2;GB:3;GB:5;GB:7;GB:10;GB:20;JP:1;JP:2;JP:3;JP:5;JP:7;JP:10;JP:20;US:1;US:2;US:3;US:5;US:7;US:10
1989-02-28,27,27,0,0,0,CA:1;CA:2;CA:3;CA:5;CA:7;CA:10;CA:20;GB:1;GB:2;GB:3;GB:5;GB:7;GB:10;GB:20;JP:1;JP:2;JP:3;JP:5;JP:7;JP:10;JP:20;US:1;US:2;US:3;US:5;US:7;US:10
1989-03-31,27,27,0,0,0,CA:1;CA:2;CA:3;CA:5;CA:7;CA:10;CA:20;GB:1;GB:2;GB:3;GB:5;GB:7;GB:10;GB:20;JP:1;JP:2;JP:3;JP:5;JP:7;JP:10;JP:20;US:1;US:2;US:3;US:5;US:7;US:10
1989-04-30,27,27,0,0,0,CA:1;CA:2;CA:3;CA:5;CA:7;CA:10;CA:20;GB:1;GB:2;GB:3;GB:5;GB:7;GB:10;GB:20;JP:1;JP:2;JP:3;JP:5;JP:7;JP:10;JP:20;US:1;US:2;US:3;US:5;US:7;US:10
1989-05-31,27,27,0,0,0,CA:1;CA:2;CA:3;CA:5;CA:7;CA:10;CA:20;GB:1;GB:2;GB:3;GB:5;GB:7;GB:10;GB:20;JP:1;JP:2;JP:3;JP:5;JP:7;JP:10;JP:20;US:1;US:2;US:3;US:5;US:7;US:10
1989-06-30,27,27,0,0,0,CA:1;CA:2;CA:3;CA:5;CA:7;CA:10;CA:20;GB:1;GB:2;GB:3;GB:5;GB:7;GB:10;GB:20;JP:1;JP:2;JP:3;JP:5;JP:7;JP:10;JP:20;US:1;US:2;US:3;US:5;US:7;US:10
1989-07-31,27,27,0,0,0,CA:1;CA:2;CA:3;CA:5;CA:7;CA:10;CA:20;GB:1;GB:2;GB:3;GB:5;GB:7;GB:10;GB:20;JP:1;JP:2;JP:3;JP:5;JP:7;JP:10;JP:20;US:1;US:2;US:3;US:5;US:7;US:10
1989-08-31,27,27,0,0,0,CA:1;CA:2;CA:3;CA:5;CA:7;CA:10;CA:20;GB:1;GB:2;GB:3;GB:5;GB:7;GB:10;GB:20;JP:1;JP:2;JP:3;JP:5;JP:7;JP:10;JP:20;US:1;US:2;US:3;US:5;US:7;US:10
1989-09-30,27,27,0,0,0,CA:1;CA:2;CA:3;CA:5;CA:7;CA:10;CA:20;GB:1;GB:2;GB:3;GB:5;GB:7;GB:10;GB:20;JP:1;JP:2;JP:3;JP:5;JP:7;JP:10;JP:20;US:1;US:2;US:3;US:5;US:7;US:10
1989-10-31,27,27,0,0,0,CA:1;CA:2;CA:3;CA:5;CA:7;CA:10;CA:20;GB:1;GB:2;GB:3;GB:5;GB:7;GB:10;GB:20;JP:1;JP:2;JP:3;JP:5;JP:7;JP:10;JP:20;US:1;US:2;US:3;US:5;US:7;US:10
1989-11-30,27,27,0,0,0,CA:1;CA:2;CA:3;CA:5;CA:7;CA:10;CA:20;GB:1;GB:2;GB:3;GB:5;GB:7;GB:10;GB:20;JP:1;JP:2;JP:3;JP:5;JP:7;JP:10;JP:20;US:1;US:2;US:3;US:5;US:7;US:10
1989-12-31,27,27,0,0,0,CA:1;CA:2;CA:3;CA:5;CA:7;CA:10;CA:20;GB:1;GB:2;GB:3;GB:5;GB:7;GB:10;GB:20;JP:1;JP:2;JP:3;JP:5;JP:7;JP:10;JP:20;US:1;US:2;US:3;US:5;US:7;US:10
1990-01-31,27,27,0,0,0,CA:1;CA:2;CA:3;CA:5;CA:7;CA:10;CA:20;GB:1;GB:2;GB:3;GB:5;GB:7;GB:10;GB:20;JP:1;JP:2;JP:3;JP:5;JP:7;JP:10;JP:20;US:1;US:2;US:3;US:5;US:7;US:10
1990-02-28,27,27,0,0,0,CA:1;CA:2;CA:3;CA:5;CA:7;CA:10;CA:20;GB:1;GB:2;GB:3;GB:5;GB:7;GB:10;GB:20;JP:1;JP:2;JP:3;JP:5;JP:7;JP:10;JP:20;US:1;US:2;US:3;US:5;US:7;US:10
1990-03-31,27,27,0,0,0,CA:1;CA:2;CA:3;CA:5;CA:7;CA:10;CA:20;GB:1;GB:2;GB:3;GB:5;GB:7;GB:10;GB:20;JP:1;JP:2;JP:3;JP:5;JP:7;JP:10;JP:20;US:1;US:2;US:3;US:5;US:7;US:10
1990-04-30,27,27,0,0,0,CA:1;CA:2;CA:3;CA:5;CA:7;CA:10;CA:20;GB:1;GB:2;GB:3;GB:5;GB:7;GB:10;GB:20;JP:1;JP:2;JP:3;JP:5;JP:7;JP:10;JP:20;US:1;US:2;US:3;US:5;US:7;US:10
1990-05-31,27,27,0,0,0,CA:1;CA:2;CA:3;CA:5;CA:7;CA:10;CA:20;GB:1;GB:2;GB:3;GB:5;GB:7;GB:10;GB:20;JP:1;JP:2;JP:3;JP:5;JP:7;JP:10;JP:20;US:1;US:2;US:3;US:5;US:7;US:10
1990-06-30,27,27,0,0,0,CA:1;CA:2;CA:3;CA:5;CA:7;CA:10;CA:20;GB:1;GB:2;GB:3;GB:5;GB:7;GB:10;GB:20;JP:1;JP:2;JP:3;JP:5;JP:7;JP:10;JP:20;US:1;US:2;US:3;US:5;US:7;US:10
1990-07-31,27,27,0,0,0,CA:1;CA:2;CA:3;CA:5;CA:7;CA:10;CA:20;GB:1;GB:2;GB:3;GB:5;GB:7;GB:10;GB:20;JP:1;JP:2;JP:3;JP:5;JP:7;JP:10;JP:20;US:1;US:2;US:3;US:5;US:7;US:10
1990-08-31,27,27,0,0,0,CA:1;CA:2;CA:3;CA:5;CA:7;CA:10;CA:20;GB:1;GB:2;GB:3;GB:5;GB:7;GB:10;GB:20;JP:1;JP:2;JP:3;JP:5;JP:7;JP:10;JP:20;US:1;US:2;US:3;US:5;US:7;US:10
1990-09-30,27,27,0,0,0,CA:1;CA:2;CA:3;CA:5;CA:7;CA:10;CA:20;GB:1;GB:2;GB:3;GB:5;GB:7;GB:10;GB:20;JP:1;JP:2;JP:3;JP:5;JP:7;JP:10;JP:20;US:1;US:2;US:3;US:5;US:7;US:10
1990-10-31,27,27,0,0,0,CA:1;CA:2;CA:3;CA:5;CA:7;CA:10;CA:20;GB:1;GB:2;GB:3;GB:5;GB:7;GB:10;GB:20;JP:1;JP:2;JP:3;JP:5;JP:7;JP:10;JP:20;US:1;US:2;US:3;US:5;US:7;US:10
1990-11-30,27,27,0,0,0,CA:1;CA:2;CA:3;CA:5;CA:7;CA:10;CA:20;GB:1;GB:2;GB:3;GB:5;GB:7;GB:10;GB:20;JP:1;JP:2;JP:3;JP:5;JP:7;JP:10;JP:20;US:1;US:2;US:3;US:5;US:7;US:10
1990-12-31,27,27,0,0,0,CA:1;CA:2;CA:3;CA:5;CA:7;CA:10;CA:20;GB:1;GB:2;GB:3;GB:5;GB:7;GB:10;GB:20;JP:1;JP:2;JP:3;JP:5;JP:7;JP:10;JP:20;US:1;US:2;US:3;US:5;US:7;US:10
1991-01-31,28,28,0,0,0,CA:1;CA:2;CA:3;CA:5;CA:7;CA:10;CA:20;CA:30;GB:1;GB:2;GB:3;GB:5;GB:7;GB:10;GB:20;JP:1;JP:2;JP:3;JP:5;JP:7;JP:10;JP:20;US:1;US:2;US:3;US:5;US:7;US:10
1991-02-28,28,28,0,0,0,CA:1;CA:2;CA:3;CA:5;CA:7;CA:10;CA:20;CA:30;GB:1;GB:2;GB:3;GB:5;GB:7;GB:10;GB:20;JP:1;JP:2;JP:3;JP:5;JP:7;JP:10;JP:20;US:1;US:2;US:3;US:5;US:7;US:10
1991-03-31,28,28,0,0,0,CA:1;CA:2;CA:3;CA:5;CA:7;CA:10;CA:20;CA:30;GB:1;GB:2;GB:3;GB:5;GB:7;GB:10;GB:20;JP:1;JP:2;JP:3;JP:5;JP:7;JP:10;JP:20;US:1;US:2;US:3;US:5;US:7;US:10
1991-04-30,28,28,0,0,0,CA:1;CA:2;CA:3;CA:5;CA:7;CA:10;CA:20;CA:30;GB:1;GB:2;GB:3;GB:5;GB:7;GB:10;GB:20;JP:1;JP:2;JP:3;JP:5;JP:7;JP:10;JP:20;US:1;US:2;US:3;US:5;US:7;US:10
1991-05-31,28,28,0,0,0,CA:1;CA:2;CA:3;CA:5;CA:7;CA:10;CA:20;CA:30;GB:1;GB:2;GB:3;GB:5;GB:7;GB:10;GB:20;JP:1;JP:2;JP:3;JP:5;JP:7;JP:10;JP:20;US:1;US:2;US:3;US:5;US:7;US:10
1991-06-30,28,28,0,0,0,CA:1;CA:2;CA:3;CA:5;CA:7;CA:10;CA:20;CA:30;GB:1;GB:2;GB:3;GB:5;GB:7;GB:10;GB:20;JP:1;JP:2;JP:3;JP:5;JP:7;JP:10;JP:20;US:1;US:2;US:3;US:5;US:7;US:10
1991-07-31,27,27,0,0,1,CA:1;CA:2;CA:3;CA:5;CA:7;CA:10;CA:20;CA:30;GB:1;GB:2;GB:3;GB:5;GB:7;GB:10;JP:1;JP:2;JP:3;JP:5;JP:7;JP:10;JP:20;US:1;US:2;US:3;US:5;US:7;US:10
1991-08-31,27,27,0,0,0,CA:1;CA:2;CA:3;CA:5;CA:7;CA:10;CA:20;CA:30;GB:1;GB:2;GB:3;GB:5;GB:7;GB:10;JP:1;JP:2;JP:3;JP:5;JP:7;JP:10;JP:20;US:1;US:2;US:3;US:5;US:7;US:10
1991-09-30,27,27,0,0,0,CA:1;CA:2;CA:3;CA:5;CA:7;CA:10;CA:20;CA:30;GB:1;GB:2;GB:3;GB:5;GB:7;GB:10;JP:1;JP:2;JP:3;JP:5;JP:7;JP:10;JP:20;US:1;US:2;US:3;US:5;US:7;US:10
1991-10-31,27,27,0,0,0,CA:1;CA:2;CA:3;CA:5;CA:7;CA:10;CA:20;CA:30;GB:1;GB:2;GB:3;GB:5;GB:7;GB:10;JP:1;JP:2;JP:3;JP:5;JP:7;JP:10;JP:20;US:1;US:2;US:3;US:5;US:7;US:10
1991-11-30,27,27,0,0,0,CA:1;CA:2;CA:3;CA:5;CA:7;CA:10;CA:20;CA:30;GB:1;GB:2;GB:3;GB:5;GB:7;GB:10;JP:1;JP:2;JP:3;JP:5;JP:7;JP:10;JP:20;US:1;US:2;US:3;US:5;US:7;US:10
1991-12-31,27,27,0,0,0,CA:1;CA:2;CA:3;CA:5;CA:7;CA:10;CA:20;CA:30;GB:1;GB:2;GB:3;GB:5;GB:7;GB:10;JP:1;JP:2;JP:3;JP:5;JP:7;JP:10;JP:20;US:1;US:2;US:3;US:5;US:7;US:10
1992-01-31,27,27,0,0,0,CA:1;CA:2;CA:3;CA:5;CA:7;CA:10;CA:20;CA:30;GB:1;GB:2;GB:3;GB:5;GB:7;GB:10;JP:1;JP:2;JP:3;JP:5;JP:7;JP:10;JP:20;US:1;US:2;US:3;US:5;US:7;US:10
1992-02-29,28,28,0,0,0,CA:1;CA:2;CA:3;CA:5;CA:7;CA:10;CA:20;CA:30;GB:1;GB:2;GB:3;GB:5;GB:7;GB:10;GB:20;JP:1;JP:2;JP:3;JP:5;JP:7;JP:10;JP:20;US:1;US:2;US:3;US:5;US:7;US:10
1992-03-31,28,28,0,0,0,CA:1;CA:2;CA:3;CA:5;CA:7;CA:10;CA:20;CA:30;GB:1;GB:2;GB:3;GB:5;GB:7;GB:10;GB:20;JP:1;JP:2;JP:3;JP:5;JP:7;JP:10;JP:20;US:1;US:2;US:3;US:5;US:7;US:10
1992-04-30,28,28,0,0,0,CA:1;CA:2;CA:3;CA:5;CA:7;CA:10;CA:20;CA:30;GB:1;GB:2;GB:3;GB:5;GB:7;GB:10;GB:20;JP:1;JP:2;JP:3;JP:5;JP:7;JP:10;JP:20;US:1;US:2;US:3;US:5;US:7;US:10
1992-05-31,28,28,0,0,0,CA:1;CA:2;CA:3;CA:5;CA:7;CA:10;CA:20;CA:30;GB:1;GB:2;GB:3;GB:5;GB:7;GB:10;GB:20;JP:1;JP:2;JP:3;JP:5;JP:7;JP:10;JP:20;US:1;US:2;US:3;US:5;US:7;US:10
1992-06-30,28,28,0,0,0,CA:1;CA:2;CA:3;CA:5;CA:7;CA:10;CA:20;CA:30;GB:1;GB:2;GB:3;GB:5;GB:7;GB:10;GB:20;JP:1;JP:2;JP:3;JP:5;JP:7;JP:10;JP:20;US:1;US:2;US:3;US:5;US:7;US:10
1992-07-31,28,28,0,0,0,CA:1;CA:2;CA:3;CA:5;CA:7;CA:10;CA:20;CA:30;GB:1;GB:2;GB:3;GB:5;GB:7;GB:10;GB:20;JP:1;JP:2;JP:3;JP:5;JP:7;JP:10;JP:20;US:1;US:2;US:3;US:5;US:7;US:10
1992-08-31,28,28,0,0,0,CA:1;CA:2;CA:3;CA:5;CA:7;CA:10;CA:20;CA:30;GB:1;GB:2;GB:3;GB:5;GB:7;GB:10;GB:20;JP:1;JP:2;JP:3;JP:5;JP:7;JP:10;JP:20;US:1;US:2;US:3;US:5;US:7;US:10
1992-09-30,28,28,0,0,0,CA:1;CA:2;CA:3;CA:5;CA:7;CA:10;CA:20;CA:30;GB:1;GB:2;GB:3;GB:5;GB:7;GB:10;GB:20;JP:1;JP:2;JP:3;JP:5;JP:7;JP:10;JP:20;US:1;US:2;US:3;US:5;US:7;US:10
1992-10-31,28,28,0,0,0,CA:1;CA:2;CA:3;CA:5;CA:7;CA:10;CA:20;CA:30;GB:1;GB:2;GB:3;GB:5;GB:7;GB:10;GB:20;JP:1;JP:2;JP:3;JP:5;JP:7;JP:10;JP:20;US:1;US:2;US:3;US:5;US:7;US:10
1992-11-30,28,28,0,0,0,CA:1;CA:2;CA:3;CA:5;CA:7;CA:10;CA:20;CA:30;GB:1;GB:2;GB:3;GB:5;GB:7;GB:10;GB:20;JP:1;JP:2;JP:3;JP:5;JP:7;JP:10;JP:20;US:1;US:2;US:3;US:5;US:7;US:10
1992-12-31,28,28,0,0,0,CA:1;CA:2;CA:3;CA:5;CA:7;CA:10;CA:20;CA:30;GB:1;GB:2;GB:3;GB:5;GB:7;GB:10;GB:20;JP:1;JP:2;JP:3;JP:5;JP:7;JP:10;JP:20;US:1;US:2;US:3;US:5;US:7;US:10
1993-01-31,28,28,0,0,0,CA:1;CA:2;CA:3;CA:5;CA:7;CA:10;CA:20;CA:30;GB:1;GB:2;GB:3;GB:5;GB:7;GB:10;GB:20;JP:1;JP:2;JP:3;JP:5;JP:7;JP:10;JP:20;US:1;US:2;US:3;US:5;US:7;US:10
1993-02-28,28,28,0,0,0,CA:1;CA:2;CA:3;CA:5;CA:7;CA:10;CA:20;CA:30;GB:1;GB:2;GB:3;GB:5;GB:7;GB:10;GB:20;JP:1;JP:2;JP:3;JP:5;JP:7;JP:10;JP:20;US:1;US:2;US:3;US:5;US:7;US:10
1993-03-31,28,28,0,0,0,CA:1;CA:2;CA:3;CA:5;CA:7;CA:10;CA:20;CA:30;GB:1;GB:2;GB:3;GB:5;GB:7;GB:10;GB:20;JP:1;JP:2;JP:3;JP:5;JP:7;JP:10;JP:20;US:1;US:2;US:3;US:5;US:7;US:10
1993-04-30,28,28,0,0,0,CA:1;CA:2;CA:3;CA:5;CA:7;CA:10;CA:20;CA:30;GB:1;GB:2;GB:3;GB:5;GB:7;GB:10;GB:20;JP:1;JP:2;JP:3;JP:5;JP:7;JP:10;JP:20;US:1;US:2;US:3;US:5;US:7;US:10
1993-05-31,28,28,0,0,0,CA:1;CA:2;CA:3;CA:5;CA:7;CA:10;CA:20;CA:30;GB:1;GB:2;GB:3;GB:5;GB:7;GB:10;GB:20;JP:1;JP:2;JP:3;JP:5;JP:7;JP:10;JP:20;US:1;US:2;US:3;US:5;US:7;US:10
1993-06-30,28,28,0,0,0,CA:1;CA:2;CA:3;CA:5;CA:7;CA:10;CA:20;CA:30;GB:1;GB:2;GB:3;GB:5;GB:7;GB:10;GB:20;JP:1;JP:2;JP:3;JP:5;JP:7;JP:10;JP:20;US:1;US:2;US:3;US:5;US:7;US:10
1993-07-31,28,28,0,0,0,CA:1;CA:2;CA:3;CA:5;CA:7;CA:10;CA:20;CA:30;GB:1;GB:2;GB:3;GB:5;GB:7;GB:10;GB:20;JP:1;JP:2;JP:3;JP:5;JP:7;JP:10;JP:20;US:1;US:2;US:3;US:5;US:7;US:10
1993-08-31,28,28,0,0,0,CA:1;CA:2;CA:3;CA:5;CA:7;CA:10;CA:20;CA:30;GB:1;GB:2;GB:3;GB:5;GB:7;GB:10;GB:20;JP:1;JP:2;JP:3;JP:5;JP:7;JP:10;JP:20;US:1;US:2;US:3;US:5;US:7;US:10
1993-09-30,28,28,0,0,0,CA:1;CA:2;CA:3;CA:5;CA:7;CA:10;CA:20;CA:30;GB:1;GB:2;GB:3;GB:5;GB:7;GB:10;GB:20;JP:1;JP:2;JP:3;JP:5;JP:7;JP:10;JP:20;US:1;US:2;US:3;US:5;US:7;US:10
1993-10-31,30,30,0,0,0,CA:1;CA:2;CA:3;CA:5;CA:7;CA:10;CA:20;CA:30;GB:1;GB:2;GB:3;GB:5;GB:7;GB:10;GB:20;JP:1;JP:2;JP:3;JP:5;JP:7;JP:10;JP:20;US:1;US:2;US:3;US:5;US:7;US:10;US:20;US:30
1993-11-30,30,30,0,0,0,CA:1;CA:2;CA:3;CA:5;CA:7;CA:10;CA:20;CA:30;GB:1;GB:2;GB:3;GB:5;GB:7;GB:10;GB:20;JP:1;JP:2;JP:3;JP:5;JP:7;JP:10;JP:20;US:1;US:2;US:3;US:5;US:7;US:10;US:20;US:30
1993-12-31,30,30,0,0,0,CA:1;CA:2;CA:3;CA:5;CA:7;CA:10;CA:20;CA:30;GB:1;GB:2;GB:3;GB:5;GB:7;GB:10;GB:20;JP:1;JP:2;JP:3;JP:5;JP:7;JP:10;JP:20;US:1;US:2;US:3;US:5;US:7;US:10;US:20;US:30
1994-01-31,30,30,0,0,0,CA:1;CA:2;CA:3;CA:5;CA:7;CA:10;CA:20;CA:30;GB:1;GB:2;GB:3;GB:5;GB:7;GB:10;GB:20;JP:1;JP:2;JP:3;JP:5;JP:7;JP:10;JP:20;US:1;US:2;US:3;US:5;US:7;US:10;US:20;US:30
1994-02-28,30,30,0,0,0,CA:1;CA:2;CA:3;CA:5;CA:7;CA:10;CA:20;CA:30;GB:1;GB:2;GB:3;GB:5;GB:7;GB:10;GB:20;JP:1;JP:2;JP:3;JP:5;JP:7;JP:10;JP:20;US:1;US:2;US:3;US:5;US:7;US:10;US:20;US:30
1994-03-31,30,30,0,0,0,CA:1;CA:2;CA:3;CA:5;CA:7;CA:10;CA:20;CA:30;GB:1;GB:2;GB:3;GB:5;GB:7;GB:10;GB:20;JP:1;JP:2;JP:3;JP:5;JP:7;JP:10;JP:20;US:1;US:2;US:3;US:5;US:7;US:10;US:20;US:30
1994-04-30,30,30,0,0,0,CA:1;CA:2;CA:3;CA:5;CA:7;CA:10;CA:20;CA:30;GB:1;GB:2;GB:3;GB:5;GB:7;GB:10;GB:20;JP:1;JP:2;JP:3;JP:5;JP:7;JP:10;JP:20;US:1;US:2;US:3;US:5;US:7;US:10;US:20;US:30
1994-05-31,30,30,0,0,0,CA:1;CA:2;CA:3;CA:5;CA:7;CA:10;CA:20;CA:30;GB:1;GB:2;GB:3;GB:5;GB:7;GB:10;GB:20;JP:1;JP:2;JP:3;JP:5;JP:7;JP:10;JP:20;US:1;US:2;US:3;US:5;US:7;US:10;US:20;US:30
1994-06-30,30,30,0,0,0,CA:1;CA:2;CA:3;CA:5;CA:7;CA:10;CA:20;CA:30;GB:1;GB:2;GB:3;GB:5;GB:7;GB:10;GB:20;JP:1;JP:2;JP:3;JP:5;JP:7;JP:10;JP:20;US:1;US:2;US:3;US:5;US:7;US:10;US:20;US:30
1994-07-31,30,30,0,0,0,CA:1;CA:2;CA:3;CA:5;CA:7;CA:10;CA:20;CA:30;GB:1;GB:2;GB:3;GB:5;GB:7;GB:10;GB:20;JP:1;JP:2;JP:3;JP:5;JP:7;JP:10;JP:20;US:1;US:2;US:3;US:5;US:7;US:10;US:20;US:30
1994-08-31,30,30,0,0,0,CA:1;CA:2;CA:3;CA:5;CA:7;CA:10;CA:20;CA:30;GB:1;GB:2;GB:3;GB:5;GB:7;GB:10;GB:20;JP:1;JP:2;JP:3;JP:5;JP:7;JP:10;JP:20;US:1;US:2;US:3;US:5;US:7;US:10;US:20;US:30
1994-09-30,30,30,0,0,0,CA:1;CA:2;CA:3;CA:5;CA:7;CA:10;CA:20;CA:30;GB:1;GB:2;GB:3;GB:5;GB:7;GB:10;GB:20;JP:1;JP:2;JP:3;JP:5;JP:7;JP:10;JP:20;US:1;US:2;US:3;US:5;US:7;US:10;US:20;US:30
1994-10-31,30,30,0,0,0,CA:1;CA:2;CA:3;CA:5;CA:7;CA:10;CA:20;CA:30;GB:1;GB:2;GB:3;GB:5;GB:7;GB:10;GB:20;JP:1;JP:2;JP:3;JP:5;JP:7;JP:10;JP:20;US:1;US:2;US:3;US:5;US:7;US:10;US:20;US:30
1994-11-30,30,30,0,0,0,CA:1;CA:2;CA:3;CA:5;CA:7;CA:10;CA:20;CA:30;GB:1;GB:2;GB:3;GB:5;GB:7;GB:10;GB:20;JP:1;JP:2;JP:3;JP:5;JP:7;JP:10;JP:20;US:1;US:2;US:3;US:5;US:7;US:10;US:20;US:30
1994-12-31,30,30,0,0,0,CA:1;CA:2;CA:3;CA:5;CA:7;CA:10;CA:20;CA:30;GB:1;GB:2;GB:3;GB:5;GB:7;GB:10;GB:20;JP:1;JP:2;JP:3;JP:5;JP:7;JP:10;JP:20;US:1;US:2;US:3;US:5;US:7;US:10;US:20;US:30
1995-01-31,30,30,0,0,0,CA:1;CA:2;CA:3;CA:5;CA:7;CA:10;CA:20;CA:30;GB:1;GB:2;GB:3;GB:5;GB:7;GB:10;GB:20;JP:1;JP:2;JP:3;JP:5;JP:7;JP:10;JP:20;US:1;US:2;US:3;US:5;US:7;US:10;US:20;US:30
1995-02-28,30,30,0,0,0,CA:1;CA:2;CA:3;CA:5;CA:7;CA:10;CA:20;CA:30;GB:1;GB:2;GB:3;GB:5;GB:7;GB:10;GB:20;JP:1;JP:2;JP:3;JP:5;JP:7;JP:10;JP:20;US:1;US:2;US:3;US:5;US:7;US:10;US:20;US:30
1995-03-31,30,30,0,0,0,CA:1;CA:2;CA:3;CA:5;CA:7;CA:10;CA:20;CA:30;GB:1;GB:2;GB:3;GB:5;GB:7;GB:10;GB:20;JP:1;JP:2;JP:3;JP:5;JP:7;JP:10;JP:20;US:1;US:2;US:3;US:5;US:7;US:10;US:20;US:30
1995-04-30,30,30,0,0,0,CA:1;CA:2;CA:3;CA:5;CA:7;CA:10;CA:20;CA:30;GB:1;GB:2;GB:3;GB:5;GB:7;GB:10;GB:20;JP:1;JP:2;JP:3;JP:5;JP:7;JP:10;JP:20;US:1;US:2;US:3;US:5;US:7;US:10;US:20;US:30
1995-05-31,30,30,0,0,0,CA:1;CA:2;CA:3;CA:5;CA:7;CA:10;CA:20;CA:30;GB:1;GB:2;GB:3;GB:5;GB:7;GB:10;GB:20;JP:1;JP:2;JP:3;JP:5;JP:7;JP:10;JP:20;US:1;US:2;US:3;US:5;US:7;US:10;US:20;US:30
1995-06-30,30,30,0,0,0,CA:1;CA:2;CA:3;CA:5;CA:7;CA:10;CA:20;CA:30;GB:1;GB:2;GB:3;GB:5;GB:7;GB:10;GB:20;JP:1;JP:2;JP:3;JP:5;JP:7;JP:10;JP:20;US:1;US:2;US:3;US:5;US:7;US:10;US:20;US:30
1995-07-31,30,30,0,0,0,CA:1;CA:2;CA:3;CA:5;CA:7;CA:10;CA:20;CA:30;GB:1;GB:2;GB:3;GB:5;GB:7;GB:10;GB:20;JP:1;JP:2;JP:3;JP:5;JP:7;JP:10;JP:20;US:1;US:2;US:3;US:5;US:7;US:10;US:20;US:30
1995-08-31,30,30,0,0,0,CA:1;CA:2;CA:3;CA:5;CA:7;CA:10;CA:20;CA:30;GB:1;GB:2;GB:3;GB:5;GB:7;GB:10;GB:20;JP:1;JP:2;JP:3;JP:5;JP:7;JP:10;JP:20;US:1;US:2;US:3;US:5;US:7;US:10;US:20;US:30
1995-09-30,30,30,0,0,0,CA:1;CA:2;CA:3;CA:5;CA:7;CA:10;CA:20;CA:30;GB:1;GB:2;GB:3;GB:5;GB:7;GB:10;GB:20;JP:1;JP:2;JP:3;JP:5;JP:7;JP:10;JP:20;US:1;US:2;US:3;US:5;US:7;US:10;US:20;US:30
1995-10-31,30,30,0,0,0,CA:1;CA:2;CA:3;CA:5;CA:7;CA:10;CA:20;CA:30;GB:1;GB:2;GB:3;GB:5;GB:7;GB:10;GB:20;JP:1;JP:2;JP:3;JP:5;JP:7;JP:10;JP:20;US:1;US:2;US:3;US:5;US:7;US:10;US:20;US:30
1995-11-30,30,29,1,0,0,CA:1;CA:2;CA:3;CA:5;CA:7;CA:10;CA:20;CA:30;GB:1;GB:2;GB:3;GB:5;GB:7;GB:10;GB:20;JP:2;JP:3;JP:5;JP:7;JP:10;JP:20;US:1;US:2;US:3;US:5;US:7;US:10;US:20;US:30
1995-12-31,30,30,0,0,0,CA:1;CA:2;CA:3;CA:5;CA:7;CA:10;CA:20;CA:30;GB:1;GB:2;GB:3;GB:5;GB:7;GB:10;GB:20;JP:1;JP:2;JP:3;JP:5;JP:7;JP:10;JP:20;US:1;US:2;US:3;US:5;US:7;US:10;US:20;US:30
1996-01-31,30,30,0,0,0,CA:1;CA:2;CA:3;CA:5;CA:7;CA:10;CA:20;CA:30;GB:1;GB:2;GB:3;GB:5;GB:7;GB:10;GB:20;JP:1;JP:2;JP:3;JP:5;JP:7;JP:10;JP:20;US:1;US:2;US:3;US:5;US:7;US:10;US:20;US:30
1996-02-29,30,30,0,0,0,CA:1;CA:2;CA:3;CA:5;CA:7;CA:10;CA:20;CA:30;GB:1;GB:2;GB:3;GB:5;GB:7;GB:10;GB:20;JP:1;JP:2;JP:3;JP:5;JP:7;JP:10;JP:20;US:1;US:2;US:3;US:5;US:7;US:10;US:20;US:30
1996-03-31,30,30,0,0,0,CA:1;CA:2;CA:3;CA:5;CA:7;CA:10;CA:20;CA:30;GB:1;GB:2;GB:3;GB:5;GB:7;GB:10;GB:20;JP:1;JP:2;JP:3;JP:5;JP:7;JP:10;JP:20;US:1;US:2;US:3;US:5;US:7;US:10;US:20;US:30
1996-04-30,30,30,0,0,0,CA:1;CA:2;CA:3;CA:5;CA:7;CA:10;CA:20;CA:30;GB:1;GB:2;GB:3;GB:5;GB:7;GB:10;GB:20;JP:1;JP:2;JP:3;JP:5;JP:7;JP:10;JP:20;US:1;US:2;US:3;US:5;US:7;US:10;US:20;US:30
1996-05-31,30,30,0,0,0,CA:1;CA:2;CA:3;CA:5;CA:7;CA:10;CA:20;CA:30;GB:1;GB:2;GB:3;GB:5;GB:7;GB:10;GB:20;JP:1;JP:2;JP:3;JP:5;JP:7;JP:10;JP:20;US:1;US:2;US:3;US:5;US:7;US:10;US:20;US:30
1996-06-30,30,30,0,0,0,CA:1;CA:2;CA:3;CA:5;CA:7;CA:10;CA:20;CA:30;GB:1;GB:2;GB:3;GB:5;GB:7;GB:10;GB:20;JP:1;JP:2;JP:3;JP:5;JP:7;JP:10;JP:20;US:1;US:2;US:3;US:5;US:7;US:10;US:20;US:30
1996-07-31,30,30,0,0,0,CA:1;CA:2;CA:3;CA:5;CA:7;CA:10;CA:20;CA:30;GB:1;GB:2;GB:3;GB:5;GB:7;GB:10;GB:20;JP:1;JP:2;JP:3;JP:5;JP:7;JP:10;JP:20;US:1;US:2;US:3;US:5;US:7;US:10;US:20;US:30
1996-08-31,30,30,0,0,0,CA:1;CA:2;CA:3;CA:5;CA:7;CA:10;CA:20;CA:30;GB:1;GB:2;GB:3;GB:5;GB:7;GB:10;GB:20;JP:1;JP:2;JP:3;JP:5;JP:7;JP:10;JP:20;US:1;US:2;US:3;US:5;US:7;US:10;US:20;US:30
1996-09-30,30,30,0,0,0,CA:1;CA:2;CA:3;CA:5;CA:7;CA:10;CA:20;CA:30;GB:1;GB:2;GB:3;GB:5;GB:7;GB:10;GB:20;JP:1;JP:2;JP:3;JP:5;JP:7;JP:10;JP:20;US:1;US:2;US:3;US:5;US:7;US:10;US:20;US:30
1996-10-31,30,30,0,0,0,CA:1;CA:2;CA:3;CA:5;CA:7;CA:10;CA:20;CA:30;GB:1;GB:2;GB:3;GB:5;GB:7;GB:10;GB:20;JP:1;JP:2;JP:3;JP:5;JP:7;JP:10;JP:20;US:1;US:2;US:3;US:5;US:7;US:10;US:20;US:30
1996-11-30,30,30,0,0,0,CA:1;CA:2;CA:3;CA:5;CA:7;CA:10;CA:20;CA:30;GB:1;GB:2;GB:3;GB:5;GB:7;GB:10;GB:20;JP:1;JP:2;JP:3;JP:5;JP:7;JP:10;JP:20;US:1;US:2;US:3;US:5;US:7;US:10;US:20;US:30
1996-12-31,30,30,0,0,0,CA:1;CA:2;CA:3;CA:5;CA:7;CA:10;CA:20;CA:30;GB:1;GB:2;GB:3;GB:5;GB:7;GB:10;GB:20;JP:1;JP:2;JP:3;JP:5;JP:7;JP:10;JP:20;US:1;US:2;US:3;US:5;US:7;US:10;US:20;US:30
1997-01-31,30,30,0,0,0,CA:1;CA:2;CA:3;CA:5;CA:7;CA:10;CA:20;CA:30;GB:1;GB:2;GB:3;GB:5;GB:7;GB:10;GB:20;JP:1;JP:2;JP:3;JP:5;JP:7;JP:10;JP:20;US:1;US:2;US:3;US:5;US:7;US:10;US:20;US:30
1997-02-28,30,30,0,0,0,CA:1;CA:2;CA:3;CA:5;CA:7;CA:10;CA:20;CA:30;GB:1;GB:2;GB:3;GB:5;GB:7;GB:10;GB:20;JP:1;JP:2;JP:3;JP:5;JP:7;JP:10;JP:20;US:1;US:2;US:3;US:5;US:7;US:10;US:20;US:30
1997-03-31,30,30,0,0,0,CA:1;CA:2;CA:3;CA:5;CA:7;CA:10;CA:20;CA:30;GB:1;GB:2;GB:3;GB:5;GB:7;GB:10;GB:20;JP:1;JP:2;JP:3;JP:5;JP:7;JP:10;JP:20;US:1;US:2;US:3;US:5;US:7;US:10;US:20;US:30
1997-04-30,30,30,0,0,0,CA:1;CA:2;CA:3;CA:5;CA:7;CA:10;CA:20;CA:30;GB:1;GB:2;GB:3;GB:5;GB:7;GB:10;GB:20;JP:1;JP:2;JP:3;JP:5;JP:7;JP:10;JP:20;US:1;US:2;US:3;US:5;US:7;US:10;US:20;US:30
1997-05-31,30,30,0,0,0,CA:1;CA:2;CA:3;CA:5;CA:7;CA:10;CA:20;CA:30;GB:1;GB:2;GB:3;GB:5;GB:7;GB:10;GB:20;JP:1;JP:2;JP:3;JP:5;JP:7;JP:10;JP:20;US:1;US:2;US:3;US:5;US:7;US:10;US:20;US:30
1997-06-30,30,30,0,0,0,CA:1;CA:2;CA:3;CA:5;CA:7;CA:10;CA:20;CA:30;GB:1;GB:2;GB:3;GB:5;GB:7;GB:10;GB:20;JP:1;JP:2;JP:3;JP:5;JP:7;JP:10;JP:20;US:1;US:2;US:3;US:5;US:7;US:10;US:20;US:30
1997-07-31,30,30,0,0,0,CA:1;CA:2;CA:3;CA:5;CA:7;CA:10;CA:20;CA:30;GB:1;GB:2;GB:3;GB:5;GB:7;GB:10;GB:20;JP:1;JP:2;JP:3;JP:5;JP:7;JP:10;JP:20;US:1;US:2;US:3;US:5;US:7;US:10;US:20;US:30
1997-08-31,38,38,0,0,0,CA:1;CA:2;CA:3;CA:5;CA:7;CA:10;CA:20;CA:30;DE:1;DE:2;DE:3;DE:5;DE:7;DE:10;DE:20;DE:30;GB:1;GB:2;GB:3;GB:5;GB:7;GB:10;GB:20;JP:1;JP:2;JP:3;JP:5;JP:7;JP:10;JP:20;US:1;US:2;US:3;US:5;US:7;US:10;US:20;US:30
1997-09-30,38,38,0,0,0,CA:1;CA:2;CA:3;CA:5;CA:7;CA:10;CA:20;CA:30;DE:1;DE:2;DE:3;DE:5;DE:7;DE:10;DE:20;DE:30;GB:1;GB:2;GB:3;GB:5;GB:7;GB:10;GB:20;JP:1;JP:2;JP:3;JP:5;JP:7;JP:10;JP:20;US:1;US:2;US:3;US:5;US:7;US:10;US:20;US:30
1997-10-31,38,38,0,0,0,CA:1;CA:2;CA:3;CA:5;CA:7;CA:10;CA:20;CA:30;DE:1;DE:2;DE:3;DE:5;DE:7;DE:10;DE:20;DE:30;GB:1;GB:2;GB:3;GB:5;GB:7;GB:10;GB:20;JP:1;JP:2;JP:3;JP:5;JP:7;JP:10;JP:20;US:1;US:2;US:3;US:5;US:7;US:10;US:20;US:30
1997-11-30,38,38,0,0,0,CA:1;CA:2;CA:3;CA:5;CA:7;CA:10;CA:20;CA:30;DE:1;DE:2;DE:3;DE:5;DE:7;DE:10;DE:20;DE:30;GB:1;GB:2;GB:3;GB:5;GB:7;GB:10;GB:20;JP:1;JP:2;JP:3;JP:5;JP:7;JP:10;JP:20;US:1;US:2;US:3;US:5;US:7;US:10;US:20;US:30
1997-12-31,38,38,0,0,0,CA:1;CA:2;CA:3;CA:5;CA:7;CA:10;CA:20;CA:30;DE:1;DE:2;DE:3;DE:5;DE:7;DE:10;DE:20;DE:30;GB:1;GB:2;GB:3;GB:5;GB:7;GB:10;GB:20;JP:1;JP:2;JP:3;JP:5;JP:7;JP:10;JP:20;US:1;US:2;US:3;US:5;US:7;US:10;US:20;US:30
1998-01-31,38,38,0,0,0,CA:1;CA:2;CA:3;CA:5;CA:7;CA:10;CA:20;CA:30;DE:1;DE:2;DE:3;DE:5;DE:7;DE:10;DE:20;DE:30;GB:1;GB:2;GB:3;GB:5;GB:7;GB:10;GB:20;JP:1;JP:2;JP:3;JP:5;JP:7;JP:10;JP:20;US:1;US:2;US:3;US:5;US:7;US:10;US:20;US:30
1998-02-28,38,38,0,0,0,CA:1;CA:2;CA:3;CA:5;CA:7;CA:10;CA:20;CA:30;DE:1;DE:2;DE:3;DE:5;DE:7;DE:10;DE:20;DE:30;GB:1;GB:2;GB:3;GB:5;GB:7;GB:10;GB:20;JP:1;JP:2;JP:3;JP:5;JP:7;JP:10;JP:20;US:1;US:2;US:3;US:5;US:7;US:10;US:20;US:30
1998-03-31,38,38,0,0,0,CA:1;CA:2;CA:3;CA:5;CA:7;CA:10;CA:20;CA:30;DE:1;DE:2;DE:3;DE:5;DE:7;DE:10;DE:20;DE:30;GB:1;GB:2;GB:3;GB:5;GB:7;GB:10;GB:20;JP:1;JP:2;JP:3;JP:5;JP:7;JP:10;JP:20;US:1;US:2;US:3;US:5;US:7;US:10;US:20;US:30
1998-04-30,38,38,0,0,0,CA:1;CA:2;CA:3;CA:5;CA:7;CA:10;CA:20;CA:30;DE:1;DE:2;DE:3;DE:5;DE:7;DE:10;DE:20;DE:30;GB:1;GB:2;GB:3;GB:5;GB:7;GB:10;GB:20;JP:1;JP:2;JP:3;JP:5;JP:7;JP:10;JP:20;US:1;US:2;US:3;US:5;US:7;US:10;US:20;US:30
1998-05-31,38,38,0,0,0,CA:1;CA:2;CA:3;CA:5;CA:7;CA:10;CA:20;CA:30;DE:1;DE:2;DE:3;DE:5;DE:7;DE:10;DE:20;DE:30;GB:1;GB:2;GB:3;GB:5;GB:7;GB:10;GB:20;JP:1;JP:2;JP:3;JP:5;JP:7;JP:10;JP:20;US:1;US:2;US:3;US:5;US:7;US:10;US:20;US:30
1998-06-30,38,38,0,0,0,CA:1;CA:2;CA:3;CA:5;CA:7;CA:10;CA:20;CA:30;DE:1;DE:2;DE:3;DE:5;DE:7;DE:10;DE:20;DE:30;GB:1;GB:2;GB:3;GB:5;GB:7;GB:10;GB:20;JP:1;JP:2;JP:3;JP:5;JP:7;JP:10;JP:20;US:1;US:2;US:3;US:5;US:7;US:10;US:20;US:30
1998-07-31,38,38,0,0,0,CA:1;CA:2;CA:3;CA:5;CA:7;CA:10;CA:20;CA:30;DE:1;DE:2;DE:3;DE:5;DE:7;DE:10;DE:20;DE:30;GB:1;GB:2;GB:3;GB:5;GB:7;GB:10;GB:20;JP:1;JP:2;JP:3;JP:5;JP:7;JP:10;JP:20;US:1;US:2;US:3;US:5;US:7;US:10;US:20;US:30
1998-08-31,38,38,0,0,0,CA:1;CA:2;CA:3;CA:5;CA:7;CA:10;CA:20;CA:30;DE:1;DE:2;DE:3;DE:5;DE:7;DE:10;DE:20;DE:30;GB:1;GB:2;GB:3;GB:5;GB:7;GB:10;GB:20;JP:1;JP:2;JP:3;JP:5;JP:7;JP:10;JP:20;US:1;US:2;US:3;US:5;US:7;US:10;US:20;US:30
1998-09-30,38,38,0,0,0,CA:1;CA:2;CA:3;CA:5;CA:7;CA:10;CA:20;CA:30;DE:1;DE:2;DE:3;DE:5;DE:7;DE:10;DE:20;DE:30;GB:1;GB:2;GB:3;GB:5;GB:7;GB:10;GB:20;JP:1;JP:2;JP:3;JP:5;JP:7;JP:10;JP:20;US:1;US:2;US:3;US:5;US:7;US:10;US:20;US:30
1998-10-31,38,38,0,0,0,CA:1;CA:2;CA:3;CA:5;CA:7;CA:10;CA:20;CA:30;DE:1;DE:2;DE:3;DE:5;DE:7;DE:10;DE:20;DE:30;GB:1;GB:2;GB:3;GB:5;GB:7;GB:10;GB:20;JP:1;JP:2;JP:3;JP:5;JP:7;JP:10;JP:20;US:1;US:2;US:3;US:5;US:7;US:10;US:20;US:30
1998-11-30,38,38,0,0,0,CA:1;CA:2;CA:3;CA:5;CA:7;CA:10;CA:20;CA:30;DE:1;DE:2;DE:3;DE:5;DE:7;DE:10;DE:20;DE:30;GB:1;GB:2;GB:3;GB:5;GB:7;GB:10;GB:20;JP:1;JP:2;JP:3;JP:5;JP:7;JP:10;JP:20;US:1;US:2;US:3;US:5;US:7;US:10;US:20;US:30
1998-12-31,38,38,0,0,0,CA:1;CA:2;CA:3;CA:5;CA:7;CA:10;CA:20;CA:30;DE:1;DE:2;DE:3;DE:5;DE:7;DE:10;DE:20;DE:30;GB:1;GB:2;GB:3;GB:5;GB:7;GB:10;GB:20;JP:1;JP:2;JP:3;JP:5;JP:7;JP:10;JP:20;US:1;US:2;US:3;US:5;US:7;US:10;US:20;US:30
1999-01-31,38,38,0,0,0,CA:1;CA:2;CA:3;CA:5;CA:7;CA:10;CA:20;CA:30;DE:1;DE:2;DE:3;DE:5;DE:7;DE:10;DE:20;DE:30;GB:1;GB:2;GB:3;GB:5;GB:7;GB:10;GB:20;JP:1;JP:2;JP:3;JP:5;JP:7;JP:10;JP:20;US:1;US:2;US:3;US:5;US:7;US:10;US:20;US:30
1999-02-28,38,38,0,0,0,CA:1;CA:2;CA:3;CA:5;CA:7;CA:10;CA:20;CA:30;DE:1;DE:2;DE:3;DE:5;DE:7;DE:10;DE:20;DE:30;GB:1;GB:2;GB:3;GB:5;GB:7;GB:10;GB:20;JP:1;JP:2;JP:3;JP:5;JP:7;JP:10;JP:20;US:1;US:2;US:3;US:5;US:7;US:10;US:20;US:30
1999-03-31,38,38,0,0,0,CA:1;CA:2;CA:3;CA:5;CA:7;CA:10;CA:20;CA:30;DE:1;DE:2;DE:3;DE:5;DE:7;DE:10;DE:20;DE:30;GB:1;GB:2;GB:3;GB:5;GB:7;GB:10;GB:20;JP:1;JP:2;JP:3;JP:5;JP:7;JP:10;JP:20;US:1;US:2;US:3;US:5;US:7;US:10;US:20;US:30
1999-04-30,38,37,1,0,0,CA:1;CA:2;CA:3;CA:5;CA:7;CA:10;CA:20;CA:30;DE:1;DE:2;DE:3;DE:5;DE:7;DE:10;DE:20;DE:30;GB:1;GB:2;GB:3;GB:5;GB:7;GB:10;GB:20;JP:2;JP:3;JP:5;JP:7;JP:10;JP:20;US:1;US:2;US:3;US:5;US:7;US:10;US:20;US:30
1999-05-31,38,36,2,0,0,CA:1;CA:2;CA:3;CA:5;CA:7;CA:10;CA:20;CA:30;DE:1;DE:2;DE:3;DE:5;DE:7;DE:10;DE:20;DE:30;GB:1;GB:2;GB:3;GB:5;GB:7;GB:10;GB:20;JP:3;JP:5;JP:7;JP:10;JP:20;US:1;US:2;US:3;US:5;US:7;US:10;US:20;US:30
1999-06-30,38,38,0,0,0,CA:1;CA:2;CA:3;CA:5;CA:7;CA:10;CA:20;CA:30;DE:1;DE:2;DE:3;DE:5;DE:7;DE:10;DE:20;DE:30;GB:1;GB:2;GB:3;GB:5;GB:7;GB:10;GB:20;JP:1;JP:2;JP:3;JP:5;JP:7;JP:10;JP:20;US:1;US:2;US:3;US:5;US:7;US:10;US:20;US:30
1999-07-31,38,38,0,0,0,CA:1;CA:2;CA:3;CA:5;CA:7;CA:10;CA:20;CA:30;DE:1;DE:2;DE:3;DE:5;DE:7;DE:10;DE:20;DE:30;GB:1;GB:2;GB:3;GB:5;GB:7;GB:10;GB:20;JP:1;JP:2;JP:3;JP:5;JP:7;JP:10;JP:20;US:1;US:2;US:3;US:5;US:7;US:10;US:20;US:30
1999-08-31,38,37,1,0,0,CA:1;CA:2;CA:3;CA:5;CA:7;CA:10;CA:20;CA:30;DE:1;DE:2;DE:3;DE:5;DE:7;DE:10;DE:20;DE:30;GB:1;GB:2;GB:3;GB:5;GB:7;GB:10;GB:20;JP:2;JP:3;JP:5;JP:7;JP:10;JP:20;US:1;US:2;US:3;US:5;US:7;US:10;US:20;US:30
1999-09-30,39,38,1,0,0,CA:1;CA:2;CA:3;CA:5;CA:7;CA:10;CA:20;CA:30;DE:1;DE:2;DE:3;DE:5;DE:7;DE:10;DE:20;DE:30;GB:1;GB:2;GB:3;GB:5;GB:7;GB:10;GB:20;JP:2;JP:3;JP:5;JP:7;JP:10;JP:20;JP:30;US:1;US:2;US:3;US:5;US:7;US:10;US:20;US:30
1999-10-31,39,38,1,0,0,CA:1;CA:2;CA:3;CA:5;CA:7;CA:10;CA:20;CA:30;DE:1;DE:2;DE:3;DE:5;DE:7;DE:10;DE:20;DE:30;GB:1;GB:2;GB:3;GB:5;GB:7;GB:10;GB:20;JP:2;JP:3;JP:5;JP:7;JP:10;JP:20;JP:30;US:1;US:2;US:3;US:5;US:7;US:10;US:20;US:30
1999-11-30,39,38,1,0,0,CA:1;CA:2;CA:3;CA:5;CA:7;CA:10;CA:20;CA:30;DE:1;DE:2;DE:3;DE:5;DE:7;DE:10;DE:20;DE:30;GB:1;GB:2;GB:3;GB:5;GB:7;GB:10;GB:20;JP:2;JP:3;JP:5;JP:7;JP:10;JP:20;JP:30;US:1;US:2;US:3;US:5;US:7;US:10;US:20;US:30
1999-12-31,39,38,1,0,0,CA:1;CA:2;CA:3;CA:5;CA:7;CA:10;CA:20;CA:30;DE:1;DE:2;DE:3;DE:5;DE:7;DE:10;DE:20;DE:30;GB:1;GB:2;GB:3;GB:5;GB:7;GB:10;GB:20;JP:2;JP:3;JP:5;JP:7;JP:10;JP:20;JP:30;US:1;US:2;US:3;US:5;US:7;US:10;US:20;US:30
2000-01-31,39,38,1,0,0,CA:1;CA:2;CA:3;CA:5;CA:7;CA:10;CA:20;CA:30;DE:1;DE:2;DE:3;DE:5;DE:7;DE:10;DE:20;DE:30;GB:1;GB:2;GB:3;GB:5;GB:7;GB:10;GB:20;JP:2;JP:3;JP:5;JP:7;JP:10;JP:20;JP:30;US:1;US:2;US:3;US:5;US:7;US:10;US:20;US:30
2000-02-29,39,38,1,0,0,CA:1;CA:2;CA:3;CA:5;CA:7;CA:10;CA:20;CA:30;DE:1;DE:2;DE:3;DE:5;DE:7;DE:10;DE:20;DE:30;GB:1;GB:2;GB:3;GB:5;GB:7;GB:10;GB:20;JP:2;JP:3;JP:5;JP:7;JP:10;JP:20;JP:30;US:1;US:2;US:3;US:5;US:7;US:10;US:20;US:30
2000-03-31,39,39,0,0,0,CA:1;CA:2;CA:3;CA:5;CA:7;CA:10;CA:20;CA:30;DE:1;DE:2;DE:3;DE:5;DE:7;DE:10;DE:20;DE:30;GB:1;GB:2;GB:3;GB:5;GB:7;GB:10;GB:20;JP:1;JP:2;JP:3;JP:5;JP:7;JP:10;JP:20;JP:30;US:1;US:2;US:3;US:5;US:7;US:10;US:20;US:30
2000-04-30,39,39,0,0,0,CA:1;CA:2;CA:3;CA:5;CA:7;CA:10;CA:20;CA:30;DE:1;DE:2;DE:3;DE:5;DE:7;DE:10;DE:20;DE:30;GB:1;GB:2;GB:3;GB:5;GB:7;GB:10;GB:20;JP:1;JP:2;JP:3;JP:5;JP:7;JP:10;JP:20;JP:30;US:1;US:2;US:3;US:5;US:7;US:10;US:20;US:30
2000-05-31,39,39,0,0,0,CA:1;CA:2;CA:3;CA:5;CA:7;CA:10;CA:20;CA:30;DE:1;DE:2;DE:3;DE:5;DE:7;DE:10;DE:20;DE:30;GB:1;GB:2;GB:3;GB:5;GB:7;GB:10;GB:20;JP:1;JP:2;JP:3;JP:5;JP:7;JP:10;JP:20;JP:30;US:1;US:2;US:3;US:5;US:7;US:10;US:20;US:30
2000-06-30,39,39,0,0,0,CA:1;CA:2;CA:3;CA:5;CA:7;CA:10;CA:20;CA:30;DE:1;DE:2;DE:3;DE:5;DE:7;DE:10;DE:20;DE:30;GB:1;GB:2;GB:3;GB:5;GB:7;GB:10;GB:20;JP:1;JP:2;JP:3;JP:5;JP:7;JP:10;JP:20;JP:30;US:1;US:2;US:3;US:5;US:7;US:10;US:20;US:30
2000-07-31,39,39,0,0,0,CA:1;CA:2;CA:3;CA:5;CA:7;CA:10;CA:20;CA:30;DE:1;DE:2;DE:3;DE:5;DE:7;DE:10;DE:20;DE:30;GB:1;GB:2;GB:3;GB:5;GB:7;GB:10;GB:20;JP:1;JP:2;JP:3;JP:5;JP:7;JP:10;JP:20;JP:30;US:1;US:2;US:3;US:5;US:7;US:10;US:20;US:30
2000-08-31,39,39,0,0,0,CA:1;CA:2;CA:3;CA:5;CA:7;CA:10;CA:20;CA:30;DE:1;DE:2;DE:3;DE:5;DE:7;DE:10;DE:20;DE:30;GB:1;GB:2;GB:3;GB:5;GB:7;GB:10;GB:20;JP:1;JP:2;JP:3;JP:5;JP:7;JP:10;JP:20;JP:30;US:1;US:2;US:3;US:5;US:7;US:10;US:20;US:30
2000-09-30,39,39,0,0,0,CA:1;CA:2;CA:3;CA:5;CA:7;CA:10;CA:20;CA:30;DE:1;DE:2;DE:3;DE:5;DE:7;DE:10;DE:20;DE:30;GB:1;GB:2;GB:3;GB:5;GB:7;GB:10;GB:20;JP:1;JP:2;JP:3;JP:5;JP:7;JP:10;JP:20;JP:30;US:1;US:2;US:3;US:5;US:7;US:10;US:20;US:30
2000-10-31,39,39,0,0,0,CA:1;CA:2;CA:3;CA:5;CA:7;CA:10;CA:20;CA:30;DE:1;DE:2;DE:3;DE:5;DE:7;DE:10;DE:20;DE:30;GB:1;GB:2;GB:3;GB:5;GB:7;GB:10;GB:20;JP:1;JP:2;JP:3;JP:5;JP:7;JP:10;JP:20;JP:30;US:1;US:2;US:3;US:5;US:7;US:10;US:20;US:30
2000-11-30,39,39,0,0,0,CA:1;CA:2;CA:3;CA:5;CA:7;CA:10;CA:20;CA:30;DE:1;DE:2;DE:3;DE:5;DE:7;DE:10;DE:20;DE:30;GB:1;GB:2;GB:3;GB:5;GB:7;GB:10;GB:20;JP:1;JP:2;JP:3;JP:5;JP:7;JP:10;JP:20;JP:30;US:1;US:2;US:3;US:5;US:7;US:10;US:20;US:30
2000-12-31,39,39,0,0,0,CA:1;CA:2;CA:3;CA:5;CA:7;CA:10;CA:20;CA:30;DE:1;DE:2;DE:3;DE:5;DE:7;DE:10;DE:20;DE:30;GB:1;GB:2;GB:3;GB:5;GB:7;GB:10;GB:20;JP:1;JP:2;JP:3;JP:5;JP:7;JP:10;JP:20;JP:30;US:1;US:2;US:3;US:5;US:7;US:10;US:20;US:30
2001-01-31,39,39,0,0,0,CA:1;CA:2;CA:3;CA:5;CA:7;CA:10;CA:20;CA:30;DE:1;DE:2;DE:3;DE:5;DE:7;DE:10;DE:20;DE:30;GB:1;GB:2;GB:3;GB:5;GB:7;GB:10;GB:20;JP:1;JP:2;JP:3;JP:5;JP:7;JP:10;JP:20;JP:30;US:1;US:2;US:3;US:5;US:7;US:10;US:20;US:30
2001-02-28,39,39,0,0,0,CA:1;CA:2;CA:3;CA:5;CA:7;CA:10;CA:20;CA:30;DE:1;DE:2;DE:3;DE:5;DE:7;DE:10;DE:20;DE:30;GB:1;GB:2;GB:3;GB:5;GB:7;GB:10;GB:20;JP:1;JP:2;JP:3;JP:5;JP:7;JP:10;JP:20;JP:30;US:1;US:2;US:3;US:5;US:7;US:10;US:20;US:30
2001-03-31,39,37,2,0,0,CA:1;CA:2;CA:3;CA:5;CA:7;CA:10;CA:20;CA:30;DE:1;DE:2;DE:3;DE:5;DE:7;DE:10;DE:20;DE:30;GB:1;GB:2;GB:3;GB:5;GB:7;GB:10;GB:20;JP:3;JP:5;JP:7;JP:10;JP:20;JP:30;US:1;US:2;US:3;US:5;US:7;US:10;US:20;US:30
2001-04-30,39,37,2,0,0,CA:1;CA:2;CA:3;CA:5;CA:7;CA:10;CA:20;CA:30;DE:1;DE:2;DE:3;DE:5;DE:7;DE:10;DE:20;DE:30;GB:1;GB:2;GB:3;GB:5;GB:7;GB:10;GB:20;JP:3;JP:5;JP:7;JP:10;JP:20;JP:30;US:1;US:2;US:3;US:5;US:7;US:10;US:20;US:30
2001-05-31,39,36,3,0,0,CA:1;CA:2;CA:3;CA:5;CA:7;CA:10;CA:20;CA:30;DE:1;DE:2;DE:3;DE:5;DE:7;DE:10;DE:20;DE:30;GB:1;GB:2;GB:3;GB:5;GB:7;GB:10;GB:20;JP:5;JP:7;JP:10;JP:20;JP:30;US:1;US:2;US:3;US:5;US:7;US:10;US:20;US:30
2001-06-30,39,36,3,0,0,CA:1;CA:2;CA:3;CA:5;CA:7;CA:10;CA:20;CA:30;DE:1;DE:2;DE:3;DE:5;DE:7;DE:10;DE:20;DE:30;GB:1;GB:2;GB:3;GB:5;GB:7;GB:10;GB:20;JP:5;JP:7;JP:10;JP:20;JP:30;US:1;US:2;US:3;US:5;US:7;US:10;US:20;US:30
2001-07-31,39,36,3,0,0,CA:1;CA:2;CA:3;CA:5;CA:7;CA:10;CA:20;CA:30;DE:1;DE:2;DE:3;DE:5;DE:7;DE:10;DE:20;DE:30;GB:1;GB:2;GB:3;GB:5;GB:7;GB:10;GB:20;JP:5;JP:7;JP:10;JP:20;JP:30;US:1;US:2;US:3;US:5;US:7;US:10;US:20;US:30
2001-08-31,39,36,3,0,0,CA:1;CA:2;CA:3;CA:5;CA:7;CA:10;CA:20;CA:30;DE:1;DE:2;DE:3;DE:5;DE:7;DE:10;DE:20;DE:30;GB:1;GB:2;GB:3;GB:5;GB:7;GB:10;GB:20;JP:5;JP:7;JP:10;JP:20;JP:30;US:1;US:2;US:3;US:5;US:7;US:10;US:20;US:30
2001-09-30,39,36,3,0,0,CA:1;CA:2;CA:3;CA:5;CA:7;CA:10;CA:20;CA:30;DE:1;DE:2;DE:3;DE:5;DE:7;DE:10;DE:20;DE:30;GB:1;GB:2;GB:3;GB:5;GB:7;GB:10;GB:20;JP:5;JP:7;JP:10;JP:20;JP:30;US:1;US:2;US:3;US:5;US:7;US:10;US:20;US:30
2001-10-31,39,37,2,0,0,CA:1;CA:2;CA:3;CA:5;CA:7;CA:10;CA:20;CA:30;DE:1;DE:2;DE:3;DE:5;DE:7;DE:10;DE:20;DE:30;GB:1;GB:2;GB:3;GB:5;GB:7;GB:10;GB:20;JP:3;JP:5;JP:7;JP:10;JP:20;JP:30;US:1;US:2;US:3;US:5;US:7;US:10;US:20;US:30
2001-11-30,39,37,2,0,0,CA:1;CA:2;CA:3;CA:5;CA:7;CA:10;CA:20;CA:30;DE:1;DE:2;DE:3;DE:5;DE:7;DE:10;DE:20;DE:30;GB:1;GB:2;GB:3;GB:5;GB:7;GB:10;GB:20;JP:3;JP:5;JP:7;JP:10;JP:20;JP:30;US:1;US:2;US:3;US:5;US:7;US:10;US:20;US:30
2001-12-31,39,37,2,0,0,CA:1;CA:2;CA:3;CA:5;CA:7;CA:10;CA:20;CA:30;DE:1;DE:2;DE:3;DE:5;DE:7;DE:10;DE:20;DE:30;GB:1;GB:2;GB:3;GB:5;GB:7;GB:10;GB:20;JP:3;JP:5;JP:7;JP:10;JP:20;JP:30;US:1;US:2;US:3;US:5;US:7;US:10;US:20;US:30
2002-01-31,39,37,2,0,0,CA:1;CA:2;CA:3;CA:5;CA:7;CA:10;CA:20;CA:30;DE:1;DE:2;DE:3;DE:5;DE:7;DE:10;DE:20;DE:30;GB:1;GB:2;GB:3;GB:5;GB:7;GB:10;GB:20;JP:3;JP:5;JP:7;JP:10;JP:20;JP:30;US:1;US:2;US:3;US:5;US:7;US:10;US:20;US:30
2002-02-28,38,36,2,0,1,CA:1;CA:2;CA:3;CA:5;CA:7;CA:10;CA:20;CA:30;DE:1;DE:2;DE:3;DE:5;DE:7;DE:10;DE:20;DE:30;GB:1;GB:2;GB:3;GB:5;GB:7;GB:10;GB:20;JP:3;JP:5;JP:7;JP:10;JP:20;JP:30;US:1;US:2;US:3;US:5;US:7;US:10;US:20
2002-03-31,38,35,3,0,0,CA:1;CA:2;CA:3;CA:5;CA:7;CA:10;CA:20;CA:30;DE:1;DE:2;DE:3;DE:5;DE:7;DE:10;DE:20;DE:30;GB:1;GB:2;GB:3;GB:5;GB:7;GB:10;GB:20;JP:5;JP:7;JP:10;JP:20;JP:30;US:1;US:2;US:3;US:5;US:7;US:10;US:20
2002-04-30,38,35,3,0,0,CA:1;CA:2;CA:3;CA:5;CA:7;CA:10;CA:20;CA:30;DE:1;DE:2;DE:3;DE:5;DE:7;DE:10;DE:20;DE:30;GB:1;GB:2;GB:3;GB:5;GB:7;GB:10;GB:20;JP:5;JP:7;JP:10;JP:20;JP:30;US:1;US:2;US:3;US:5;US:7;US:10;US:20
2002-05-31,38,35,3,0,0,CA:1;CA:2;CA:3;CA:5;CA:7;CA:10;CA:20;CA:30;DE:1;DE:2;DE:3;DE:5;DE:7;DE:10;DE:20;DE:30;GB:1;GB:2;GB:3;GB:5;GB:7;GB:10;GB:20;JP:5;JP:7;JP:10;JP:20;JP:30;US:1;US:2;US:3;US:5;US:7;US:10;US:20
2002-06-30,38,35,3,0,0,CA:1;CA:2;CA:3;CA:5;CA:7;CA:10;CA:20;CA:30;DE:1;DE:2;DE:3;DE:5;DE:7;DE:10;DE:20;DE:30;GB:1;GB:2;GB:3;GB:5;GB:7;GB:10;GB:20;JP:5;JP:7;JP:10;JP:20;JP:30;US:1;US:2;US:3;US:5;US:7;US:10;US:20
2002-07-31,38,35,3,0,0,CA:1;CA:2;CA:3;CA:5;CA:7;CA:10;CA:20;CA:30;DE:1;DE:2;DE:3;DE:5;DE:7;DE:10;DE:20;DE:30;GB:1;GB:2;GB:3;GB:5;GB:7;GB:10;GB:20;JP:5;JP:7;JP:10;JP:20;JP:30;US:1;US:2;US:3;US:5;US:7;US:10;US:20
2002-08-31,38,35,3,0,0,CA:1;CA:2;CA:3;CA:5;CA:7;CA:10;CA:20;CA:30;DE:1;DE:2;DE:3;DE:5;DE:7;DE:10;DE:20;DE:30;GB:1;GB:2;GB:3;GB:5;GB:7;GB:10;GB:20;JP:5;JP:7;JP:10;JP:20;JP:30;US:1;US:2;US:3;US:5;US:7;US:10;US:20
2002-09-30,38,35,3,0,0,CA:1;CA:2;CA:3;CA:5;CA:7;CA:10;CA:20;CA:30;DE:1;DE:2;DE:3;DE:5;DE:7;DE:10;DE:20;DE:30;GB:1;GB:2;GB:3;GB:5;GB:7;GB:10;GB:20;JP:5;JP:7;JP:10;JP:20;JP:30;US:1;US:2;US:3;US:5;US:7;US:10;US:20
2002-10-31,38,35,3,0,0,CA:1;CA:2;CA:3;CA:5;CA:7;CA:10;CA:20;CA:30;DE:1;DE:2;DE:3;DE:5;DE:7;DE:10;DE:20;DE:30;GB:1;GB:2;GB:3;GB:5;GB:7;GB:10;GB:20;JP:5;JP:7;JP:10;JP:20;JP:30;US:1;US:2;US:3;US:5;US:7;US:10;US:20
2002-11-30,38,35,3,0,0,CA:1;CA:2;CA:3;CA:5;CA:7;CA:10;CA:20;CA:30;DE:1;DE:2;DE:3;DE:5;DE:7;DE:10;DE:20;DE:30;GB:1;GB:2;GB:3;GB:5;GB:7;GB:10;GB:20;JP:5;JP:7;JP:10;JP:20;JP:30;US:1;US:2;US:3;US:5;US:7;US:10;US:20
2002-12-31,38,35,3,0,0,CA:1;CA:2;CA:3;CA:5;CA:7;CA:10;CA:20;CA:30;DE:1;DE:2;DE:3;DE:5;DE:7;DE:10;DE:20;DE:30;GB:1;GB:2;GB:3;GB:5;GB:7;GB:10;GB:20;JP:5;JP:7;JP:10;JP:20;JP:30;US:1;US:2;US:3;US:5;US:7;US:10;US:20
2003-01-31,38,35,3,0,0,CA:1;CA:2;CA:3;CA:5;CA:7;CA:10;CA:20;CA:30;DE:1;DE:2;DE:3;DE:5;DE:7;DE:10;DE:20;DE:30;GB:1;GB:2;GB:3;GB:5;GB:7;GB:10;GB:20;JP:5;JP:7;JP:10;JP:20;JP:30;US:1;US:2;US:3;US:5;US:7;US:10;US:20
2003-02-28,38,35,3,0,0,CA:1;CA:2;CA:3;CA:5;CA:7;CA:10;CA:20;CA:30;DE:1;DE:2;DE:3;DE:5;DE:7;DE:10;DE:20;DE:30;GB:1;GB:2;GB:3;GB:5;GB:7;GB:10;GB:20;JP:5;JP:7;JP:10;JP:20;JP:30;US:1;US:2;US:3;US:5;US:7;US:10;US:20
2003-03-31,38,35,3,0,0,CA:1;CA:2;CA:3;CA:5;CA:7;CA:10;CA:20;CA:30;DE:1;DE:2;DE:3;DE:5;DE:7;DE:10;DE:20;DE:30;GB:1;GB:2;GB:3;GB:5;GB:7;GB:10;GB:20;JP:5;JP:7;JP:10;JP:20;JP:30;US:1;US:2;US:3;US:5;US:7;US:10;US:20
2003-04-30,38,35,3,0,0,CA:1;CA:2;CA:3;CA:5;CA:7;CA:10;CA:20;CA:30;DE:1;DE:2;DE:3;DE:5;DE:7;DE:10;DE:20;DE:30;GB:1;GB:2;GB:3;GB:5;GB:7;GB:10;GB:20;JP:5;JP:7;JP:10;JP:20;JP:30;US:1;US:2;US:3;US:5;US:7;US:10;US:20
2003-05-31,38,34,4,0,0,CA:1;CA:2;CA:3;CA:5;CA:7;CA:10;CA:20;CA:30;DE:1;DE:2;DE:3;DE:5;DE:7;DE:10;DE:20;DE:30;GB:1;GB:2;GB:3;GB:5;GB:7;GB:10;GB:20;JP:7;JP:10;JP:20;JP:30;US:1;US:2;US:3;US:5;US:7;US:10;US:20
2003-06-30,38,35,3,0,0,CA:1;CA:2;CA:3;CA:5;CA:7;CA:10;CA:20;CA:30;DE:1;DE:2;DE:3;DE:5;DE:7;DE:10;DE:20;DE:30;GB:1;GB:2;GB:3;GB:5;GB:7;GB:10;GB:20;JP:5;JP:7;JP:10;JP:20;JP:30;US:1;US:2;US:3;US:5;US:7;US:10;US:20
2003-07-31,38,35,3,0,0,CA:1;CA:2;CA:3;CA:5;CA:7;CA:10;CA:20;CA:30;DE:1;DE:2;DE:3;DE:5;DE:7;DE:10;DE:20;DE:30;GB:1;GB:2;GB:3;GB:5;GB:7;GB:10;GB:20;JP:5;JP:7;JP:10;JP:20;JP:30;US:1;US:2;US:3;US:5;US:7;US:10;US:20
2003-08-31,38,36,2,0,0,CA:1;CA:2;CA:3;CA:5;CA:7;CA:10;CA:20;CA:30;DE:1;DE:2;DE:3;DE:5;DE:7;DE:10;DE:20;DE:30;GB:1;GB:2;GB:3;GB:5;GB:7;GB:10;GB:20;JP:3;JP:5;JP:7;JP:10;JP:20;JP:30;US:1;US:2;US:3;US:5;US:7;US:10;US:20
2003-09-30,38,36,2,0,0,CA:1;CA:2;CA:3;CA:5;CA:7;CA:10;CA:20;CA:30;DE:1;DE:2;DE:3;DE:5;DE:7;DE:10;DE:20;DE:30;GB:1;GB:2;GB:3;GB:5;GB:7;GB:10;GB:20;JP:3;JP:5;JP:7;JP:10;JP:20;JP:30;US:1;US:2;US:3;US:5;US:7;US:10;US:20
2003-10-31,38,36,2,0,0,CA:1;CA:2;CA:3;CA:5;CA:7;CA:10;CA:20;CA:30;DE:1;DE:2;DE:3;DE:5;DE:7;DE:10;DE:20;DE:30;GB:1;GB:2;GB:3;GB:5;GB:7;GB:10;GB:20;JP:3;JP:5;JP:7;JP:10;JP:20;JP:30;US:1;US:2;US:3;US:5;US:7;US:10;US:20
2003-11-30,38,36,2,0,0,CA:1;CA:2;CA:3;CA:5;CA:7;CA:10;CA:20;CA:30;DE:1;DE:2;DE:3;DE:5;DE:7;DE:10;DE:20;DE:30;GB:1;GB:2;GB:3;GB:5;GB:7;GB:10;GB:20;JP:3;JP:5;JP:7;JP:10;JP:20;JP:30;US:1;US:2;US:3;US:5;US:7;US:10;US:20
2003-12-31,38,36,2,0,0,CA:1;CA:2;CA:3;CA:5;CA:7;CA:10;CA:20;CA:30;DE:1;DE:2;DE:3;DE:5;DE:7;DE:10;DE:20;DE:30;GB:1;GB:2;GB:3;GB:5;GB:7;GB:10;GB:20;JP:3;JP:5;JP:7;JP:10;JP:20;JP:30;US:1;US:2;US:3;US:5;US:7;US:10;US:20
2004-01-31,38,35,3,0,0,CA:1;CA:2;CA:3;CA:5;CA:7;CA:10;CA:20;CA:30;DE:1;DE:2;DE:3;DE:5;DE:7;DE:10;DE:20;DE:30;GB:1;GB:2;GB:3;GB:5;GB:7;GB:10;GB:20;JP:5;JP:7;JP:10;JP:20;JP:30;US:1;US:2;US:3;US:5;US:7;US:10;US:20
2004-02-29,38,35,3,0,0,CA:1;CA:2;CA:3;CA:5;CA:7;CA:10;CA:20;CA:30;DE:1;DE:2;DE:3;DE:5;DE:7;DE:10;DE:20;DE:30;GB:1;GB:2;GB:3;GB:5;GB:7;GB:10;GB:20;JP:5;JP:7;JP:10;JP:20;JP:30;US:1;US:2;US:3;US:5;US:7;US:10;US:20
2004-03-31,38,36,2,0,0,CA:1;CA:2;CA:3;CA:5;CA:7;CA:10;CA:20;CA:30;DE:1;DE:2;DE:3;DE:5;DE:7;DE:10;DE:20;DE:30;GB:1;GB:2;GB:3;GB:5;GB:7;GB:10;GB:20;JP:3;JP:5;JP:7;JP:10;JP:20;JP:30;US:1;US:2;US:3;US:5;US:7;US:10;US:20
2004-04-30,38,36,2,0,0,CA:1;CA:2;CA:3;CA:5;CA:7;CA:10;CA:20;CA:30;DE:1;DE:2;DE:3;DE:5;DE:7;DE:10;DE:20;DE:30;GB:1;GB:2;GB:3;GB:5;GB:7;GB:10;GB:20;JP:3;JP:5;JP:7;JP:10;JP:20;JP:30;US:1;US:2;US:3;US:5;US:7;US:10;US:20
2004-05-31,38,36,2,0,0,CA:1;CA:2;CA:3;CA:5;CA:7;CA:10;CA:20;CA:30;DE:1;DE:2;DE:3;DE:5;DE:7;DE:10;DE:20;DE:30;GB:1;GB:2;GB:3;GB:5;GB:7;GB:10;GB:20;JP:3;JP:5;JP:7;JP:10;JP:20;JP:30;US:1;US:2;US:3;US:5;US:7;US:10;US:20
2004-06-30,38,36,2,0,0,CA:1;CA:2;CA:3;CA:5;CA:7;CA:10;CA:20;CA:30;DE:1;DE:2;DE:3;DE:5;DE:7;DE:10;DE:20;DE:30;GB:1;GB:2;GB:3;GB:5;GB:7;GB:10;GB:20;JP:3;JP:5;JP:7;JP:10;JP:20;JP:30;US:1;US:2;US:3;US:5;US:7;US:10;US:20
2004-07-31,38,37,1,0,0,CA:1;CA:2;CA:3;CA:5;CA:7;CA:10;CA:20;CA:30;DE:1;DE:2;DE:3;DE:5;DE:7;DE:10;DE:20;DE:30;GB:1;GB:2;GB:3;GB:5;GB:7;GB:10;GB:20;JP:2;JP:3;JP:5;JP:7;JP:10;JP:20;JP:30;US:1;US:2;US:3;US:5;US:7;US:10;US:20
2004-08-31,38,36,2,0,0,CA:1;CA:2;CA:3;CA:5;CA:7;CA:10;CA:20;CA:30;DE:1;DE:2;DE:3;DE:5;DE:7;DE:10;DE:20;DE:30;GB:1;GB:2;GB:3;GB:5;GB:7;GB:10;GB:20;JP:3;JP:5;JP:7;JP:10;JP:20;JP:30;US:1;US:2;US:3;US:5;US:7;US:10;US:20
2004-09-30,38,36,2,0,0,CA:1;CA:2;CA:3;CA:5;CA:7;CA:10;CA:20;CA:30;DE:1;DE:2;DE:3;DE:5;DE:7;DE:10;DE:20;DE:30;GB:1;GB:2;GB:3;GB:5;GB:7;GB:10;GB:20;JP:3;JP:5;JP:7;JP:10;JP:20;JP:30;US:1;US:2;US:3;US:5;US:7;US:10;US:20
2004-10-31,38,36,2,0,0,CA:1;CA:2;CA:3;CA:5;CA:7;CA:10;CA:20;CA:30;DE:1;DE:2;DE:3;DE:5;DE:7;DE:10;DE:20;DE:30;GB:1;GB:2;GB:3;GB:5;GB:7;GB:10;GB:20;JP:3;JP:5;JP:7;JP:10;JP:20;JP:30;US:1;US:2;US:3;US:5;US:7;US:10;US:20
2004-11-30,45,43,2,0,0,CA:1;CA:2;CA:3;CA:5;CA:7;CA:10;CA:20;CA:30;DE:1;DE:2;DE:3;DE:5;DE:7;DE:10;DE:20;DE:30;FR:1;FR:2;FR:3;FR:5;FR:7;FR:10;FR:20;GB:1;GB:2;GB:3;GB:5;GB:7;GB:10;GB:20;JP:3;JP:5;JP:7;JP:10;JP:20;JP:30;US:1;US:2;US:3;US:5;US:7;US:10;US:20
2004-12-31,45,43,2,0,0,CA:1;CA:2;CA:3;CA:5;CA:7;CA:10;CA:20;CA:30;DE:1;DE:2;DE:3;DE:5;DE:7;DE:10;DE:20;DE:30;FR:1;FR:2;FR:3;FR:5;FR:7;FR:10;FR:20;GB:1;GB:2;GB:3;GB:5;GB:7;GB:10;GB:20;JP:3;JP:5;JP:7;JP:10;JP:20;JP:30;US:1;US:2;US:3;US:5;US:7;US:10;US:20
2005-01-31,45,43,2,0,0,CA:1;CA:2;CA:3;CA:5;CA:7;CA:10;CA:20;CA:30;DE:1;DE:2;DE:3;DE:5;DE:7;DE:10;DE:20;DE:30;FR:1;FR:2;FR:3;FR:5;FR:7;FR:10;FR:20;GB:1;GB:2;GB:3;GB:5;GB:7;GB:10;GB:20;JP:3;JP:5;JP:7;JP:10;JP:20;JP:30;US:1;US:2;US:3;US:5;US:7;US:10;US:20
2005-02-28,45,43,2,0,0,CA:1;CA:2;CA:3;CA:5;CA:7;CA:10;CA:20;CA:30;DE:1;DE:2;DE:3;DE:5;DE:7;DE:10;DE:20;DE:30;FR:1;FR:2;FR:3;FR:5;FR:7;FR:10;FR:20;GB:1;GB:2;GB:3;GB:5;GB:7;GB:10;GB:20;JP:3;JP:5;JP:7;JP:10;JP:20;JP:30;US:1;US:2;US:3;US:5;US:7;US:10;US:20
2005-03-31,45,43,2,0,0,CA:1;CA:2;CA:3;CA:5;CA:7;CA:10;CA:20;CA:30;DE:1;DE:2;DE:3;DE:5;DE:7;DE:10;DE:20;DE:30;FR:1;FR:2;FR:3;FR:5;FR:7;FR:10;FR:20;GB:1;GB:2;GB:3;GB:5;GB:7;GB:10;GB:20;JP:3;JP:5;JP:7;JP:10;JP:20;JP:30;US:1;US:2;US:3;US:5;US:7;US:10;US:20
2005-04-30,45,42,3,0,0,CA:1;CA:2;CA:3;CA:5;CA:7;CA:10;CA:20;CA:30;DE:1;DE:2;DE:3;DE:5;DE:7;DE:10;DE:20;DE:30;FR:1;FR:2;FR:3;FR:5;FR:7;FR:10;FR:20;GB:1;GB:2;GB:3;GB:5;GB:7;GB:10;GB:20;JP:5;JP:7;JP:10;JP:20;JP:30;US:1;US:2;US:3;US:5;US:7;US:10;US:20
2005-05-31,45,42,3,0,0,CA:1;CA:2;CA:3;CA:5;CA:7;CA:10;CA:20;CA:30;DE:1;DE:2;DE:3;DE:5;DE:7;DE:10;DE:20;DE:30;FR:1;FR:2;FR:3;FR:5;FR:7;FR:10;FR:20;GB:1;GB:2;GB:3;GB:5;GB:7;GB:10;GB:20;JP:5;JP:7;JP:10;JP:20;JP:30;US:1;US:2;US:3;US:5;US:7;US:10;US:20
2005-06-30,45,42,3,0,0,CA:1;CA:2;CA:3;CA:5;CA:7;CA:10;CA:20;CA:30;DE:1;DE:2;DE:3;DE:5;DE:7;DE:10;DE:20;DE:30;FR:1;FR:2;FR:3;FR:5;FR:7;FR:10;FR:20;GB:1;GB:2;GB:3;GB:5;GB:7;GB:10;GB:20;JP:5;JP:7;JP:10;JP:20;JP:30;US:1;US:2;US:3;US:5;US:7;US:10;US:20
2005-07-31,45,43,2,0,0,CA:1;CA:2;CA:3;CA:5;CA:7;CA:10;CA:20;CA:30;DE:1;DE:2;DE:3;DE:5;DE:7;DE:10;DE:20;DE:30;FR:1;FR:2;FR:3;FR:5;FR:7;FR:10;FR:20;GB:1;GB:2;GB:3;GB:5;GB:7;GB:10;GB:20;JP:3;JP:5;JP:7;JP:10;JP:20;JP:30;US:1;US:2;US:3;US:5;US:7;US:10;US:20
2005-08-31,45,43,2,0,0,CA:1;CA:2;CA:3;CA:5;CA:7;CA:10;CA:20;CA:30;DE:1;DE:2;DE:3;DE:5;DE:7;DE:10;DE:20;DE:30;FR:1;FR:2;FR:3;FR:5;FR:7;FR:10;FR:20;GB:1;GB:2;GB:3;GB:5;GB:7;GB:10;GB:20;JP:3;JP:5;JP:7;JP:10;JP:20;JP:30;US:1;US:2;US:3;US:5;US:7;US:10;US:20
2005-09-30,45,44,1,0,0,CA:1;CA:2;CA:3;CA:5;CA:7;CA:10;CA:20;CA:30;DE:1;DE:2;DE:3;DE:5;DE:7;DE:10;DE:20;DE:30;FR:1;FR:2;FR:3;FR:5;FR:7;FR:10;FR:20;GB:1;GB:2;GB:3;GB:5;GB:7;GB:10;GB:20;JP:2;JP:3;JP:5;JP:7;JP:10;JP:20;JP:30;US:1;US:2;US:3;US:5;US:7;US:10;US:20
2005-10-31,45,44,1,0,0,CA:1;CA:2;CA:3;CA:5;CA:7;CA:10;CA:20;CA:30;DE:1;DE:2;DE:3;DE:5;DE:7;DE:10;DE:20;DE:30;FR:1;FR:2;FR:3;FR:5;FR:7;FR:10;FR:20;GB:1;GB:2;GB:3;GB:5;GB:7;GB:10;GB:20;JP:2;JP:3;JP:5;JP:7;JP:10;JP:20;JP:30;US:1;US:2;US:3;US:5;US:7;US:10;US:20
2005-11-30,45,44,1,0,0,CA:1;CA:2;CA:3;CA:5;CA:7;CA:10;CA:20;CA:30;DE:1;DE:2;DE:3;DE:5;DE:7;DE:10;DE:20;DE:30;FR:1;FR:2;FR:3;FR:5;FR:7;FR:10;FR:20;GB:1;GB:2;GB:3;GB:5;GB:7;GB:10;GB:20;JP:2;JP:3;JP:5;JP:7;JP:10;JP:20;JP:30;US:1;US:2;US:3;US:5;US:7;US:10;US:20
2005-12-31,45,44,1,0,0,CA:1;CA:2;CA:3;CA:5;CA:7;CA:10;CA:20;CA:30;DE:1;DE:2;DE:3;DE:5;DE:7;DE:10;DE:20;DE:30;FR:1;FR:2;FR:3;FR:5;FR:7;FR:10;FR:20;GB:1;GB:2;GB:3;GB:5;GB:7;GB:10;GB:20;JP:2;JP:3;JP:5;JP:7;JP:10;JP:20;JP:30;US:1;US:2;US:3;US:5;US:7;US:10;US:20
2006-01-31,45,44,1,0,0,CA:1;CA:2;CA:3;CA:5;CA:7;CA:10;CA:20;CA:30;DE:1;DE:2;DE:3;DE:5;DE:7;DE:10;DE:20;DE:30;FR:1;FR:2;FR:3;FR:5;FR:7;FR:10;FR:20;GB:1;GB:2;GB:3;GB:5;GB:7;GB:10;GB:20;JP:2;JP:3;JP:5;JP:7;JP:10;JP:20;JP:30;US:1;US:2;US:3;US:5;US:7;US:10;US:20
2006-02-28,46,45,1,0,0,CA:1;CA:2;CA:3;CA:5;CA:7;CA:10;CA:20;CA:30;DE:1;DE:2;DE:3;DE:5;DE:7;DE:10;DE:20;DE:30;FR:1;FR:2;FR:3;FR:5;FR:7;FR:10;FR:20;GB:1;GB:2;GB:3;GB:5;GB:7;GB:10;GB:20;JP:2;JP:3;JP:5;JP:7;JP:10;JP:20;JP:30;US:1;US:2;US:3;US:5;US:7;US:10;US:20;US:30
2006-03-31,46,46,0,0,0,CA:1;CA:2;CA:3;CA:5;CA:7;CA:10;CA:20;CA:30;DE:1;DE:2;DE:3;DE:5;DE:7;DE:10;DE:20;DE:30;FR:1;FR:2;FR:3;FR:5;FR:7;FR:10;FR:20;GB:1;GB:2;GB:3;GB:5;GB:7;GB:10;GB:20;JP:1;JP:2;JP:3;JP:5;JP:7;JP:10;JP:20;JP:30;US:1;US:2;US:3;US:5;US:7;US:10;US:20;US:30
2006-04-30,46,46,0,0,0,CA:1;CA:2;CA:3;CA:5;CA:7;CA:10;CA:20;CA:30;DE:1;DE:2;DE:3;DE:5;DE:7;DE:10;DE:20;DE:30;FR:1;FR:2;FR:3;FR:5;FR:7;FR:10;FR:20;GB:1;GB:2;GB:3;GB:5;GB:7;GB:10;GB:20;JP:1;JP:2;JP:3;JP:5;JP:7;JP:10;JP:20;JP:30;US:1;US:2;US:3;US:5;US:7;US:10;US:20;US:30
2006-05-31,46,46,0,0,0,CA:1;CA:2;CA:3;CA:5;CA:7;CA:10;CA:20;CA:30;DE:1;DE:2;DE:3;DE:5;DE:7;DE:10;DE:20;DE:30;FR:1;FR:2;FR:3;FR:5;FR:7;FR:10;FR:20;GB:1;GB:2;GB:3;GB:5;GB:7;GB:10;GB:20;JP:1;JP:2;JP:3;JP:5;JP:7;JP:10;JP:20;JP:30;US:1;US:2;US:3;US:5;US:7;US:10;US:20;US:30
2006-06-30,46,46,0,0,0,CA:1;CA:2;CA:3;CA:5;CA:7;CA:10;CA:20;CA:30;DE:1;DE:2;DE:3;DE:5;DE:7;DE:10;DE:20;DE:30;FR:1;FR:2;FR:3;FR:5;FR:7;FR:10;FR:20;GB:1;GB:2;GB:3;GB:5;GB:7;GB:10;GB:20;JP:1;JP:2;JP:3;JP:5;JP:7;JP:10;JP:20;JP:30;US:1;US:2;US:3;US:5;US:7;US:10;US:20;US:30
2006-07-31,46,46,0,0,0,CA:1;CA:2;CA:3;CA:5;CA:7;CA:10;CA:20;CA:30;DE:1;DE:2;DE:3;DE:5;DE:7;DE:10;DE:20;DE:30;FR:1;FR:2;FR:3;FR:5;FR:7;FR:10;FR:20;GB:1;GB:2;GB:3;GB:5;GB:7;GB:10;GB:20;JP:1;JP:2;JP:3;JP:5;JP:7;JP:10;JP:20;JP:30;US:1;US:2;US:3;US:5;US:7;US:10;US:20;US:30
2006-08-31,46,46,0,0,0,CA:1;CA:2;CA:3;CA:5;CA:7;CA:10;CA:20;CA:30;DE:1;DE:2;DE:3;DE:5;DE:7;DE:10;DE:20;DE:30;FR:1;FR:2;FR:3;FR:5;FR:7;FR:10;FR:20;GB:1;GB:2;GB:3;GB:5;GB:7;GB:10;GB:20;JP:1;JP:2;JP:3;JP:5;JP:7;JP:10;JP:20;JP:30;US:1;US:2;US:3;US:5;US:7;US:10;US:20;US:30
2006-09-30,46,46,0,0,0,CA:1;CA:2;CA:3;CA:5;CA:7;CA:10;CA:20;CA:30;DE:1;DE:2;DE:3;DE:5;DE:7;DE:10;DE:20;DE:30;FR:1;FR:2;FR:3;FR:5;FR:7;FR:10;FR:20;GB:1;GB:2;GB:3;GB:5;GB:7;GB:10;GB:20;JP:1;JP:2;JP:3;JP:5;JP:7;JP:10;JP:20;JP:30;US:1;US:2;US:3;US:5;US:7;US:10;US:20;US:30
2006-10-31,47,47,0,0,0,CA:1;CA:2;CA:3;CA:5;CA:7;CA:10;CA:20;CA:30;DE:1;DE:2;DE:3;DE:5;DE:7;DE:10;DE:20;DE:30;FR:1;FR:2;FR:3;FR:5;FR:7;FR:10;FR:20;FR:30;GB:1;GB:2;GB:3;GB:5;GB:7;GB:10;GB:20;JP:1;JP:2;JP:3;JP:5;JP:7;JP:10;JP:20;JP:30;US:1;US:2;US:3;US:5;US:7;US:10;US:20;US:30
2006-11-30,47,47,0,0,0,CA:1;CA:2;CA:3;CA:5;CA:7;CA:10;CA:20;CA:30;DE:1;DE:2;DE:3;DE:5;DE:7;DE:10;DE:20;DE:30;FR:1;FR:2;FR:3;FR:5;FR:7;FR:10;FR:20;FR:30;GB:1;GB:2;GB:3;GB:5;GB:7;GB:10;GB:20;JP:1;JP:2;JP:3;JP:5;JP:7;JP:10;JP:20;JP:30;US:1;US:2;US:3;US:5;US:7;US:10;US:20;US:30
2006-12-31,47,47,0,0,0,CA:1;CA:2;CA:3;CA:5;CA:7;CA:10;CA:20;CA:30;DE:1;DE:2;DE:3;DE:5;DE:7;DE:10;DE:20;DE:30;FR:1;FR:2;FR:3;FR:5;FR:7;FR:10;FR:20;FR:30;GB:1;GB:2;GB:3;GB:5;GB:7;GB:10;GB:20;JP:1;JP:2;JP:3;JP:5;JP:7;JP:10;JP:20;JP:30;US:1;US:2;US:3;US:5;US:7;US:10;US:20;US:30
2007-01-31,47,47,0,0,0,CA:1;CA:2;CA:3;CA:5;CA:7;CA:10;CA:20;CA:30;DE:1;DE:2;DE:3;DE:5;DE:7;DE:10;DE:20;DE:30;FR:1;FR:2;FR:3;FR:5;FR:7;FR:10;FR:20;FR:30;GB:1;GB:2;GB:3;GB:5;GB:7;GB:10;GB:20;JP:1;JP:2;JP:3;JP:5;JP:7;JP:10;JP:20;JP:30;US:1;US:2;US:3;US:5;US:7;US:10;US:20;US:30
2007-02-28,47,47,0,0,0,CA:1;CA:2;CA:3;CA:5;CA:7;CA:10;CA:20;CA:30;DE:1;DE:2;DE:3;DE:5;DE:7;DE:10;DE:20;DE:30;FR:1;FR:2;FR:3;FR:5;FR:7;FR:10;FR:20;FR:30;GB:1;GB:2;GB:3;GB:5;GB:7;GB:10;GB:20;JP:1;JP:2;JP:3;JP:5;JP:7;JP:10;JP:20;JP:30;US:1;US:2;US:3;US:5;US:7;US:10;US:20;US:30
2007-03-31,47,47,0,0,0,CA:1;CA:2;CA:3;CA:5;CA:7;CA:10;CA:20;CA:30;DE:1;DE:2;DE:3;DE:5;DE:7;DE:10;DE:20;DE:30;FR:1;FR:2;FR:3;FR:5;FR:7;FR:10;FR:20;FR:30;GB:1;GB:2;GB:3;GB:5;GB:7;GB:10;GB:20;JP:1;JP:2;JP:3;JP:5;JP:7;JP:10;JP:20;JP:30;US:1;US:2;US:3;US:5;US:7;US:10;US:20;US:30
2007-04-30,47,47,0,0,0,CA:1;CA:2;CA:3;CA:5;CA:7;CA:10;CA:20;CA:30;DE:1;DE:2;DE:3;DE:5;DE:7;DE:10;DE:20;DE:30;FR:1;FR:2;FR:3;FR:5;FR:7;FR:10;FR:20;FR:30;GB:1;GB:2;GB:3;GB:5;GB:7;GB:10;GB:20;JP:1;JP:2;JP:3;JP:5;JP:7;JP:10;JP:20;JP:30;US:1;US:2;US:3;US:5;US:7;US:10;US:20;US:30
2007-05-31,47,47,0,0,0,CA:1;CA:2;CA:3;CA:5;CA:7;CA:10;CA:20;CA:30;DE:1;DE:2;DE:3;DE:5;DE:7;DE:10;DE:20;DE:30;FR:1;FR:2;FR:3;FR:5;FR:7;FR:10;FR:20;FR:30;GB:1;GB:2;GB:3;GB:5;GB:7;GB:10;GB:20;JP:1;JP:2;JP:3;JP:5;JP:7;JP:10;JP:20;JP:30;US:1;US:2;US:3;US:5;US:7;US:10;US:20;US:30
2007-06-30,47,47,0,0,0,CA:1;CA:2;CA:3;CA:5;CA:7;CA:10;CA:20;CA:30;DE:1;DE:2;DE:3;DE:5;DE:7;DE:10;DE:20;DE:30;FR:1;FR:2;FR:3;FR:5;FR:7;FR:10;FR:20;FR:30;GB:1;GB:2;GB:3;GB:5;GB:7;GB:10;GB:20;JP:1;JP:2;JP:3;JP:5;JP:7;JP:10;JP:20;JP:30;US:1;US:2;US:3;US:5;US:7;US:10;US:20;US:30
2007-07-31,47,47,0,0,0,CA:1;CA:2;CA:3;CA:5;CA:7;CA:10;CA:20;CA:30;DE:1;DE:2;DE:3;DE:5;DE:7;DE:10;DE:20;DE:30;FR:1;FR:2;FR:3;FR:5;FR:7;FR:10;FR:20;FR:30;GB:1;GB:2;GB:3;GB:5;GB:7;GB:10;GB:20;JP:1;JP:2;JP:3;JP:5;JP:7;JP:10;JP:20;JP:30;US:1;US:2;US:3;US:5;US:7;US:10;US:20;US:30
2007-08-31,47,47,0,0,0,CA:1;CA:2;CA:3;CA:5;CA:7;CA:10;CA:20;CA:30;DE:1;DE:2;DE:3;DE:5;DE:7;DE:10;DE:20;DE:30;FR:1;FR:2;FR:3;FR:5;FR:7;FR:10;FR:20;FR:30;GB:1;GB:2;GB:3;GB:5;GB:7;GB:10;GB:20;JP:1;JP:2;JP:3;JP:5;JP:7;JP:10;JP:20;JP:30;US:1;US:2;US:3;US:5;US:7;US:10;US:20;US:30
2007-09-30,47,47,0,0,0,CA:1;CA:2;CA:3;CA:5;CA:7;CA:10;CA:20;CA:30;DE:1;DE:2;DE:3;DE:5;DE:7;DE:10;DE:20;DE:30;FR:1;FR:2;FR:3;FR:5;FR:7;FR:10;FR:20;FR:30;GB:1;GB:2;GB:3;GB:5;GB:7;GB:10;GB:20;JP:1;JP:2;JP:3;JP:5;JP:7;JP:10;JP:20;JP:30;US:1;US:2;US:3;US:5;US:7;US:10;US:20;US:30
2007-10-31,47,47,0,0,0,CA:1;CA:2;CA:3;CA:5;CA:7;CA:10;CA:20;CA:30;DE:1;DE:2;DE:3;DE:5;DE:7;DE:10;DE:20;DE:30;FR:1;FR:2;FR:3;FR:5;FR:7;FR:10;FR:20;FR:30;GB:1;GB:2;GB:3;GB:5;GB:7;GB:10;GB:20;JP:1;JP:2;JP:3;JP:5;JP:7;JP:10;JP:20;JP:30;US:1;US:2;US:3;US:5;US:7;US:10;US:20;US:30
2007-11-30,47,47,0,0,0,CA:1;CA:2;CA:3;CA:5;CA:7;CA:10;CA:20;CA:30;DE:1;DE:2;DE:3;DE:5;DE:7;DE:10;DE:20;DE:30;FR:1;FR:2;FR:3;FR:5;FR:7;FR:10;FR:20;FR:30;GB:1;GB:2;GB:3;GB:5;GB:7;GB:10;GB:20;JP:1;JP:2;JP:3;JP:5;JP:7;JP:10;JP:20;JP:30;US:1;US:2;US:3;US:5;US:7;US:10;US:20;US:30
2007-12-31,47,47,0,0,0,CA:1;CA:2;CA:3;CA:5;CA:7;CA:10;CA:20;CA:30;DE:1;DE:2;DE:3;DE:5;DE:7;DE:10;DE:20;DE:30;FR:1;FR:2;FR:3;FR:5;FR:7;FR:10;FR:20;FR:30;GB:1;GB:2;GB:3;GB:5;GB:7;GB:10;GB:20;JP:1;JP:2;JP:3;JP:5;JP:7;JP:10;JP:20;JP:30;US:1;US:2;US:3;US:5;US:7;US:10;US:20;US:30
2008-01-31,47,47,0,0,0,CA:1;CA:2;CA:3;CA:5;CA:7;CA:10;CA:20;CA:30;DE:1;DE:2;DE:3;DE:5;DE:7;DE:10;DE:20;DE:30;FR:1;FR:2;FR:3;FR:5;FR:7;FR:10;FR:20;FR:30;GB:1;GB:2;GB:3;GB:5;GB:7;GB:10;GB:20;JP:1;JP:2;JP:3;JP:5;JP:7;JP:10;JP:20;JP:30;US:1;US:2;US:3;US:5;US:7;US:10;US:20;US:30
2008-02-29,47,47,0,0,0,CA:1;CA:2;CA:3;CA:5;CA:7;CA:10;CA:20;CA:30;DE:1;DE:2;DE:3;DE:5;DE:7;DE:10;DE:20;DE:30;FR:1;FR:2;FR:3;FR:5;FR:7;FR:10;FR:20;FR:30;GB:1;GB:2;GB:3;GB:5;GB:7;GB:10;GB:20;JP:1;JP:2;JP:3;JP:5;JP:7;JP:10;JP:20;JP:30;US:1;US:2;US:3;US:5;US:7;US:10;US:20;US:30
2008-03-31,47,47,0,0,0,CA:1;CA:2;CA:3;CA:5;CA:7;CA:10;CA:20;CA:30;DE:1;DE:2;DE:3;DE:5;DE:7;DE:10;DE:20;DE:30;FR:1;FR:2;FR:3;FR:5;FR:7;FR:10;FR:20;FR:30;GB:1;GB:2;GB:3;GB:5;GB:7;GB:10;GB:20;JP:1;JP:2;JP:3;JP:5;JP:7;JP:10;JP:20;JP:30;US:1;US:2;US:3;US:5;US:7;US:10;US:20;US:30
2008-04-30,47,47,0,0,0,CA:1;CA:2;CA:3;CA:5;CA:7;CA:10;CA:20;CA:30;DE:1;DE:2;DE:3;DE:5;DE:7;DE:10;DE:20;DE:30;FR:1;FR:2;FR:3;FR:5;FR:7;FR:10;FR:20;FR:30;GB:1;GB:2;GB:3;GB:5;GB:7;GB:10;GB:20;JP:1;JP:2;JP:3;JP:5;JP:7;JP:10;JP:20;JP:30;US:1;US:2;US:3;US:5;US:7;US:10;US:20;US:30
2008-05-31,47,47,0,0,0,CA:1;CA:2;CA:3;CA:5;CA:7;CA:10;CA:20;CA:30;DE:1;DE:2;DE:3;DE:5;DE:7;DE:10;DE:20;DE:30;FR:1;FR:2;FR:3;FR:5;FR:7;FR:10;FR:20;FR:30;GB:1;GB:2;GB:3;GB:5;GB:7;GB:10;GB:20;JP:1;JP:2;JP:3;JP:5;JP:7;JP:10;JP:20;JP:30;US:1;US:2;US:3;US:5;US:7;US:10;US:20;US:30
2008-06-30,47,47,0,0,0,CA:1;CA:2;CA:3;CA:5;CA:7;CA:10;CA:20;CA:30;DE:1;DE:2;DE:3;DE:5;DE:7;DE:10;DE:20;DE:30;FR:1;FR:2;FR:3;FR:5;FR:7;FR:10;FR:20;FR:30;GB:1;GB:2;GB:3;GB:5;GB:7;GB:10;GB:20;JP:1;JP:2;JP:3;JP:5;JP:7;JP:10;JP:20;JP:30;US:1;US:2;US:3;US:5;US:7;US:10;US:20;US:30
2008-07-31,47,47,0,0,0,CA:1;CA:2;CA:3;CA:5;CA:7;CA:10;CA:20;CA:30;DE:1;DE:2;DE:3;DE:5;DE:7;DE:10;DE:20;DE:30;FR:1;FR:2;FR:3;FR:5;FR:7;FR:10;FR:20;FR:30;GB:1;GB:2;GB:3;GB:5;GB:7;GB:10;GB:20;JP:1;JP:2;JP:3;JP:5;JP:7;JP:10;JP:20;JP:30;US:1;US:2;US:3;US:5;US:7;US:10;US:20;US:30
2008-08-31,47,47,0,0,0,CA:1;CA:2;CA:3;CA:5;CA:7;CA:10;CA:20;CA:30;DE:1;DE:2;DE:3;DE:5;DE:7;DE:10;DE:20;DE:30;FR:1;FR:2;FR:3;FR:5;FR:7;FR:10;FR:20;FR:30;GB:1;GB:2;GB:3;GB:5;GB:7;GB:10;GB:20;JP:1;JP:2;JP:3;JP:5;JP:7;JP:10;JP:20;JP:30;US:1;US:2;US:3;US:5;US:7;US:10;US:20;US:30
2008-09-30,47,47,0,0,0,CA:1;CA:2;CA:3;CA:5;CA:7;CA:10;CA:20;CA:30;DE:1;DE:2;DE:3;DE:5;DE:7;DE:10;DE:20;DE:30;FR:1;FR:2;FR:3;FR:5;FR:7;FR:10;FR:20;FR:30;GB:1;GB:2;GB:3;GB:5;GB:7;GB:10;GB:20;JP:1;JP:2;JP:3;JP:5;JP:7;JP:10;JP:20;JP:30;US:1;US:2;US:3;US:5;US:7;US:10;US:20;US:30
2008-10-31,47,47,0,0,0,CA:1;CA:2;CA:3;CA:5;CA:7;CA:10;CA:20;CA:30;DE:1;DE:2;DE:3;DE:5;DE:7;DE:10;DE:20;DE:30;FR:1;FR:2;FR:3;FR:5;FR:7;FR:10;FR:20;FR:30;GB:1;GB:2;GB:3;GB:5;GB:7;GB:10;GB:20;JP:1;JP:2;JP:3;JP:5;JP:7;JP:10;JP:20;JP:30;US:1;US:2;US:3;US:5;US:7;US:10;US:20;US:30
2008-11-30,47,47,0,0,0,CA:1;CA:2;CA:3;CA:5;CA:7;CA:10;CA:20;CA:30;DE:1;DE:2;DE:3;DE:5;DE:7;DE:10;DE:20;DE:30;FR:1;FR:2;FR:3;FR:5;FR:7;FR:10;FR:20;FR:30;GB:1;GB:2;GB:3;GB:5;GB:7;GB:10;GB:20;JP:1;JP:2;JP:3;JP:5;JP:7;JP:10;JP:20;JP:30;US:1;US:2;US:3;US:5;US:7;US:10;US:20;US:30
2008-12-31,47,47,0,0,0,CA:1;CA:2;CA:3;CA:5;CA:7;CA:10;CA:20;CA:30;DE:1;DE:2;DE:3;DE:5;DE:7;DE:10;DE:20;DE:30;FR:1;FR:2;FR:3;FR:5;FR:7;FR:10;FR:20;FR:30;GB:1;GB:2;GB:3;GB:5;GB:7;GB:10;GB:20;JP:1;JP:2;JP:3;JP:5;JP:7;JP:10;JP:20;JP:30;US:1;US:2;US:3;US:5;US:7;US:10;US:20;US:30
2009-01-31,47,47,0,0,0,CA:1;CA:2;CA:3;CA:5;CA:7;CA:10;CA:20;CA:30;DE:1;DE:2;DE:3;DE:5;DE:7;DE:10;DE:20;DE:30;FR:1;FR:2;FR:3;FR:5;FR:7;FR:10;FR:20;FR:30;GB:1;GB:2;GB:3;GB:5;GB:7;GB:10;GB:20;JP:1;JP:2;JP:3;JP:5;JP:7;JP:10;JP:20;JP:30;US:1;US:2;US:3;US:5;US:7;US:10;US:20;US:30
2009-02-28,47,47,0,0,0,CA:1;CA:2;CA:3;CA:5;CA:7;CA:10;CA:20;CA:30;DE:1;DE:2;DE:3;DE:5;DE:7;DE:10;DE:20;DE:30;FR:1;FR:2;FR:3;FR:5;FR:7;FR:10;FR:20;FR:30;GB:1;GB:2;GB:3;GB:5;GB:7;GB:10;GB:20;JP:1;JP:2;JP:3;JP:5;JP:7;JP:10;JP:20;JP:30;US:1;US:2;US:3;US:5;US:7;US:10;US:20;US:30
2009-03-31,47,47,0,0,0,CA:1;CA:2;CA:3;CA:5;CA:7;CA:10;CA:20;CA:30;DE:1;DE:2;DE:3;DE:5;DE:7;DE:10;DE:20;DE:30;FR:1;FR:2;FR:3;FR:5;FR:7;FR:10;FR:20;FR:30;GB:1;GB:2;GB:3;GB:5;GB:7;GB:10;GB:20;JP:1;JP:2;JP:3;JP:5;JP:7;JP:10;JP:20;JP:30;US:1;US:2;US:3;US:5;US:7;US:10;US:20;US:30
2009-04-30,47,47,0,0,0,CA:1;CA:2;CA:3;CA:5;CA:7;CA:10;CA:20;CA:30;DE:1;DE:2;DE:3;DE:5;DE:7;DE:10;DE:20;DE:30;FR:1;FR:2;FR:3;FR:5;FR:7;FR:10;FR:20;FR:30;GB:1;GB:2;GB:3;GB:5;GB:7;GB:10;GB:20;JP:1;JP:2;JP:3;JP:5;JP:7;JP:10;JP:20;JP:30;US:1;US:2;US:3;US:5;US:7;US:10;US:20;US:30
2009-05-31,47,46,1,0,0,CA:1;CA:2;CA:3;CA:5;CA:7;CA:10;CA:20;CA:30;DE:1;DE:2;DE:3;DE:5;DE:7;DE:10;DE:20;DE:30;FR:1;FR:2;FR:3;FR:5;FR:7;FR:10;FR:20;FR:30;GB:1;GB:2;GB:3;GB:5;GB:7;GB:10;GB:20;JP:2;JP:3;JP:5;JP:7;JP:10;JP:20;JP:30;US:1;US:2;US:3;US:5;US:7;US:10;US:20;US:30
2009-06-30,47,46,1,0,0,CA:1;CA:2;CA:3;CA:5;CA:7;CA:10;CA:20;CA:30;DE:1;DE:2;DE:3;DE:5;DE:7;DE:10;DE:20;DE:30;FR:1;FR:2;FR:3;FR:5;FR:7;FR:10;FR:20;FR:30;GB:1;GB:2;GB:3;GB:5;GB:7;GB:10;GB:20;JP:2;JP:3;JP:5;JP:7;JP:10;JP:20;JP:30;US:1;US:2;US:3;US:5;US:7;US:10;US:20;US:30
2009-07-31,47,46,1,0,0,CA:1;CA:2;CA:3;CA:5;CA:7;CA:10;CA:20;CA:30;DE:1;DE:2;DE:3;DE:5;DE:7;DE:10;DE:20;DE:30;FR:1;FR:2;FR:3;FR:5;FR:7;FR:10;FR:20;FR:30;GB:1;GB:2;GB:3;GB:5;GB:7;GB:10;GB:20;JP:2;JP:3;JP:5;JP:7;JP:10;JP:20;JP:30;US:1;US:2;US:3;US:5;US:7;US:10;US:20;US:30
2009-08-31,47,46,1,0,0,CA:1;CA:2;CA:3;CA:5;CA:7;CA:10;CA:20;CA:30;DE:1;DE:2;DE:3;DE:5;DE:7;DE:10;DE:20;DE:30;FR:1;FR:2;FR:3;FR:5;FR:7;FR:10;FR:20;FR:30;GB:1;GB:2;GB:3;GB:5;GB:7;GB:10;GB:20;JP:2;JP:3;JP:5;JP:7;JP:10;JP:20;JP:30;US:1;US:2;US:3;US:5;US:7;US:10;US:20;US:30
2009-09-30,47,46,1,0,0,CA:1;CA:2;CA:3;CA:5;CA:7;CA:10;CA:20;CA:30;DE:1;DE:2;DE:3;DE:5;DE:7;DE:10;DE:20;DE:30;FR:1;FR:2;FR:3;FR:5;FR:7;FR:10;FR:20;FR:30;GB:1;GB:2;GB:3;GB:5;GB:7;GB:10;GB:20;JP:2;JP:3;JP:5;JP:7;JP:10;JP:20;JP:30;US:1;US:2;US:3;US:5;US:7;US:10;US:20;US:30
2009-10-31,47,46,1,0,0,CA:1;CA:2;CA:3;CA:5;CA:7;CA:10;CA:20;CA:30;DE:1;DE:2;DE:3;DE:5;DE:7;DE:10;DE:20;DE:30;FR:1;FR:2;FR:3;FR:5;FR:7;FR:10;FR:20;FR:30;GB:1;GB:2;GB:3;GB:5;GB:7;GB:10;GB:20;JP:2;JP:3;JP:5;JP:7;JP:10;JP:20;JP:30;US:1;US:2;US:3;US:5;US:7;US:10;US:20;US:30
2009-11-30,47,46,1,0,0,CA:1;CA:2;CA:3;CA:5;CA:7;CA:10;CA:20;CA:30;DE:1;DE:2;DE:3;DE:5;DE:7;DE:10;DE:20;DE:30;FR:1;FR:2;FR:3;FR:5;FR:7;FR:10;FR:20;FR:30;GB:1;GB:2;GB:3;GB:5;GB:7;GB:10;GB:20;JP:2;JP:3;JP:5;JP:7;JP:10;JP:20;JP:30;US:1;US:2;US:3;US:5;US:7;US:10;US:20;US:30
2009-12-31,47,45,2,0,0,CA:1;CA:2;CA:3;CA:5;CA:7;CA:10;CA:20;CA:30;DE:1;DE:2;DE:3;DE:5;DE:7;DE:10;DE:20;DE:30;FR:1;FR:2;FR:3;FR:5;FR:7;FR:10;FR:20;FR:30;GB:1;GB:2;GB:3;GB:5;GB:7;GB:10;GB:20;JP:3;JP:5;JP:7;JP:10;JP:20;JP:30;US:1;US:2;US:3;US:5;US:7;US:10;US:20;US:30
2010-01-31,47,45,2,0,0,CA:1;CA:2;CA:3;CA:5;CA:7;CA:10;CA:20;CA:30;DE:1;DE:2;DE:3;DE:5;DE:7;DE:10;DE:20;DE:30;FR:1;FR:2;FR:3;FR:5;FR:7;FR:10;FR:20;FR:30;GB:1;GB:2;GB:3;GB:5;GB:7;GB:10;GB:20;JP:3;JP:5;JP:7;JP:10;JP:20;JP:30;US:1;US:2;US:3;US:5;US:7;US:10;US:20;US:30
2010-02-28,47,45,2,0,0,CA:1;CA:2;CA:3;CA:5;CA:7;CA:10;CA:20;CA:30;DE:1;DE:2;DE:3;DE:5;DE:7;DE:10;DE:20;DE:30;FR:1;FR:2;FR:3;FR:5;FR:7;FR:10;FR:20;FR:30;GB:1;GB:2;GB:3;GB:5;GB:7;GB:10;GB:20;JP:3;JP:5;JP:7;JP:10;JP:20;JP:30;US:1;US:2;US:3;US:5;US:7;US:10;US:20;US:30
2010-03-31,47,45,2,0,0,CA:1;CA:2;CA:3;CA:5;CA:7;CA:10;CA:20;CA:30;DE:1;DE:2;DE:3;DE:5;DE:7;DE:10;DE:20;DE:30;FR:1;FR:2;FR:3;FR:5;FR:7;FR:10;FR:20;FR:30;GB:1;GB:2;GB:3;GB:5;GB:7;GB:10;GB:20;JP:3;JP:5;JP:7;JP:10;JP:20;JP:30;US:1;US:2;US:3;US:5;US:7;US:10;US:20;US:30
2010-04-30,47,45,2,0,0,CA:1;CA:2;CA:3;CA:5;CA:7;CA:10;CA:20;CA:30;DE:1;DE:2;DE:3;DE:5;DE:7;DE:10;DE:20;DE:30;FR:1;FR:2;FR:3;FR:5;FR:7;FR:10;FR:20;FR:30;GB:1;GB:2;GB:3;GB:5;GB:7;GB:10;GB:20;JP:3;JP:5;JP:7;JP:10;JP:20;JP:30;US:1;US:2;US:3;US:5;US:7;US:10;US:20;US:30
2010-05-31,47,45,2,0,0,CA:1;CA:2;CA:3;CA:5;CA:7;CA:10;CA:20;CA:30;DE:1;DE:2;DE:3;DE:5;DE:7;DE:10;DE:20;DE:30;FR:1;FR:2;FR:3;FR:5;FR:7;FR:10;FR:20;FR:30;GB:1;GB:2;GB:3;GB:5;GB:7;GB:10;GB:20;JP:3;JP:5;JP:7;JP:10;JP:20;JP:30;US:1;US:2;US:3;US:5;US:7;US:10;US:20;US:30
2010-06-30,47,44,3,0,0,CA:1;CA:2;CA:3;CA:5;CA:7;CA:10;CA:20;CA:30;DE:1;DE:2;DE:3;DE:5;DE:7;DE:10;DE:20;DE:30;FR:1;FR:2;FR:3;FR:5;FR:7;FR:10;FR:20;FR:30;GB:1;GB:2;GB:3;GB:5;GB:7;GB:10;GB:20;JP:5;JP:7;JP:10;JP:20;JP:30;US:1;US:2;US:3;US:5;US:7;US:10;US:20;US:30
2010-07-31,47,44,3,0,0,CA:1;CA:2;CA:3;CA:5;CA:7;CA:10;CA:20;CA:30;DE:1;DE:2;DE:3;DE:5;DE:7;DE:10;DE:20;DE:30;FR:1;FR:2;FR:3;FR:5;FR:7;FR:10;FR:20;FR:30;GB:1;GB:2;GB:3;GB:5;GB:7;GB:10;GB:20;JP:5;JP:7;JP:10;JP:20;JP:30;US:1;US:2;US:3;US:5;US:7;US:10;US:20;US:30
2010-08-31,47,44,3,0,0,CA:1;CA:2;CA:3;CA:5;CA:7;CA:10;CA:20;CA:30;DE:1;DE:2;DE:3;DE:5;DE:7;DE:10;DE:20;DE:30;FR:1;FR:2;FR:3;FR:5;FR:7;FR:10;FR:20;FR:30;GB:1;GB:2;GB:3;GB:5;GB:7;GB:10;GB:20;JP:5;JP:7;JP:10;JP:20;JP:30;US:1;US:2;US:3;US:5;US:7;US:10;US:20;US:30
2010-09-30,47,44,3,0,0,CA:1;CA:2;CA:3;CA:5;CA:7;CA:10;CA:20;CA:30;DE:1;DE:2;DE:3;DE:5;DE:7;DE:10;DE:20;DE:30;FR:1;FR:2;FR:3;FR:5;FR:7;FR:10;FR:20;FR:30;GB:1;GB:2;GB:3;GB:5;GB:7;GB:10;GB:20;JP:5;JP:7;JP:10;JP:20;JP:30;US:1;US:2;US:3;US:5;US:7;US:10;US:20;US:30
2010-10-31,47,44,3,0,0,CA:1;CA:2;CA:3;CA:5;CA:7;CA:10;CA:20;CA:30;DE:1;DE:2;DE:3;DE:5;DE:7;DE:10;DE:20;DE:30;FR:1;FR:2;FR:3;FR:5;FR:7;FR:10;FR:20;FR:30;GB:1;GB:2;GB:3;GB:5;GB:7;GB:10;GB:20;JP:5;JP:7;JP:10;JP:20;JP:30;US:1;US:2;US:3;US:5;US:7;US:10;US:20;US:30
2010-11-30,47,45,2,0,0,CA:1;CA:2;CA:3;CA:5;CA:7;CA:10;CA:20;CA:30;DE:1;DE:2;DE:3;DE:5;DE:7;DE:10;DE:20;DE:30;FR:1;FR:2;FR:3;FR:5;FR:7;FR:10;FR:20;FR:30;GB:1;GB:2;GB:3;GB:5;GB:7;GB:10;GB:20;JP:3;JP:5;JP:7;JP:10;JP:20;JP:30;US:1;US:2;US:3;US:5;US:7;US:10;US:20;US:30
2010-12-31,47,45,2,0,0,CA:1;CA:2;CA:3;CA:5;CA:7;CA:10;CA:20;CA:30;DE:1;DE:2;DE:3;DE:5;DE:7;DE:10;DE:20;DE:30;FR:1;FR:2;FR:3;FR:5;FR:7;FR:10;FR:20;FR:30;GB:1;GB:2;GB:3;GB:5;GB:7;GB:10;GB:20;JP:3;JP:5;JP:7;JP:10;JP:20;JP:30;US:1;US:2;US:3;US:5;US:7;US:10;US:20;US:30
2011-01-31,47,45,2,0,0,CA:1;CA:2;CA:3;CA:5;CA:7;CA:10;CA:20;CA:30;DE:1;DE:2;DE:3;DE:5;DE:7;DE:10;DE:20;DE:30;FR:1;FR:2;FR:3;FR:5;FR:7;FR:10;FR:20;FR:30;GB:1;GB:2;GB:3;GB:5;GB:7;GB:10;GB:20;JP:3;JP:5;JP:7;JP:10;JP:20;JP:30;US:1;US:2;US:3;US:5;US:7;US:10;US:20;US:30
2011-02-28,47,46,1,0,0,CA:1;CA:2;CA:3;CA:5;CA:7;CA:10;CA:20;CA:30;DE:1;DE:2;DE:3;DE:5;DE:7;DE:10;DE:20;DE:30;FR:1;FR:2;FR:3;FR:5;FR:7;FR:10;FR:20;FR:30;GB:1;GB:2;GB:3;GB:5;GB:7;GB:10;GB:20;JP:2;JP:3;JP:5;JP:7;JP:10;JP:20;JP:30;US:1;US:2;US:3;US:5;US:7;US:10;US:20;US:30
2011-03-31,47,46,1,0,0,CA:1;CA:2;CA:3;CA:5;CA:7;CA:10;CA:20;CA:30;DE:1;DE:2;DE:3;DE:5;DE:7;DE:10;DE:20;DE:30;FR:1;FR:2;FR:3;FR:5;FR:7;FR:10;FR:20;FR:30;GB:1;GB:2;GB:3;GB:5;GB:7;GB:10;GB:20;JP:2;JP:3;JP:5;JP:7;JP:10;JP:20;JP:30;US:1;US:2;US:3;US:5;US:7;US:10;US:20;US:30
2011-04-30,47,45,2,0,0,CA:1;CA:2;CA:3;CA:5;CA:7;CA:10;CA:20;CA:30;DE:1;DE:2;DE:3;DE:5;DE:7;DE:10;DE:20;DE:30;FR:1;FR:2;FR:3;FR:5;FR:7;FR:10;FR:20;FR:30;GB:1;GB:2;GB:3;GB:5;GB:7;GB:10;GB:20;JP:3;JP:5;JP:7;JP:10;JP:20;JP:30;US:1;US:2;US:3;US:5;US:7;US:10;US:20;US:30
2011-05-31,47,44,3,0,0,CA:1;CA:2;CA:3;CA:5;CA:7;CA:10;CA:20;CA:30;DE:1;DE:2;DE:3;DE:5;DE:7;DE:10;DE:20;DE:30;FR:1;FR:2;FR:3;FR:5;FR:7;FR:10;FR:20;FR:30;GB:1;GB:2;GB:3;GB:5;GB:7;GB:10;GB:20;JP:3;JP:5;JP:7;JP:10;JP:20;JP:30;US:2;US:3;US:5;US:7;US:10;US:20;US:30
2011-06-30,47,44,3,0,0,CA:1;CA:2;CA:3;CA:5;CA:7;CA:10;CA:20;CA:30;DE:1;DE:2;DE:3;DE:5;DE:7;DE:10;DE:20;DE:30;FR:1;FR:2;FR:3;FR:5;FR:7;FR:10;FR:20;FR:30;GB:1;GB:2;GB:3;GB:5;GB:7;GB:10;GB:20;JP:3;JP:5;JP:7;JP:10;JP:20;JP:30;US:2;US:3;US:5;US:7;US:10;US:20;US:30
2011-07-31,47,45,2,0,0,CA:1;CA:2;CA:3;CA:5;CA:7;CA:10;CA:20;CA:30;DE:1;DE:2;DE:3;DE:5;DE:7;DE:10;DE:20;DE:30;FR:1;FR:2;FR:3;FR:5;FR:7;FR:10;FR:20;FR:30;GB:1;GB:2;GB:3;GB:5;GB:7;GB:10;GB:20;JP:3;JP:5;JP:7;JP:10;JP:20;JP:30;US:1;US:2;US:3;US:5;US:7;US:10;US:20;US:30
2011-08-31,47,43,4,0,0,CA:1;CA:2;CA:3;CA:5;CA:7;CA:10;CA:20;CA:30;DE:1;DE:2;DE:3;DE:5;DE:7;DE:10;DE:20;DE:30;FR:1;FR:2;FR:3;FR:5;FR:7;FR:10;FR:20;FR:30;GB:1;GB:2;GB:3;GB:5;GB:7;GB:10;GB:20;JP:5;JP:7;JP:10;JP:20;JP:30;US:2;US:3;US:5;US:7;US:10;US:20;US:30
2011-09-30,47,43,4,0,0,CA:1;CA:2;CA:3;CA:5;CA:7;CA:10;CA:20;CA:30;DE:1;DE:2;DE:3;DE:5;DE:7;DE:10;DE:20;DE:30;FR:1;FR:2;FR:3;FR:5;FR:7;FR:10;FR:20;FR:30;GB:1;GB:2;GB:3;GB:5;GB:7;GB:10;GB:20;JP:5;JP:7;JP:10;JP:20;JP:30;US:2;US:3;US:5;US:7;US:10;US:20;US:30
2011-10-31,47,44,3,0,0,CA:1;CA:2;CA:3;CA:5;CA:7;CA:10;CA:20;CA:30;DE:1;DE:2;DE:3;DE:5;DE:7;DE:10;DE:20;DE:30;FR:1;FR:2;FR:3;FR:5;FR:7;FR:10;FR:20;FR:30;GB:1;GB:2;GB:3;GB:5;GB:7;GB:10;GB:20;JP:3;JP:5;JP:7;JP:10;JP:20;JP:30;US:2;US:3;US:5;US:7;US:10;US:20;US:30
2011-11-30,47,43,4,0,0,CA:1;CA:2;CA:3;CA:5;CA:7;CA:10;CA:20;CA:30;DE:2;DE:3;DE:5;DE:7;DE:10;DE:20;DE:30;FR:1;FR:2;FR:3;FR:5;FR:7;FR:10;FR:20;FR:30;GB:1;GB:2;GB:3;GB:5;GB:7;GB:10;GB:20;JP:3;JP:5;JP:7;JP:10;JP:20;JP:30;US:2;US:3;US:5;US:7;US:10;US:20;US:30
2011-12-31,47,41,6,0,0,CA:1;CA:2;CA:3;CA:5;CA:7;CA:10;CA:20;CA:30;DE:3;DE:5;DE:7;DE:10;DE:20;DE:30;FR:1;FR:2;FR:3;FR:5;FR:7;FR:10;FR:20;FR:30;GB:1;GB:2;GB:3;GB:5;GB:7;GB:10;GB:20;JP:5;JP:7;JP:10;JP:20;JP:30;US:2;US:3;US:5;US:7;US:10;US:20;US:30
2012-01-31,47,42,5,0,0,CA:1;CA:2;CA:3;CA:5;CA:7;CA:10;CA:20;CA:30;DE:3;DE:5;DE:7;DE:10;DE:20;DE:30;FR:1;FR:2;FR:3;FR:5;FR:7;FR:10;FR:20;FR:30;GB:1;GB:2;GB:3;GB:5;GB:7;GB:10;GB:20;JP:3;JP:5;JP:7;JP:10;JP:20;JP:30;US:2;US:3;US:5;US:7;US:10;US:20;US:30
2012-02-29,47,42,5,0,0,CA:1;CA:2;CA:3;CA:5;CA:7;CA:10;CA:20;CA:30;DE:2;DE:3;DE:5;DE:7;DE:10;DE:20;DE:30;FR:1;FR:2;FR:3;FR:5;FR:7;FR:10;FR:20;FR:30;GB:1;GB:2;GB:3;GB:5;GB:7;GB:10;GB:20;JP:5;JP:7;JP:10;JP:20;JP:30;US:2;US:3;US:5;US:7;US:10;US:20;US:30
2012-03-31,47,42,5,0,0,CA:1;CA:2;CA:3;CA:5;CA:7;CA:10;CA:20;CA:30;DE:2;DE:3;DE:5;DE:7;DE:10;DE:20;DE:30;FR:1;FR:2;FR:3;FR:5;FR:7;FR:10;FR:20;FR:30;GB:1;GB:2;GB:3;GB:5;GB:7;GB:10;GB:20;JP:5;JP:7;JP:10;JP:20;JP:30;US:2;US:3;US:5;US:7;US:10;US:20;US:30
2012-04-30,47,42,5,0,0,CA:1;CA:2;CA:3;CA:5;CA:7;CA:10;CA:20;CA:30;DE:3;DE:5;DE:7;DE:10;DE:20;DE:30;FR:1;FR:2;FR:3;FR:5;FR:7;FR:10;FR:20;FR:30;GB:1;GB:2;GB:3;GB:5;GB:7;GB:10;GB:20;JP:5;JP:7;JP:10;JP:20;JP:30;US:1;US:2;US:3;US:5;US:7;US:10;US:20;US:30
2012-05-31,47,40,7,0,0,CA:1;CA:2;CA:3;CA:5;CA:7;CA:10;CA:20;CA:30;DE:5;DE:7;DE:10;DE:20;DE:30;FR:1;FR:2;FR:3;FR:5;FR:7;FR:10;FR:20;FR:30;GB:1;GB:2;GB:3;GB:5;GB:7;GB:10;GB:20;JP:5;JP:7;JP:10;JP:20;JP:30;US:2;US:3;US:5;US:7;US:10;US:20;US:30
2012-06-30,47,42,5,0,0,CA:1;CA:2;CA:3;CA:5;CA:7;CA:10;CA:20;CA:30;DE:3;DE:5;DE:7;DE:10;DE:20;DE:30;FR:1;FR:2;FR:3;FR:5;FR:7;FR:10;FR:20;FR:30;GB:1;GB:2;GB:3;GB:5;GB:7;GB:10;GB:20;JP:5;JP:7;JP:10;JP:20;JP:30;US:1;US:2;US:3;US:5;US:7;US:10;US:20;US:30
2012-07-31,47,34,13,0,0,CA:1;CA:2;CA:3;CA:5;CA:7;CA:10;CA:20;CA:30;DE:5;DE:7;DE:10;DE:20;DE:30;FR:3;FR:5;FR:7;FR:10;FR:20;FR:30;GB:5;GB:7;GB:10;GB:20;JP:7;JP:10;JP:20;JP:30;US:2;US:3;US:5;US:7;US:10;US:20;US:30
2012-08-31,47,36,11,0,0,CA:1;CA:2;CA:3;CA:5;CA:7;CA:10;CA:20;CA:30;DE:5;DE:7;DE:10;DE:20;DE:30;FR:3;FR:5;FR:7;FR:10;FR:20;FR:30;GB:1;GB:5;GB:7;GB:10;GB:20;JP:5;JP:7;JP:10;JP:20;JP:30;US:2;US:3;US:5;US:7;US:10;US:20;US:30
2012-09-30,47,36,11,0,0,CA:1;CA:2;CA:3;CA:5;CA:7;CA:10;CA:20;CA:30;DE:5;DE:7;DE:10;DE:20;DE:30;FR:3;FR:5;FR:7;FR:10;FR:20;FR:30;GB:1;GB:3;GB:5;GB:7;GB:10;GB:20;JP:7;JP:10;JP:20;JP:30;US:2;US:3;US:5;US:7;US:10;US:20;US:30
2012-10-31,47,38,9,0,0,CA:1;CA:2;CA:3;CA:5;CA:7;CA:10;CA:20;CA:30;DE:5;DE:7;DE:10;DE:20;DE:30;FR:3;FR:5;FR:7;FR:10;FR:20;FR:30;GB:1;GB:2;GB:3;GB:5;GB:7;GB:10;GB:20;JP:5;JP:7;JP:10;JP:20;JP:30;US:2;US:3;US:5;US:7;US:10;US:20;US:30
2012-11-30,47,37,10,0,0,CA:1;CA:2;CA:3;CA:5;CA:7;CA:10;CA:20;CA:30;DE:5;DE:7;DE:10;DE:20;DE:30;FR:3;FR:5;FR:7;FR:10;FR:20;FR:30;GB:1;GB:2;GB:3;GB:5;GB:7;GB:10;GB:20;JP:7;JP:10;JP:20;JP:30;US:2;US:3;US:5;US:7;US:10;US:20;US:30
2012-12-31,47,37,10,0,0,CA:1;CA:2;CA:3;CA:5;CA:7;CA:10;CA:20;CA:30;DE:5;DE:7;DE:10;DE:20;DE:30;FR:3;FR:5;FR:7;FR:10;FR:20;FR:30;GB:1;GB:2;GB:3;GB:5;GB:7;GB:10;GB:20;JP:7;JP:10;JP:20;JP:30;US:2;US:3;US:5;US:7;US:10;US:20;US:30
2013-01-31,47,41,6,0,0,CA:1;CA:2;CA:3;CA:5;CA:7;CA:10;CA:20;CA:30;DE:2;DE:3;DE:5;DE:7;DE:10;DE:20;DE:30;FR:1;FR:2;FR:3;FR:5;FR:7;FR:10;FR:20;FR:30;GB:1;GB:2;GB:3;GB:5;GB:7;GB:10;GB:20;JP:7;JP:10;JP:20;JP:30;US:2;US:3;US:5;US:7;US:10;US:20;US:30
2013-02-28,47,38,9,0,0,CA:1;CA:2;CA:3;CA:5;CA:7;CA:10;CA:20;CA:30;DE:5;DE:7;DE:10;DE:20;DE:30;FR:2;FR:3;FR:5;FR:7;FR:10;FR:20;FR:30;GB:1;GB:2;GB:3;GB:5;GB:7;GB:10;GB:20;JP:7;JP:10;JP:20;JP:30;US:2;US:3;US:5;US:7;US:10;US:20;US:30
2013-03-31,47,35,12,0,0,CA:1;CA:2;CA:3;CA:5;CA:7;CA:10;CA:20;CA:30;DE:5;DE:7;DE:10;DE:20;DE:30;FR:3;FR:5;FR:7;FR:10;FR:20;FR:30;GB:3;GB:5;GB:7;GB:10;GB:20;JP:7;JP:10;JP:20;JP:30;US:2;US:3;US:5;US:7;US:10;US:20;US:30
2013-04-30,47,38,9,0,0,CA:1;CA:2;CA:3;CA:5;CA:7;CA:10;CA:20;CA:30;DE:5;DE:7;DE:10;DE:20;DE:30;FR:3;FR:5;FR:7;FR:10;FR:20;FR:30;GB:1;GB:2;GB:3;GB:5;GB:7;GB:10;GB:20;JP:5;JP:7;JP:10;JP:20;JP:30;US:2;US:3;US:5;US:7;US:10;US:20;US:30
2013-05-31,47,39,8,0,0,CA:1;CA:2;CA:3;CA:5;CA:7;CA:10;CA:20;CA:30;DE:5;DE:7;DE:10;DE:20;DE:30;FR:2;FR:3;FR:5;FR:7;FR:10;FR:20;FR:30;GB:1;GB:2;GB:3;GB:5;GB:7;GB:10;GB:20;JP:5;JP:7;JP:10;JP:20;JP:30;US:2;US:3;US:5;US:7;US:10;US:20;US:30
2013-06-30,47,40,7,0,0,CA:1;CA:2;CA:3;CA:5;CA:7;CA:10;CA:20;CA:30;DE:3;DE:5;DE:7;DE:10;DE:20;DE:30;FR:2;FR:3;FR:5;FR:7;FR:10;FR:20;FR:30;GB:1;GB:2;GB:3;GB:5;GB:7;GB:10;GB:20;JP:5;JP:7;JP:10;JP:20;JP:30;US:2;US:3;US:5;US:7;US:10;US:20;US:30
2013-07-31,47,40,7,0,0,CA:1;CA:2;CA:3;CA:5;CA:7;CA:10;CA:20;CA:30;DE:3;DE:5;DE:7;DE:10;DE:20;DE:30;FR:2;FR:3;FR:5;FR:7;FR:10;FR:20;FR:30;GB:1;GB:2;GB:3;GB:5;GB:7;GB:10;GB:20;JP:5;JP:7;JP:10;JP:20;JP:30;US:2;US:3;US:5;US:7;US:10;US:20;US:30
2013-08-31,47,41,6,0,0,CA:1;CA:2;CA:3;CA:5;CA:7;CA:10;CA:20;CA:30;DE:2;DE:3;DE:5;DE:7;DE:10;DE:20;DE:30;FR:2;FR:3;FR:5;FR:7;FR:10;FR:20;FR:30;GB:1;GB:2;GB:3;GB:5;GB:7;GB:10;GB:20;JP:5;JP:7;JP:10;JP:20;JP:30;US:2;US:3;US:5;US:7;US:10;US:20;US:30
2013-09-30,47,40,7,0,0,CA:1;CA:2;CA:3;CA:5;CA:7;CA:10;CA:20;CA:30;DE:3;DE:5;DE:7;DE:10;DE:20;DE:30;FR:2;FR:3;FR:5;FR:7;FR:10;FR:20;FR:30;GB:1;GB:2;GB:3;GB:5;GB:7;GB:10;GB:20;JP:5;JP:7;JP:10;JP:20;JP:30;US:2;US:3;US:5;US:7;US:10;US:20;US:30
2013-10-31,47,39,8,0,0,CA:1;CA:2;CA:3;CA:5;CA:7;CA:10;CA:20;CA:30;DE:3;DE:5;DE:7;DE:10;DE:20;DE:30;FR:2;FR:3;FR:5;FR:7;FR:10;FR:20;FR:30;GB:1;GB:2;GB:3;GB:5;GB:7;GB:10;GB:20;JP:7;JP:10;JP:20;JP:30;US:2;US:3;US:5;US:7;US:10;US:20;US:30
2013-11-30,47,39,8,0,0,CA:1;CA:2;CA:3;CA:5;CA:7;CA:10;CA:20;CA:30;DE:3;DE:5;DE:7;DE:10;DE:20;DE:30;FR:2;FR:3;FR:5;FR:7;FR:10;FR:20;FR:30;GB:1;GB:2;GB:3;GB:5;GB:7;GB:10;GB:20;JP:7;JP:10;JP:20;JP:30;US:2;US:3;US:5;US:7;US:10;US:20;US:30
2013-12-31,47,41,6,0,0,CA:1;CA:2;CA:3;CA:5;CA:7;CA:10;CA:20;CA:30;DE:2;DE:3;DE:5;DE:7;DE:10;DE:20;DE:30;FR:2;FR:3;FR:5;FR:7;FR:10;FR:20;FR:30;GB:1;GB:2;GB:3;GB:5;GB:7;GB:10;GB:20;JP:5;JP:7;JP:10;JP:20;JP:30;US:2;US:3;US:5;US:7;US:10;US:20;US:30
2014-01-31,47,39,8,0,0,CA:1;CA:2;CA:3;CA:5;CA:7;CA:10;CA:20;CA:30;DE:3;DE:5;DE:7;DE:10;DE:20;DE:30;FR:2;FR:3;FR:5;FR:7;FR:10;FR:20;FR:30;GB:1;GB:2;GB:3;GB:5;GB:7;GB:10;GB:20;JP:7;JP:10;JP:20;JP:30;US:2;US:3;US:5;US:7;US:10;US:20;US:30
2014-02-28,47,38,9,0,0,CA:1;CA:2;CA:3;CA:5;CA:7;CA:10;CA:20;CA:30;DE:3;DE:5;DE:7;DE:10;DE:20;DE:30;FR:3;FR:5;FR:7;FR:10;FR:20;FR:30;GB:1;GB:2;GB:3;GB:5;GB:7;GB:10;GB:20;JP:7;JP:10;JP:20;JP:30;US:2;US:3;US:5;US:7;US:10;US:20;US:30
2014-03-31,47,39,8,0,0,CA:1;CA:2;CA:3;CA:5;CA:7;CA:10;CA:20;CA:30;DE:3;DE:5;DE:7;DE:10;DE:20;DE:30;FR:2;FR:3;FR:5;FR:7;FR:10;FR:20;FR:30;GB:1;GB:2;GB:3;GB:5;GB:7;GB:10;GB:20;JP:7;JP:10;JP:20;JP:30;US:2;US:3;US:5;US:7;US:10;US:20;US:30
2014-04-30,47,39,8,0,0,CA:1;CA:2;CA:3;CA:5;CA:7;CA:10;CA:20;CA:30;DE:3;DE:5;DE:7;DE:10;DE:20;DE:30;FR:2;FR:3;FR:5;FR:7;FR:10;FR:20;FR:30;GB:1;GB:2;GB:3;GB:5;GB:7;GB:10;GB:20;JP:7;JP:10;JP:20;JP:30;US:2;US:3;US:5;US:7;US:10;US:20;US:30
2014-05-31,47,37,10,0,0,CA:1;CA:2;CA:3;CA:5;CA:7;CA:10;CA:20;CA:30;DE:5;DE:7;DE:10;DE:20;DE:30;FR:3;FR:5;FR:7;FR:10;FR:20;FR:30;GB:1;GB:2;GB:3;GB:5;GB:7;GB:10;GB:20;JP:7;JP:10;JP:20;JP:30;US:2;US:3;US:5;US:7;US:10;US:20;US:30
2014-06-30,47,36,11,0,0,CA:1;CA:2;CA:3;CA:5;CA:7;CA:10;CA:20;CA:30;DE:5;DE:7;DE:10;DE:20;DE:30;FR:5;FR:7;FR:10;FR:20;FR:30;GB:1;GB:2;GB:3;GB:5;GB:7;GB:10;GB:20;JP:7;JP:10;JP:20;JP:30;US:2;US:3;US:5;US:7;US:10;US:20;US:30
2014-07-31,47,36,11,0,0,CA:1;CA:2;CA:3;CA:5;CA:7;CA:10;CA:20;CA:30;DE:5;DE:7;DE:10;DE:20;DE:30;FR:5;FR:7;FR:10;FR:20;FR:30;GB:1;GB:2;GB:3;GB:5;GB:7;GB:10;GB:20;JP:7;JP:10;JP:20;JP:30;US:2;US:3;US:5;US:7;US:10;US:20;US:30
2014-08-31,47,36,11,0,0,CA:1;CA:2;CA:3;CA:5;CA:7;CA:10;CA:20;CA:30;DE:5;DE:7;DE:10;DE:20;DE:30;FR:5;FR:7;FR:10;FR:20;FR:30;GB:1;GB:2;GB:3;GB:5;GB:7;GB:10;GB:20;JP:7;JP:10;JP:20;JP:30;US:2;US:3;US:5;US:7;US:10;US:20;US:30
2014-09-30,47,35,12,0,0,CA:1;CA:2;CA:3;CA:5;CA:7;CA:10;CA:20;CA:30;DE:7;DE:10;DE:20;DE:30;FR:5;FR:7;FR:10;FR:20;FR:30;GB:1;GB:2;GB:3;GB:5;GB:7;GB:10;GB:20;JP:7;JP:10;JP:20;JP:30;US:2;US:3;US:5;US:7;US:10;US:20;US:30
2014-10-31,47,35,12,0,0,CA:1;CA:2;CA:3;CA:5;CA:7;CA:10;CA:20;CA:30;DE:7;DE:10;DE:20;DE:30;FR:5;FR:7;FR:10;FR:20;FR:30;GB:1;GB:2;GB:3;GB:5;GB:7;GB:10;GB:20;JP:7;JP:10;JP:20;JP:30;US:2;US:3;US:5;US:7;US:10;US:20;US:30
2014-11-30,47,34,13,0,0,CA:1;CA:2;CA:3;CA:5;CA:7;CA:10;CA:20;CA:30;DE:7;DE:10;DE:20;DE:30;FR:5;FR:7;FR:10;FR:20;FR:30;GB:1;GB:2;GB:3;GB:5;GB:7;GB:10;GB:20;JP:10;JP:20;JP:30;US:2;US:3;US:5;US:7;US:10;US:20;US:30
2014-12-31,47,34,13,0,0,CA:1;CA:2;CA:3;CA:5;CA:7;CA:10;CA:20;CA:30;DE:7;DE:10;DE:20;DE:30;FR:7;FR:10;FR:20;FR:30;GB:1;GB:2;GB:3;GB:5;GB:7;GB:10;GB:20;JP:10;JP:20;JP:30;US:1;US:2;US:3;US:5;US:7;US:10;US:20;US:30
2015-01-31,47,32,15,0,0,CA:1;CA:2;CA:3;CA:5;CA:7;CA:10;CA:20;CA:30;DE:10;DE:20;DE:30;FR:7;FR:10;FR:20;FR:30;GB:1;GB:2;GB:3;GB:5;GB:7;GB:10;GB:20;JP:10;JP:20;JP:30;US:2;US:3;US:5;US:7;US:10;US:20;US:30
2015-02-28,47,32,15,0,0,CA:1;CA:2;CA:3;CA:5;CA:7;CA:10;CA:20;CA:30;DE:10;DE:20;DE:30;FR:10;FR:20;FR:30;GB:1;GB:2;GB:3;GB:5;GB:7;GB:10;GB:20;JP:10;JP:20;JP:30;US:1;US:2;US:3;US:5;US:7;US:10;US:20;US:30
2015-03-31,47,32,15,0,0,CA:1;CA:2;CA:3;CA:5;CA:7;CA:10;CA:20;CA:30;DE:10;DE:20;DE:30;FR:10;FR:20;FR:30;GB:1;GB:2;GB:3;GB:5;GB:7;GB:10;GB:20;JP:10;JP:20;JP:30;US:1;US:2;US:3;US:5;US:7;US:10;US:20;US:30
2015-04-30,47,33,14,0,0,CA:1;CA:2;CA:3;CA:5;CA:7;CA:10;CA:20;CA:30;DE:10;DE:20;DE:30;FR:7;FR:10;FR:20;FR:30;GB:1;GB:2;GB:3;GB:5;GB:7;GB:10;GB:20;JP:10;JP:20;JP:30;US:1;US:2;US:3;US:5;US:7;US:10;US:20;US:30
2015-05-31,47,34,13,0,0,CA:1;CA:2;CA:3;CA:5;CA:7;CA:10;CA:20;CA:30;DE:7;DE:10;DE:20;DE:30;FR:7;FR:10;FR:20;FR:30;GB:1;GB:2;GB:3;GB:5;GB:7;GB:10;GB:20;JP:10;JP:20;JP:30;US:1;US:2;US:3;US:5;US:7;US:10;US:20;US:30
2015-06-30,47,36,11,0,0,CA:1;CA:2;CA:3;CA:5;CA:7;CA:10;CA:20;CA:30;DE:7;DE:10;DE:20;DE:30;FR:5;FR:7;FR:10;FR:20;FR:30;GB:1;GB:2;GB:3;GB:5;GB:7;GB:10;GB:20;JP:7;JP:10;JP:20;JP:30;US:1;US:2;US:3;US:5;US:7;US:10;US:20;US:30
2015-07-31,47,34,13,0,0,CA:1;CA:2;CA:3;CA:5;CA:7;CA:10;CA:20;CA:30;DE:7;DE:10;DE:20;DE:30;FR:7;FR:10;FR:20;FR:30;GB:1;GB:2;GB:3;GB:5;GB:7;GB:10;GB:20;JP:10;JP:20;JP:30;US:1;US:2;US:3;US:5;US:7;US:10;US:20;US:30
2015-08-31,47,35,12,0,0,CA:1;CA:2;CA:3;CA:5;CA:7;CA:10;CA:20;CA:30;DE:7;DE:10;DE:20;DE:30;FR:5;FR:7;FR:10;FR:20;FR:30;GB:1;GB:2;GB:3;GB:5;GB:7;GB:10;GB:20;JP:10;JP:20;JP:30;US:1;US:2;US:3;US:5;US:7;US:10;US:20;US:30
2015-09-30,47,34,13,0,0,CA:1;CA:2;CA:3;CA:5;CA:7;CA:10;CA:20;CA:30;DE:7;DE:10;DE:20;DE:30;FR:7;FR:10;FR:20;FR:30;GB:1;GB:2;GB:3;GB:5;GB:7;GB:10;GB:20;JP:10;JP:20;JP:30;US:1;US:2;US:3;US:5;US:7;US:10;US:20;US:30
2015-10-31,47,33,14,0,0,CA:1;CA:2;CA:3;CA:5;CA:7;CA:10;CA:20;CA:30;DE:10;DE:20;DE:30;FR:7;FR:10;FR:20;FR:30;GB:1;GB:2;GB:3;GB:5;GB:7;GB:10;GB:20;JP:10;JP:20;JP:30;US:1;US:2;US:3;US:5;US:7;US:10;US:20;US:30
2015-11-30,47,33,14,0,0,CA:1;CA:2;CA:3;CA:5;CA:7;CA:10;CA:20;CA:30;DE:10;DE:20;DE:30;FR:7;FR:10;FR:20;FR:30;GB:1;GB:2;GB:3;GB:5;GB:7;GB:10;GB:20;JP:10;JP:20;JP:30;US:1;US:2;US:3;US:5;US:7;US:10;US:20;US:30
2015-12-31,47,34,13,0,0,CA:1;CA:2;CA:3;CA:5;CA:7;CA:10;CA:20;CA:30;DE:7;DE:10;DE:20;DE:30;FR:7;FR:10;FR:20;FR:30;GB:1;GB:2;GB:3;GB:5;GB:7;GB:10;GB:20;JP:10;JP:20;JP:30;US:1;US:2;US:3;US:5;US:7;US:10;US:20;US:30
2016-01-31,48,32,16,0,0,CA:1;CA:2;CA:3;CA:5;CA:7;CA:10;CA:20;CA:30;DE:10;DE:20;DE:30;FR:10;FR:20;FR:30;GB:1;GB:2;GB:3;GB:5;GB:7;GB:10;GB:20;GB:30;JP:20;JP:30;US:1;US:2;US:3;US:5;US:7;US:10;US:20;US:30
2016-02-29,48,31,17,0,0,CA:1;CA:2;CA:3;CA:5;CA:7;CA:10;CA:20;CA:30;DE:20;DE:30;FR:10;FR:20;FR:30;GB:1;GB:2;GB:3;GB:5;GB:7;GB:10;GB:20;GB:30;JP:20;JP:30;US:1;US:2;US:3;US:5;US:7;US:10;US:20;US:30
2016-03-31,48,31,17,0,0,CA:1;CA:2;CA:3;CA:5;CA:7;CA:10;CA:20;CA:30;DE:20;DE:30;FR:10;FR:20;FR:30;GB:1;GB:2;GB:3;GB:5;GB:7;GB:10;GB:20;GB:30;JP:20;JP:30;US:1;US:2;US:3;US:5;US:7;US:10;US:20;US:30
2016-04-30,48,32,16,0,0,CA:1;CA:2;CA:3;CA:5;CA:7;CA:10;CA:20;CA:30;DE:10;DE:20;DE:30;FR:10;FR:20;FR:30;GB:1;GB:2;GB:3;GB:5;GB:7;GB:10;GB:20;GB:30;JP:20;JP:30;US:1;US:2;US:3;US:5;US:7;US:10;US:20;US:30
2016-05-31,48,31,17,0,0,CA:1;CA:2;CA:3;CA:5;CA:7;CA:10;CA:20;CA:30;DE:20;DE:30;FR:10;FR:20;FR:30;GB:1;GB:2;GB:3;GB:5;GB:7;GB:10;GB:20;GB:30;JP:20;JP:30;US:1;US:2;US:3;US:5;US:7;US:10;US:20;US:30
2016-06-30,48,26,22,0,0,CA:1;CA:2;CA:3;CA:5;CA:7;CA:10;CA:20;CA:30;DE:20;DE:30;FR:10;FR:20;FR:30;GB:5;GB:7;GB:10;GB:20;GB:30;US:1;US:2;US:3;US:5;US:7;US:10;US:20;US:30
2016-07-31,48,26,22,0,0,CA:1;CA:2;CA:3;CA:5;CA:7;CA:10;CA:20;CA:30;DE:20;DE:30;FR:20;FR:30;GB:5;GB:7;GB:10;GB:20;GB:30;JP:30;US:1;US:2;US:3;US:5;US:7;US:10;US:20;US:30
2016-08-31,48,27,21,0,0,CA:1;CA:2;CA:3;CA:5;CA:7;CA:10;CA:20;CA:30;DE:20;DE:30;FR:20;FR:30;GB:5;GB:7;GB:10;GB:20;GB:30;JP:20;JP:30;US:1;US:2;US:3;US:5;US:7;US:10;US:20;US:30
2016-09-30,48,27,21,0,0,CA:1;CA:2;CA:3;CA:5;CA:7;CA:10;CA:20;CA:30;DE:20;DE:30;FR:20;FR:30;GB:5;GB:7;GB:10;GB:20;GB:30;JP:20;JP:30;US:1;US:2;US:3;US:5;US:7;US:10;US:20;US:30
2016-10-31,48,30,18,0,0,CA:1;CA:2;CA:3;CA:5;CA:7;CA:10;CA:20;CA:30;DE:20;DE:30;FR:10;FR:20;FR:30;GB:2;GB:3;GB:5;GB:7;GB:10;GB:20;GB:30;JP:20;JP:30;US:1;US:2;US:3;US:5;US:7;US:10;US:20;US:30
2016-11-30,48,30,18,0,0,CA:1;CA:2;CA:3;CA:5;CA:7;CA:10;CA:20;CA:30;DE:10;DE:20;DE:30;FR:10;FR:20;FR:30;GB:3;GB:5;GB:7;GB:10;GB:20;GB:30;JP:20;JP:30;US:1;US:2;US:3;US:5;US:7;US:10;US:20;US:30
2016-12-31,48,29,19,0,0,CA:1;CA:2;CA:3;CA:5;CA:7;CA:10;CA:20;CA:30;DE:10;DE:20;DE:30;FR:10;FR:20;FR:30;GB:5;GB:7;GB:10;GB:20;GB:30;JP:20;JP:30;US:1;US:2;US:3;US:5;US:7;US:10;US:20;US:30
2017-01-31,48,31,17,0,0,CA:1;CA:2;CA:3;CA:5;CA:7;CA:10;CA:20;CA:30;DE:10;DE:20;DE:30;FR:7;FR:10;FR:20;FR:30;GB:3;GB:5;GB:7;GB:10;GB:20;GB:30;JP:20;JP:30;US:1;US:2;US:3;US:5;US:7;US:10;US:20;US:30
2017-02-28,48,29,19,0,0,CA:1;CA:2;CA:3;CA:5;CA:7;CA:10;CA:20;CA:30;DE:20;DE:30;FR:7;FR:10;FR:20;FR:30;GB:5;GB:7;GB:10;GB:20;GB:30;JP:20;JP:30;US:1;US:2;US:3;US:5;US:7;US:10;US:20;US:30
2017-03-31,48,30,18,0,0,CA:1;CA:2;CA:3;CA:5;CA:7;CA:10;CA:20;CA:30;DE:10;DE:20;DE:30;FR:7;FR:10;FR:20;FR:30;GB:5;GB:7;GB:10;GB:20;GB:30;JP:20;JP:30;US:1;US:2;US:3;US:5;US:7;US:10;US:20;US:30
2017-04-30,48,30,18,0,0,CA:1;CA:2;CA:3;CA:5;CA:7;CA:10;CA:20;CA:30;DE:10;DE:20;DE:30;FR:7;FR:10;FR:20;FR:30;GB:5;GB:7;GB:10;GB:20;GB:30;JP:20;JP:30;US:1;US:2;US:3;US:5;US:7;US:10;US:20;US:30
2017-05-31,48,29,19,0,0,CA:1;CA:2;CA:3;CA:5;CA:7;CA:10;CA:20;CA:30;DE:10;DE:20;DE:30;FR:10;FR:20;FR:30;GB:5;GB:7;GB:10;GB:20;GB:30;JP:20;JP:30;US:1;US:2;US:3;US:5;US:7;US:10;US:20;US:30
2017-06-30,48,33,15,0,0,CA:1;CA:2;CA:3;CA:5;CA:7;CA:10;CA:20;CA:30;DE:10;DE:20;DE:30;FR:7;FR:10;FR:20;FR:30;GB:1;GB:2;GB:3;GB:5;GB:7;GB:10;GB:20;GB:30;JP:20;JP:30;US:1;US:2;US:3;US:5;US:7;US:10;US:20;US:30
2017-07-31,48,33,15,0,0,CA:1;CA:2;CA:3;CA:5;CA:7;CA:10;CA:20;CA:30;DE:10;DE:20;DE:30;FR:7;FR:10;FR:20;FR:30;GB:1;GB:2;GB:3;GB:5;GB:7;GB:10;GB:20;GB:30;JP:20;JP:30;US:1;US:2;US:3;US:5;US:7;US:10;US:20;US:30
2017-08-31,48,29,19,0,0,CA:1;CA:2;CA:3;CA:5;CA:7;CA:10;CA:20;CA:30;DE:10;DE:20;DE:30;FR:10;FR:20;FR:30;GB:5;GB:7;GB:10;GB:20;GB:30;JP:20;JP:30;US:1;US:2;US:3;US:5;US:7;US:10;US:20;US:30
2017-09-30,48,33,15,0,0,CA:1;CA:2;CA:3;CA:5;CA:7;CA:10;CA:20;CA:30;DE:10;DE:20;DE:30;FR:7;FR:10;FR:20;FR:30;GB:1;GB:2;GB:3;GB:5;GB:7;GB:10;GB:20;GB:30;JP:20;JP:30;US:1;US:2;US:3;US:5;US:7;US:10;US:20;US:30
2017-10-31,48,32,16,0,0,CA:1;CA:2;CA:3;CA:5;CA:7;CA:10;CA:20;CA:30;DE:10;DE:20;DE:30;FR:10;FR:20;FR:30;GB:1;GB:2;GB:3;GB:5;GB:7;GB:10;GB:20;GB:30;JP:20;JP:30;US:1;US:2;US:3;US:5;US:7;US:10;US:20;US:30
2017-11-30,48,32,16,0,0,CA:1;CA:2;CA:3;CA:5;CA:7;CA:10;CA:20;CA:30;DE:10;DE:20;DE:30;FR:10;FR:20;FR:30;GB:1;GB:2;GB:3;GB:5;GB:7;GB:10;GB:20;GB:30;JP:20;JP:30;US:1;US:2;US:3;US:5;US:7;US:10;US:20;US:30
2017-12-31,48,33,15,0,0,CA:1;CA:2;CA:3;CA:5;CA:7;CA:10;CA:20;CA:30;DE:10;DE:20;DE:30;FR:7;FR:10;FR:20;FR:30;GB:1;GB:2;GB:3;GB:5;GB:7;GB:10;GB:20;GB:30;JP:20;JP:30;US:1;US:2;US:3;US:5;US:7;US:10;US:20;US:30
2018-01-31,48,34,14,0,0,CA:1;CA:2;CA:3;CA:5;CA:7;CA:10;CA:20;CA:30;DE:7;DE:10;DE:20;DE:30;FR:7;FR:10;FR:20;FR:30;GB:1;GB:2;GB:3;GB:5;GB:7;GB:10;GB:20;GB:30;JP:20;JP:30;US:1;US:2;US:3;US:5;US:7;US:10;US:20;US:30
2018-02-28,48,34,14,0,0,CA:1;CA:2;CA:3;CA:5;CA:7;CA:10;CA:20;CA:30;DE:7;DE:10;DE:20;DE:30;FR:7;FR:10;FR:20;FR:30;GB:1;GB:2;GB:3;GB:5;GB:7;GB:10;GB:20;GB:30;JP:20;JP:30;US:1;US:2;US:3;US:5;US:7;US:10;US:20;US:30
2018-03-31,48,33,15,0,0,CA:1;CA:2;CA:3;CA:5;CA:7;CA:10;CA:20;CA:30;DE:10;DE:20;DE:30;FR:7;FR:10;FR:20;FR:30;GB:1;GB:2;GB:3;GB:5;GB:7;GB:10;GB:20;GB:30;JP:20;JP:30;US:1;US:2;US:3;US:5;US:7;US:10;US:20;US:30
2018-04-30,48,34,14,0,0,CA:1;CA:2;CA:3;CA:5;CA:7;CA:10;CA:20;CA:30;DE:7;DE:10;DE:20;DE:30;FR:7;FR:10;FR:20;FR:30;GB:1;GB:2;GB:3;GB:5;GB:7;GB:10;GB:20;GB:30;JP:20;JP:30;US:1;US:2;US:3;US:5;US:7;US:10;US:20;US:30
2018-05-31,48,33,15,0,0,CA:1;CA:2;CA:3;CA:5;CA:7;CA:10;CA:20;CA:30;DE:10;DE:20;DE:30;FR:7;FR:10;FR:20;FR:30;GB:1;GB:2;GB:3;GB:5;GB:7;GB:10;GB:20;GB:30;JP:20;JP:30;US:1;US:2;US:3;US:5;US:7;US:10;US:20;US:30
2018-06-30,48,33,15,0,0,CA:1;CA:2;CA:3;CA:5;CA:7;CA:10;CA:20;CA:30;DE:10;DE:20;DE:30;FR:7;FR:10;FR:20;FR:30;GB:1;GB:2;GB:3;GB:5;GB:7;GB:10;GB:20;GB:30;JP:20;JP:30;US:1;US:2;US:3;US:5;US:7;US:10;US:20;US:30
2018-07-31,48,33,15,0,0,CA:1;CA:2;CA:3;CA:5;CA:7;CA:10;CA:20;CA:30;DE:10;DE:20;DE:30;FR:7;FR:10;FR:20;FR:30;GB:1;GB:2;GB:3;GB:5;GB:7;GB:10;GB:20;GB:30;JP:20;JP:30;US:1;US:2;US:3;US:5;US:7;US:10;US:20;US:30
2018-08-31,48,32,16,0,0,CA:1;CA:2;CA:3;CA:5;CA:7;CA:10;CA:20;CA:30;DE:10;DE:20;DE:30;FR:10;FR:20;FR:30;GB:1;GB:2;GB:3;GB:5;GB:7;GB:10;GB:20;GB:30;JP:20;JP:30;US:1;US:2;US:3;US:5;US:7;US:10;US:20;US:30
2018-09-30,48,33,15,0,0,CA:1;CA:2;CA:3;CA:5;CA:7;CA:10;CA:20;CA:30;DE:10;DE:20;DE:30;FR:7;FR:10;FR:20;FR:30;GB:1;GB:2;GB:3;GB:5;GB:7;GB:10;GB:20;GB:30;JP:20;JP:30;US:1;US:2;US:3;US:5;US:7;US:10;US:20;US:30
2018-10-31,48,33,15,0,0,CA:1;CA:2;CA:3;CA:5;CA:7;CA:10;CA:20;CA:30;DE:10;DE:20;DE:30;FR:7;FR:10;FR:20;FR:30;GB:1;GB:2;GB:3;GB:5;GB:7;GB:10;GB:20;GB:30;JP:20;JP:30;US:1;US:2;US:3;US:5;US:7;US:10;US:20;US:30
2018-11-30,48,33,15,0,0,CA:1;CA:2;CA:3;CA:5;CA:7;CA:10;CA:20;CA:30;DE:10;DE:20;DE:30;FR:7;FR:10;FR:20;FR:30;GB:1;GB:2;GB:3;GB:5;GB:7;GB:10;GB:20;GB:30;JP:20;JP:30;US:1;US:2;US:3;US:5;US:7;US:10;US:20;US:30
2018-12-31,48,33,15,0,0,CA:1;CA:2;CA:3;CA:5;CA:7;CA:10;CA:20;CA:30;DE:10;DE:20;DE:30;FR:7;FR:10;FR:20;FR:30;GB:1;GB:2;GB:3;GB:5;GB:7;GB:10;GB:20;GB:30;JP:20;JP:30;US:1;US:2;US:3;US:5;US:7;US:10;US:20;US:30
2019-01-31,48,31,17,0,0,CA:1;CA:2;CA:3;CA:5;CA:7;CA:10;CA:20;CA:30;DE:20;DE:30;FR:10;FR:20;FR:30;GB:1;GB:2;GB:3;GB:5;GB:7;GB:10;GB:20;GB:30;JP:20;JP:30;US:1;US:2;US:3;US:5;US:7;US:10;US:20;US:30
2019-02-28,48,31,17,0,0,CA:1;CA:2;CA:3;CA:5;CA:7;CA:10;CA:20;CA:30;DE:20;DE:30;FR:10;FR:20;FR:30;GB:1;GB:2;GB:3;GB:5;GB:7;GB:10;GB:20;GB:30;JP:20;JP:30;US:1;US:2;US:3;US:5;US:7;US:10;US:20;US:30
2019-03-31,48,31,17,0,0,CA:1;CA:2;CA:3;CA:5;CA:7;CA:10;CA:20;CA:30;DE:20;DE:30;FR:10;FR:20;FR:30;GB:1;GB:2;GB:3;GB:5;GB:7;GB:10;GB:20;GB:30;JP:20;JP:30;US:1;US:2;US:3;US:5;US:7;US:10;US:20;US:30
2019-04-30,48,31,17,0,0,CA:1;CA:2;CA:3;CA:5;CA:7;CA:10;CA:20;CA:30;DE:20;DE:30;FR:10;FR:20;FR:30;GB:1;GB:2;GB:3;GB:5;GB:7;GB:10;GB:20;GB:30;JP:20;JP:30;US:1;US:2;US:3;US:5;US:7;US:10;US:20;US:30
2019-05-31,48,31,17,0,0,CA:1;CA:2;CA:3;CA:5;CA:7;CA:10;CA:20;CA:30;DE:20;DE:30;FR:10;FR:20;FR:30;GB:1;GB:2;GB:3;GB:5;GB:7;GB:10;GB:20;GB:30;JP:20;JP:30;US:1;US:2;US:3;US:5;US:7;US:10;US:20;US:30
2019-06-30,48,29,19,0,0,CA:1;CA:2;CA:3;CA:5;CA:7;CA:10;CA:20;CA:30;DE:30;FR:20;FR:30;GB:1;GB:2;GB:3;GB:5;GB:7;GB:10;GB:20;GB:30;JP:20;JP:30;US:1;US:2;US:3;US:5;US:7;US:10;US:20;US:30
2019-07-31,48,29,19,0,0,CA:1;CA:2;CA:3;CA:5;CA:7;CA:10;CA:20;CA:30;DE:30;FR:20;FR:30;GB:1;GB:2;GB:3;GB:5;GB:7;GB:10;GB:20;GB:30;JP:20;JP:30;US:1;US:2;US:3;US:5;US:7;US:10;US:20;US:30
2019-08-31,48,25,23,0,0,CA:1;CA:2;CA:3;CA:5;CA:7;CA:10;CA:20;CA:30;FR:30;GB:1;GB:2;GB:3;GB:5;GB:7;GB:10;GB:20;GB:30;US:1;US:2;US:3;US:5;US:7;US:10;US:20;US:30
2019-09-30,48,27,21,0,0,CA:1;CA:2;CA:3;CA:5;CA:7;CA:10;CA:20;CA:30;FR:30;GB:1;GB:2;GB:3;GB:5;GB:7;GB:10;GB:20;GB:30;JP:20;JP:30;US:1;US:2;US:3;US:5;US:7;US:10;US:20;US:30
2019-10-31,48,28,20,0,0,CA:1;CA:2;CA:3;CA:5;CA:7;CA:10;CA:20;CA:30;FR:20;FR:30;GB:1;GB:2;GB:3;GB:5;GB:7;GB:10;GB:20;GB:30;JP:20;JP:30;US:1;US:2;US:3;US:5;US:7;US:10;US:20;US:30
2019-11-30,48,28,20,0,0,CA:1;CA:2;CA:3;CA:5;CA:7;CA:10;CA:20;CA:30;FR:20;FR:30;GB:1;GB:2;GB:3;GB:5;GB:7;GB:10;GB:20;GB:30;JP:20;JP:30;US:1;US:2;US:3;US:5;US:7;US:10;US:20;US:30
2019-12-31,48,29,19,0,0,CA:1;CA:2;CA:3;CA:5;CA:7;CA:10;CA:20;CA:30;DE:30;FR:20;FR:30;GB:1;GB:2;GB:3;GB:5;GB:7;GB:10;GB:20;GB:30;JP:20;JP:30;US:1;US:2;US:3;US:5;US:7;US:10;US:20;US:30
2020-01-31,48,28,20,0,0,CA:1;CA:2;CA:3;CA:5;CA:7;CA:10;CA:20;CA:30;FR:20;FR:30;GB:1;GB:2;GB:3;GB:5;GB:7;GB:10;GB:20;GB:30;JP:20;JP:30;US:1;US:2;US:3;US:5;US:7;US:10;US:20;US:30
2020-02-29,48,26,22,0,0,CA:1;CA:2;CA:3;CA:5;CA:7;CA:10;CA:20;CA:30;FR:30;GB:1;GB:2;GB:3;GB:5;GB:7;GB:10;GB:20;GB:30;JP:30;US:1;US:2;US:3;US:5;US:7;US:10;US:20;US:30
2020-03-31,48,23,25,0,0,CA:1;CA:2;CA:3;CA:5;CA:7;CA:10;CA:20;CA:30;FR:20;FR:30;GB:7;GB:10;GB:20;GB:30;JP:20;JP:30;US:2;US:3;US:5;US:7;US:10;US:20;US:30
2020-04-30,48,22,26,0,0,CA:1;CA:2;CA:3;CA:5;CA:7;CA:10;CA:20;CA:30;FR:20;FR:30;GB:10;GB:20;GB:30;JP:20;JP:30;US:2;US:3;US:5;US:7;US:10;US:20;US:30
2020-05-31,48,19,29,0,0,CA:1;CA:2;CA:3;CA:5;CA:7;CA:10;CA:20;CA:30;FR:20;FR:30;GB:20;GB:30;JP:20;JP:30;US:5;US:7;US:10;US:20;US:30
2020-06-30,48,19,29,0,0,CA:1;CA:2;CA:3;CA:5;CA:7;CA:10;CA:20;CA:30;FR:20;FR:30;GB:20;GB:30;JP:20;JP:30;US:5;US:7;US:10;US:20;US:30
2020-07-31,48,19,29,0,0,CA:1;CA:2;CA:3;CA:5;CA:7;CA:10;CA:20;CA:30;FR:20;FR:30;GB:20;GB:30;JP:20;JP:30;US:5;US:7;US:10;US:20;US:30
2020-08-31,48,20,28,0,0,CA:1;CA:2;CA:3;CA:5;CA:7;CA:10;CA:20;CA:30;FR:20;FR:30;GB:10;GB:20;GB:30;JP:20;JP:30;US:5;US:7;US:10;US:20;US:30
2020-09-30,48,19,29,0,0,CA:1;CA:2;CA:3;CA:5;CA:7;CA:10;CA:20;CA:30;FR:30;GB:10;GB:20;GB:30;JP:20;JP:30;US:5;US:7;US:10;US:20;US:30
2020-10-31,48,18,30,0,0,CA:2;CA:3;CA:5;CA:7;CA:10;CA:20;CA:30;FR:30;GB:10;GB:20;GB:30;JP:20;JP:30;US:5;US:7;US:10;US:20;US:30
2020-11-30,48,19,29,0,0,CA:1;CA:2;CA:3;CA:5;CA:7;CA:10;CA:20;CA:30;FR:30;GB:10;GB:20;GB:30;JP:20;JP:30;US:5;US:7;US:10;US:20;US:30
2020-12-31,48,18,30,0,0,CA:2;CA:3;CA:5;CA:7;CA:10;CA:20;CA:30;FR:30;GB:10;GB:20;GB:30;JP:20;JP:30;US:5;US:7;US:10;US:20;US:30
2021-01-31,48,17,31,0,0,CA:3;CA:5;CA:7;CA:10;CA:20;CA:30;FR:30;GB:10;GB:20;GB:30;JP:20;JP:30;US:5;US:7;US:10;US:20;US:30
2021-02-28,48,24,24,0,0,CA:1;CA:2;CA:3;CA:5;CA:7;CA:10;CA:20;CA:30;DE:30;FR:20;FR:30;GB:5;GB:7;GB:10;GB:20;GB:30;JP:20;JP:30;US:3;US:5;US:7;US:10;US:20;US:30
2021-03-31,48,23,25,0,0,CA:2;CA:3;CA:5;CA:7;CA:10;CA:20;CA:30;DE:30;FR:20;FR:30;GB:5;GB:7;GB:10;GB:20;GB:30;JP:20;JP:30;US:3;US:5;US:7;US:10;US:20;US:30
2021-04-30,48,24,24,0,0,CA:2;CA:3;CA:5;CA:7;CA:10;CA:20;CA:30;DE:20;DE:30;FR:20;FR:30;GB:5;GB:7;GB:10;GB:20;GB:30;JP:20;JP:30;US:3;US:5;US:7;US:10;US:20;US:30
2021-05-31,48,24,24,0,0,CA:2;CA:3;CA:5;CA:7;CA:10;CA:20;CA:30;DE:20;DE:30;FR:20;FR:30;GB:5;GB:7;GB:10;GB:20;GB:30;JP:20;JP:30;US:3;US:5;US:7;US:10;US:20;US:30
2021-06-30,48,25,23,0,0,CA:1;CA:2;CA:3;CA:5;CA:7;CA:10;CA:20;CA:30;DE:30;FR:20;FR:30;GB:5;GB:7;GB:10;GB:20;GB:30;JP:20;JP:30;US:2;US:3;US:5;US:7;US:10;US:20;US:30
2021-07-31,48,23,25,0,0,CA:1;CA:2;CA:3;CA:5;CA:7;CA:10;CA:20;CA:30;FR:20;FR:30;GB:5;GB:7;GB:10;GB:20;GB:30;JP:20;JP:30;US:3;US:5;US:7;US:10;US:20;US:30
2021-08-31,48,25,23,0,0,CA:1;CA:2;CA:3;CA:5;CA:7;CA:10;CA:20;CA:30;FR:20;FR:30;GB:3;GB:5;GB:7;GB:10;GB:20;GB:30;JP:20;JP:30;US:2;US:3;US:5;US:7;US:10;US:20;US:30
2021-09-30,48,27,21,0,0,CA:1;CA:2;CA:3;CA:5;CA:7;CA:10;CA:20;CA:30;DE:30;FR:20;FR:30;GB:2;GB:3;GB:5;GB:7;GB:10;GB:20;GB:30;JP:20;JP:30;US:2;US:3;US:5;US:7;US:10;US:20;US:30
2021-10-31,48,28,20,0,0,CA:1;CA:2;CA:3;CA:5;CA:7;CA:10;CA:20;CA:30;FR:10;FR:20;FR:30;GB:1;GB:2;GB:3;GB:5;GB:7;GB:10;GB:20;GB:30;JP:20;JP:30;US:2;US:3;US:5;US:7;US:10;US:20;US:30
2021-11-30,48,28,20,0,0,CA:1;CA:2;CA:3;CA:5;CA:7;CA:10;CA:20;CA:30;FR:20;FR:30;GB:1;GB:2;GB:3;GB:5;GB:7;GB:10;GB:20;GB:30;JP:20;JP:30;US:1;US:2;US:3;US:5;US:7;US:10;US:20;US:30
2021-12-31,48,28,20,0,0,CA:1;CA:2;CA:3;CA:5;CA:7;CA:10;CA:20;CA:30;FR:20;FR:30;GB:1;GB:2;GB:3;GB:5;GB:7;GB:10;GB:20;GB:30;JP:20;JP:30;US:1;US:2;US:3;US:5;US:7;US:10;US:20;US:30
2022-01-31,48,30,18,0,0,CA:1;CA:2;CA:3;CA:5;CA:7;CA:10;CA:20;CA:30;DE:30;FR:10;FR:20;FR:30;GB:1;GB:2;GB:3;GB:5;GB:7;GB:10;GB:20;GB:30;JP:20;JP:30;US:1;US:2;US:3;US:5;US:7;US:10;US:20;US:30
2022-02-28,48,32,16,0,0,CA:1;CA:2;CA:3;CA:5;CA:7;CA:10;CA:20;CA:30;DE:20;DE:30;FR:7;FR:10;FR:20;FR:30;GB:1;GB:2;GB:3;GB:5;GB:7;GB:10;GB:20;GB:30;JP:20;JP:30;US:1;US:2;US:3;US:5;US:7;US:10;US:20;US:30
2022-03-31,48,38,10,0,0,CA:1;CA:2;CA:3;CA:5;CA:7;CA:10;CA:20;CA:30;DE:5;DE:7;DE:10;DE:20;DE:30;FR:3;FR:5;FR:7;FR:10;FR:20;FR:30;GB:1;GB:2;GB:3;GB:5;GB:7;GB:10;GB:20;GB:30;JP:10;JP:20;JP:30;US:1;US:2;US:3;US:5;US:7;US:10;US:20;US:30
2022-04-30,48,41,7,0,0,CA:1;CA:2;CA:3;CA:5;CA:7;CA:10;CA:20;CA:30;DE:2;DE:3;DE:5;DE:7;DE:10;DE:20;DE:30;FR:2;FR:3;FR:5;FR:7;FR:10;FR:20;FR:30;GB:1;GB:2;GB:3;GB:5;GB:7;GB:10;GB:20;GB:30;JP:10;JP:20;JP:30;US:1;US:2;US:3;US:5;US:7;US:10;US:20;US:30
2022-05-31,48,41,7,0,0,CA:1;CA:2;CA:3;CA:5;CA:7;CA:10;CA:20;CA:30;DE:2;DE:3;DE:5;DE:7;DE:10;DE:20;DE:30;FR:2;FR:3;FR:5;FR:7;FR:10;FR:20;FR:30;GB:1;GB:2;GB:3;GB:5;GB:7;GB:10;GB:20;GB:30;JP:10;JP:20;JP:30;US:1;US:2;US:3;US:5;US:7;US:10;US:20;US:30
2022-06-30,48,43,5,0,0,CA:1;CA:2;CA:3;CA:5;CA:7;CA:10;CA:20;CA:30;DE:1;DE:2;DE:3;DE:5;DE:7;DE:10;DE:20;DE:30;FR:1;FR:2;FR:3;FR:5;FR:7;FR:10;FR:20;FR:30;GB:1;GB:2;GB:3;GB:5;GB:7;GB:10;GB:20;GB:30;JP:10;JP:20;JP:30;US:1;US:2;US:3;US:5;US:7;US:10;US:20;US:30
2022-07-31,48,41,7,0,0,CA:1;CA:2;CA:3;CA:5;CA:7;CA:10;CA:20;CA:30;DE:2;DE:3;DE:5;DE:7;DE:10;DE:20;DE:30;FR:1;FR:2;FR:3;FR:5;FR:7;FR:10;FR:20;FR:30;GB:1;GB:2;GB:3;GB:5;GB:7;GB:10;GB:20;GB:30;JP:20;JP:30;US:1;US:2;US:3;US:5;US:7;US:10;US:20;US:30
2022-08-31,48,43,5,0,0,CA:1;CA:2;CA:3;CA:5;CA:7;CA:10;CA:20;CA:30;DE:1;DE:2;DE:3;DE:5;DE:7;DE:10;DE:20;DE:30;FR:1;FR:2;FR:3;FR:5;FR:7;FR:10;FR:20;FR:30;GB:1;GB:2;GB:3;GB:5;GB:7;GB:10;GB:20;GB:30;JP:10;JP:20;JP:30;US:1;US:2;US:3;US:5;US:7;US:10;US:20;US:30
2022-09-30,48,43,5,0,0,CA:1;CA:2;CA:3;CA:5;CA:7;CA:10;CA:20;CA:30;DE:1;DE:2;DE:3;DE:5;DE:7;DE:10;DE:20;DE:30;FR:1;FR:2;FR:3;FR:5;FR:7;FR:10;FR:20;FR:30;GB:1;GB:2;GB:3;GB:5;GB:7;GB:10;GB:20;GB:30;JP:10;JP:20;JP:30;US:1;US:2;US:3;US:5;US:7;US:10;US:20;US:30
2022-10-31,48,43,5,0,0,CA:1;CA:2;CA:3;CA:5;CA:7;CA:10;CA:20;CA:30;DE:1;DE:2;DE:3;DE:5;DE:7;DE:10;DE:20;DE:30;FR:1;FR:2;FR:3;FR:5;FR:7;FR:10;FR:20;FR:30;GB:1;GB:2;GB:3;GB:5;GB:7;GB:10;GB:20;GB:30;JP:10;JP:20;JP:30;US:1;US:2;US:3;US:5;US:7;US:10;US:20;US:30
2022-11-30,48,44,4,0,0,CA:1;CA:2;CA:3;CA:5;CA:7;CA:10;CA:20;CA:30;DE:1;DE:2;DE:3;DE:5;DE:7;DE:10;DE:20;DE:30;FR:1;FR:2;FR:3;FR:5;FR:7;FR:10;FR:20;FR:30;GB:1;GB:2;GB:3;GB:5;GB:7;GB:10;GB:20;GB:30;JP:7;JP:10;JP:20;JP:30;US:1;US:2;US:3;US:5;US:7;US:10;US:20;US:30
2022-12-31,48,45,3,0,0,CA:1;CA:2;CA:3;CA:5;CA:7;CA:10;CA:20;CA:30;DE:1;DE:2;DE:3;DE:5;DE:7;DE:10;DE:20;DE:30;FR:1;FR:2;FR:3;FR:5;FR:7;FR:10;FR:20;FR:30;GB:1;GB:2;GB:3;GB:5;GB:7;GB:10;GB:20;GB:30;JP:5;JP:7;JP:10;JP:20;JP:30;US:1;US:2;US:3;US:5;US:7;US:10;US:20;US:30
2023-01-31,48,44,4,0,0,CA:1;CA:2;CA:3;CA:5;CA:7;CA:10;CA:20;CA:30;DE:1;DE:2;DE:3;DE:5;DE:7;DE:10;DE:20;DE:30;FR:1;FR:2;FR:3;FR:5;FR:7;FR:10;FR:20;FR:30;GB:1;GB:2;GB:3;GB:5;GB:7;GB:10;GB:20;GB:30;JP:7;JP:10;JP:20;JP:30;US:1;US:2;US:3;US:5;US:7;US:10;US:20;US:30
2023-02-28,48,45,3,0,0,CA:1;CA:2;CA:3;CA:5;CA:7;CA:10;CA:20;CA:30;DE:1;DE:2;DE:3;DE:5;DE:7;DE:10;DE:20;DE:30;FR:1;FR:2;FR:3;FR:5;FR:7;FR:10;FR:20;FR:30;GB:1;GB:2;GB:3;GB:5;GB:7;GB:10;GB:20;GB:30;JP:5;JP:7;JP:10;JP:20;JP:30;US:1;US:2;US:3;US:5;US:7;US:10;US:20;US:30
2023-03-31,48,44,4,0,0,CA:1;CA:2;CA:3;CA:5;CA:7;CA:10;CA:20;CA:30;DE:1;DE:2;DE:3;DE:5;DE:7;DE:10;DE:20;DE:30;FR:1;FR:2;FR:3;FR:5;FR:7;FR:10;FR:20;FR:30;GB:1;GB:2;GB:3;GB:5;GB:7;GB:10;GB:20;GB:30;JP:7;JP:10;JP:20;JP:30;US:1;US:2;US:3;US:5;US:7;US:10;US:20;US:30
2023-04-30,48,44,4,0,0,CA:1;CA:2;CA:3;CA:5;CA:7;CA:10;CA:20;CA:30;DE:1;DE:2;DE:3;DE:5;DE:7;DE:10;DE:20;DE:30;FR:1;FR:2;FR:3;FR:5;FR:7;FR:10;FR:20;FR:30;GB:1;GB:2;GB:3;GB:5;GB:7;GB:10;GB:20;GB:30;JP:7;JP:10;JP:20;JP:30;US:1;US:2;US:3;US:5;US:7;US:10;US:20;US:30
2023-05-31,48,44,4,0,0,CA:1;CA:2;CA:3;CA:5;CA:7;CA:10;CA:20;CA:30;DE:1;DE:2;DE:3;DE:5;DE:7;DE:10;DE:20;DE:30;FR:1;FR:2;FR:3;FR:5;FR:7;FR:10;FR:20;FR:30;GB:1;GB:2;GB:3;GB:5;GB:7;GB:10;GB:20;GB:30;JP:7;JP:10;JP:20;JP:30;US:1;US:2;US:3;US:5;US:7;US:10;US:20;US:30
2023-06-30,48,43,5,0,0,CA:1;CA:2;CA:3;CA:5;CA:7;CA:10;CA:20;CA:30;DE:1;DE:2;DE:3;DE:5;DE:7;DE:10;DE:20;DE:30;FR:1;FR:2;FR:3;FR:5;FR:7;FR:10;FR:20;FR:30;GB:1;GB:2;GB:3;GB:5;GB:7;GB:10;GB:20;GB:30;JP:10;JP:20;JP:30;US:1;US:2;US:3;US:5;US:7;US:10;US:20;US:30
2023-07-31,48,44,4,0,0,CA:1;CA:2;CA:3;CA:5;CA:7;CA:10;CA:20;CA:30;DE:1;DE:2;DE:3;DE:5;DE:7;DE:10;DE:20;DE:30;FR:1;FR:2;FR:3;FR:5;FR:7;FR:10;FR:20;FR:30;GB:1;GB:2;GB:3;GB:5;GB:7;GB:10;GB:20;GB:30;JP:7;JP:10;JP:20;JP:30;US:1;US:2;US:3;US:5;US:7;US:10;US:20;US:30
2023-08-31,48,45,3,0,0,CA:1;CA:2;CA:3;CA:5;CA:7;CA:10;CA:20;CA:30;DE:1;DE:2;DE:3;DE:5;DE:7;DE:10;DE:20;DE:30;FR:1;FR:2;FR:3;FR:5;FR:7;FR:10;FR:20;FR:30;GB:1;GB:2;GB:3;GB:5;GB:7;GB:10;GB:20;GB:30;JP:5;JP:7;JP:10;JP:20;JP:30;US:1;US:2;US:3;US:5;US:7;US:10;US:20;US:30
2023-09-30,48,45,3,0,0,CA:1;CA:2;CA:3;CA:5;CA:7;CA:10;CA:20;CA:30;DE:1;DE:2;DE:3;DE:5;DE:7;DE:10;DE:20;DE:30;FR:1;FR:2;FR:3;FR:5;FR:7;FR:10;FR:20;FR:30;GB:1;GB:2;GB:3;GB:5;GB:7;GB:10;GB:20;GB:30;JP:5;JP:7;JP:10;JP:20;JP:30;US:1;US:2;US:3;US:5;US:7;US:10;US:20;US:30
2023-10-31,48,46,2,0,0,CA:1;CA:2;CA:3;CA:5;CA:7;CA:10;CA:20;CA:30;DE:1;DE:2;DE:3;DE:5;DE:7;DE:10;DE:20;DE:30;FR:1;FR:2;FR:3;FR:5;FR:7;FR:10;FR:20;FR:30;GB:1;GB:2;GB:3;GB:5;GB:7;GB:10;GB:20;GB:30;JP:3;JP:5;JP:7;JP:10;JP:20;JP:30;US:1;US:2;US:3;US:5;US:7;US:10;US:20;US:30
2023-11-30,48,45,3,0,0,CA:1;CA:2;CA:3;CA:5;CA:7;CA:10;CA:20;CA:30;DE:1;DE:2;DE:3;DE:5;DE:7;DE:10;DE:20;DE:30;FR:1;FR:2;FR:3;FR:5;FR:7;FR:10;FR:20;FR:30;GB:1;GB:2;GB:3;GB:5;GB:7;GB:10;GB:20;GB:30;JP:5;JP:7;JP:10;JP:20;JP:30;US:1;US:2;US:3;US:5;US:7;US:10;US:20;US:30
2023-12-31,48,45,3,0,0,CA:1;CA:2;CA:3;CA:5;CA:7;CA:10;CA:20;CA:30;DE:1;DE:2;DE:3;DE:5;DE:7;DE:10;DE:20;DE:30;FR:1;FR:2;FR:3;FR:5;FR:7;FR:10;FR:20;FR:30;GB:1;GB:2;GB:3;GB:5;GB:7;GB:10;GB:20;GB:30;JP:5;JP:7;JP:10;JP:20;JP:30;US:1;US:2;US:3;US:5;US:7;US:10;US:20;US:30
2024-01-31,48,45,3,0,0,CA:1;CA:2;CA:3;CA:5;CA:7;CA:10;CA:20;CA:30;DE:1;DE:2;DE:3;DE:5;DE:7;DE:10;DE:20;DE:30;FR:1;FR:2;FR:3;FR:5;FR:7;FR:10;FR:20;FR:30;GB:1;GB:2;GB:3;GB:5;GB:7;GB:10;GB:20;GB:30;JP:5;JP:7;JP:10;JP:20;JP:30;US:1;US:2;US:3;US:5;US:7;US:10;US:20;US:30
2024-02-29,48,45,3,0,0,CA:1;CA:2;CA:3;CA:5;CA:7;CA:10;CA:20;CA:30;DE:1;DE:2;DE:3;DE:5;DE:7;DE:10;DE:20;DE:30;FR:1;FR:2;FR:3;FR:5;FR:7;FR:10;FR:20;FR:30;GB:1;GB:2;GB:3;GB:5;GB:7;GB:10;GB:20;GB:30;JP:5;JP:7;JP:10;JP:20;JP:30;US:1;US:2;US:3;US:5;US:7;US:10;US:20;US:30
2024-03-31,48,46,2,0,0,CA:1;CA:2;CA:3;CA:5;CA:7;CA:10;CA:20;CA:30;DE:1;DE:2;DE:3;DE:5;DE:7;DE:10;DE:20;DE:30;FR:1;FR:2;FR:3;FR:5;FR:7;FR:10;FR:20;FR:30;GB:1;GB:2;GB:3;GB:5;GB:7;GB:10;GB:20;GB:30;JP:3;JP:5;JP:7;JP:10;JP:20;JP:30;US:1;US:2;US:3;US:5;US:7;US:10;US:20;US:30
2024-04-30,48,47,1,0,0,CA:1;CA:2;CA:3;CA:5;CA:7;CA:10;CA:20;CA:30;DE:1;DE:2;DE:3;DE:5;DE:7;DE:10;DE:20;DE:30;FR:1;FR:2;FR:3;FR:5;FR:7;FR:10;FR:20;FR:30;GB:1;GB:2;GB:3;GB:5;GB:7;GB:10;GB:20;GB:30;JP:2;JP:3;JP:5;JP:7;JP:10;JP:20;JP:30;US:1;US:2;US:3;US:5;US:7;US:10;US:20;US:30
2024-05-31,48,48,0,0,0,CA:1;CA:2;CA:3;CA:5;CA:7;CA:10;CA:20;CA:30;DE:1;DE:2;DE:3;DE:5;DE:7;DE:10;DE:20;DE:30;FR:1;FR:2;FR:3;FR:5;FR:7;FR:10;FR:20;FR:30;GB:1;GB:2;GB:3;GB:5;GB:7;GB:10;GB:20;GB:30;JP:1;JP:2;JP:3;JP:5;JP:7;JP:10;JP:20;JP:30;US:1;US:2;US:3;US:5;US:7;US:10;US:20;US:30
2024-06-30,48,47,1,0,0,CA:1;CA:2;CA:3;CA:5;CA:7;CA:10;CA:20;CA:30;DE:1;DE:2;DE:3;DE:5;DE:7;DE:10;DE:20;DE:30;FR:1;FR:2;FR:3;FR:5;FR:7;FR:10;FR:20;FR:30;GB:1;GB:2;GB:3;GB:5;GB:7;GB:10;GB:20;GB:30;JP:2;JP:3;JP:5;JP:7;JP:10;JP:20;JP:30;US:1;US:2;US:3;US:5;US:7;US:10;US:20;US:30
2024-07-31,48,48,0,0,0,CA:1;CA:2;CA:3;CA:5;CA:7;CA:10;CA:20;CA:30;DE:1;DE:2;DE:3;DE:5;DE:7;DE:10;DE:20;DE:30;FR:1;FR:2;FR:3;FR:5;FR:7;FR:10;FR:20;FR:30;GB:1;GB:2;GB:3;GB:5;GB:7;GB:10;GB:20;GB:30;JP:1;JP:2;JP:3;JP:5;JP:7;JP:10;JP:20;JP:30;US:1;US:2;US:3;US:5;US:7;US:10;US:20;US:30
2024-08-31,48,48,0,0,0,CA:1;CA:2;CA:3;CA:5;CA:7;CA:10;CA:20;CA:30;DE:1;DE:2;DE:3;DE:5;DE:7;DE:10;DE:20;DE:30;FR:1;FR:2;FR:3;FR:5;FR:7;FR:10;FR:20;FR:30;GB:1;GB:2;GB:3;GB:5;GB:7;GB:10;GB:20;GB:30;JP:1;JP:2;JP:3;JP:5;JP:7;JP:10;JP:20;JP:30;US:1;US:2;US:3;US:5;US:7;US:10;US:20;US:30
2024-09-30,48,48,0,0,0,CA:1;CA:2;CA:3;CA:5;CA:7;CA:10;CA:20;CA:30;DE:1;DE:2;DE:3;DE:5;DE:7;DE:10;DE:20;DE:30;FR:1;FR:2;FR:3;FR:5;FR:7;FR:10;FR:20;FR:30;GB:1;GB:2;GB:3;GB:5;GB:7;GB:10;GB:20;GB:30;JP:1;JP:2;JP:3;JP:5;JP:7;JP:10;JP:20;JP:30;US:1;US:2;US:3;US:5;US:7;US:10;US:20;US:30
2024-10-31,48,48,0,0,0,CA:1;CA:2;CA:3;CA:5;CA:7;CA:10;CA:20;CA:30;DE:1;DE:2;DE:3;DE:5;DE:7;DE:10;DE:20;DE:30;FR:1;FR:2;FR:3;FR:5;FR:7;FR:10;FR:20;FR:30;GB:1;GB:2;GB:3;GB:5;GB:7;GB:10;GB:20;GB:30;JP:1;JP:2;JP:3;JP:5;JP:7;JP:10;JP:20;JP:30;US:1;US:2;US:3;US:5;US:7;US:10;US:20;US:30
2024-11-30,48,48,0,0,0,CA:1;CA:2;CA:3;CA:5;CA:7;CA:10;CA:20;CA:30;DE:1;DE:2;DE:3;DE:5;DE:7;DE:10;DE:20;DE:30;FR:1;FR:2;FR:3;FR:5;FR:7;FR:10;FR:20;FR:30;GB:1;GB:2;GB:3;GB:5;GB:7;GB:10;GB:20;GB:30;JP:1;JP:2;JP:3;JP:5;JP:7;JP:10;JP:20;JP:30;US:1;US:2;US:3;US:5;US:7;US:10;US:20;US:30
2024-12-31,48,48,0,0,0,CA:1;CA:2;CA:3;CA:5;CA:7;CA:10;CA:20;CA:30;DE:1;DE:2;DE:3;DE:5;DE:7;DE:10;DE:20;DE:30;FR:1;FR:2;FR:3;FR:5;FR:7;FR:10;FR:20;FR:30;GB:1;GB:2;GB:3;GB:5;GB:7;GB:10;GB:20;GB:30;JP:1;JP:2;JP:3;JP:5;JP:7;JP:10;JP:20;JP:30;US:1;US:2;US:3;US:5;US:7;US:10;US:20;US:30
2025-01-31,48,48,0,0,0,CA:1;CA:2;CA:3;CA:5;CA:7;CA:10;CA:20;CA:30;DE:1;DE:2;DE:3;DE:5;DE:7;DE:10;DE:20;DE:30;FR:1;FR:2;FR:3;FR:5;FR:7;FR:10;FR:20;FR:30;GB:1;GB:2;GB:3;GB:5;GB:7;GB:10;GB:20;GB:30;JP:1;JP:2;JP:3;JP:5;JP:7;JP:10;JP:20;JP:30;US:1;US:2;US:3;US:5;US:7;US:10;US:20;US:30
2025-02-28,48,48,0,0,0,CA:1;CA:2;CA:3;CA:5;CA:7;CA:10;CA:20;CA:30;DE:1;DE:2;DE:3;DE:5;DE:7;DE:10;DE:20;DE:30;FR:1;FR:2;FR:3;FR:5;FR:7;FR:10;FR:20;FR:30;GB:1;GB:2;GB:3;GB:5;GB:7;GB:10;GB:20;GB:30;JP:1;JP:2;JP:3;JP:5;JP:7;JP:10;JP:20;JP:30;US:1;US:2;US:3;US:5;US:7;US:10;US:20;US:30
2025-03-31,48,48,0,0,0,CA:1;CA:2;CA:3;CA:5;CA:7;CA:10;CA:20;CA:30;DE:1;DE:2;DE:3;DE:5;DE:7;DE:10;DE:20;DE:30;FR:1;FR:2;FR:3;FR:5;FR:7;FR:10;FR:20;FR:30;GB:1;GB:2;GB:3;GB:5;GB:7;GB:10;GB:20;GB:30;JP:1;JP:2;JP:3;JP:5;JP:7;JP:10;JP:20;JP:30;US:1;US:2;US:3;US:5;US:7;US:10;US:20;US:30
2025-04-30,48,48,0,0,0,CA:1;CA:2;CA:3;CA:5;CA:7;CA:10;CA:20;CA:30;DE:1;DE:2;DE:3;DE:5;DE:7;DE:10;DE:20;DE:30;FR:1;FR:2;FR:3;FR:5;FR:7;FR:10;FR:20;FR:30;GB:1;GB:2;GB:3;GB:5;GB:7;GB:10;GB:20;GB:30;JP:1;JP:2;JP:3;JP:5;JP:7;JP:10;JP:20;JP:30;US:1;US:2;US:3;US:5;US:7;US:10;US:20;US:30
2025-05-31,48,48,0,0,0,CA:1;CA:2;CA:3;CA:5;CA:7;CA:10;CA:20;CA:30;DE:1;DE:2;DE:3;DE:5;DE:7;DE:10;DE:20;DE:30;FR:1;FR:2;FR:3;FR:5;FR:7;FR:10;FR:20;FR:30;GB:1;GB:2;GB:3;GB:5;GB:7;GB:10;GB:20;GB:30;JP:1;JP:2;JP:3;JP:5;JP:7;JP:10;JP:20;JP:30;US:1;US:2;US:3;US:5;US:7;US:10;US:20;US:30
2025-06-30,48,48,0,0,0,CA:1;CA:2;CA:3;CA:5;CA:7;CA:10;CA:20;CA:30;DE:1;DE:2;DE:3;DE:5;DE:7;DE:10;DE:20;DE:30;FR:1;FR:2;FR:3;FR:5;FR:7;FR:10;FR:20;FR:30;GB:1;GB:2;GB:3;GB:5;GB:7;GB:10;GB:20;GB:30;JP:1;JP:2;JP:3;JP:5;JP:7;JP:10;JP:20;JP:30;US:1;US:2;US:3;US:5;US:7;US:10;US:20;US:30
2025-07-31,48,48,0,0,0,CA:1;CA:2;CA:3;CA:5;CA:7;CA:10;CA:20;CA:30;DE:1;DE:2;DE:3;DE:5;DE:7;DE:10;DE:20;DE:30;FR:1;FR:2;FR:3;FR:5;FR:7;FR:10;FR:20;FR:30;GB:1;GB:2;GB:3;GB:5;GB:7;GB:10;GB:20;GB:30;JP:1;JP:2;JP:3;JP:5;JP:7;JP:10;JP:20;JP:30;US:1;US:2;US:3;US:5;US:7;US:10;US:20;US:30
2025-08-31,48,48,0,0,0,CA:1;CA:2;CA:3;CA:5;CA:7;CA:10;CA:20;CA:30;DE:1;DE:2;DE:3;DE:5;DE:7;DE:10;DE:20;DE:30;FR:1;FR:2;FR:3;FR:5;FR:7;FR:10;FR:20;FR:30;GB:1;GB:2;GB:3;GB:5;GB:7;GB:10;GB:20;GB:30;JP:1;JP:2;JP:3;JP:5;JP:7;JP:10;JP:20;JP:30;US:1;US:2;US:3;US:5;US:7;US:10;US:20;US:30
2025-09-30,48,48,0,0,0,CA:1;CA:2;CA:3;CA:5;CA:7;CA:10;CA:20;CA:30;DE:1;DE:2;DE:3;DE:5;DE:7;DE:10;DE:20;DE:30;FR:1;FR:2;FR:3;FR:5;FR:7;FR:10;FR:20;FR:30;GB:1;GB:2;GB:3;GB:5;GB:7;GB:10;GB:20;GB:30;JP:1;JP:2;JP:3;JP:5;JP:7;JP:10;JP:20;JP:30;US:1;US:2;US:3;US:5;US:7;US:10;US:20;US:30
2025-10-31,48,48,0,0,0,CA:1;CA:2;CA:3;CA:5;CA:7;CA:10;CA:20;CA:30;DE:1;DE:2;DE:3;DE:5;DE:7;DE:10;DE:20;DE:30;FR:1;FR:2;FR:3;FR:5;FR:7;FR:10;FR:20;FR:30;GB:1;GB:2;GB:3;GB:5;GB:7;GB:10;GB:20;GB:30;JP:1;JP:2;JP:3;JP:5;JP:7;JP:10;JP:20;JP:30;US:1;US:2;US:3;US:5;US:7;US:10;US:20;US:30
2025-11-30,48,48,0,0,0,CA:1;CA:2;CA:3;CA:5;CA:7;CA:10;CA:20;CA:30;DE:1;DE:2;DE:3;DE:5;DE:7;DE:10;DE:20;DE:30;FR:1;FR:2;FR:3;FR:5;FR:7;FR:10;FR:20;FR:30;GB:1;GB:2;GB:3;GB:5;GB:7;GB:10;GB:20;GB:30;JP:1;JP:2;JP:3;JP:5;JP:7;JP:10;JP:20;JP:30;US:1;US:2;US:3;US:5;US:7;US:10;US:20;US:30
2025-12-31,48,48,0,0,0,CA:1;CA:2;CA:3;CA:5;CA:7;CA:10;CA:20;CA:30;DE:1;DE:2;DE:3;DE:5;DE:7;DE:10;DE:20;DE:30;FR:1;FR:2;FR:3;FR:5;FR:7;FR:10;FR:20;FR:30;GB:1;GB:2;GB:3;GB:5;GB:7;GB:10;GB:20;GB:30;JP:1;JP:2;JP:3;JP:5;JP:7;JP:10;JP:20;JP:30;US:1;US:2;US:3;US:5;US:7;US:10;US:20;US:30
2026-01-31,48,48,0,0,0,CA:1;CA:2;CA:3;CA:5;CA:7;CA:10;CA:20;CA:30;DE:1;DE:2;DE:3;DE:5;DE:7;DE:10;DE:20;DE:30;FR:1;FR:2;FR:3;FR:5;FR:7;FR:10;FR:20;FR:30;GB:1;GB:2;GB:3;GB:5;GB:7;GB:10;GB:20;GB:30;JP:1;JP:2;JP:3;JP:5;JP:7;JP:10;JP:20;JP:30;US:1;US:2;US:3;US:5;US:7;US:10;US:20;US:30
2026-02-28,48,48,0,0,0,CA:1;CA:2;CA:3;CA:5;CA:7;CA:10;CA:20;CA:30;DE:1;DE:2;DE:3;DE:5;DE:7;DE:10;DE:20;DE:30;FR:1;FR:2;FR:3;FR:5;FR:7;FR:10;FR:20;FR:30;GB:1;GB:2;GB:3;GB:5;GB:7;GB:10;GB:20;GB:30;JP:1;JP:2;JP:3;JP:5;JP:7;JP:10;JP:20;JP:30;US:1;US:2;US:3;US:5;US:7;US:10;US:20;US:30
2026-03-31,48,48,0,0,0,CA:1;CA:2;CA:3;CA:5;CA:7;CA:10;CA:20;CA:30;DE:1;DE:2;DE:3;DE:5;DE:7;DE:10;DE:20;DE:30;FR:1;FR:2;FR:3;FR:5;FR:7;FR:10;FR:20;FR:30;GB:1;GB:2;GB:3;GB:5;GB:7;GB:10;GB:20;GB:30;JP:1;JP:2;JP:3;JP:5;JP:7;JP:10;JP:20;JP:30;US:1;US:2;US:3;US:5;US:7;US:10;US:20;US:30
2026-04-30,48,48,0,0,0,CA:1;CA:2;CA:3;CA:5;CA:7;CA:10;CA:20;CA:30;DE:1;DE:2;DE:3;DE:5;DE:7;DE:10;DE:20;DE:30;FR:1;FR:2;FR:3;FR:5;FR:7;FR:10;FR:20;FR:30;GB:1;GB:2;GB:3;GB:5;GB:7;GB:10;GB:20;GB:30;JP:1;JP:2;JP:3;JP:5;JP:7;JP:10;JP:20;JP:30;US:1;US:2;US:3;US:5;US:7;US:10;US:20;US:30
2026-05-31,48,48,0,0,0,CA:1;CA:2;CA:3;CA:5;CA:7;CA:10;CA:20;CA:30;DE:1;DE:2;DE:3;DE:5;DE:7;DE:10;DE:20;DE:30;FR:1;FR:2;FR:3;FR:5;FR:7;FR:10;FR:20;FR:30;GB:1;GB:2;GB:3;GB:5;GB:7;GB:10;GB:20;GB:30;JP:1;JP:2;JP:3;JP:5;JP:7;JP:10;JP:20;JP:30;US:1;US:2;US:3;US:5;US:7;US:10;US:20;US:30
2026-06-30,48,48,0,0,0,CA:1;CA:2;CA:3;CA:5;CA:7;CA:10;CA:20;CA:30;DE:1;DE:2;DE:3;DE:5;DE:7;DE:10;DE:20;DE:30;FR:1;FR:2;FR:3;FR:5;FR:7;FR:10;FR:20;FR:30;GB:1;GB:2;GB:3;GB:5;GB:7;GB:10;GB:20;GB:30;JP:1;JP:2;JP:3;JP:5;JP:7;JP:10;JP:20;JP:30;US:1;US:2;US:3;US:5;US:7;US:10;US:20;US:30
2026-07-31,48,48,0,0,0,CA:1;CA:2;CA:3;CA:5;CA:7;CA:10;CA:20;CA:30;DE:1;DE:2;DE:3;DE:5;DE:7;DE:10;DE:20;DE:30;FR:1;FR:2;FR:3;FR:5;FR:7;FR:10;FR:20;FR:30;GB:1;GB:2;GB:3;GB:5;GB:7;GB:10;GB:20;GB:30;JP:1;JP:2;JP:3;JP:5;JP:7;JP:10;JP:20;JP:30;US:1;US:2;US:3;US:5;US:7;US:10;US:20;US:30
2026-08-31,0,0,0,0,48,
