date,tenor_years,par_cmt,par_gsw,diff_bp,interpolated
1962-01-31,2.0,0.035500000000000004,0.035899,-3.9899999999999656,True
1962-01-31,5.0,0.039900000000000005,0.039544,3.5600000000000214,False
1962-02-28,2.0,0.033699999999999994,0.033657,0.4299999999999443,True
1962-02-28,5.0,0.0377,0.037193000000000004,5.0699999999999354,False
1962-03-31,2.0,0.0318,0.031795,0.050000000000050004,True
1962-03-31,5.0,0.0361,0.036067999999999996,0.3200000000000425,False
1962-04-30,2.0,0.0327,0.032632,0.6799999999999862,True
1962-04-30,5.0,0.0364,0.03605,3.500000000000031,False
1962-05-31,2.0,0.03175,0.03161,1.4000000000000123,True
1962-05-31,5.0,0.0366,0.036137999999999997,4.620000000000041,False
1962-06-30,2.0,0.0338,0.033263,5.369999999999958,True
1962-06-30,5.0,0.037599999999999995,0.037656,-0.5600000000000743,False
1962-07-31,2.0,0.03475,0.034197000000000005,5.52999999999998,True
1962-07-31,5.0,0.0382,0.038142999999999996,0.5700000000000149,False
1962-08-31,2.0,0.0328,0.031622,11.780000000000054,True
1962-08-31,5.0,0.0366,0.036564,0.3600000000000131,False
1962-09-30,2.0,0.03185,0.030941999999999997,9.08000000000006,True
1962-09-30,5.0,0.0366,0.03639,2.1000000000000183,False
1962-10-31,2.0,0.03165,0.031189,4.609999999999961,True
1962-10-31,5.0,0.0364,0.036282999999999996,1.1700000000000599,False
1962-11-30,2.0,0.03215,0.031741,4.089999999999996,True
1962-11-30,5.0,0.0359,0.036133,-2.3299999999999708,False
1962-12-31,2.0,0.03225,0.031972,2.7800000000000047,True
1962-12-31,5.0,0.0356,0.035455,1.449999999999993,False
1963-01-31,2.0,0.0322,0.03175,4.49999999999999,True
1963-01-31,5.0,0.0365,0.036533,-0.3300000000000525,False
1963-02-28,2.0,0.0322,0.031861,3.3899999999999904,True
1963-02-28,5.0,0.0368,0.036864,-0.6400000000000156,False
1963-03-31,2.0,0.03265,0.032354,2.9599999999999764,True
1963-03-31,5.0,0.0371,0.036985000000000004,1.1499999999999706,False
1963-04-30,2.0,0.03325,0.032334999999999996,9.15000000000006,True
1963-04-30,5.0,0.0373,0.036992,3.080000000000027,False
1963-05-31,2.0,0.03395,0.032993999999999996,9.560000000000054,True
1963-05-31,5.0,0.0378,0.037447,3.5299999999999914,False
1963-06-30,2.0,0.034,0.033165,8.350000000000025,True
1963-06-30,5.0,0.0382,0.037934,2.659999999999954,False
1963-07-31,2.0,0.03635,0.035527,8.229999999999974,True
1963-07-31,5.0,0.0388,0.038588,2.1200000000000383,False
1963-08-31,2.0,0.037000000000000005,0.036301,6.990000000000052,True
1963-08-31,5.0,0.0393,0.038997000000000004,3.029999999999977,False
1963-09-30,2.0,0.03705,0.036109,9.409999999999973,True
1963-09-30,5.0,0.0394,0.039169,2.3099999999999508,False
1963-10-31,2.0,0.038,0.036896,11.040000000000008,True
1963-10-31,5.0,0.0401,0.039623,4.769999999999983,False
1963-11-30,2.0,0.038400000000000004,0.037383,10.17000000000004,True
1963-11-30,5.0,0.039900000000000005,0.039673,2.2700000000000498,False
1963-12-31,2.0,0.039400000000000004,0.038475,9.250000000000021,True
1963-12-31,5.0,0.0406,0.040399000000000004,2.0099999999999287,False
1964-01-31,2.0,0.0388,0.037919999999999995,8.800000000000058,True
1964-01-31,5.0,0.0403,0.040397999999999996,-0.9799999999999393,False
1964-02-29,2.0,0.039900000000000005,0.03936,5.400000000000057,True
1964-02-29,5.0,0.040999999999999995,0.04094299999999999,0.5700000000000149,False
1964-03-31,2.0,0.040499999999999994,0.040328,1.719999999999916,True
1964-03-31,5.0,0.0416,0.041784999999999996,-1.8499999999999766,False
1964-04-30,2.0,0.0397,0.038895,8.05,True
1964-04-30,5.0,0.041299999999999996,0.041304,-0.040000000000040004,False
1964-05-31,2.0,0.039349999999999996,0.038729,6.209999999999965,True
1964-05-31,5.0,0.0403,0.040728999999999994,-4.289999999999919,False
1964-06-30,2.0,0.038650000000000004,0.038056,5.940000000000042,True
1964-06-30,5.0,0.0401,0.040206,-1.0600000000000191,False
1964-07-31,2.0,0.03805,0.037004999999999996,10.450000000000042,True
1964-07-31,5.0,0.0404,0.040049,3.5099999999999714,False
1964-08-31,2.0,0.038849999999999996,0.037954,8.95999999999994,True
1964-08-31,5.0,0.0407,0.040447,2.5300000000000322,False
1964-09-30,2.0,0.03924999999999999,0.038558,6.919999999999912,True
1964-09-30,5.0,0.0405,0.040480999999999996,0.19000000000005124,False
1964-10-31,2.0,0.039349999999999996,0.038647999999999995,7.020000000000012,True
1964-10-31,5.0,0.0405,0.040468000000000004,0.3199999999999731,False
1964-11-30,2.0,0.041299999999999996,0.04048,8.199999999999944,True
1964-11-30,5.0,0.041299999999999996,0.041275000000000006,0.24999999999990308,False
1964-12-31,2.0,0.04025,0.039293,9.569999999999995,True
1964-12-31,5.0,0.0412,0.041026999999999994,1.7300000000000648,False
1965-01-31,2.0,0.039999999999999994,0.039032,9.679999999999966,True
1965-01-31,5.0,0.041100000000000005,0.040556999999999996,5.430000000000088,False
1965-02-28,2.0,0.04105,0.040024,10.26000000000006,True
1965-02-28,5.0,0.0416,0.041102,4.979999999999984,False
1965-03-31,2.0,0.0407,0.039778,9.219999999999992,True
1965-03-31,5.0,0.0414,0.04136599999999999,0.3400000000000625,False
1965-04-30,2.0,0.0408,0.039631,11.690000000000033,True
1965-04-30,5.0,0.0416,0.041142000000000005,4.579999999999932,False
1965-05-31,2.0,0.0407,0.039633,10.669999999999986,True
1965-05-31,5.0,0.0415,0.041205,2.9500000000000357,False
1965-06-30,2.0,0.0401,0.038849999999999996,12.50000000000001,True
1965-06-30,5.0,0.0414,0.040945999999999996,4.54000000000003,False
1965-07-31,2.0,0.04065,0.039508,11.419999999999972,True
1965-07-31,5.0,0.0418,0.041355,4.44999999999994,False
1965-08-31,2.0,0.0417,0.040674999999999996,10.250000000000052,True
1965-08-31,5.0,0.042199999999999994,0.042009,1.9099999999999673,False
1965-09-30,2.0,0.04345,0.042190000000000005,12.599999999999973,True
1965-09-30,5.0,0.0433,0.04289,4.100000000000007,False
1965-10-31,2.0,0.04355,0.042103,14.469999999999969,True
1965-10-31,5.0,0.044000000000000004,0.043593,4.070000000000046,False
1965-11-30,2.0,0.04445,0.043198999999999994,12.51000000000009,True
1965-11-30,5.0,0.0447,0.044381000000000004,3.189999999999929,False
1965-12-31,2.0,0.0498,0.04806,17.399999999999984,True
1965-12-31,5.0,0.048799999999999996,0.048182,6.179999999999936,False
1966-01-31,2.0,0.049350000000000005,0.048197000000000004,11.530000000000012,True
1966-01-31,5.0,0.049800000000000004,0.048727,10.730000000000045,False
1966-02-28,2.0,0.05035,0.049382999999999996,9.670000000000027,True
1966-02-28,5.0,0.050300000000000004,0.050506,-2.0599999999999783,False
1966-03-31,2.0,0.04895,0.047577,13.729999999999992,True
1966-03-31,5.0,0.0484,0.048137,2.6299999999999937,False
1966-04-30,2.0,0.0494,0.048218,11.820000000000025,True
1966-04-30,5.0,0.048499999999999995,0.048585,-0.8500000000000868,False
1966-05-31,2.0,0.050699999999999995,0.049611999999999996,10.879999999999987,True
1966-05-31,5.0,0.05,0.049529,4.710000000000061,False
1966-06-30,2.0,0.05134999999999999,0.05051,8.399999999999935,True
1966-06-30,5.0,0.0509,0.050898000000000006,0.019999999999950613,False
1966-07-31,2.0,0.0528,0.05179,10.09999999999997,True
1966-07-31,5.0,0.0526,0.052493,1.0700000000000292,False
1966-08-31,2.0,0.058550000000000005,0.056603,19.47000000000004,True
1966-08-31,5.0,0.056799999999999996,0.056923,-1.2300000000000506,False
1966-09-30,2.0,0.0558,0.053621999999999996,21.78000000000006,True
1966-09-30,5.0,0.053399999999999996,0.053494,-0.940000000000038,False
1966-10-31,2.0,0.054400000000000004,0.052541000000000004,18.589999999999996,True
1966-10-31,5.0,0.052199999999999996,0.052233,-0.3300000000000525,False
1966-11-30,2.0,0.054650000000000004,0.052942,17.080000000000013,True
1966-11-30,5.0,0.0528,0.05297399999999999,-1.739999999999936,False
1966-12-31,2.0,0.04970000000000001,0.047926,17.740000000000048,True
1966-12-31,5.0,0.048,0.047768,2.3200000000000305,False
1967-01-31,2.0,0.04625,0.045243000000000005,10.06999999999994,True
1967-01-31,5.0,0.0467,0.046119,5.809999999999982,False
1967-02-28,2.0,0.04775,0.046512000000000005,12.37999999999996,True
1967-02-28,5.0,0.0478,0.047233,5.67000000000005,False
1967-03-31,2.0,0.04214999999999999,0.041449999999999994,6.999999999999992,True
1967-03-31,5.0,0.044199999999999996,0.043685,5.149999999999946,False
1967-04-30,2.0,0.043550000000000005,0.04258,9.700000000000056,True
1967-04-30,5.0,0.0472,0.046340000000000006,8.599999999999927,False
1967-05-31,2.0,0.0438,0.043551,2.489999999999992,True
1967-05-31,5.0,0.0472,0.04671,4.899999999999974,False
1967-06-30,2.0,0.05034999999999999,0.050552,-2.0200000000000773,True
1967-06-30,5.0,0.0535,0.052103000000000003,13.969999999999954,False
1967-07-31,2.0,0.05034999999999999,0.049965999999999997,3.8399999999999546,True
1967-07-31,5.0,0.0512,0.050518,6.820000000000021,False
1967-08-31,2.0,0.0528,0.051933999999999994,8.660000000000057,True
1967-08-31,5.0,0.053399999999999996,0.05289,5.099999999999966,False
1967-09-30,2.0,0.0533,0.052562,7.380000000000026,True
1967-09-30,5.0,0.0538,0.053195,6.050000000000014,False
1967-10-31,2.0,0.055499999999999994,0.054423000000000006,10.769999999999877,True
1967-10-31,5.0,0.0572,0.056279,9.209999999999981,False
1967-11-30,2.0,0.0567,0.05534,13.600000000000001,True
1967-11-30,5.0,0.057699999999999994,0.057020999999999995,6.78999999999999,False
1967-12-31,2.0,0.0578,0.056612,11.879999999999946,True
1967-12-31,5.0,0.057800000000000004,0.057637999999999995,1.6200000000000936,False
1968-01-31,2.0,0.054400000000000004,0.053419,9.810000000000027,True
1968-01-31,5.0,0.0555,0.055126,3.739999999999993,False
1968-02-29,2.0,0.0554,0.054631,7.689999999999989,True
1968-02-29,5.0,0.0557,0.055782,-0.8199999999999874,False
1968-03-31,2.0,0.0569,0.056092,8.079999999999963,True
1968-03-31,5.0,0.0576,0.057370000000000004,2.299999999999941,False
1968-04-30,2.0,0.06,0.056963999999999994,30.36000000000004,True
1968-04-30,5.0,0.0596,0.058646000000000004,9.539999999999965,False
1968-05-31,2.0,0.06,0.058333,16.66999999999995,True
1968-05-31,5.0,0.059699999999999996,0.058505,11.949999999999946,False
1968-06-30,2.0,0.05845,0.055974,24.75999999999999,True
1968-06-30,5.0,0.0579,0.056775,11.25000000000001,False
1968-07-31,2.0,0.054900000000000004,0.052088,28.12000000000002,True
1968-07-31,5.0,0.055,0.053731999999999995,12.680000000000053,False
1968-08-31,2.0,0.05395,0.051311,26.389999999999954,True
1968-08-31,5.0,0.0548,0.054154999999999995,6.450000000000067,False
1968-09-30,2.0,0.054349999999999996,0.051692999999999996,26.569999999999997,True
1968-09-30,5.0,0.0548,0.054479,3.2100000000000186,False
1968-10-31,2.0,0.05605,0.052541000000000004,35.08999999999998,True
1968-10-31,5.0,0.0557,0.055431,2.689999999999984,False
1968-11-30,2.0,0.057,0.054009,29.910000000000007,True
1968-11-30,5.0,0.0572,0.056535,6.64999999999999,False
1968-12-31,2.0,0.06415000000000001,0.061291000000000005,28.590000000000074,True
1968-12-31,5.0,0.0633,0.062248,10.519999999999975,False
1969-01-31,2.0,0.06335,0.060735000000000004,26.14999999999999,True
1969-01-31,5.0,0.063,0.061536,14.64,False
1969-02-28,2.0,0.06484999999999999,0.06431300000000001,5.36999999999982,True
1969-02-28,5.0,0.0644,0.063386,10.14000000000001,False
1969-03-31,2.0,0.06275,0.061923000000000006,8.269999999999945,True
1969-03-31,5.0,0.0636,0.062389,12.110000000000037,False
1969-04-30,2.0,0.06290000000000001,0.061723,11.770000000000113,True
1969-04-30,5.0,0.0637,0.062206000000000004,14.940000000000023,False
1969-05-31,2.0,0.06670000000000001,0.066491,2.0900000000001473,True
1969-05-31,5.0,0.0669,0.065503,13.969999999999954,False
1969-06-30,2.0,0.07395,0.07317599999999999,7.740000000000108,True
1969-06-30,5.0,0.0698,0.068683,11.17000000000007,False
1969-07-31,2.0,0.07435,0.074935,-5.850000000000022,True
1969-07-31,5.0,0.0698,0.06885,9.500000000000064,False
1969-08-31,2.0,0.07505,0.074785,2.6500000000000137,True
1969-08-31,5.0,0.0713,0.07046999999999999,8.300000000000113,False
1969-09-30,2.0,0.08070000000000001,0.080348,3.520000000000051,True
1969-09-30,5.0,0.0802,0.078556,16.439999999999927,False
1969-10-31,2.0,0.07495,0.074614,3.3600000000000296,True
1969-10-31,5.0,0.0733,0.071859,14.409999999999979,False
1969-11-30,2.0,0.07855,0.07721700000000001,13.32999999999987,True
1969-11-30,5.0,0.0761,0.074006,20.939999999999987,False
1969-12-31,2.0,0.08365,0.08285999999999999,7.900000000000129,True
1969-12-31,5.0,0.08220000000000001,0.07953,26.700000000000056,False
1970-01-31,2.0,0.0821,0.082003,0.9699999999999986,True
1970-01-31,5.0,0.0827,0.08122,14.799999999999953,False
1970-02-28,2.0,0.07189999999999999,0.071885,0.14999999999987246,True
1970-02-28,5.0,0.0731,0.072652,4.4800000000000395,False
1970-03-31,2.0,0.07015,0.070377,-2.2699999999999108,True
1970-03-31,5.0,0.0724,0.071937,4.6300000000000505,False
1970-04-30,2.0,0.07805,0.07827,-2.2000000000001183,True
1970-04-30,5.0,0.0795,0.079263,2.3700000000000108,False
1970-05-31,2.0,0.07744999999999999,0.078674,-12.240000000000029,True
1970-05-31,5.0,0.0783,0.077889,4.109999999999947,False
1970-06-30,2.0,0.07585,0.076603,-7.530000000000037,True
1970-06-30,5.0,0.07769999999999999,0.077602,0.9799999999998699,False
1970-07-31,2.0,0.07255,0.073961,-14.109999999999957,True
1970-07-31,5.0,0.0758,0.075651,1.4900000000001024,False
1970-08-31,2.0,0.07100000000000001,0.072051,-10.509999999999964,True
1970-08-31,5.0,0.0745,0.074654,-1.5400000000000136,False
1970-09-30,2.0,0.06775,0.06848499999999999,-7.349999999999857,True
1970-09-30,5.0,0.0718,0.071748,0.5199999999999649,False
1970-10-31,2.0,0.0657,0.067549,-18.490000000000034,True
1970-10-31,5.0,0.0704,0.070271,1.2900000000000411,False
1970-11-30,2.0,0.0539,0.054539,-6.3899999999999375,True
1970-11-30,5.0,0.0599,0.061044,-11.439999999999992,False
1970-12-31,2.0,0.0539,0.055495,-15.949999999999992,True
1970-12-31,5.0,0.059800000000000006,0.060618,-8.179999999999923,False
1971-01-31,2.0,0.047850000000000004,0.048101000000000005,-2.510000000000012,True
1971-01-31,5.0,0.057800000000000004,0.058521000000000004,-7.209999999999994,False
1971-02-28,2.0,0.04265,0.043289999999999995,-6.399999999999947,True
1971-02-28,5.0,0.0536,0.05484,-12.39999999999998,False
1971-03-31,2.0,0.04239999999999999,0.042557,-1.5700000000000436,True
1971-03-31,5.0,0.0506,0.051106,-5.059999999999995,False
1971-04-30,2.0,0.052649999999999995,0.053825000000000005,-11.750000000000094,True
1971-04-30,5.0,0.0608,0.060567,2.3299999999999708,False
1971-05-31,2.0,0.0552,0.055521,-3.2100000000000186,True
1971-05-31,5.0,0.062400000000000004,0.062092,3.080000000000027,False
1971-06-30,2.0,0.06505,0.065594,-5.440000000000028,True
1971-06-30,5.0,0.06860000000000001,0.068535,0.650000000000095,False
1971-07-31,2.0,0.06505,0.065774,-7.240000000000024,True
1971-07-31,5.0,0.0696,0.069392,2.0799999999999983,False
1971-08-31,2.0,0.05545,0.055942,-4.919999999999994,True
1971-08-31,5.0,0.060700000000000004,0.060457000000000004,2.4300000000000015,False
1971-08-31,10.0,0.06280000000000001,0.062356999999999996,4.4300000000001285,False
1971-09-30,2.0,0.0552,0.055748,-5.479999999999999,True
1971-09-30,5.0,0.060599999999999994,0.059813,7.86999999999996,False
1971-09-30,10.0,0.06,0.061494999999999994,-14.949999999999964,False
1971-10-31,2.0,0.049699999999999994,0.050317,-6.170000000000064,True
1971-10-31,5.0,0.057800000000000004,0.056963999999999994,8.360000000000104,False
1971-10-31,10.0,0.0587,0.059654,-9.539999999999965,False
1971-11-30,2.0,0.050749999999999997,0.051131,-3.8100000000000636,True
1971-11-30,5.0,0.0584,0.057667,7.329999999999975,False
1971-11-30,10.0,0.0593,0.060909000000000005,-16.090000000000064,False
1971-12-31,2.0,0.04805,0.048356,-3.060000000000007,True
1971-12-31,5.0,0.055,0.05543,-4.299999999999998,False
1971-12-31,10.0,0.058899999999999994,0.059545,-6.450000000000067,False
1972-01-31,2.0,0.0484,0.049592,-11.919999999999986,True
1972-01-31,5.0,0.0575,0.057893,-3.9299999999999753,False
1972-01-31,10.0,0.060899999999999996,0.061481,-5.810000000000051,False
1972-02-29,2.0,0.048049999999999995,0.048867,-8.170000000000051,True
1972-02-29,5.0,0.056799999999999996,0.057345,-5.450000000000038,False
1972-02-29,10.0,0.0604,0.061253,-8.529999999999996,False
1972-03-31,2.0,0.05485000000000001,0.056292999999999996,-14.42999999999986,True
1972-03-31,5.0,0.061,0.060754,2.459999999999962,False
1972-03-31,10.0,0.061200000000000004,0.062282000000000004,-10.819999999999997,False
1972-04-30,2.0,0.05095,0.052229,-12.789999999999955,True
1972-04-30,5.0,0.058899999999999994,0.059023000000000006,-1.2300000000001199,False
1972-04-30,10.0,0.061399999999999996,0.061685,-2.8500000000000054,False
1972-05-31,2.0,0.0505,0.051092000000000005,-5.920000000000022,True
1972-05-31,5.0,0.0579,0.057981,-0.8099999999999774,False
1972-05-31,10.0,0.0605,0.061366,-8.659999999999988,False
1972-06-30,2.0,0.05475,0.055698,-9.479999999999974,True
1972-06-30,5.0,0.06,0.060063000000000005,-0.630000000000075,False
1972-06-30,10.0,0.061500000000000006,0.061708,-2.079999999999929,False
1972-07-31,2.0,0.05285,0.054501999999999995,-16.51999999999994,True
1972-07-31,5.0,0.059800000000000006,0.0599,-0.9999999999999593,False
1972-07-31,10.0,0.061200000000000004,0.061792999999999994,-5.929999999999894,False
1972-08-31,2.0,0.057,0.057915,-9.149999999999991,True
1972-08-31,5.0,0.0621,0.062305,-2.0499999999999687,False
1972-08-31,10.0,0.0642,0.064054,1.4599999999999336,False
1972-09-30,2.0,0.05825,0.058906,-6.5599999999999685,True
1972-09-30,5.0,0.061799999999999994,0.062622,-8.220000000000033,False
1972-09-30,10.0,0.0654,0.064005,13.949999999999935,False
1972-10-31,2.0,0.05745,0.059125,-16.74999999999996,True
1972-10-31,5.0,0.062,0.062400000000000004,-4.000000000000045,False
1972-10-31,10.0,0.0641,0.063527,5.73000000000004,False
1972-11-30,2.0,0.05655,0.057644,-10.939999999999978,True
1972-11-30,5.0,0.061200000000000004,0.061374000000000005,-1.7400000000000055,False
1972-11-30,10.0,0.06280000000000001,0.06276799999999999,0.32000000000018125,False
1972-12-31,2.0,0.0591,0.059986,-8.859999999999978,True
1972-12-31,5.0,0.0626,0.062534,0.6599999999999662,False
1972-12-31,10.0,0.0641,0.063471,6.290000000000045,False
1973-01-31,2.0,0.06265,0.06372499999999999,-10.749999999999925,True
1973-01-31,5.0,0.0645,0.064592,-0.9199999999999486,False
1973-01-31,10.0,0.0654,0.064843,5.57000000000002,False
1973-02-28,2.0,0.06584999999999999,0.066999,-11.490000000000112,True
1973-02-28,5.0,0.0673,0.067148,1.5199999999999936,False
1973-02-28,10.0,0.0664,0.066251,1.4899999999999636,False
1973-03-31,2.0,0.0699,0.069921,-0.20999999999993246,True
1973-03-31,5.0,0.0681,0.067934,1.6599999999999948,False
1973-03-31,10.0,0.0673,0.067148,1.5199999999999936,False
1973-04-30,2.0,0.06805,0.06816,-1.0999999999999899,True
1973-04-30,5.0,0.0673,0.067364,-0.6399999999999462,False
1973-04-30,10.0,0.067,0.067064,-0.6399999999999462,False
1973-05-31,2.0,0.07005,0.069435,6.150000000000045,True
1973-05-31,5.0,0.0678,0.068039,-2.3900000000000308,False
1973-05-31,10.0,0.0693,0.06758,17.199999999999992,False
1973-06-30,2.0,0.07405,0.072438,16.120000000000022,True
1973-06-30,5.0,0.069,0.069229,-2.2899999999999308,False
1973-06-30,10.0,0.0694,0.068173,12.270000000000058,False
1973-07-31,2.0,0.08445,0.082608,18.419999999999963,True
1973-07-31,5.0,0.0787,0.07704,16.600000000000087,False
1973-07-31,10.0,0.07429999999999999,0.075175,-8.750000000000146,False
1973-08-31,2.0,0.07965,0.078019,16.309999999999935,True
1973-08-31,5.0,0.0728,0.072203,5.970000000000003,False
1973-08-31,10.0,0.0725,0.071403,10.970000000000008,False
1973-09-30,2.0,0.07145,0.070051,13.989999999999975,True
1973-09-30,5.0,0.0672,0.067093,1.0699999999999599,False
1973-09-30,10.0,0.069,0.068539,4.6100000000000305,False
1973-10-31,2.0,0.07014999999999999,0.068782,13.679999999999943,True
1973-10-31,5.0,0.068,0.06775199999999999,2.480000000000121,False
1973-10-31,10.0,0.06709999999999999,0.067529,-4.290000000000127,False
1973-11-30,2.0,0.07035,0.069491,8.589999999999986,True
1973-11-30,5.0,0.0677,0.067237,4.629999999999912,False
1973-11-30,10.0,0.0669,0.066496,4.040000000000016,False
1973-12-31,2.0,0.07064999999999999,0.069241,14.089999999999936,True
1973-12-31,5.0,0.0683,0.067998,3.019999999999967,False
1973-12-31,10.0,0.069,0.068483,5.1700000000000355,False
1974-01-31,2.0,0.07,0.06861500000000001,13.849999999999973,True
1974-01-31,5.0,0.0691,0.069137,-0.3700000000000925,False
1974-01-31,10.0,0.07,0.070136,-1.3599999999999723,False
1974-02-28,2.0,0.07050000000000001,0.069425,10.750000000000066,True
1974-02-28,5.0,0.0698,0.069738,0.6200000000000649,False
1974-02-28,10.0,0.0701,0.069942,1.5799999999999148,False
1974-03-31,2.0,0.08085,0.07902300000000001,18.269999999999953,True
1974-03-31,5.0,0.0765,0.076114,3.8599999999999746,False
1974-03-31,10.0,0.0741,0.075156,-10.560000000000013,False
1974-04-30,2.0,0.08650000000000001,0.08515,13.500000000000039,True
1974-04-30,5.0,0.0821,0.08073000000000001,13.699999999999962,False
1974-04-30,10.0,0.0766,0.07912899999999999,-25.289999999999896,False
1974-05-31,2.0,0.08415,0.08258900000000001,15.60999999999993,True
1974-05-31,5.0,0.0806,0.079429,11.710000000000054,False
1974-05-31,10.0,0.07519999999999999,0.078345,-31.450000000000088,False
1974-06-30,2.0,0.08604999999999999,0.084898,11.519999999999865,True
1974-06-30,5.0,0.0833,0.081257,20.43000000000003,False
1974-06-30,10.0,0.0764,0.079339,-29.39000000000011,False
1974-07-31,2.0,0.08785,0.087162,6.879999999999942,True
1974-07-31,5.0,0.08460000000000001,0.08392,6.800000000000139,False
1974-07-31,10.0,0.0789,0.079657,-7.570000000000077,False
1974-08-31,2.0,0.092,0.090239,17.609999999999985,True
1974-08-31,5.0,0.0863,0.084926,13.740000000000002,False
1974-08-31,10.0,0.08109999999999999,0.083161,-20.610000000000074,False
1974-09-30,2.0,0.0814,0.081357,0.4300000000000137,True
1974-09-30,5.0,0.0805,0.080234,2.6600000000000232,False
1974-09-30,10.0,0.0794,0.079853,-4.5299999999999505,False
1974-10-31,2.0,0.07944999999999999,0.079235,2.1499999999999297,True
1974-10-31,5.0,0.0794,0.07889499999999999,5.050000000000054,False
1974-10-31,10.0,0.0779,0.076823,10.769999999999946,False
1974-11-30,2.0,0.07575000000000001,0.075403,3.4700000000001396,True
1974-11-30,5.0,0.0756,0.075108,4.920000000000063,False
1974-11-30,10.0,0.0764,0.074602,17.97999999999994,False
1974-12-31,2.0,0.07344999999999999,0.072835,6.149999999999905,True
1974-12-31,5.0,0.0736,0.072891,7.090000000000013,False
1974-12-31,10.0,0.07400000000000001,0.072909,10.910000000000085,False
1975-01-31,2.0,0.06670000000000001,0.067651,-9.509999999999936,True
1975-01-31,5.0,0.07339999999999999,0.072065,13.34999999999989,False
1975-01-31,10.0,0.0753,0.073585,17.15000000000008,False
1975-02-28,2.0,0.06325,0.06365,-3.999999999999976,True
1975-02-28,5.0,0.0713,0.06998599999999999,13.140000000000096,False
1975-02-28,10.0,0.0746,0.072555,20.450000000000053,False
1975-03-31,2.0,0.06725,0.068509,-12.589999999999963,True
1975-03-31,5.0,0.075,0.07349599999999999,15.040000000000052,False
1975-03-31,10.0,0.0801,0.075202,48.98,False
1975-04-30,2.0,0.0738,0.075206,-14.059999999999906,True
1975-04-30,5.0,0.0812,0.079349,18.509999999999916,False
1975-04-30,10.0,0.08310000000000001,0.080701,23.990000000000123,False
1975-05-31,2.0,0.0665,0.068677,-21.769999999999985,True
1975-05-31,5.0,0.0761,0.075191,9.090000000000071,False
1975-05-31,10.0,0.08039999999999999,0.077469,29.309999999999892,False
1975-06-30,2.0,0.0717,0.072462,-7.619999999999988,True
1975-06-30,5.0,0.0782,0.076357,18.430000000000113,False
1975-06-30,10.0,0.0796,0.07728399999999999,23.160000000000124,False
1975-07-31,2.0,0.0766,0.07696900000000001,-3.690000000000082,True
1975-07-31,5.0,0.08070000000000001,0.079071,16.290000000000056,False
1975-07-31,10.0,0.08199999999999999,0.078658,33.41999999999984,False
1975-08-31,2.0,0.07785,0.078123,-2.7299999999999547,True
1975-08-31,5.0,0.0816,0.08029,13.100000000000056,False
1975-08-31,10.0,0.08220000000000001,0.080456,17.440000000000094,False
1975-09-30,2.0,0.08095,0.08086499999999999,0.8500000000000174,True
1975-09-30,5.0,0.0842,0.08318500000000001,10.149999999999881,False
1975-09-30,10.0,0.0848,0.083093,17.07,False
1975-10-31,2.0,0.06805,0.07022199999999999,-21.719999999999935,True
1975-10-31,5.0,0.0766,0.076199,4.009999999999986,False
1975-10-31,10.0,0.0791,0.07829799999999999,8.02000000000011,False
1975-11-30,2.0,0.0713,0.072444,-11.439999999999923,True
1975-11-30,5.0,0.079,0.078031,9.689999999999976,False
1975-11-30,10.0,0.0814,0.08005599999999999,13.440000000000119,False
1975-12-31,2.0,0.0663,0.067831,-15.310000000000045,True
1975-12-31,5.0,0.075,0.07436,6.400000000000016,False
1975-12-31,10.0,0.0776,0.076988,6.120000000000014,False
1976-01-31,2.0,0.06295,0.06472699999999999,-17.769999999999868,True
1976-01-31,5.0,0.07429999999999999,0.073746,5.539999999999851,False
1976-01-31,10.0,0.078,0.07694899999999999,10.510000000000103,False
1976-02-29,2.0,0.0668,0.068243,-14.429999999999998,True
1976-02-29,5.0,0.0746,0.074099,5.010000000000014,False
1976-02-29,10.0,0.07769999999999999,0.076123,15.76999999999995,False
1976-03-31,2.0,0.06565,0.067163,-15.130000000000004,True
1976-03-31,5.0,0.0739,0.073364,5.359999999999948,False
1976-03-31,10.0,0.0766,0.07570400000000001,8.95999999999994,False
1976-04-30,2.0,0.0655,0.066659,-11.589999999999934,True
1976-04-30,5.0,0.07339999999999999,0.073017,3.8299999999999446,False
1976-04-30,10.0,0.0767,0.075488,12.120000000000047,False
1976-05-31,2.0,0.07145,0.073081,-16.309999999999935,True
1976-05-31,5.0,0.07780000000000001,0.07704799999999999,7.520000000000166,False
1976-05-31,10.0,0.0796,0.07825700000000001,13.42999999999997,False
1976-06-30,2.0,0.0702,0.069807,3.9300000000000446,False
1976-06-30,5.0,0.0758,0.075165,6.350000000000105,False
1976-06-30,10.0,0.0786,0.077273,13.270000000000087,False
1976-07-31,2.0,0.0674,0.067573,-1.729999999999926,False
1976-07-31,5.0,0.0747,0.0742,5.000000000000004,False
1976-07-31,10.0,0.0786,0.07699399999999999,16.0600000000001,False
1976-08-31,2.0,0.065,0.06526,-2.5999999999999632,False
1976-08-31,5.0,0.0716,0.072309,-7.090000000000013,False
1976-08-31,10.0,0.0766,0.075669,9.310000000000013,False
1976-09-30,2.0,0.0633,0.063317,-0.17000000000003124,False
1976-09-30,5.0,0.0705,0.070525,-0.25000000000011124,False
1976-09-30,10.0,0.0755,0.074696,8.039999999999992,False
1976-10-31,2.0,0.0603,0.060655,-3.5500000000000114,False
1976-10-31,5.0,0.0678,0.06833,-5.300000000000027,False
1976-10-31,10.0,0.0742,0.073094,11.05999999999996,False
1976-11-30,2.0,0.0542,0.054267,-0.6700000000000456,False
1976-11-30,5.0,0.0605,0.062057,-15.570000000000029,False
1976-11-30,10.0,0.0701,0.06937299999999999,7.270000000000055,False
1976-12-31,2.0,0.053399999999999996,0.054184,-7.840000000000069,False
1976-12-31,5.0,0.0613,0.062186000000000005,-8.86000000000005,False
1976-12-31,10.0,0.0681,0.067099,10.00999999999988,False
1977-01-31,2.0,0.061799999999999994,0.062441,-6.410000000000096,False
1977-01-31,5.0,0.0683,0.06933399999999999,-10.339999999999932,False
1977-01-31,10.0,0.07400000000000001,0.072561,14.390000000000096,False
1977-02-28,2.0,0.0608,0.061654999999999995,-8.549999999999947,False
1977-02-28,5.0,0.0698,0.06950300000000001,2.969999999999917,False
1977-02-28,10.0,0.0745,0.073313,11.869999999999937,False
1977-03-31,2.0,0.0601,0.060625,-5.249999999999977,False
1977-03-31,5.0,0.0694,0.069124,2.7599999999999847,False
1977-03-31,10.0,0.0742,0.073341,8.589999999999986,False
1977-04-30,2.0,0.061399999999999996,0.061205999999999997,1.9399999999999973,False
1977-04-30,5.0,0.069,0.069268,-2.6799999999999047,False
1977-04-30,10.0,0.0745,0.073474,10.259999999999991,False
1977-05-31,2.0,0.061799999999999994,0.062036,-2.3600000000000705,False
1977-05-31,5.0,0.0687,0.068773,-0.7300000000000362,False
1977-05-31,10.0,0.0738,0.073296,5.0400000000000444,False
1977-06-30,2.0,0.0608,0.060586,2.139999999999989,False
1977-06-30,5.0,0.067,0.06715900000000001,-1.5900000000000636,False
1977-06-30,10.0,0.07200000000000001,0.071734,2.6600000000000232,False
1977-07-31,2.0,0.065,0.065034,-0.3399999999999237,False
1977-07-31,5.0,0.0703,0.07031,-0.09999999999996123,False
1977-07-31,10.0,0.0742,0.073395,8.05,False
1977-08-31,2.0,0.0659,0.065549,3.5100000000000406,False
1977-08-31,5.0,0.0694,0.069729,-3.2899999999999596,False
1977-08-31,10.0,0.0728,0.0724,3.999999999999976,False
1977-09-30,2.0,0.0682,0.068003,1.9700000000000273,False
1977-09-30,5.0,0.0711,0.07123700000000001,-1.3700000000001211,False
1977-09-30,10.0,0.0741,0.073368,7.319999999999966,False
1977-10-31,2.0,0.0723,0.071558,7.420000000000066,False
1977-10-31,5.0,0.07440000000000001,0.074118,2.8200000000000447,False
1977-10-31,10.0,0.0762,0.075244,9.559999999999985,False
1977-11-30,2.0,0.0711,0.07057000000000001,5.299999999999888,False
1977-11-30,5.0,0.0736,0.073384,2.1599999999999397,False
1977-11-30,10.0,0.0755,0.074899,6.010000000000043,False
1977-12-31,2.0,0.0722,0.07222,-0.20000000000006124,False
1977-12-31,5.0,0.0754,0.07569200000000001,-2.9200000000001447,False
1977-12-31,10.0,0.07780000000000001,0.077675,1.2500000000001399,False
1978-01-31,2.0,0.0747,0.074421,2.7900000000000147,False
1978-01-31,5.0,0.07719999999999999,0.077531,-3.3100000000001186,False
1978-01-31,10.0,0.0794,0.079292,1.0799999999999699,False
1978-02-28,2.0,0.0757,0.075321,3.7900000000000436,False
1978-02-28,5.0,0.0786,0.078591,0.09000000000009001,False
1978-02-28,10.0,0.08039999999999999,0.080113,2.869999999999817,False
1978-03-31,2.0,0.077,0.076564,4.360000000000058,False
1978-03-31,5.0,0.0797,0.079508,1.9199999999999773,False
1978-03-31,10.0,0.0815,0.080668,8.319999999999993,False
1978-04-30,2.0,0.0797,0.078297,14.029999999999877,False
1978-04-30,5.0,0.0809,0.08061299999999999,2.8700000000000947,False
1978-04-30,10.0,0.0824,0.081402,9.97999999999999,False
1978-05-31,2.0,0.0812,0.081294,-0.9400000000001074,False
1978-05-31,5.0,0.0828,0.082558,2.419999999999922,False
1978-05-31,10.0,0.0842,0.08297,12.29999999999995,False
1978-06-30,2.0,0.0848,0.084742,0.5800000000000249,False
1978-06-30,5.0,0.085,0.085332,-3.3199999999999896,False
1978-06-30,10.0,0.0862,0.085508,6.919999999999982,False
1978-07-31,2.0,0.08470000000000001,0.084229,4.7100000000001305,False
1978-07-31,5.0,0.08460000000000001,0.08466100000000001,-0.6100000000000549,False
1978-07-31,10.0,0.08560000000000001,0.084797,8.03000000000012,False
1978-08-31,2.0,0.08460000000000001,0.084101,4.990000000000133,False
1978-08-31,5.0,0.0842,0.083743,4.5699999999999905,False
1978-08-31,10.0,0.0839,0.08358399999999999,3.160000000000107,False
1978-09-30,2.0,0.087,0.08622099999999999,7.790000000000019,False
1978-09-30,5.0,0.085,0.084866,1.3400000000000911,False
1978-09-30,10.0,0.08560000000000001,0.084422,11.780000000000124,False
1978-10-31,2.0,0.0949,0.09405799999999999,8.420000000000094,False
1978-10-31,5.0,0.0916,0.090577,10.229999999999961,False
1978-10-31,10.0,0.08960000000000001,0.089377,2.2300000000001488,False
1978-11-30,2.0,0.0955,0.09489800000000001,6.019999999999914,False
1978-11-30,5.0,0.0894,0.089582,-1.820000000000016,False
1978-11-30,10.0,0.0886,0.087718,8.81999999999994,False
1978-12-31,2.0,0.0998,0.100391,-5.909999999999943,False
1978-12-31,5.0,0.0932,0.093552,-3.519999999999912,False
1978-12-31,10.0,0.0915,0.09101100000000001,4.889999999999894,False
1979-01-31,2.0,0.0964,0.095719,6.81000000000001,False
1979-01-31,5.0,0.0895,0.09024599999999999,-7.459999999999967,False
1979-01-31,10.0,0.0895,0.08835000000000001,11.499999999999844,False
1979-02-28,2.0,0.0989,0.09738200000000001,15.179999999999916,False
1979-02-28,5.0,0.0929,0.092666,2.339999999999981,False
1979-02-28,10.0,0.0917,0.091033,6.670000000000009,False
1979-03-31,2.0,0.09720000000000001,0.096092,11.080000000000117,False
1979-03-31,5.0,0.0919,0.092028,-1.2800000000000311,False
1979-03-31,10.0,0.0911,0.090488,6.120000000000014,False
1979-04-30,2.0,0.09910000000000001,0.09751599999999999,15.84000000000016,False
1979-04-30,5.0,0.0935,0.093644,-1.4400000000000523,False
1979-04-30,10.0,0.0935,0.09222,12.800000000000033,False
1979-05-31,2.0,0.0956,0.09407199999999999,15.280000000000154,False
1979-05-31,5.0,0.0904,0.090715,-3.150000000000097,False
1979-05-31,10.0,0.0906,0.089586,10.14000000000001,False
1979-06-30,2.0,0.0897,0.08882,8.800000000000058,False
1979-06-30,5.0,0.0874,0.087265,1.3500000000001011,False
1979-06-30,10.0,0.08810000000000001,0.086759,13.410000000000089,False
1979-07-31,2.0,0.0931,0.09232,7.800000000000029,False
1979-07-31,5.0,0.08990000000000001,0.08984500000000001,0.5499999999999949,False
1979-07-31,10.0,0.0901,0.08903900000000001,10.609999999999925,False
1979-08-31,2.0,0.0984,0.097513,8.869999999999989,False
1979-08-31,5.0,0.09359999999999999,0.09305400000000001,5.459999999999771,False
1979-08-31,10.0,0.0924,0.091579,8.210000000000022,False
1979-09-30,2.0,0.10099999999999999,0.100856,1.4399999999999136,False
1979-09-30,5.0,0.09480000000000001,0.095503,-7.029999999999953,False
1979-09-30,10.0,0.0944,0.09375,6.499999999999978,False
1979-10-31,2.0,0.1206,0.120542,0.5800000000000249,False
1979-10-31,5.0,0.11199999999999999,0.11128600000000001,7.139999999999786,False
1979-10-31,10.0,0.1072,0.107264,-0.6399999999999462,False
1979-11-30,2.0,0.1133,0.109723,35.76999999999997,False
1979-11-30,5.0,0.10439999999999999,0.103422,9.779999999999928,False
1979-11-30,10.0,0.1038,0.102567,12.32999999999998,False
1979-12-31,2.0,0.11230000000000001,0.110823,14.77000000000006,False
1979-12-31,5.0,0.1038,0.103289,5.1099999999999755,False
1979-12-31,10.0,0.1033,0.102705,5.949999999999983,False
1980-01-31,2.0,0.1175,0.115511,19.889999999999908,False
1980-01-31,5.0,0.11109999999999999,0.109908,11.919999999999847,False
1980-01-31,10.0,0.11130000000000001,0.110803,4.970000000000113,False
1980-02-29,2.0,0.14730000000000001,0.14481,24.9000000000002,False
1980-02-29,5.0,0.1348,0.130571,42.290000000000106,False
1980-02-29,10.0,0.1272,0.126465,7.350000000000135,False
1980-03-31,2.0,0.1463,0.145831,4.69000000000025,False
1980-03-31,5.0,0.1331,0.127789,53.10999999999982,False
1980-03-31,10.0,0.1264,0.124896,15.040000000000193,False
1980-04-30,2.0,0.1081,0.10508200000000001,30.17999999999993,False
1980-04-30,5.0,0.1082,0.10430500000000001,38.94999999999996,False
1980-04-30,10.0,0.1076,0.107166,4.340000000000038,False
1980-05-31,2.0,0.0925,0.09152900000000001,9.709999999999857,False
1980-05-31,5.0,0.0987,0.095721,29.789999999999957,False
1980-05-31,10.0,0.1025,0.101459,10.410000000000002,False
1980-06-30,2.0,0.0897,0.09050000000000001,-8.00000000000009,False
1980-06-30,5.0,0.09480000000000001,0.09509000000000001,-2.899999999999986,False
1980-06-30,10.0,0.1009,0.098688,22.120000000000058,False
1980-07-31,2.0,0.09720000000000001,0.097073,1.2700000000000211,False
1980-07-31,5.0,0.1009,0.101441,-5.409999999999998,False
1980-07-31,10.0,0.1076,0.105204,23.959999999999955,False
1980-08-31,2.0,0.11359999999999999,0.11559100000000001,-19.910000000000206,False
1980-08-31,5.0,0.1166,0.115248,13.519999999999921,False
1980-08-31,10.0,0.1155,0.11359999999999999,19.000000000000128,False
1980-09-30,2.0,0.1213,0.12124599999999999,0.5400000000001237,False
1980-09-30,5.0,0.1188,0.11789899999999999,9.01000000000013,False
1980-09-30,10.0,0.1186,0.118337,2.6299999999999937,False
1980-10-31,2.0,0.1308,0.129873,9.270000000000111,False
1980-10-31,5.0,0.1274,0.12612299999999999,12.77000000000028,False
1980-10-31,10.0,0.1246,0.12488400000000001,-2.8400000000000647,False
1980-11-30,2.0,0.1413,0.137878,34.220000000000084,False
1980-11-30,5.0,0.13140000000000002,0.129604,17.9600000000002,False
1980-11-30,10.0,0.1272,0.126245,9.550000000000114,False
1980-12-31,2.0,0.1306,0.127432,31.680000000000042,False
1980-12-31,5.0,0.1259,0.124345,15.550000000000146,False
1980-12-31,10.0,0.1243,0.122925,13.749999999999874,False
1981-01-31,2.0,0.1326,0.131157,14.429999999999998,False
1981-01-31,5.0,0.128,0.126401,15.989999999999894,False
1981-01-31,10.0,0.1268,0.125065,17.349999999999866,False
1981-02-28,2.0,0.1408,0.136743,40.57000000000005,False
1981-02-28,5.0,0.1376,0.133982,36.1800000000001,False
1981-02-28,10.0,0.1343,0.133109,11.909999999999975,False
1981-03-31,2.0,0.1317,0.13128399999999998,4.160000000000275,False
1981-03-31,5.0,0.13390000000000002,0.13214399999999998,17.560000000000354,False
1981-03-31,10.0,0.1313,0.132416,-11.160000000000059,False
1981-04-30,2.0,0.1484,0.145624,27.760000000000005,False
1981-04-30,5.0,0.1445,0.14173,27.699999999999946,False
1981-04-30,10.0,0.1411,0.139627,14.730000000000022,False
1981-05-31,2.0,0.14400000000000002,0.144517,-5.169999999999897,False
1981-05-31,5.0,0.1399,0.136738,31.619999999999983,False
1981-05-31,10.0,0.135,0.133366,16.339999999999964,False
1981-06-30,2.0,0.1466,0.143762,28.380000000000074,False
1981-06-30,5.0,0.1425,0.138741,37.58999999999985,False
1981-06-30,10.0,0.1386,0.136468,21.31999999999995,False
1981-07-31,2.0,0.15839999999999999,0.156131,22.689999999999934,False
1981-07-31,5.0,0.1524,0.148972,34.28000000000014,False
1981-07-31,10.0,0.1467,0.14430400000000002,23.959999999999816,False
1981-08-31,2.0,0.1673,0.16371400000000003,35.85999999999978,False
1981-08-31,5.0,0.1611,0.155809,52.909999999999904,False
1981-08-31,10.0,0.15410000000000001,0.152454,16.460000000000086,False
1981-09-30,2.0,0.16690000000000002,0.16407699999999997,28.230000000000476,False
1981-09-30,5.0,0.16269999999999998,0.158834,38.659999999999805,False
1981-09-30,10.0,0.15839999999999999,0.156404,19.95999999999998,False
1981-10-31,2.0,0.1459,0.145418,4.8200000000001015,False
1981-10-31,5.0,0.1478,0.146055,17.449999999999967,False
1981-10-31,10.0,0.1463,0.14636,-0.5999999999997674,False
1981-11-30,2.0,0.12359999999999999,0.122152,14.47999999999991,False
1981-11-30,5.0,0.12789999999999999,0.126247,16.529999999999877,False
1981-11-30,10.0,0.1313,0.127768,35.32000000000007,False
1981-12-31,2.0,0.1363,0.138852,-25.51999999999999,False
1981-12-31,5.0,0.13970000000000002,0.13923,4.7000000000002595,False
1981-12-31,10.0,0.1398,0.139556,2.439999999999942,False
1982-01-31,2.0,0.1424,0.142322,0.7799999999999474,False
1982-01-31,5.0,0.1424,0.141371,10.29000000000002,False
1982-01-31,10.0,0.1414,0.141337,0.630000000000075,False
1982-02-28,2.0,0.1444,0.141833,25.670000000000137,False
1982-02-28,5.0,0.1412,0.139411,17.88999999999985,False
1982-02-28,10.0,0.14029999999999998,0.13895200000000002,13.479999999999603,False
1982-03-31,2.0,0.1452,0.14335,18.499999999999904,False
1982-03-31,5.0,0.1439,0.141988,19.11999999999997,False
1982-03-31,10.0,0.1418,0.139683,21.170000000000076,False
1982-04-30,2.0,0.1399,0.138792,11.079999999999979,False
1982-04-30,5.0,0.139,0.13725300000000001,17.469999999999985,False
1982-04-30,10.0,0.1387,0.13550800000000002,31.919999999999725,False
1982-05-31,2.0,0.1362,0.134585,16.149999999999775,False
1982-05-31,5.0,0.1376,0.135275,23.249999999999936,False
1982-05-31,10.0,0.1371,0.135094,20.060000000000077,False
1982-06-30,2.0,0.1466,0.146259,3.4100000000000796,False
1982-06-30,5.0,0.1465,0.144186,23.139999999999826,False
1982-06-30,10.0,0.1444,0.141981,24.190000000000044,False
1982-07-31,2.0,0.1317,0.132328,-6.279999999999896,False
1982-07-31,5.0,0.1373,0.134383,29.17000000000003,False
1982-07-31,10.0,0.1368,0.135045,17.550000000000065,False
1982-08-31,2.0,0.1199,0.120748,-8.479999999999876,False
1982-08-31,5.0,0.1265,0.12420500000000001,22.949999999999914,False
1982-08-31,10.0,0.1281,0.12529400000000002,28.059999999999754,False
1982-09-30,2.0,0.11230000000000001,0.11319499999999999,-8.949999999999791,False
1982-09-30,5.0,0.11689999999999999,0.117368,-4.680000000000101,False
1982-09-30,10.0,0.1173,0.118697,-13.969999999999954,False
1982-10-31,2.0,0.09849999999999999,0.102135,-36.35000000000013,False
1982-10-31,5.0,0.1058,0.107141,-13.40999999999995,False
1982-10-31,10.0,0.10710000000000001,0.10874700000000001,-16.469999999999956,False
1982-11-30,2.0,0.09960000000000001,0.100343,-7.429999999999937,False
1982-11-30,5.0,0.10369999999999999,0.107667,-39.67000000000012,False
1982-11-30,10.0,0.1079,0.10997799999999999,-20.779999999999966,False
1982-12-31,2.0,0.09480000000000001,0.09611399999999999,-13.13999999999982,False
1982-12-31,5.0,0.1009,0.104306,-34.059999999999924,False
1982-12-31,10.0,0.1036,0.106453,-28.530000000000083,False
1983-01-31,2.0,0.0958,0.09721600000000001,-14.160000000000144,False
1983-01-31,5.0,0.10310000000000001,0.106542,-34.41999999999987,False
1983-01-31,10.0,0.10800000000000001,0.11017400000000001,-21.739999999999952,False
1983-02-28,2.0,0.0931,0.093806,-7.059999999999983,False
1983-02-28,5.0,0.0983,0.101843,-35.43000000000004,False
1983-02-28,10.0,0.1027,0.104716,-20.16000000000004,False
1983-03-31,2.0,0.0987,0.098674,0.25999999999998247,False
1983-03-31,5.0,0.1027,0.105174,-24.74000000000004,False
1983-03-31,10.0,0.10619999999999999,0.10766500000000001,-14.650000000000219,False
1983-04-30,2.0,0.0935,0.093926,-4.259999999999958,False
1983-04-30,5.0,0.09880000000000001,0.10137299999999999,-25.72999999999978,False
1983-04-30,10.0,0.1027,0.10429500000000001,-15.95000000000013,False
1983-05-31,2.0,0.1002,0.09955399999999999,6.460000000000077,False
1983-05-31,5.0,0.10550000000000001,0.10688399999999999,-13.839999999999824,False
1983-05-31,10.0,0.1081,0.109315,-12.149999999999938,False
1983-06-30,2.0,0.1023,0.102368,-0.6799999999999862,False
1983-06-30,5.0,0.1076,0.108835,-12.35,False
1983-06-30,10.0,0.1096,0.110907,-13.070000000000025,False
1983-07-31,2.0,0.1103,0.11000299999999999,2.9700000000000557,False
1983-07-31,5.0,0.1159,0.116531,-6.309999999999927,False
1983-07-31,10.0,0.1176,0.118904,-13.039999999999996,False
1983-08-31,2.0,0.1118,0.111382,4.1800000000000175,False
1983-08-31,5.0,0.11789999999999999,0.117751,1.4899999999999636,False
1983-08-31,10.0,0.1198,0.12015700000000001,-3.5700000000001006,False
1983-09-30,2.0,0.10529999999999999,0.104908,3.919999999999896,False
1983-09-30,5.0,0.11199999999999999,0.112549,-5.490000000000078,False
1983-09-30,10.0,0.1144,0.11517899999999999,-7.78999999999988,False
1983-10-31,2.0,0.1061,0.105188,9.119999999999962,False
1983-10-31,5.0,0.1139,0.114083,-1.830000000000026,False
1983-10-31,10.0,0.1174,0.117408,-0.07999999999994123,False
1983-11-30,2.0,0.1067,0.105587,11.13000000000003,False
1983-11-30,5.0,0.11359999999999999,0.113694,-0.9400000000001074,False
1983-11-30,10.0,0.11630000000000001,0.116203,0.9700000000001374,False
1983-12-31,2.0,0.1085,0.10791600000000001,5.839999999999873,False
1983-12-31,5.0,0.1157,0.115534,1.6599999999999948,False
1983-12-31,10.0,0.1182,0.118225,-0.24999999999997247,False
1984-01-31,2.0,0.1058,0.105056,7.440000000000086,False
1984-01-31,5.0,0.1134,0.113468,-0.6799999999999862,False
1984-01-31,10.0,0.1167,0.11639300000000001,3.0699999999998786,False
1984-02-29,2.0,0.1099,0.109207,6.929999999999992,False
1984-02-29,5.0,0.1174,0.11733,0.7000000000000062,False
1984-02-29,10.0,0.1204,0.12012700000000001,2.7299999999998157,False
1984-03-31,2.0,0.11599999999999999,0.11508499999999999,9.149999999999991,False
1984-03-31,5.0,0.12279999999999999,0.12249399999999999,3.060000000000007,False
1984-03-31,10.0,0.1253,0.12475699999999999,5.430000000000018,False
1984-04-30,2.0,0.1189,0.116898,20.02000000000004,False
1984-04-30,5.0,0.1257,0.12521000000000002,4.899999999999904,False
1984-04-30,10.0,0.1282,0.127688,5.1200000000001245,False
1984-05-31,2.0,0.13,0.12901400000000002,9.859999999999868,False
1984-05-31,5.0,0.1376,0.135939,16.609999999999957,False
1984-05-31,10.0,0.1391,0.138451,6.490000000000107,False
1984-06-30,2.0,0.1317,0.130926,7.740000000000247,False
1984-06-30,5.0,0.13720000000000002,0.136267,9.330000000000172,False
1984-06-30,10.0,0.1384,0.137917,4.829999999999835,False
1984-07-31,2.0,0.1257,0.12489900000000001,8.009999999999962,False
1984-07-31,5.0,0.1285,0.12789999999999999,6.000000000000172,False
1984-07-31,10.0,0.1291,0.129138,-0.3800000000001025,False
1984-08-31,2.0,0.12539999999999998,0.12462400000000001,7.759999999999712,False
1984-08-31,5.0,0.1277,0.127644,0.5600000000000049,False
1984-08-31,10.0,0.12789999999999999,0.12777,1.2999999999999123,False
1984-09-30,2.0,0.1207,0.12015700000000001,5.429999999999879,False
1984-09-30,5.0,0.12480000000000001,0.124369,4.310000000000147,False
1984-09-30,10.0,0.1247,0.124344,3.560000000000091,False
1984-10-31,2.0,0.1109,0.11092700000000001,-0.27000000000013125,False
1984-10-31,5.0,0.1159,0.116112,-2.1200000000000383,False
1984-10-31,10.0,0.11789999999999999,0.117277,6.229999999999847,False
1984-11-30,2.0,0.105,0.10465999999999999,3.4000000000000696,False
1984-11-30,5.0,0.1125,0.11351000000000001,-10.100000000000108,False
1984-11-30,10.0,0.1158,0.115885,-0.8500000000000174,False
1984-12-31,2.0,0.1002,0.101513,-13.130000000000086,False
1984-12-31,5.0,0.1108,0.111998,-11.980000000000047,False
1984-12-31,10.0,0.1155,0.115808,-3.079999999999888,False
1985-01-31,2.0,0.099,0.099211,-2.1099999999998897,False
1985-01-31,5.0,0.10769999999999999,0.10885500000000001,-11.550000000000171,False
1985-01-31,10.0,0.1117,0.11172599999999999,-0.25999999999998247,False
1985-02-28,2.0,0.1066,0.106539,0.6100000000000549,False
1985-02-28,5.0,0.1155,0.11607799999999999,-5.779999999999813,False
1985-02-28,10.0,0.1191,0.119363,-2.6299999999999937,False
1985-03-31,2.0,0.1043,0.104829,-5.290000000000017,False
1985-03-31,5.0,0.11289999999999999,0.113844,-9.440000000000143,False
1985-03-31,10.0,0.1165,0.117317,-8.169999999999982,False
1985-04-30,2.0,0.09910000000000001,0.10029,-11.899999999999967,False
1985-04-30,5.0,0.1091,0.11056300000000001,-14.63000000000006,False
1985-04-30,10.0,0.11410000000000001,0.11511300000000001,-10.13,False
1985-05-31,2.0,0.0892,0.089862,-6.619999999999959,False
1985-05-31,5.0,0.0968,0.09963,-28.29999999999999,False
1985-05-31,10.0,0.10279999999999999,0.10386799999999999,-10.679999999999994,False
1985-06-30,2.0,0.0867,0.087483,-7.830000000000059,False
1985-06-30,5.0,0.0965,0.099246,-27.459999999999983,False
1985-06-30,10.0,0.1025,0.10378,-12.800000000000033,False
1985-07-31,2.0,0.0901,0.09099600000000001,-8.960000000000079,False
1985-07-31,5.0,0.0998,0.10229300000000001,-24.930000000000092,False
1985-07-31,10.0,0.1057,0.107044,-13.43999999999998,False
1985-08-31,2.0,0.08960000000000001,0.08916,4.400000000000098,False
1985-08-31,5.0,0.0974,0.09979900000000001,-23.990000000000123,False
1985-08-31,10.0,0.10279999999999999,0.104095,-12.950000000000045,False
1985-09-30,2.0,0.0888,0.089231,-4.3100000000000085,False
1985-09-30,5.0,0.0973,0.099482,-21.820000000000032,False
1985-09-30,10.0,0.10310000000000001,0.104614,-15.139999999999876,False
1985-10-31,2.0,0.087,0.08735200000000001,-3.5200000000001896,False
1985-10-31,5.0,0.0947,0.09669,-19.899999999999917,False
1985-10-31,10.0,0.1001,0.10174899999999999,-16.489999999999977,False
1985-11-30,2.0,0.08460000000000001,0.08461600000000001,-0.16000000000002124,False
1985-11-30,5.0,0.0907,0.09305400000000001,-23.540000000000088,False
1985-11-30,10.0,0.0959,0.09809699999999999,-21.969999999999906,False
1985-11-30,30.0,0.0986,0.10266700000000001,-40.67000000000015,False
1985-12-31,2.0,0.07980000000000001,0.08078900000000001,-9.890000000000038,False
1985-12-31,5.0,0.0849,0.086891,-19.90999999999993,False
1985-12-31,10.0,0.09,0.091929,-19.290000000000003,False
1985-12-31,30.0,0.09269999999999999,0.097606,-49.06000000000007,False
1986-01-31,2.0,0.0799,0.080839,-9.389999999999954,False
1986-01-31,5.0,0.08529999999999999,0.087535,-22.350000000000147,False
1986-01-31,10.0,0.0908,0.09300900000000001,-22.090000000000025,False
1986-01-31,30.0,0.0934,0.09798,-45.800000000000004,False
1986-02-28,2.0,0.0771,0.077846,-7.459999999999967,False
1986-02-28,5.0,0.0791,0.080871,-17.709999999999948,False
1986-02-28,10.0,0.08130000000000001,0.083107,-18.06999999999989,False
1986-02-28,30.0,0.0827,0.08652900000000001,-38.29000000000013,False
1986-03-31,2.0,0.0692,0.07125200000000001,-20.52000000000012,False
1986-03-31,5.0,0.0719,0.07408100000000001,-21.810000000000024,False
1986-03-31,10.0,0.0739,0.07592,-20.200000000000077,False
1986-03-31,30.0,0.07440000000000001,0.077859,-34.5899999999999,False
1986-04-30,2.0,0.0683,0.070385,-20.850000000000037,False
1986-04-30,5.0,0.0717,0.074362,-26.619999999999976,False
1986-04-30,10.0,0.0738,0.076402,-26.019999999999932,False
1986-04-30,30.0,0.0747,0.079196,-44.96,False
1986-05-31,2.0,0.0736,0.075325,-17.250000000000043,False
1986-05-31,5.0,0.0782,0.08142200000000001,-32.22000000000003,False
1986-05-31,10.0,0.0805,0.083684,-31.839999999999925,False
1986-05-31,30.0,0.0774,0.086223,-88.22999999999998,False
1986-06-30,2.0,0.0681,0.070476,-23.76000000000003,False
1986-06-30,5.0,0.0723,0.075541,-32.40999999999994,False
1986-06-30,10.0,0.0735,0.078005,-45.05000000000009,False
1986-06-30,30.0,0.0724,0.08061600000000001,-82.16000000000001,False
1986-07-31,2.0,0.06570000000000001,0.06772700000000001,-20.27000000000001,False
1986-07-31,5.0,0.0702,0.073799,-35.99000000000005,False
1986-07-31,10.0,0.07339999999999999,0.078293,-48.930000000000085,False
1986-07-31,30.0,0.0746,0.082499,-78.99000000000004,False
1986-08-31,2.0,0.0594,0.060577,-11.769999999999975,False
1986-08-31,5.0,0.064,0.067773,-37.72999999999998,False
1986-08-31,10.0,0.0695,0.073299,-37.98999999999997,False
1986-08-31,30.0,0.0721,0.078584,-64.84000000000003,False
1986-09-30,2.0,0.0638,0.065047,-12.469999999999981,False
1986-09-30,5.0,0.0698,0.073188,-33.880000000000024,False
1986-09-30,10.0,0.0745,0.078803,-43.030000000000015,False
1986-09-30,30.0,0.076,0.08383800000000001,-78.38000000000011,False
1986-10-31,2.0,0.0626,0.06285199999999999,-2.5199999999998832,False
1986-10-31,5.0,0.0676,0.070518,-29.18000000000004,False
1986-10-31,10.0,0.07339999999999999,0.076598,-31.980000000000064,False
1986-10-31,30.0,0.0761,0.08188599999999999,-57.85999999999986,False
1986-11-30,2.0,0.0621,0.062045,0.5499999999999949,False
1986-11-30,5.0,0.0665,0.068791,-22.910000000000014,False
1986-11-30,10.0,0.07150000000000001,0.07485599999999999,-33.55999999999984,False
1986-11-30,30.0,0.0741,0.080193,-60.930000000000014,False
1986-12-31,2.0,0.0635,0.06453400000000001,-10.340000000000071,False
1986-12-31,5.0,0.0681,0.069763,-16.630000000000116,False
1986-12-31,10.0,0.0723,0.075363,-30.629999999999963,False
1986-12-31,30.0,0.07490000000000001,0.08079900000000001,-58.990000000000016,False
1987-01-31,2.0,0.0633,0.06313200000000001,1.679999999999876,False
1987-01-31,5.0,0.06709999999999999,0.06871100000000001,-16.110000000000152,False
1987-01-31,10.0,0.0718,0.074313,-25.130000000000013,False
1987-01-31,30.0,0.0748,0.079539,-47.38999999999993,False
1987-02-28,2.0,0.0635,0.063779,-2.7900000000000147,False
1987-02-28,5.0,0.06709999999999999,0.068662,-15.62000000000008,False
1987-02-28,10.0,0.0719,0.073742,-18.419999999999963,False
1987-02-28,30.0,0.0748,0.078722,-39.21999999999995,False
1987-03-31,2.0,0.0654,0.066219,-8.190000000000003,False
1987-03-31,5.0,0.0702,0.07142699999999999,-12.26999999999992,False
1987-03-31,10.0,0.0751,0.07652300000000001,-14.230000000000075,False
1987-03-31,30.0,0.0781,0.08118399999999999,-30.839999999999897,False
1987-04-30,2.0,0.0738,0.074513,-7.129999999999914,False
1987-04-30,5.0,0.0782,0.07955899999999999,-13.589999999999852,False
1987-04-30,10.0,0.0821,0.083882,-17.81999999999992,False
1987-04-30,30.0,0.08449999999999999,0.08676299999999999,-22.63000000000001,False
1987-05-31,2.0,0.07690000000000001,0.077639,-7.389999999999897,False
1987-05-31,5.0,0.0815,0.082276,-7.759999999999989,False
1987-05-31,10.0,0.0849,0.085993,-10.929999999999968,False
1987-05-31,30.0,0.08650000000000001,0.08881299999999999,-23.129999999999818,False
1987-06-30,2.0,0.0748,0.07475799999999999,0.4200000000001425,False
1987-06-30,5.0,0.0802,0.081082,-8.820000000000078,False
1987-06-30,10.0,0.08380000000000001,0.08527100000000001,-14.71,False
1987-06-30,30.0,0.0851,0.088286,-31.86000000000008,False
1987-07-31,2.0,0.07629999999999999,0.075442,8.579999999999977,False
1987-07-31,5.0,0.0821,0.08283599999999999,-7.359999999999866,False
1987-07-31,10.0,0.0866,0.087621,-10.21000000000008,False
1987-07-31,30.0,0.0889,0.09126,-23.59999999999987,False
1987-08-31,2.0,0.0797,0.078989,7.109999999999895,False
1987-08-31,5.0,0.0852,0.086084,-8.839999999999959,False
1987-08-31,10.0,0.09,0.090529,-5.290000000000017,False
1987-08-31,30.0,0.0917,0.09376200000000001,-20.620000000000083,False
1987-09-30,2.0,0.086,0.08601900000000001,-0.19000000000019002,False
1987-09-30,5.0,0.09210000000000002,0.092828,-7.279999999999786,False
1987-09-30,10.0,0.09630000000000001,0.09694699999999999,-6.469999999999809,False
1987-09-30,30.0,0.09789999999999999,0.09973900000000001,-18.39000000000021,False
1987-10-31,2.0,0.0758,0.077618,-18.180000000000003,False
1987-10-31,5.0,0.0837,0.085785,-20.850000000000037,False
1987-10-31,10.0,0.0888,0.090015,-12.149999999999938,False
1987-10-31,30.0,0.09029999999999999,0.092462,-21.62000000000011,False
1987-11-30,2.0,0.07730000000000001,0.077932,-6.319999999999936,False
1987-11-30,5.0,0.0843,0.085968,-16.680000000000028,False
1987-11-30,10.0,0.08990000000000001,0.090732,-8.319999999999855,False
1987-11-30,30.0,0.091,0.093578,-25.77999999999997,False
1987-12-31,2.0,0.07769999999999999,0.07806783620832,-3.678362083200104,False
1987-12-31,5.0,0.0833,0.08461216971651,-13.121697165100061,False
1987-12-31,10.0,0.0883,0.0895975381648,-12.975381647999939,False
1987-12-31,30.0,0.0895,0.08967101048606001,-1.710104860600109,False
1988-01-31,2.0,0.0722,0.07245060842092,-2.5060842092000657,False
1988-01-31,5.0,0.0776,0.07830168036853,-7.016803685299944,False
1988-01-31,10.0,0.08259999999999999,0.0844891475114,-18.891475114000134,False
1988-01-31,30.0,0.0842,0.08366974237543,5.302576245699991,False
1988-02-29,2.0,0.0713,0.07128251654147,0.17483458530004325,False
1988-02-29,5.0,0.0764,0.07699664690126,-5.966469012600034,False
1988-02-29,10.0,0.0816,0.08322465939903999,-16.24659399039982,False
1988-02-29,30.0,0.0839,0.08342885883308,4.711411669199999,False
1988-03-31,2.0,0.0741,0.07405646102169,0.435389783099982,False
1988-03-31,5.0,0.08039999999999999,0.08099141112894999,-5.914111289500035,False
1988-03-31,10.0,0.0857,0.08727028511583,-15.70285115830003,False
1988-03-31,30.0,0.0882,0.08804549664643,1.5450335357000688,False
1988-04-30,2.0,0.07730000000000001,0.07716529140351,1.3470859649000744,False
1988-04-30,5.0,0.0833,0.08371225583618999,-4.122558361899925,False
1988-04-30,10.0,0.08869999999999999,0.09024232306933999,-15.423230693400042,False
1988-04-30,30.0,0.0911,0.09050164748126001,5.983525187399918,False
1988-05-31,2.0,0.0821,0.08230350200175,-2.0350200174999724,False
1988-05-31,5.0,0.0873,0.08771614724665,-4.161472466499977,False
1988-05-31,10.0,0.092,0.09291465644194,-9.146564419399983,False
1988-05-31,30.0,0.09300000000000001,0.09378893476218,-7.889347621799908,False
1988-06-30,2.0,0.0802,0.08022117506535001,-0.21175065350015343,False
1988-06-30,5.0,0.08410000000000001,0.08454827975431,-4.482797543099854,False
1988-06-30,10.0,0.0882,0.08922529627065,-10.252962706499973,False
1988-06-30,30.0,0.08869999999999999,0.09004518501188001,-13.451850118800234,False
1988-07-31,2.0,0.0839,0.08399306668109001,-0.930666810900066,False
1988-07-31,5.0,0.0875,0.08756797398123001,-0.6797398123001286,False
1988-07-31,10.0,0.09119999999999999,0.09293904737755,-17.390473775500126,False
1988-07-31,30.0,0.09230000000000001,0.09271205280684,-4.120528068399937,False
1988-08-31,2.0,0.08710000000000001,0.08714133434229,-0.41334342289992,False
1988-08-31,5.0,0.0895,0.08982185505500001,-3.2185505500001432,False
1988-08-31,10.0,0.0925,0.09328416557524,-7.841655752399978,False
1988-08-31,30.0,0.0931,0.09379357013016999,-6.935701301699904,False
1988-09-30,2.0,0.0843,0.08448346153762,-1.8346153761999995,False
1988-09-30,5.0,0.0861,0.08655923818517999,-4.592381851799971,False
1988-09-30,10.0,0.08869999999999999,0.08960271979296,-9.027197929600133,False
1988-09-30,30.0,0.0898,0.09059385791684998,-7.938579168499799,False
1988-10-31,2.0,0.0825,0.08248101112203,0.18988877969999818,False
1988-10-31,5.0,0.0837,0.08401809637879,-3.1809637879000316,False
1988-10-31,10.0,0.08650000000000001,0.08749143502595,-9.91435025949991,False
1988-10-31,30.0,0.0874,0.08762086175219,-2.208617521899936,False
1988-11-30,2.0,0.08839999999999999,0.08876052734862,-3.6052734862000726,False
1988-11-30,5.0,0.0891,0.08953098181203,-4.3098181202999575,False
1988-11-30,10.0,0.0906,0.09138239445886001,-7.823944588600113,False
1988-11-30,30.0,0.0907,0.09119057466789,-4.905746678900008,False
1988-12-31,2.0,0.09140000000000001,0.09173401412931,-3.340141293099869,False
1988-12-31,5.0,0.09140000000000001,0.09202863704599,-6.286370459899909,False
1988-12-31,10.0,0.09140000000000001,0.09211068340709999,-7.106834070999824,False
1988-12-31,30.0,0.09,0.09028971808779,-2.897180877900057,False
1989-01-31,2.0,0.09119999999999999,0.09134965593577,-1.4965593577001557,False
1989-01-31,5.0,0.0908,0.09090698617047,-1.069861704699887,False
1989-01-31,10.0,0.0901,0.09043917767746,-3.3917767746000083,False
1989-01-31,30.0,0.08839999999999999,0.08848308836896,-0.8308836896001037,False
1989-02-28,2.0,0.0955,0.09588309838717,-3.8309838717000275,False
1989-02-28,5.0,0.0942,0.09480792122505999,-6.079212250599819,False
1989-02-28,10.0,0.0932,0.09395528259800001,-7.552825980000066,False
1989-02-28,30.0,0.09140000000000001,0.09179884775691001,-3.9884775691000076,False
1989-03-31,2.0,0.0973,0.09802479924808001,-7.24799248080013,False
1989-03-31,5.0,0.0953,0.09567651628478,-3.7651628477999854,False
1989-03-31,10.0,0.09300000000000001,0.09362688853753,-6.268885375299849,False
1989-03-31,30.0,0.0911,0.0915016217966,-4.01621796599999,False
1989-04-30,2.0,0.0922,0.0925358273895,-3.3582738949999857,False
1989-04-30,5.0,0.0906,0.09133066703321,-7.306670332099946,False
1989-04-30,10.0,0.0902,0.09114985355981,-9.498535598100045,False
1989-04-30,30.0,0.0891,0.089477591877,-3.7759187699999694,False
1989-05-31,2.0,0.0882,0.08856670407377001,-3.6670407377001335,False
1989-05-31,5.0,0.08650000000000001,0.08754489611945,-10.448961194499951,False
1989-05-31,10.0,0.086,0.08716401136429001,-11.640113642900213,False
1989-05-31,30.0,0.086,0.08645976643080999,-4.597664308099992,False
1989-06-30,2.0,0.0808,0.08127915092623,-4.79150926230007,False
1989-06-30,5.0,0.0803,0.08137517436991,-10.751743699100036,False
1989-06-30,10.0,0.081,0.08225440458628,-12.544045862799974,False
1989-06-30,30.0,0.0805,0.08086641652289,-3.6641652289000346,False
1989-07-31,2.0,0.0753,0.07603328619790001,-7.3328619790000165,False
1989-07-31,5.0,0.0756,0.07653110060102,-9.311006010200018,False
1989-07-31,10.0,0.0782,0.07874775476459,-5.4775476459,False
1989-07-31,30.0,0.07919999999999999,0.07949454079614,-2.945407961400109,False
1989-08-31,2.0,0.0842,0.08396185151423,2.3814848577000114,False
1989-08-31,5.0,0.0827,0.08352799796685,-8.279979668499998,False
1989-08-31,10.0,0.08259999999999999,0.08358206592067001,-9.820659206700167,False
1989-08-31,30.0,0.0821,0.08288890389506,-7.889038950599919,False
1989-09-30,2.0,0.08460000000000001,0.08463197366511001,-0.3197366510999944,False
1989-09-30,5.0,0.0836,0.08441607848684,-8.160784868400107,False
1989-09-30,10.0,0.08310000000000001,0.08430147085305001,-12.014708530500018,False
1989-09-30,30.0,0.0824,0.08339947273982,-9.994727398199982,False
1989-10-31,2.0,0.0785,0.07907117631608,-5.711763160800021,False
1989-10-31,5.0,0.0786,0.07965711331795,-10.57113317949998,False
1989-10-31,10.0,0.07919999999999999,0.08045069240213999,-12.506924021399996,False
1989-10-31,30.0,0.07919999999999999,0.07988628332118,-6.8628332118000905,False
1989-11-30,2.0,0.0775,0.07771893377347,-2.1893377347000085,False
1989-11-30,5.0,0.0774,0.07868939107014,-12.893910701400058,False
1989-11-30,10.0,0.0784,0.07932604677711,-9.26046777110001,False
1989-11-30,30.0,0.079,0.08000772681656,-10.077268165600007,False
1989-12-31,2.0,0.0787,0.07924203315386,-5.420331538599915,False
1989-12-31,5.0,0.0786,0.07978878066363,-11.887806636299986,False
1989-12-31,10.0,0.0793,0.08048973570140999,-11.897357014099969,False
1989-12-31,30.0,0.07980000000000001,0.08064503213615,-8.450321361499896,False
1990-01-31,2.0,0.0828,0.08322602684007001,-4.260268400700095,False
1990-01-31,5.0,0.08349999999999999,0.08452319485785999,-10.231948578599964,False
1990-01-31,10.0,0.0843,0.08511618663742,-8.161866374200022,False
1990-01-31,30.0,0.08460000000000001,0.08546370771488,-8.637077148799937,False
1990-02-28,2.0,0.0843,0.08416346263431,1.365373656899982,False
1990-02-28,5.0,0.08439999999999999,0.08569716508034,-12.971650803400154,False
1990-02-28,10.0,0.0851,0.08621382374238999,-11.138237423899966,False
1990-02-28,30.0,0.08539999999999999,0.08651247909719001,-11.124790971900195,False
1990-03-31,2.0,0.0864,0.08651596563164,-1.1596563163999984,False
1990-03-31,5.0,0.08650000000000001,0.08745195487492,-9.519548749199885,False
1990-03-31,10.0,0.08650000000000001,0.08745080045077,-9.508004507699924,False
1990-03-31,30.0,0.0863,0.08741693910088,-11.16939100879996,False
1990-04-30,2.0,0.08960000000000001,0.08963163423735,-0.3163423734998949,False
1990-04-30,5.0,0.0904,0.09094030091903998,-5.403009190399905,False
1990-04-30,10.0,0.0904,0.09112415168588,-7.241516858800118,False
1990-04-30,30.0,0.09,0.09120799219446,-12.079921944600086,False
1990-05-31,2.0,0.085,0.0846718669715,3.2813302850000223,False
1990-05-31,5.0,0.08560000000000001,0.08649958614988,-8.995861498799911,False
1990-05-31,10.0,0.086,0.08688801435834,-8.880143583400029,False
1990-05-31,30.0,0.0858,0.08688289912745001,-10.828991274500071,False
1990-06-30,2.0,0.0824,0.08253601710299,-1.360171029899937,False
1990-06-30,5.0,0.08349999999999999,0.08443485319522001,-9.3485319522002,False
1990-06-30,10.0,0.0843,0.08530593745719,-10.059374571900065,False
1990-06-30,30.0,0.08410000000000001,0.08510623432620999,-10.062343262099843,False
1990-07-31,2.0,0.0791,0.07950821002347,-4.0821002346999595,False
1990-07-31,5.0,0.08130000000000001,0.08202399349834,-7.2399349833998645,False
1990-07-31,10.0,0.0836,0.08429584619083,-6.958461908300046,False
1990-07-31,30.0,0.0842,0.08454656102525,-3.4656102525000563,False
1990-08-31,2.0,0.08070000000000001,0.08167034563834,-9.703456383399894,False
1990-08-31,5.0,0.085,0.08592075816495001,-9.207581649500057,False
1990-08-31,10.0,0.0886,0.08952873938222,-9.287393822200036,False
1990-08-31,30.0,0.08990000000000001,0.09033938828899,-4.393882889899975,False
1990-09-30,2.0,0.0802,0.08067363901137,-4.736390113700001,False
1990-09-30,5.0,0.08470000000000001,0.08523762089336,-5.376208933599857,False
1990-09-30,10.0,0.0882,0.08917094831181,-9.709483118099937,False
1990-09-30,30.0,0.08960000000000001,0.08972887140945,-1.2887140944999043,False
1990-10-31,2.0,0.07769999999999999,0.07828170509447001,-5.81705094470017,False
1990-10-31,5.0,0.0824,0.08288341874484001,-4.834187448400085,False
1990-10-31,10.0,0.08650000000000001,0.08712858677039,-6.285867703899884,False
1990-10-31,30.0,0.08779999999999999,0.08815770526633,-3.577052663300134,False
1990-11-30,2.0,0.0753,0.07616491227349,-8.6491227348999,False
1990-11-30,5.0,0.0791,0.07990109792524999,-8.010979252499883,False
1990-11-30,10.0,0.08259999999999999,0.08343750955449,-8.375095544900097,False
1990-11-30,30.0,0.084,0.08438861959652,-3.8861959651999287,False
1990-12-31,2.0,0.07150000000000001,0.07265252228715,-11.525222871499874,False
1990-12-31,5.0,0.0768,0.07783942903772,-10.394290377200022,False
1990-12-31,10.0,0.0808,0.08236479590708001,-15.64795907080016,False
1990-12-31,30.0,0.08259999999999999,0.08286092734362001,-2.6092734362001546,False
1991-01-31,2.0,0.0705,0.07096551187858,-4.655118785800022,False
1991-01-31,5.0,0.0762,0.07683930548290001,-6.393054829000045,False
1991-01-31,10.0,0.0803,0.08151217828269001,-12.121782826900185,False
1991-01-31,30.0,0.0821,0.08240388601321999,-3.0388601321998387,False
1991-02-28,2.0,0.0704,0.07035401203804,0.45987961960008983,False
1991-02-28,5.0,0.0766,0.07700631478995999,-4.063147899599912,False
1991-02-28,10.0,0.0802,0.08146277247504001,-12.627724750400166,False
1991-02-28,30.0,0.0819,0.08255723605174,-6.572360517399928,False
1991-03-31,2.0,0.0702,0.07047288168969,-2.7288168969000215,False
1991-03-31,5.0,0.07730000000000001,0.07801107396866999,-7.110739686699841,False
1991-03-31,10.0,0.0805,0.08196592769335,-14.659276933499942,False
1991-03-31,30.0,0.0824,0.08305534810177001,-6.553481017700092,False
1991-04-30,2.0,0.068,0.0687400010136,-7.4000101360000015,False
1991-04-30,5.0,0.07629999999999999,0.07682047990209,-5.204799020900042,False
1991-04-30,10.0,0.0802,0.08168447383947001,-14.844738394700213,False
1991-04-30,30.0,0.08199999999999999,0.08240400683616,-4.040068361600147,False
1991-05-31,2.0,0.0668,0.06850830650823,-17.083065082300063,False
1991-05-31,5.0,0.07690000000000001,0.076930503809,-0.30503808999993165,False
1991-05-31,10.0,0.0806,0.08226096468886,-16.609646888599976,False
1991-05-31,30.0,0.08259999999999999,0.08335532454038001,-7.553245403800202,False
1991-06-30,2.0,0.069,0.07020929395242,-12.092939524199902,False
1991-06-30,5.0,0.079,0.07918879204637,-1.8879204636999825,False
1991-06-30,10.0,0.0824,0.08429288067128,-18.928806712800032,False
1991-06-30,30.0,0.0842,0.08509165564721,-8.916556472099991,False
1991-07-31,2.0,0.0681,0.06845532834972,-3.5532834972000495,False
1991-07-31,5.0,0.07769999999999999,0.07775079433514,-0.5079433514000586,False
1991-07-31,10.0,0.08199999999999999,0.08287650308462,-8.765030846200062,False
1991-07-31,30.0,0.0836,0.08423235408548001,-6.323540854800136,False
1991-08-31,2.0,0.0636,0.06376049236475,-1.604923647499923,False
1991-08-31,5.0,0.07339999999999999,0.07352628662054,-1.262866205400115,False
1991-08-31,10.0,0.0782,0.08003969640713,-18.396964071299983,False
1991-08-31,30.0,0.0806,0.08113086400984,-5.308640098399958,False
1991-09-30,2.0,0.0599,0.06068043066869001,-7.8043066869000475,False
1991-09-30,5.0,0.0692,0.06993391600052,-7.339160005200018,False
1991-09-30,10.0,0.0747,0.07651205406349999,-18.120540634999905,False
1991-09-30,30.0,0.0782,0.07896913389679999,-7.691338967999867,False
1991-10-31,2.0,0.057,0.0576486258193,-6.486258192999958,False
1991-10-31,5.0,0.0674,0.06809871301148,-6.987130114800011,False
1991-10-31,10.0,0.0747,0.07658223035989,-18.822303598899914,False
1991-10-31,30.0,0.0791,0.07908639332152,0.13606678480007628,False
1991-11-30,2.0,0.0538,0.0544861272251,-6.8612722510000275,False
1991-11-30,5.0,0.06480000000000001,0.06642192292589,-16.219229258899876,False
1991-11-30,10.0,0.0738,0.07602946600923,-22.29466009229991,False
1991-11-30,30.0,0.0794,0.07987633078333001,-4.7633078333000896,False
1991-12-31,2.0,0.04769999999999999,0.048549017952730006,-8.490179527300135,False
1991-12-31,5.0,0.0593,0.06067637309863,-13.763730986300002,False
1991-12-31,10.0,0.06709999999999999,0.06985671697095,-27.56716970950007,False
1991-12-31,30.0,0.0741,0.07558866605572,-14.886660557199976,False
1992-01-31,2.0,0.051100000000000007,0.05201066715384,-9.106671538399933,False
1992-01-31,5.0,0.0644,0.0661011926189,-17.01192618900005,False
1992-01-31,10.0,0.0731,0.07515794380354,-20.57943803540005,False
1992-01-31,30.0,0.07769999999999999,0.07870938867645,-10.09388676450007,False
1992-02-29,2.0,0.0527,0.053126127142120005,-4.261271421200085,False
1992-02-29,5.0,0.0658,0.06702312946957,-12.231294695699974,False
1992-02-29,10.0,0.0727,0.07508547167528999,-23.854716752899908,False
1992-02-29,30.0,0.078,0.07902988919532,-10.298891953200023,False
1992-03-31,2.0,0.055999999999999994,0.05673041279663,-7.304127966300047,False
1992-03-31,5.0,0.0694,0.07055149482222,-11.514948222200033,False
1992-03-31,10.0,0.0754,0.07689418681715,-14.941868171500088,False
1992-03-31,30.0,0.0796,0.08076040522958,-11.60405229579997,False
1992-04-30,2.0,0.0546,0.05431699109176,2.830089082400053,False
1992-04-30,5.0,0.0691,0.06961165498075,-5.116549807500093,False
1992-04-30,10.0,0.0761,0.0773506687746,-12.506687746000056,False
1992-04-30,30.0,0.0806,0.08170494779602,-11.04947796019995,False
1992-05-31,2.0,0.0519,0.05189050995306,0.09490046940001384,False
1992-05-31,5.0,0.0661,0.06640970669997999,-3.0970669997998357,False
1992-05-31,10.0,0.0733,0.0748851373734,-15.851373733999917,False
1992-05-31,30.0,0.0784,0.07956284987225,-11.62849872250002,False
1992-06-30,2.0,0.0483,0.048976857951839994,-6.768579518399917,False
1992-06-30,5.0,0.0629,0.06328155972102001,-3.815597210200111,False
1992-06-30,10.0,0.07139999999999999,0.07390097241886,-25.009724188600064,False
1992-06-30,30.0,0.0779,0.07868871147982999,-7.887114798299927,False
1992-07-31,2.0,0.044199999999999996,0.044585172913589995,-3.851729135899984,False
1992-07-31,5.0,0.0584,0.0588778091062,-4.778091062000028,False
1992-07-31,10.0,0.0672,0.0696374264659,-24.374264659000055,False
1992-07-31,30.0,0.0746,0.07565066083228,-10.506608322800037,False
1992-08-31,2.0,0.0415,0.04236391475371,-8.639147537099975,False
1992-08-31,5.0,0.055999999999999994,0.05690504974377,-9.05049743770009,False
1992-08-31,10.0,0.0662,0.06954572814348,-33.457281434800116,False
1992-08-31,30.0,0.0742,0.07462642970111,-4.264297011099955,False
1992-09-30,2.0,0.038,0.0388895405027,-8.895405027000008,False
1992-09-30,5.0,0.0533,0.05383208420289,-5.320842028899985,False
1992-09-30,10.0,0.0637,0.06745426947857,-37.542694785699936,False
1992-09-30,30.0,0.0738,0.07383502421151,-0.3502421150999857,False
1992-10-31,2.0,0.044000000000000004,0.0448692058797,-8.692058796999982,False
1992-10-31,5.0,0.059000000000000004,0.06008182833172,-10.818283317199986,False
1992-10-31,10.0,0.068,0.07043422098780999,-24.342209878099872,False
1992-10-31,30.0,0.07629999999999999,0.07728942191,-9.8942191000001,False
1992-11-30,2.0,0.0479,0.04867908131636,-7.790813163600016,False
1992-11-30,5.0,0.0623,0.06333813083197999,-10.381308319799901,False
1992-11-30,10.0,0.0695,0.07176536174593,-22.65361745929992,False
1992-11-30,30.0,0.0759,0.07702413028603,-11.241302860300062,False
1992-12-31,2.0,0.045599999999999995,0.045342875391030005,2.5712460896998994,False
1992-12-31,5.0,0.0604,0.06078158036345,-3.8158036344999866,False
1992-12-31,10.0,0.067,0.06954751021759,-25.475102175899906,False
1992-12-31,30.0,0.07400000000000001,0.07493042801718,-9.304280171799906,False
1993-01-31,2.0,0.042,0.042191337674999996,-1.9133767499999315,False
1993-01-31,5.0,0.0557,0.05633755105477,-6.375510547700011,False
1993-01-31,10.0,0.0639,0.06646335121777999,-25.63351217779994,False
1993-01-31,30.0,0.0721,0.07342148212012,-13.21482120119996,False
1993-02-28,2.0,0.0392,0.03949486262514,-2.9486262514000217,False
1993-02-28,5.0,0.0521,0.052767367347649995,-6.673673476499942,False
1993-02-28,10.0,0.0603,0.0632724102195,-29.724102195000032,False
1993-02-28,30.0,0.069,0.0708365901341,-18.36590134099994,False
1993-03-31,2.0,0.039599999999999996,0.03987265727788,-2.7265727788000627,False
1993-03-31,5.0,0.0524,0.05305733304196,-6.57333041960001,False
1993-03-31,10.0,0.0603,0.06362118991134,-33.21189911339999,False
1993-03-31,30.0,0.0693,0.07133435806337,-20.343580633700036,False
1993-04-30,2.0,0.0383,0.0381707456514,1.2925434859999836,False
1993-04-30,5.0,0.051399999999999994,0.051630478528039994,-2.3047852803999986,False
1993-04-30,10.0,0.0605,0.06267874382060999,-21.787438206099935,False
1993-04-30,30.0,0.0695,0.07060522626616,-11.052262661599976,False
1993-05-31,2.0,0.0424,0.04233266756912,0.6733243088000163,False
1993-05-31,5.0,0.0537,0.05385417897507,-1.5417897507000178,False
1993-05-31,10.0,0.0616,0.06325854537783,-16.585453778300007,False
1993-05-31,30.0,0.0698,0.07132955731202001,-15.295573120200078,False
1993-06-30,2.0,0.0403,0.04051945993357,-2.1945993356999733,False
1993-06-30,5.0,0.050499999999999996,0.050697614474319995,-1.9761447431999868,False
1993-06-30,10.0,0.057999999999999996,0.059676715306909996,-16.767153069099997,False
1993-06-30,30.0,0.0668,0.06814208917717,-13.420891771700056,False
1993-07-31,2.0,0.041299999999999996,0.041445259206870005,-1.4525920687000897,False
1993-07-31,5.0,0.0516,0.05165518094472,-0.5518094471999857,False
1993-07-31,10.0,0.0583,0.05968852082282,-13.885208228200039,False
1993-07-31,30.0,0.06570000000000001,0.06674228916466,-10.422891646599957,False
1993-08-31,2.0,0.0388,0.03874193583677,0.5806416323000246,False
1993-08-31,5.0,0.048,0.04797745826763,0.22541732369998901,False
1993-08-31,10.0,0.0545,0.056273786530179996,-17.737865301799964,False
1993-08-31,30.0,0.060899999999999996,0.06359539232709001,-26.953923270900127,False
1993-09-30,2.0,0.038900000000000004,0.0391441036299,-2.441036298999957,False
1993-09-30,5.0,0.0479,0.048088475101280004,-1.8847510128000566,False
1993-09-30,10.0,0.054000000000000006,0.05586081023215,-18.60810232149991,False
1993-09-30,30.0,0.0604,0.06415525537226001,-37.55255372260007,False
1993-10-31,2.0,0.039900000000000005,0.0399286390477,-0.286390476999937,False
1993-10-31,5.0,0.0483,0.04863274364676,-3.327436467599962,False
1993-10-31,10.0,0.054299999999999994,0.05619165247289,-18.916524728900054,False
1993-10-31,30.0,0.0596,0.06364809422448,-40.48094224480006,False
1993-11-30,2.0,0.042199999999999994,0.04207282139199,1.2717860800999514,False
1993-11-30,5.0,0.051500000000000004,0.0518618736502,-3.6187365019999667,False
1993-11-30,10.0,0.0583,0.05960284904712,-13.02849047120004,False
1993-11-30,30.0,0.0629,0.06630683967539,-34.068396753900025,False
1993-12-31,2.0,0.0425,0.04237502255995999,1.249774400400097,False
1993-12-31,5.0,0.0521,0.052060506704089994,0.3949329591000639,False
1993-12-31,10.0,0.0583,0.059776389566069996,-14.76389566069998,False
1993-12-31,30.0,0.0635,0.0666607933328,-31.607933328000048,False
1994-01-31,2.0,0.0412,0.040948417538169996,2.5158246183000497,False
1994-01-31,5.0,0.050199999999999995,0.050227291944949994,-0.27291944949998925,False
1994-01-31,10.0,0.057,0.057736347103809996,-7.363471038099936,False
1994-01-31,30.0,0.0623,0.06503884977345,-27.388497734499932,False
1994-02-28,2.0,0.0467,0.046876480702489995,-1.764807024899964,False
1994-02-28,5.0,0.055999999999999994,0.056178052535719995,-1.7805253572000108,False
1994-02-28,10.0,0.061500000000000006,0.06337492152726,-18.749215272599944,False
1994-02-28,30.0,0.0667,0.06921823112696,-25.182311269600078,False
1994-03-31,2.0,0.0521,0.05254056970173,-4.405697017300023,False
1994-03-31,5.0,0.0623,0.06273921788927,-4.392178892700035,False
1994-03-31,10.0,0.0677,0.06913614255098001,-14.36142550980013,False
1994-03-31,30.0,0.0711,0.07333284352038,-22.328435203800012,False
1994-04-30,2.0,0.057300000000000004,0.057801177500519996,-5.01177500519992,False
1994-04-30,5.0,0.0664,0.06638922550773,0.10774492270007596,False
1994-04-30,10.0,0.0706,0.07160355474164,-10.035547416400032,False
1994-04-30,30.0,0.0731,0.07476740685682999,-16.674068568299923,False
1994-05-31,2.0,0.0601,0.060263475115420004,-1.6347511542000315,False
1994-05-31,5.0,0.0677,0.06765105466861,0.48945331389993463,False
1994-05-31,10.0,0.0717,0.07272267165707,-10.226716570699985,False
1994-05-31,30.0,0.07440000000000001,0.07572783166531,-13.278316653099893,False
1994-06-30,2.0,0.061900000000000004,0.06176258467993,1.3741532007000705,False
1994-06-30,5.0,0.0697,0.06957391128185,1.2608871814999423,False
1994-06-30,10.0,0.07339999999999999,0.0748835329554,-14.83532955400005,False
1994-06-30,30.0,0.07629999999999999,0.07749195373133,-11.91953731330006,False
1994-07-31,2.0,0.0599,0.06006112011173,-1.6112011173000096,False
1994-07-31,5.0,0.0673,0.06711049900577,1.895009942299991,False
1994-07-31,10.0,0.0712,0.07204857988205,-8.485798820500046,False
1994-07-31,30.0,0.0739,0.07482708998483,-9.270899848300013,False
1994-08-31,2.0,0.0617,0.061256297851500004,4.437021484999942,False
1994-08-31,5.0,0.0681,0.06799002063852,1.0997936147999487,False
1994-08-31,10.0,0.0719,0.07258112894469,-6.811289446899959,False
1994-08-31,30.0,0.0746,0.07666784553965,-20.67845539650004,False
1994-09-30,2.0,0.0662,0.06593429107518001,2.6570892481998785,False
1994-09-30,5.0,0.0728,0.07274679056279,0.5320943721000282,False
1994-09-30,10.0,0.0762,0.07698651697382,-7.865169738199978,False
1994-09-30,30.0,0.0782,0.07976310001306999,-15.631000130699874,False
1994-10-31,2.0,0.0684,0.06811372058715999,2.8627941284001257,False
1994-10-31,5.0,0.0748,0.07474455369735,0.5544630265000294,False
1994-10-31,10.0,0.0781,0.07853142794319,-4.314279431899965,False
1994-10-31,30.0,0.0797,0.08124008784519,-15.400878451900107,False
1994-11-30,2.0,0.07400000000000001,0.074265,-2.6499999999998747,False
1994-11-30,5.0,0.0779,0.077865,0.3499999999999337,False
1994-11-30,10.0,0.0791,0.079444,-3.439999999999971,False
1994-11-30,30.0,0.0799,0.08130699999999999,-14.069999999999915,False
1994-12-31,2.0,0.07690000000000001,0.076894,0.060000000000060005,False
1994-12-31,5.0,0.0783,0.078706,-4.060000000000036,False
1994-12-31,10.0,0.0784,0.079379,-9.790000000000077,False
1994-12-31,30.0,0.0789,0.079917,-10.17000000000004,False
1995-01-31,2.0,0.0726,0.072742,-1.4200000000000323,False
1995-01-31,5.0,0.0754,0.075504,-1.0400000000000686,False
1995-01-31,10.0,0.076,0.076727,-7.270000000000055,False
1995-01-31,30.0,0.0771,0.078326,-12.260000000000048,False
1995-02-28,2.0,0.0679,0.067839,0.6100000000000549,False
1995-02-28,5.0,0.0706,0.07082,-2.1999999999999797,False
1995-02-28,10.0,0.0722,0.07334299999999999,-11.429999999999913,False
1995-02-28,30.0,0.0746,0.07635,-17.500000000000014,False
1995-03-31,2.0,0.068,0.06800358673972,-0.03586739719993459,False
1995-03-31,5.0,0.0708,0.07085032177938,-0.5032177937999704,False
1995-03-31,10.0,0.07200000000000001,0.07327679541905,-12.767954190499864,False
1995-03-31,30.0,0.07440000000000001,0.07606567733231001,-16.656773323100033,False
1995-04-30,2.0,0.066,0.06593511892268,0.6488107732000037,False
1995-04-30,5.0,0.0688,0.06881493411766999,-0.14934117669992975,False
1995-04-30,10.0,0.0707,0.07138653493754,-6.865349375400065,False
1995-04-30,30.0,0.07339999999999999,0.07441632961555,-10.1632961555001,False
1995-05-31,2.0,0.058899999999999994,0.058966746363629995,-0.6674636363000058,False
1995-05-31,5.0,0.0608,0.06083922152964,-0.3922152963999753,False
1995-05-31,10.0,0.063,0.06424464048711,-12.446404871099965,False
1995-05-31,30.0,0.0667,0.06800154680750001,-13.01546807500012,False
1995-06-30,2.0,0.0579,0.05840860343521,-5.086034352100032,False
1995-06-30,5.0,0.059800000000000006,0.06015872024906,-3.5872024905999473,False
1995-06-30,10.0,0.0621,0.0633228119231,-12.228119231000035,False
1995-06-30,30.0,0.0663,0.06724702580125,-9.470258012500011,False
1995-07-31,2.0,0.0588,0.059127121805370005,-3.2712180537000646,False
1995-07-31,5.0,0.0616,0.06222652900807,-6.265290080699967,False
1995-07-31,10.0,0.0645,0.0655708722846,-10.708722845999969,False
1995-07-31,30.0,0.06860000000000001,0.06958770028474,-9.877002847399897,False
1995-08-31,2.0,0.058499999999999996,0.058530775130599996,-0.3077513059999981,False
1995-08-31,5.0,0.060700000000000004,0.061026889932949996,-3.268899329499919,False
1995-08-31,10.0,0.06280000000000001,0.06401338217312999,-12.133821731299815,False
1995-08-31,30.0,0.0665,0.06785261946269,-13.526194626899969,False
1995-09-30,2.0,0.0583,0.05872950871451,-4.295087145100018,False
1995-09-30,5.0,0.0601,0.06035553373704999,-2.5553373704999274,False
1995-09-30,10.0,0.0617,0.06283869203352001,-11.386920335200099,False
1995-09-30,30.0,0.0649,0.0667065071626,-18.06507162600002,False
1995-10-31,2.0,0.056100000000000004,0.05668585865666,-5.858586566599988,False
1995-10-31,5.0,0.0581,0.058420251910349996,-3.2025191034999736,False
1995-10-31,10.0,0.0603,0.06115637768491,-8.563776849100021,False
1995-10-31,30.0,0.0634,0.06469500730793,-12.950073079300017,False
1995-11-30,2.0,0.0536,0.05402076635482,-4.2076635481999585,False
1995-11-30,5.0,0.0553,0.05572769537443,-4.2769537442999965,False
1995-11-30,10.0,0.0576,0.05882311898407,-12.231189840700013,False
1995-11-30,30.0,0.061399999999999996,0.06339179044321,-19.917904432100038,False
1995-12-31,2.0,0.0518,0.05213655814827,-3.3655814827000112,False
1995-12-31,5.0,0.0538,0.05409345848422,-2.934584842200008,False
1995-12-31,10.0,0.0558,0.05702300558441,-12.230055844099988,False
1995-12-31,30.0,0.0596,0.06156482273868,-19.64822738679997,False
1996-01-31,2.0,0.0493,0.04988790794225,-5.879079422500058,False
1996-01-31,5.0,0.0525,0.05298022502657,-4.80225026570004,False
1996-01-31,10.0,0.055999999999999994,0.05716455791834,-11.645579183400049,False
1996-01-31,30.0,0.0603,0.06187693308829,-15.769330882900029,False
1996-02-29,2.0,0.054400000000000004,0.05423882871419,1.6117128581000228,False
1996-02-29,5.0,0.057300000000000004,0.05799342338832,-6.9342338831999975,False
1996-02-29,10.0,0.0613,0.06228049534118,-9.804953411799989,False
1996-02-29,30.0,0.06480000000000001,0.06643330531487,-16.33305314869993,False
1996-03-31,2.0,0.0579,0.05806999363199,-1.6999363199000221,False
1996-03-31,5.0,0.061,0.06142457041407,-4.2457041406999965,False
1996-03-31,10.0,0.0634,0.06499517348228,-15.95173482279999,False
1996-03-31,30.0,0.0667,0.06865468781428001,-19.54687814280015,False
1996-04-30,2.0,0.0603,0.060498119080770005,-1.9811908077000533,False
1996-04-30,5.0,0.064,0.0643303949436,-3.303949436000014,False
1996-04-30,10.0,0.0666,0.06767823266077,-10.782326607699927,False
1996-04-30,30.0,0.0689,0.07065018462980001,-17.501846298000057,False
1996-05-31,2.0,0.06269999999999999,0.06237042387812,3.2957612187999032,False
1996-05-31,5.0,0.0664,0.06652325943765,-1.2325943765000014,False
1996-05-31,10.0,0.06849999999999999,0.06928918601605,-7.891860160500058,False
1996-05-31,30.0,0.07,0.07154417086541,-15.441708654099912,False
1996-06-30,2.0,0.0611,0.06156303996893,-4.6303996892999715,False
1996-06-30,5.0,0.0647,0.06486920288819001,-1.6920288819001483,False
1996-06-30,10.0,0.0673,0.06778502779042,-4.8502779042000626,False
1996-06-30,30.0,0.069,0.07036094305465,-13.609430546499961,False
1996-07-31,2.0,0.0622,0.062351023392059994,-1.510233920599957,False
1996-07-31,5.0,0.06570000000000001,0.06573316575869,-0.331657586899875,False
1996-07-31,10.0,0.068,0.06837893154546,-3.789315454599956,False
1996-07-31,30.0,0.0698,0.07087007313429,-10.700731342900005,False
1996-08-31,2.0,0.0634,0.06352605013935,-1.260501393500063,False
1996-08-31,5.0,0.0673,0.06729628081773,0.03719182270003896,False
1996-08-31,10.0,0.0696,0.07022154532103,-6.215453210300092,False
1996-08-31,30.0,0.0713,0.07282348825746,-15.234882574600011,False
1996-09-30,2.0,0.061,0.06118281881585,-1.8281881584999993,False
1996-09-30,5.0,0.0646,0.06491797335541,-3.179733554099923,False
1996-09-30,10.0,0.0672,0.06786203157372,-6.6203157372000945,False
1996-09-30,30.0,0.0693,0.07116858000152,-18.68580001520001,False
1996-10-31,2.0,0.057699999999999994,0.05770555050406,-0.055505040600090094,False
1996-10-31,5.0,0.061,0.0611925863064,-1.9258630640000414,False
1996-10-31,10.0,0.0637,0.06431048588136,-6.104858813599928,False
1996-10-31,30.0,0.0666,0.06758980620932001,-9.898062093200016,False
1996-11-30,2.0,0.0559,0.05606618878023,-1.6618878023000327,False
1996-11-30,5.0,0.0584,0.058424181846070004,-0.24181846070003843,False
1996-11-30,10.0,0.060599999999999994,0.06124365384537,-6.436538453700042,False
1996-11-30,30.0,0.0636,0.0649108119281,-13.108119280999947,False
1996-12-31,2.0,0.0588,0.05902268305563,-2.226830556300019,False
1996-12-31,5.0,0.0621,0.06227777629807,-1.777762980699968,False
1996-12-31,10.0,0.0643,0.06474022257869,-4.402225786900027,False
1996-12-31,30.0,0.0665,0.06744609113531,-9.460911353099954,False
1997-01-31,2.0,0.0594,0.05931716863114,0.8283136886000353,False
1997-01-31,5.0,0.0626,0.06284300760005,-2.430076000499992,False
1997-01-31,10.0,0.0653,0.065610212103,-3.1021210300000157,False
1997-01-31,30.0,0.068,0.06889763908811,-8.976390881099972,False
1997-02-28,2.0,0.060899999999999996,0.06076102219266,1.3897780733999887,False
1997-02-28,5.0,0.0639,0.06405132023532001,-1.5132023532000993,False
1997-02-28,10.0,0.06559999999999999,0.06635685063636,-7.568506363600097,False
1997-02-28,30.0,0.068,0.06929407919112,-12.940791911199984,False
1997-03-31,2.0,0.0645,0.06450470766164,-0.04707661639999361,False
1997-03-31,5.0,0.0677,0.06788134257876,-1.8134257875999926,False
1997-03-31,10.0,0.0692,0.07010129143889,-9.012914388900061,False
1997-03-31,30.0,0.071,0.07205195693976,-10.519569397600126,False
1997-04-30,2.0,0.0629,0.06279873783603,1.012621639699951,False
1997-04-30,5.0,0.06570000000000001,0.06583671868394,-1.3671868393999587,False
1997-04-30,10.0,0.0672,0.06812081821876,-9.2081821876,False
1997-04-30,30.0,0.0695,0.07037772376065,-8.777237606499982,False
1997-05-31,2.0,0.0622,0.06211920336099,0.8079663900999873,False
1997-05-31,5.0,0.06509999999999999,0.06512865187434999,-0.2865187434999972,False
1997-05-31,10.0,0.0667,0.06751772358863,-8.177235886299982,False
1997-05-31,30.0,0.0692,0.06990712614088,-7.071261408800044,False
1997-06-30,2.0,0.0608,0.061044096986399995,-2.440969863999956,False
1997-06-30,5.0,0.064,0.06399449377459,0.055062254099985664,False
1997-06-30,10.0,0.06509999999999999,0.06618864881275,-10.886488127500037,False
1997-06-30,30.0,0.068,0.06839343115958,-3.9343115958000165,False
1997-07-31,2.0,0.0574,0.057313327682199995,0.8667231780000451,False
1997-07-31,5.0,0.059000000000000004,0.05908620140116,-0.8620140115999514,False
1997-07-31,10.0,0.0602,0.06118998398062,-9.899839806200017,False
1997-07-31,30.0,0.063,0.06354699997815999,-5.469999781599899,False
1997-08-31,2.0,0.059699999999999996,0.059962181152619996,-2.621811526200002,False
1997-08-31,5.0,0.0622,0.0623808716519,-1.8087165189999839,False
1997-08-31,10.0,0.0634,0.06469361803084,-12.936180308400075,False
1997-08-31,30.0,0.0661,0.06670868901767,-6.086890176699999,False
1997-09-30,2.0,0.057999999999999996,0.058277244059860005,-2.7724405986000873,False
1997-09-30,5.0,0.06,0.06042433045558,-4.243304555800048,False
1997-09-30,10.0,0.061200000000000004,0.0625996081835,-13.996081834999895,False
1997-09-30,30.0,0.0641,0.06535488979476,-12.54889794759989,False
1997-10-31,2.0,0.056299999999999996,0.056726919530539995,-4.269195305399986,False
1997-10-31,5.0,0.0572,0.05794590805754,-7.4590805753999705,False
1997-10-31,10.0,0.0584,0.059827883658800006,-14.278836588000054,False
1997-10-31,30.0,0.061500000000000006,0.06214816974414,-6.481697441399967,False
1997-11-30,2.0,0.0576,0.05813832093603,-5.383209360299984,False
1997-11-30,5.0,0.0583,0.058613674074619995,-3.1367407461999757,False
1997-11-30,10.0,0.058600000000000006,0.05951602200211,-9.160220021099953,False
1997-11-30,30.0,0.0604,0.06108076811993,-6.807681199299948,False
1997-12-31,2.0,0.056600000000000004,0.056935186131849995,-3.3518613184999047,False
1997-12-31,5.0,0.0571,0.05740441486616,-3.0441486616000075,False
1997-12-31,10.0,0.0575,0.058405492773220005,-9.054927732200028,False
1997-12-31,30.0,0.0593,0.06008342877258,-7.834287725800026,False
1998-01-31,2.0,0.053200000000000004,0.05373875271699,-5.387527169899986,False
1998-01-31,5.0,0.053899999999999997,0.05430376311291,-4.037631129100022,False
1998-01-31,10.0,0.0553,0.05654684901162,-12.468490116199979,False
1998-01-31,30.0,0.0582,0.05889659667021,-6.965966702099993,False
1998-02-28,2.0,0.0555,0.05579250492425,-2.925049242500019,False
1998-02-28,5.0,0.0559,0.05630197257478,-4.019725747800019,False
1998-02-28,10.0,0.0562,0.057791067388090006,-15.910673880900061,False
1998-02-28,30.0,0.0592,0.05983947890941,-6.394789094099976,False
1998-03-31,2.0,0.055999999999999994,0.056334827874529994,-3.3482787452999982,False
1998-03-31,5.0,0.0564,0.05690341079778,-5.034107977800045,False
1998-03-31,10.0,0.0567,0.058152066354149996,-14.520663541499959,False
1998-03-31,30.0,0.0594,0.05992673295156,-5.267329515599995,False
1998-04-30,2.0,0.0559,0.05626388969254,-3.638896925400037,False
1998-04-30,5.0,0.0565,0.05680732228567,-3.073222856700003,False
1998-04-30,10.0,0.056799999999999996,0.05856175151272,-17.617515127200043,False
1998-04-30,30.0,0.059500000000000004,0.06039857546829,-8.985754682899957,False
1998-05-31,2.0,0.0553,0.055792845144519994,-4.928451445199919,False
1998-05-31,5.0,0.0556,0.05616179789859,-5.617978985900038,False
1998-05-31,10.0,0.0556,0.057439691886019995,-18.39691886019998,False
1998-05-31,30.0,0.0581,0.059486237312699995,-13.862373126999964,False
1998-06-30,2.0,0.054900000000000004,0.05547057770675,-5.7057770674999455,False
1998-06-30,5.0,0.0547,0.05526858982968,-5.685898296799996,False
1998-06-30,10.0,0.054400000000000004,0.05603174458666001,-16.31744586660003,False
1998-06-30,30.0,0.0562,0.057353618623919994,-11.536186239199942,False
1998-07-31,2.0,0.054900000000000004,0.055364237521339996,-4.642375213399913,False
1998-07-31,5.0,0.0552,0.055535204422430005,-3.352044224300063,False
1998-07-31,10.0,0.055,0.05643213417548,-14.321341754800002,False
1998-07-31,30.0,0.0572,0.05793054085937,-7.3054085937000055,False
1998-08-31,2.0,0.049100000000000005,0.05054866992332,-14.486699233199966,False
1998-08-31,5.0,0.049100000000000005,0.05031205313486,-12.120531348599958,False
1998-08-31,10.0,0.050499999999999996,0.05213395557402,-16.339555740200044,False
1998-08-31,30.0,0.053,0.05438904541845,-13.890454184500022,False
1998-09-30,2.0,0.043,0.044243941315680005,-12.439413156800082,False
1998-09-30,5.0,0.042300000000000004,0.04358237510238,-12.823751023799957,False
1998-09-30,10.0,0.0444,0.046924909156,-25.249091559999965,False
1998-09-30,30.0,0.049800000000000004,0.05244535761675,-26.453576167499993,False
1998-10-31,2.0,0.0412,0.04353001599158,-23.300159915799963,False
1998-10-31,5.0,0.0424,0.0441582797268,-17.58279726799997,False
1998-10-31,10.0,0.0464,0.04887988413608,-24.79884136080003,False
1998-10-31,30.0,0.051500000000000004,0.05369046233574,-21.904623357399956,False
1998-11-30,2.0,0.0454,0.046418275371920004,-10.182753719200008,False
1998-11-30,5.0,0.0451,0.04683225662508,-17.322566250799962,False
1998-11-30,10.0,0.047400000000000005,0.04949251372756,-20.925137275599955,False
1998-11-30,30.0,0.0508,0.05356210444514,-27.621044451400024,False
1998-12-31,2.0,0.0454,0.046364709201679996,-9.647092016799933,False
1998-12-31,5.0,0.045599999999999995,0.04713084055256,-15.308405525600033,False
1998-12-31,10.0,0.04650000000000001,0.05010567197,-36.056719699999945,False
1998-12-31,30.0,0.0509,0.054037421684140004,-31.37421684140003,False
1999-01-31,2.0,0.0458,0.046602192120339996,-8.021921203399952,False
1999-01-31,5.0,0.0455,0.04653265732342,-10.326573234199984,False
1999-01-31,10.0,0.0466,0.04985628233596,-32.56282335959995,False
1999-01-31,30.0,0.0509,0.0531484239504,-22.484239504000012,False
1999-02-28,2.0,0.0513,0.05182753151772,-5.275315177200035,False
1999-02-28,5.0,0.0521,0.05320416457155,-11.041645715499996,False
1999-02-28,10.0,0.0529,0.05593026771614,-30.302677161399977,False
1999-02-28,30.0,0.0557,0.057546633354440005,-18.466333544400054,False
1999-03-31,2.0,0.0499,0.050482644830099996,-5.826448300999959,False
1999-03-31,5.0,0.0512,0.052551020883749994,-13.510208837499912,False
1999-03-31,10.0,0.0525,0.05611822006172,-36.182200617200024,False
1999-03-31,30.0,0.056299999999999996,0.058408314894449996,-21.083148944500003,False
1999-04-30,2.0,0.0508,0.051174985895310006,-3.74985895310008,False
1999-04-30,5.0,0.0524,0.05299226320935,-5.922632093499983,False
1999-04-30,10.0,0.0536,0.05638113346999,-27.811334699899966,False
1999-04-30,30.0,0.056799999999999996,0.058570897194,-17.70897194000004,False
1999-05-31,2.0,0.0542,0.05458347694099,-3.8347694099000185,False
1999-05-31,5.0,0.055999999999999994,0.05715343484832,-11.534348483200063,False
1999-05-31,10.0,0.0564,0.05953320690338,-31.33206903380002,False
1999-05-31,30.0,0.0584,0.06025848616295,-18.5848616295,False
1999-06-30,2.0,0.0553,0.05546848028607,-1.6848028606999965,False
1999-06-30,5.0,0.0567,0.057754663159410004,-10.546631594100035,False
1999-06-30,10.0,0.0581,0.06110599042053,-30.059904205299997,False
1999-06-30,30.0,0.059800000000000006,0.061444545385589994,-16.445453855899878,False
1999-07-31,2.0,0.056299999999999996,0.056502698775429995,-2.0269877542999915,False
1999-07-31,5.0,0.0582,0.05944797182425,-12.47971824249995,False
1999-07-31,10.0,0.0592,0.06233590743417,-31.359074341699987,False
1999-07-31,30.0,0.0611,0.06236348011456,-12.634801145599978,False
1999-08-31,2.0,0.057300000000000004,0.05777548392213,-4.754839221299961,False
1999-08-31,5.0,0.0588,0.06012951481481,-13.295148148100012,False
1999-08-31,10.0,0.059800000000000006,0.06340269960857,-36.026996085700006,False
1999-08-31,30.0,0.060700000000000004,0.06345047608162,-27.5047608161999,False
1999-09-30,2.0,0.056299999999999996,0.05662234845937,-3.223484593700074,False
1999-09-30,5.0,0.057800000000000004,0.059047656668709994,-12.476566687099899,False
1999-09-30,10.0,0.059000000000000004,0.06280182942148001,-38.01829421480004,False
1999-09-30,30.0,0.060599999999999994,0.06299914455245,-23.991445524500012,False
1999-10-31,2.0,0.0579,0.05837829571526,-4.782957152600006,False
1999-10-31,5.0,0.059699999999999996,0.06029149670631,-5.914967063100004,False
1999-10-31,10.0,0.0602,0.06356794529087,-33.679452908699986,False
1999-10-31,30.0,0.0616,0.0635758753298,-19.75875329799995,False
1999-11-30,2.0,0.0601,0.060263870134459996,-1.638701344599952,False
1999-11-30,5.0,0.0611,0.06158940922929,-4.894092292899998,False
1999-11-30,10.0,0.061799999999999994,0.06479496297847,-29.949629784700033,False
1999-11-30,30.0,0.0629,0.06422818337457,-13.281833745699966,False
1999-12-31,2.0,0.062400000000000004,0.06272248909691,-3.224890969099961,False
1999-12-31,5.0,0.0636,0.06436440369105,-7.644036910499919,False
1999-12-31,10.0,0.0645,0.06738462889679,-28.846288967900037,False
1999-12-31,30.0,0.06480000000000001,0.06676800288372,-19.680028837199963,False
2000-01-31,2.0,0.0661,0.06642756899664999,-3.2756899664998507,False
2000-01-31,5.0,0.06709999999999999,0.06727599029289,-1.7599029289000478,False
2000-01-31,10.0,0.0668,0.06782790674497,-10.279067449699975,False
2000-01-31,30.0,0.0649,0.06562163905516,-7.216390551599977,False
2000-02-29,2.0,0.0653,0.06551724975843,-2.1724975843000207,False
2000-02-29,5.0,0.0661,0.06648908121302,-3.8908121301999,False
2000-02-29,10.0,0.0642,0.06637143273416,-21.714327341600114,False
2000-02-29,30.0,0.061500000000000006,0.06305247991673,-15.5247991673,False
2000-03-31,2.0,0.065,0.06510022961968,-1.002296196799951,False
2000-03-31,5.0,0.0632,0.06345810581182999,-2.5810581182998673,False
2000-03-31,10.0,0.0603,0.06283103717695,-25.31037176950003,False
2000-03-31,30.0,0.0584,0.06029514608307,-18.951460830700025,False
2000-04-30,2.0,0.0668,0.06688736826096,-0.8736826096000794,False
2000-04-30,5.0,0.06559999999999999,0.06551368904226,0.8631095773999065,False
2000-04-30,10.0,0.0623,0.06442242759304001,-21.22427593040009,False
2000-04-30,30.0,0.059699999999999996,0.06188003466863,-21.800346686300028,False
2000-05-31,2.0,0.0669,0.06760881556854,-7.0881556853999435,False
2000-05-31,5.0,0.0654,0.06585041037794,-4.504103779399971,False
2000-05-31,10.0,0.0629,0.06514932085078,-22.493208507800013,False
2000-05-31,30.0,0.0602,0.06300932701937,-28.09327019369999,False
2000-06-30,2.0,0.0638,0.06446303008456,-6.630300845600068,False
2000-06-30,5.0,0.061799999999999994,0.06259242249785,-7.9242249785001215,False
2000-06-30,10.0,0.0603,0.06272289491399001,-24.228949139900106,False
2000-06-30,30.0,0.059000000000000004,0.06143372930331,-24.33729303309998,False
2000-07-31,2.0,0.063,0.06381898152165,-8.189815216499973,False
2000-07-31,5.0,0.0616,0.062193702970369996,-5.937029703699942,False
2000-07-31,10.0,0.0604,0.06193213033456,-15.321303345599974,False
2000-07-31,30.0,0.0579,0.06021523623457,-23.152362345700006,False
2000-08-31,2.0,0.061799999999999994,0.062144479833219995,-3.4447983322000164,False
2000-08-31,5.0,0.059800000000000006,0.06005050273828,-2.5050273827999234,False
2000-08-31,10.0,0.057300000000000004,0.05991223492855,-26.122349285499986,False
2000-08-31,30.0,0.0567,0.058624764119690004,-19.247641196900034,False
2000-09-30,2.0,0.059800000000000006,0.060393333692280005,-5.933336922799986,False
2000-09-30,5.0,0.058499999999999996,0.05883738491518,-3.373849151800043,False
2000-09-30,10.0,0.057999999999999996,0.06051430447693,-25.143044769300044,False
2000-09-30,30.0,0.0588,0.06028300984234,-14.830098423400036,False
2000-10-31,2.0,0.0594,0.060072824156960004,-6.72824156960003,False
2000-10-31,5.0,0.0583,0.058410639328230006,-1.1063932823000833,False
2000-10-31,10.0,0.057699999999999994,0.05954932900141,-18.49329001410008,False
2000-10-31,30.0,0.0579,0.05954256505501,-16.42565055010002,False
2000-11-30,2.0,0.056100000000000004,0.057149492257579995,-10.494922575799912,False
2000-11-30,5.0,0.0542,0.05494715087787,-7.471508778700009,False
2000-11-30,10.0,0.0548,0.05649232637178,-16.923263717799966,False
2000-11-30,30.0,0.055999999999999994,0.057262031923,-12.620319230000066,False
2000-12-31,2.0,0.051100000000000007,0.0522266517853,-11.266517852999911,False
2000-12-31,5.0,0.0499,0.05114067819649,-12.406781964899999,False
2000-12-31,10.0,0.0512,0.053713663235690004,-25.136632356900016,False
2000-12-31,30.0,0.0546,0.05588859065915,-12.885906591499976,False
2001-01-31,2.0,0.0462,0.04726738564038999,-10.67385640389995,False
2001-01-31,5.0,0.048499999999999995,0.04977421152636,-12.742115263600084,False
2001-01-31,10.0,0.0519,0.05372494180818,-18.249418081799988,False
2001-01-31,30.0,0.0554,0.056761637664990004,-13.616376649900063,False
2001-02-28,2.0,0.0441,0.04517333336239,-10.733333623900027,False
2001-02-28,5.0,0.047,0.04778662042024,-7.866204202399974,False
2001-02-28,10.0,0.0492,0.052032822172240006,-28.328221722400055,False
2001-02-28,30.0,0.053399999999999996,0.055565794431439997,-21.657944314400005,False
2001-03-31,2.0,0.0418,0.04259132134594,-7.913213459400034,False
2001-03-31,5.0,0.0462,0.0469130686983,-7.130686983000054,False
2001-03-31,10.0,0.0493,0.05233285343374,-30.328534337400043,False
2001-03-31,30.0,0.0546,0.056602087336020006,-20.02087336020003,False
2001-04-30,2.0,0.043,0.04376110764257,-7.611076425700011,False
2001-04-30,5.0,0.049699999999999994,0.049974645190959996,-2.746451909600017,False
2001-04-30,10.0,0.0535,0.0557322274059,-22.322274059000044,False
2001-04-30,30.0,0.057800000000000004,0.05938799303945,-15.879930394499947,False
2001-05-31,2.0,0.042199999999999994,0.043019522985250004,-8.195229852500097,False
2001-05-31,5.0,0.049400000000000006,0.050445472314920005,-10.454723149199985,False
2001-05-31,10.0,0.054299999999999994,0.0563678654148,-20.67865414800009,False
2001-05-31,30.0,0.057800000000000004,0.0595116660583,-17.116660582999973,False
2001-06-30,2.0,0.0425,0.04330498387329,-8.04983873289998,False
2001-06-30,5.0,0.049699999999999994,0.050604306732530004,-9.043067325300095,False
2001-06-30,10.0,0.0542,0.05641511801101,-22.151180110100004,False
2001-06-30,30.0,0.0575,0.05896104084776,-14.610408477599979,False
2001-07-31,2.0,0.0379,0.03854304058061,-6.430405806099951,False
2001-07-31,5.0,0.045700000000000005,0.04626209118485,-5.620911848499971,False
2001-07-31,10.0,0.0507,0.052618733730400005,-19.18733730400003,False
2001-07-31,30.0,0.055099999999999996,0.05639756765714,-12.975676571400015,False
2001-08-31,2.0,0.0364,0.037022,-6.219999999999976,False
2001-08-31,5.0,0.0446,0.044807,-2.0699999999999887,False
2001-08-31,10.0,0.048499999999999995,0.051247999999999995,-27.480000000000004,False
2001-08-31,30.0,0.053899999999999997,0.055081,-11.810000000000015,False
2001-09-30,2.0,0.0286,0.029175,-5.749999999999991,False
2001-09-30,5.0,0.0393,0.03997,-6.69999999999997,False
2001-09-30,10.0,0.046,0.049284,-32.840000000000025,False
2001-09-30,30.0,0.0542,0.055186,-9.860000000000008,False
2001-10-31,2.0,0.024399999999999998,0.024988999999999997,-5.889999999999993,False
2001-10-31,5.0,0.0366,0.036596000000000004,0.039999999999970615,False
2001-10-31,10.0,0.043,0.045895,-28.950000000000017,False
2001-10-31,30.0,0.0489,0.050934999999999994,-20.34999999999995,False
2001-11-30,2.0,0.028399999999999998,0.028606,-2.0600000000000134,False
2001-11-30,5.0,0.0408,0.041917,-11.17,False
2001-11-30,10.0,0.0478,0.051208000000000004,-34.08000000000001,False
2001-11-30,30.0,0.0527,0.055582,-28.820000000000025,False
2001-12-31,2.0,0.030699999999999998,0.030681,0.18999999999998185,False
2001-12-31,5.0,0.0438,0.045204,-14.040000000000024,False
2001-12-31,10.0,0.0507,0.053881,-31.809999999999963,False
2001-12-31,30.0,0.0548,0.057640000000000004,-28.400000000000023,False
2002-01-31,2.0,0.0316,0.03146,1.4000000000000123,False
2002-01-31,5.0,0.044199999999999996,0.044932999999999994,-7.329999999999975,False
2002-01-31,10.0,0.0507,0.053301,-26.00999999999999,False
2002-01-31,30.0,0.054400000000000004,0.056763,-23.62999999999997,False
2002-02-28,2.0,0.030600000000000002,0.030388000000000002,2.1200000000000037,False
2002-02-28,5.0,0.042699999999999995,0.043372,-6.720000000000059,False
2002-02-28,10.0,0.048799999999999996,0.052182000000000006,-33.8200000000001,False
2002-02-28,30.0,0.0537,0.056241000000000006,-25.410000000000085,False
2002-03-31,2.0,0.037200000000000004,0.037023,1.7700000000000355,False
2002-03-31,5.0,0.049100000000000005,0.049738,-6.379999999999927,False
2002-03-31,10.0,0.0542,0.057256999999999995,-30.569999999999972,False
2002-04-30,2.0,0.032400000000000005,0.032417,-0.16999999999996185,False
2002-04-30,5.0,0.0453,0.04566099999999999,-3.609999999999933,False
2002-04-30,10.0,0.051100000000000007,0.053678,-25.7799999999999,False
2002-05-31,2.0,0.0322,0.03177,4.299999999999998,False
2002-05-31,5.0,0.0437,0.044071,-3.7099999999999635,False
2002-05-31,10.0,0.0508,0.053008,-22.080000000000016,False
2002-06-30,2.0,0.028999999999999998,0.028522,4.779999999999992,False
2002-06-30,5.0,0.0409,0.041582999999999995,-6.829999999999961,False
2002-06-30,10.0,0.048600000000000004,0.051113,-25.129999999999946,False
2002-07-31,2.0,0.0223,0.022296999999999997,0.030000000000030003,False
2002-07-31,5.0,0.0353,0.035962,-6.6200000000000285,False
2002-07-31,10.0,0.0451,0.047542999999999995,-24.42999999999994,False
2002-08-31,2.0,0.021400000000000002,0.021172,2.280000000000025,False
2002-08-31,5.0,0.0322,0.032733,-5.329999999999988,False
2002-08-31,10.0,0.0414,0.044160000000000005,-27.600000000000055,False
2002-09-30,2.0,0.0172,0.017098,1.020000000000014,False
2002-09-30,5.0,0.0263,0.027393999999999998,-10.939999999999978,False
2002-09-30,10.0,0.0363,0.039691000000000004,-33.91000000000005,False
2002-10-31,2.0,0.0168,0.016949000000000002,-1.490000000000033,False
2002-10-31,5.0,0.0281,0.028981,-8.809999999999999,False
2002-10-31,10.0,0.0393,0.042282,-29.819999999999986,False
2002-11-30,2.0,0.0208,0.020929000000000003,-1.2900000000000411,False
2002-11-30,5.0,0.032799999999999996,0.033478,-6.78000000000005,False
2002-11-30,10.0,0.042199999999999994,0.04516200000000001,-29.620000000000132,False
2002-12-31,2.0,0.0161,0.015975,1.250000000000001,False
2002-12-31,5.0,0.0278,0.028186,-3.860000000000009,False
2002-12-31,10.0,0.0383,0.040938999999999996,-26.389999999999954,False
2003-01-31,2.0,0.0172,0.017277,-0.7700000000000068,False
2003-01-31,5.0,0.0302,0.030301,-1.010000000000004,False
2003-01-31,10.0,0.04,0.042287,-22.869999999999973,False
2003-02-28,2.0,0.015300000000000001,0.015303,-0.029999999999995308,False
2003-02-28,5.0,0.0269,0.027084999999999998,-1.8499999999999766,False
2003-02-28,10.0,0.0371,0.039362,-22.62,False
2003-03-31,2.0,0.0151,0.015417,-3.169999999999996,False
2003-03-31,5.0,0.0278,0.028102000000000002,-3.0200000000000364,False
2003-03-31,10.0,0.0383,0.04064,-23.400000000000016,False
2003-04-30,2.0,0.0151,0.015350999999999998,-2.5099999999999776,False
2003-04-30,5.0,0.0285,0.028547,-0.4699999999999843,False
2003-04-30,10.0,0.038900000000000004,0.040754,-18.539999999999946,False
2003-05-31,2.0,0.013300000000000001,0.013281000000000001,0.1899999999999992,False
2003-05-31,5.0,0.023,0.023085,-0.8500000000000174,False
2003-05-31,10.0,0.0337,0.035424000000000004,-17.240000000000034,False
2003-06-30,2.0,0.0132,0.013293999999999999,-0.939999999999986,False
2003-06-30,5.0,0.0246,0.024618,-0.18000000000000654,False
2003-06-30,10.0,0.0354,0.037021,-16.209999999999976,False
2003-07-31,2.0,0.018000000000000002,0.018212,-2.119999999999969,False
2003-07-31,5.0,0.0338,0.033292999999999996,5.070000000000005,False
2003-07-31,10.0,0.0449,0.046777,-18.769999999999968,False
2003-08-31,2.0,0.0195,0.019462999999999998,0.3700000000000231,False
2003-08-31,5.0,0.0346,0.034391,2.0900000000000087,False
2003-08-31,10.0,0.044500000000000005,0.046435000000000004,-19.34999999999999,False
2003-09-30,2.0,0.015,0.014811000000000001,1.889999999999982,False
2003-09-30,5.0,0.0285,0.028272,2.280000000000025,False
2003-09-30,10.0,0.039599999999999996,0.041195,-15.950000000000061,False
2003-10-31,2.0,0.018500000000000003,0.018514,-0.13999999999996654,False
2003-10-31,5.0,0.0327,0.032499,2.009999999999998,False
2003-10-31,10.0,0.0433,0.044755,-14.550000000000049,False
2003-11-30,2.0,0.0206,0.020564,0.3600000000000131,False
2003-11-30,5.0,0.0338,0.033551000000000004,2.489999999999923,False
2003-11-30,10.0,0.0434,0.044954,-15.54,False
2003-12-31,2.0,0.0184,0.018268,1.3200000000000016,False
2003-12-31,5.0,0.0325,0.03212,3.799999999999984,False
2003-12-31,10.0,0.042699999999999995,0.043995,-12.950000000000045,False
2004-01-31,2.0,0.0184,0.018337000000000003,0.6299999999999708,False
2004-01-31,5.0,0.0317,0.031543999999999996,1.5600000000000336,False
2004-01-31,10.0,0.0416,0.042999,-13.990000000000045,False
2004-02-29,2.0,0.0166,0.01647,1.3000000000000165,False
2004-02-29,5.0,0.0301,0.029811999999999998,2.880000000000001,False
2004-02-29,10.0,0.039900000000000005,0.041336000000000005,-14.359999999999998,False
2004-03-31,2.0,0.016,0.015782,2.1799999999999944,False
2004-03-31,5.0,0.027999999999999997,0.027896,1.0399999999999645,False
2004-03-31,10.0,0.038599999999999995,0.03993,-13.300000000000049,False
2004-04-30,2.0,0.0231,0.023481000000000002,-3.8100000000000285,False
2004-04-30,5.0,0.0363,0.036349,-0.4900000000000043,False
2004-04-30,10.0,0.0453,0.046822,-15.220000000000026,False
2004-05-31,2.0,0.0254,0.025664,-2.6400000000000032,False
2004-05-31,5.0,0.0381,0.038142,-0.4200000000000037,False
2004-05-31,10.0,0.0466,0.048185000000000006,-15.85000000000003,False
2004-06-30,2.0,0.027000000000000003,0.027151,-1.5099999999999836,False
2004-06-30,5.0,0.0381,0.038175,-0.7499999999999868,False
2004-06-30,10.0,0.0462,0.04764,-14.400000000000038,False
2004-07-31,2.0,0.0268,0.026920000000000003,-1.2000000000000206,False
2004-07-31,5.0,0.0371,0.037232,-1.3200000000000016,False
2004-07-31,10.0,0.045,0.046425999999999995,-14.259999999999968,False
2004-08-31,2.0,0.0241,0.024013,0.8700000000000028,False
2004-08-31,5.0,0.0333,0.033292,0.08000000000001062,False
2004-08-31,10.0,0.041299999999999996,0.042872,-15.72000000000004,False
2004-09-30,2.0,0.0263,0.026147,1.5300000000000036,False
2004-09-30,5.0,0.0338,0.033949,-1.490000000000033,False
2004-09-30,10.0,0.0414,0.042725,-13.249999999999998,False
2004-10-31,2.0,0.0256,0.025568,0.3200000000000078,False
2004-10-31,5.0,0.033,0.033064,-0.6400000000000156,False
2004-10-31,10.0,0.0405,0.04183099999999999,-13.309999999999919,False
2004-11-30,2.0,0.0302,0.030457,-2.570000000000003,False
2004-11-30,5.0,0.037200000000000004,0.037114,0.8600000000000274,False
2004-11-30,10.0,0.0436,0.044867,-12.669999999999973,False
2004-12-31,2.0,0.0308,0.030830000000000003,-0.30000000000002247,False
2004-12-31,5.0,0.0363,0.036292,0.08000000000001062,False
2004-12-31,10.0,0.0424,0.043397,-9.96999999999998,False
2005-01-31,2.0,0.0329,0.032778999999999996,1.2100000000000306,False
2005-01-31,5.0,0.0371,0.036909,1.9100000000000366,False
2005-01-31,10.0,0.0414,0.042313,-9.130000000000042,False
2005-02-28,2.0,0.0359,0.036091000000000005,-1.9100000000000366,False
2005-02-28,5.0,0.04,0.039935,0.6500000000000256,False
2005-02-28,10.0,0.0436,0.044461,-8.610000000000007,False
2005-03-31,2.0,0.038,0.038127,-1.2700000000000211,False
2005-03-31,5.0,0.0418,0.04165,1.4999999999999736,False
2005-03-31,10.0,0.045,0.045822,-8.220000000000033,False
2005-04-30,2.0,0.0366,0.036505,0.9499999999999786,False
2005-04-30,5.0,0.039,0.038847,1.5300000000000036,False
2005-04-30,10.0,0.0421,0.04278,-6.800000000000001,False
2005-05-31,2.0,0.036000000000000004,0.035968,0.3200000000000425,False
2005-05-31,5.0,0.037599999999999995,0.037391,2.089999999999939,False
2005-05-31,10.0,0.04,0.040796,-7.959999999999981,False
2005-06-30,2.0,0.0366,0.036495,1.0500000000000091,False
2005-06-30,5.0,0.037200000000000004,0.037175,0.25000000000004186,False
2005-06-30,10.0,0.0394,0.040057999999999996,-6.5799999999999885,False
2005-07-31,2.0,0.04019999999999999,0.040472,-2.7200000000000832,False
2005-07-31,5.0,0.0412,0.041210000000000004,-0.10000000000003062,False
2005-07-31,10.0,0.042800000000000005,0.043469,-6.6899999999999595,False
2005-08-31,2.0,0.0384,0.038421,-0.21000000000000185,False
2005-08-31,5.0,0.0387,0.038610000000000005,0.8999999999999286,False
2005-08-31,10.0,0.04019999999999999,0.040927,-7.270000000000055,False
2005-09-30,2.0,0.0418,0.041724,0.7599999999999968,False
2005-09-30,5.0,0.0418,0.042214999999999996,-4.149999999999987,False
2005-09-30,10.0,0.0434,0.044314,-9.139999999999981,False
2005-10-31,2.0,0.044000000000000004,0.044478,-4.779999999999923,False
2005-10-31,5.0,0.044500000000000005,0.044554,-0.5399999999999849,False
2005-10-31,10.0,0.045700000000000005,0.046659,-9.589999999999947,False
2005-11-30,2.0,0.044199999999999996,0.044474,-2.740000000000034,False
2005-11-30,5.0,0.044199999999999996,0.044077000000000005,1.2299999999999116,False
2005-11-30,10.0,0.0449,0.046268000000000004,-13.680000000000012,False
2005-12-31,2.0,0.0441,0.044303,-2.030000000000018,False
2005-12-31,5.0,0.0435,0.043452000000000005,0.47999999999992493,False
2005-12-31,10.0,0.043899999999999995,0.044726,-8.260000000000073,False
2006-01-31,2.0,0.0454,0.045523999999999995,-1.2399999999999216,False
2006-01-31,5.0,0.0447,0.044898,-1.9800000000000373,False
2006-01-31,10.0,0.0453,0.04614,-8.400000000000004,False
2006-02-28,2.0,0.046900000000000004,0.047144000000000005,-2.4400000000000115,False
2006-02-28,5.0,0.0461,0.046158000000000005,-0.5800000000000249,False
2006-02-28,10.0,0.0455,0.046479999999999994,-9.799999999999947,False
2006-02-28,30.0,0.0451,0.045481,-3.809999999999994,False
2006-03-31,2.0,0.0482,0.04869,-4.899999999999974,False
2006-03-31,5.0,0.0482,0.048197000000000004,0.029999999999960614,False
2006-03-31,10.0,0.048600000000000004,0.049547999999999995,-9.479999999999905,False
2006-03-31,30.0,0.049,0.04905,-0.5000000000000143,False
2006-04-30,2.0,0.0487,0.048985,-2.8500000000000054,False
2006-04-30,5.0,0.0492,0.049127000000000004,0.7299999999999668,False
2006-04-30,10.0,0.0507,0.051389,-6.889999999999952,False
2006-04-30,30.0,0.051699999999999996,0.051731,-0.31000000000003247,False
2006-05-31,2.0,0.0504,0.050671,-2.710000000000004,False
2006-05-31,5.0,0.0504,0.050202,1.9800000000000373,False
2006-05-31,10.0,0.0512,0.052058,-8.579999999999977,False
2006-05-31,30.0,0.0521,0.051780999999999994,3.190000000000068,False
2006-06-30,2.0,0.0516,0.051993,-3.9299999999999753,False
2006-06-30,5.0,0.051,0.050776,2.2399999999999505,False
2006-06-30,10.0,0.051500000000000004,0.052154,-6.5399999999999485,False
2006-06-30,30.0,0.0519,0.051791000000000004,1.0899999999999799,False
2006-07-31,2.0,0.049699999999999994,0.049997,-2.9700000000000557,False
2006-07-31,5.0,0.049100000000000005,0.048905000000000004,1.9500000000000073,False
2006-07-31,10.0,0.0499,0.050494000000000004,-5.940000000000042,False
2006-07-31,30.0,0.0507,0.050039999999999994,6.600000000000078,False
2006-08-31,2.0,0.0479,0.048055,-1.5500000000000236,False
2006-08-31,5.0,0.047,0.046725,2.7499999999999747,False
2006-08-31,10.0,0.047400000000000005,0.048219000000000005,-8.190000000000003,False
2006-08-31,30.0,0.048799999999999996,0.049181,-3.8100000000000636,False
2006-09-30,2.0,0.0471,0.047215999999999994,-1.159999999999911,False
2006-09-30,5.0,0.045899999999999996,0.045672,2.2799999999999905,False
2006-09-30,10.0,0.0464,0.047121,-7.210000000000064,False
2006-09-30,30.0,0.04769999999999999,0.047936,-2.3600000000000705,False
2006-10-31,2.0,0.0471,0.047186000000000006,-0.8600000000000274,False
2006-10-31,5.0,0.045700000000000005,0.045472,2.2800000000000598,False
2006-10-31,10.0,0.0461,0.046794,-6.940000000000001,False
2006-10-31,30.0,0.0472,0.047583,-3.830000000000014,False
2006-11-30,2.0,0.0462,0.046285999999999994,-0.859999999999958,False
2006-11-30,5.0,0.044500000000000005,0.044124,3.760000000000083,False
2006-11-30,10.0,0.0446,0.045333,-7.329999999999975,False
2006-11-30,30.0,0.045599999999999995,0.045948,-3.4800000000000804,False
2006-12-31,2.0,0.0482,0.04836700000000001,-1.670000000000074,False
2006-12-31,5.0,0.047,0.046636,3.640000000000032,False
2006-12-31,10.0,0.0471,0.047845000000000006,-7.450000000000026,False
2006-12-31,30.0,0.0481,0.047553,5.469999999999989,False
2007-01-31,2.0,0.049400000000000006,0.049337,0.630000000000075,False
2007-01-31,5.0,0.0482,0.047950999999999994,2.4900000000000615,False
2007-01-31,10.0,0.0483,0.048926,-6.2599999999999465,False
2007-01-31,30.0,0.0493,0.049104999999999996,1.9500000000000073,False
2007-02-28,2.0,0.04650000000000001,0.04662,-1.199999999999951,False
2007-02-28,5.0,0.0452,0.044867,3.3299999999999996,False
2007-02-28,10.0,0.045599999999999995,0.046425999999999995,-8.260000000000003,False
2007-02-28,30.0,0.046799999999999994,0.047098,-2.980000000000066,False
2007-03-31,2.0,0.0458,0.046498,-6.979999999999972,False
2007-03-31,5.0,0.0454,0.045185,2.149999999999999,False
2007-03-31,10.0,0.04650000000000001,0.047416,-9.159999999999933,False
2007-03-31,30.0,0.0484,0.048734,-3.3400000000000096,False
2007-04-30,2.0,0.046,0.046357,-3.5700000000000314,False
2007-04-30,5.0,0.0451,0.044900999999999996,1.9900000000000473,False
2007-04-30,10.0,0.0463,0.047042,-7.419999999999996,False
2007-04-30,30.0,0.0481,0.048441,-3.4100000000000104,False
2007-05-31,2.0,0.0492,0.049441,-2.4099999999999815,False
2007-05-31,5.0,0.048600000000000004,0.048315000000000004,2.8500000000000054,False
2007-05-31,10.0,0.049,0.049683000000000005,-6.83000000000003,False
2007-05-31,30.0,0.0501,0.049303,7.969999999999991,False
2007-06-30,2.0,0.0487,0.049089,-3.8900000000000046,False
2007-06-30,5.0,0.0492,0.049057,1.429999999999973,False
2007-06-30,10.0,0.050300000000000004,0.051008,-7.0799999999999335,False
2007-06-30,30.0,0.0512,0.050162000000000005,10.379999999999972,False
2007-07-31,2.0,0.045599999999999995,0.04591,-3.100000000000047,False
2007-07-31,5.0,0.046,0.045956000000000004,0.4399999999999543,False
2007-07-31,10.0,0.0478,0.048725,-9.249999999999952,False
2007-07-31,30.0,0.0492,0.049157,0.4300000000000137,False
2007-08-31,2.0,0.0415,0.04198,-4.800000000000012,False
2007-08-31,5.0,0.0425,0.042497999999999994,0.02000000000008939,False
2007-08-31,10.0,0.0454,0.04656,-11.599999999999945,False
2007-08-31,30.0,0.0483,0.04791,3.9000000000000146,False
2007-09-30,2.0,0.0397,0.03999,-2.899999999999986,False
2007-09-30,5.0,0.042300000000000004,0.042054,2.4600000000000315,False
2007-09-30,10.0,0.045899999999999996,0.046898,-9.980000000000059,False
2007-09-30,30.0,0.0483,0.048152,1.480000000000023,False
2007-10-31,2.0,0.0394,0.039516,-1.1600000000000499,False
2007-10-31,5.0,0.0416,0.041155,4.45000000000001,False
2007-10-31,10.0,0.044800000000000006,0.045841,-10.409999999999933,False
2007-10-31,30.0,0.047400000000000005,0.047626,-2.2599999999999705,False
2007-11-30,2.0,0.0304,0.030625,-2.249999999999995,False
2007-11-30,5.0,0.0341,0.034352,-2.5200000000000222,False
2007-11-30,10.0,0.0397,0.041552,-18.519999999999996,False
2007-11-30,30.0,0.044000000000000004,0.044726,-7.259999999999975,False
2007-12-31,2.0,0.0305,0.030569000000000002,-0.6900000000000308,False
2007-12-31,5.0,0.0345,0.034415,0.8500000000000174,False
2007-12-31,10.0,0.0404,0.042192,-17.92000000000002,False
2007-12-31,30.0,0.044500000000000005,0.044973,-4.729999999999943,False
2008-01-31,2.0,0.0217,0.021589999999999998,1.1000000000000245,False
2008-01-31,5.0,0.0282,0.028318,-1.1800000000000006,False
2008-01-31,10.0,0.036699999999999997,0.038561,-18.610000000000014,False
2008-01-31,30.0,0.0435,0.042977,5.229999999999957,False
2008-02-29,2.0,0.0165,0.01628,2.2000000000000144,False
2008-02-29,5.0,0.025,0.02557,-5.699999999999976,False
2008-02-29,10.0,0.0353,0.037569,-22.69,False
2008-02-29,30.0,0.0441,0.043562000000000003,5.379999999999968,False
2008-03-31,2.0,0.016200000000000003,0.016092,1.0800000000000392,False
2008-03-31,5.0,0.0246,0.024264,3.359999999999995,False
2008-03-31,10.0,0.0345,0.036901,-24.010000000000005,False
2008-03-31,30.0,0.043,0.041542,14.57999999999994,False
2008-04-30,2.0,0.0229,0.02218,7.200000000000019,False
2008-04-30,5.0,0.030299999999999997,0.030421999999999998,-1.2200000000000057,False
2008-04-30,10.0,0.0377,0.039765,-20.650000000000045,False
2008-04-30,30.0,0.0449,0.044455999999999996,4.440000000000069,False
2008-05-31,2.0,0.026600000000000002,0.0261310005187988,4.689994812012016,False
2008-05-31,5.0,0.0341,0.034507000446319595,-4.0700044631959695,False
2008-05-31,10.0,0.0406,0.042860999107360805,-22.609991073608075,False
2008-05-31,30.0,0.0472,0.0472259998321533,-0.2599983215330337,False
2008-06-30,2.0,0.0263,0.0260899996757507,2.100003242492994,False
2008-06-30,5.0,0.0334,0.0336899995803833,-2.8999958038330305,False
2008-06-30,10.0,0.039900000000000005,0.04173900127410889,-18.39001274108888,False
2008-06-30,30.0,0.0453,0.0452220010757446,0.7799892425539717,False
2008-07-31,2.0,0.0252,0.0248340010643005,3.6599893569949984,False
2008-07-31,5.0,0.0325,0.0326049995422363,-1.04999542236299,False
2008-07-31,10.0,0.039900000000000005,0.0415570020675659,-16.57002067565895,False
2008-07-31,30.0,0.045899999999999996,0.0453800010681152,5.199989318847992,False
2008-08-31,2.0,0.0236,0.023492999076843303,1.0700092315669638,False
2008-08-31,5.0,0.031,0.0307270002365112,2.729997634887994,False
2008-08-31,10.0,0.0383,0.040102000236511205,-18.020002365112045,False
2008-08-31,30.0,0.0443,0.0437270021438599,5.72997856140102,False
2008-09-30,2.0,0.02,0.0199549996852875,0.4500031471249902,False
2008-09-30,5.0,0.0298,0.029574000835418703,2.2599916458129754,False
2008-09-30,10.0,0.0385,0.0411009979248047,-26.00997924804699,False
2008-09-30,30.0,0.0431,0.042764000892639195,3.359991073608043,False
2008-10-31,2.0,0.015600000000000001,0.0141480004787445,14.519995212555013,False
2008-10-31,5.0,0.027999999999999997,0.0282979989051819,-2.9799890518190235,False
2008-10-31,10.0,0.0401,0.045921001434326196,-58.210014343261996,False
2008-10-31,30.0,0.0435,0.0417840003967285,17.15999603271498,False
2008-11-30,2.0,0.01,0.00779500007629395,22.0499992370605,False
2008-11-30,5.0,0.019299999999999998,0.0190629994869232,2.370005130767974,False
2008-11-30,10.0,0.029300000000000003,0.0347320008277893,-54.32000827789298,False
2008-11-30,30.0,0.0345,0.033245999813079796,12.540001869202067,False
2008-12-31,2.0,0.0076,0.00571399986743927,18.860001325607303,False
2008-12-31,5.0,0.0155,0.0154159998893738,0.8400011062619992,False
2008-12-31,10.0,0.0225,0.027774999141693103,-52.74999141693104,False
2008-12-31,30.0,0.0269,0.0262689995765686,6.310004234314007,False
2009-01-31,2.0,0.009399999999999999,0.00816699981689453,12.33000183105468,False
2009-01-31,5.0,0.018500000000000003,0.0197360002994537,-12.36000299453699,False
2009-01-31,10.0,0.0287,0.0342750000953674,-55.75000095367402,False
2009-01-31,30.0,0.0358,0.034867999553680404,9.320004463195946,False
2009-02-28,2.0,0.01,0.00962700009346008,3.729999065399201,False
2009-02-28,5.0,0.0199,0.0210430002212524,-11.430002212524,False
2009-02-28,10.0,0.0302,0.0354229998588562,-52.22999858856197,False
2009-02-28,30.0,0.0371,0.036989998817443796,1.1000118255620472,False
2009-03-31,2.0,0.008100000000000001,0.007756000161170959,3.4399983882904204,False
2009-03-31,5.0,0.0167,0.017295000553131098,-5.950005531310983,False
2009-03-31,10.0,0.0271,0.0303609991073608,-32.609991073608015,False
2009-03-31,30.0,0.0356,0.0353460001945496,2.5399980545039864,False
2009-04-30,2.0,0.0091,0.00911899983882904,-0.1899983882903966,False
2009-04-30,5.0,0.0202,0.0210080003738403,-8.080003738403022,False
2009-04-30,10.0,0.0316,0.0347970008850098,-31.970008850098,False
2009-04-30,30.0,0.0405,0.039818000793457,6.8199920654300055,False
2009-05-31,2.0,0.0092,0.00910399973392487,0.9600026607512955,False
2009-05-31,5.0,0.023399999999999997,0.0232170009613037,1.8299903869629583,False
2009-05-31,10.0,0.0347,0.0382010006904602,-35.010006904602,False
2009-05-31,30.0,0.0434,0.0431169986724854,2.830013275146037,False
2009-06-30,2.0,0.0111,0.010899000167846699,2.0099983215330144,False
2009-06-30,5.0,0.0254,0.025434000492095897,-0.3400049209589806,False
2009-06-30,10.0,0.0353,0.0386360001564026,-33.36000156402605,False
2009-06-30,30.0,0.0432,0.043095002174377395,1.049978256226075,False
2009-07-31,2.0,0.0113,0.0110930001735687,2.069998264312995,False
2009-07-31,5.0,0.0253,0.0252430009841919,0.5699901580809991,False
2009-07-31,10.0,0.0352,0.0381220006942749,-29.220006942748956,False
2009-07-31,30.0,0.0431,0.0427950000762939,3.0499992370609794,False
2009-08-31,2.0,0.0097,0.00967599987983704,0.24000120162960895,False
2009-08-31,5.0,0.0239,0.0239689993858337,-0.6899938583369847,False
2009-08-31,10.0,0.034,0.0371090006828308,-31.090006828307995,False
2009-08-31,30.0,0.0418,0.041592001914978,2.079980850219973,False
2009-09-30,2.0,0.0095,0.00925700008869171,2.4299991130828995,False
2009-09-30,5.0,0.0231,0.0230800008773804,0.19999122619598214,False
2009-09-30,10.0,0.0331,0.0357730007171631,-26.730007171631016,False
2009-09-30,30.0,0.0403,0.0403929996490479,-0.9299964904789515,False
2009-10-31,2.0,0.009000000000000001,0.00904399991035461,-0.4399991035460883,False
2009-10-31,5.0,0.0231,0.0231590008735657,-0.5900087356570244,False
2009-10-31,10.0,0.0341,0.0364610004425049,-23.610004425049027,False
2009-10-31,30.0,0.042300000000000004,0.0424620008468628,-1.6200084686279759,False
2009-11-30,2.0,0.0067,0.0064389997720718396,2.610002279281607,False
2009-11-30,5.0,0.020099999999999996,0.0199779999256134,1.2200007438659468,False
2009-11-30,10.0,0.0321,0.0342109990119934,-21.109990119934015,False
2009-11-30,30.0,0.042,0.042235999107360804,-2.3599910736080143,False
2009-12-31,2.0,0.011399999999999999,0.011405999660491899,-0.05999660491900344,False
2009-12-31,5.0,0.0269,0.0264479994773865,4.520005226134987,False
2009-12-31,10.0,0.0385,0.0401359987258911,-16.359987258911037,False
2009-12-31,30.0,0.0463,0.0460699987411499,2.3000125885010156,False
2010-01-31,2.0,0.008199999999999999,0.00819199979305267,0.08000206947328392,False
2010-01-31,5.0,0.023399999999999997,0.0234739995002747,-0.7399950027470181,False
2010-01-31,10.0,0.0363,0.0378719997406006,-15.719997406005993,False
2010-01-31,30.0,0.0451,0.0449590015411377,1.4099845886229867,False
2010-02-28,2.0,0.008100000000000001,0.00801599979400635,0.840002059936517,False
2010-02-28,5.0,0.023,0.023034999370575,-0.34999370575002076,False
2010-02-28,10.0,0.0361,0.0378010010719299,-17.010010719299,False
2010-02-28,30.0,0.0455,0.0453030014038086,1.9699859619139866,False
2010-03-31,2.0,0.0102,0.00998600006103516,2.139999389648411,False
2010-03-31,5.0,0.0255,0.025643000602722198,-1.430006027221993,False
2010-03-31,10.0,0.0384,0.0394930005073547,-10.930005073547036,False
2010-03-31,30.0,0.0472,0.0467460012435913,4.539987564086967,False
2010-04-30,2.0,0.0097,0.00948199987411499,2.180001258850102,False
2010-04-30,5.0,0.024300000000000002,0.0243969988822937,-0.9699888229369735,False
2010-04-30,10.0,0.0369,0.0377810001373291,-8.810001373290993,False
2010-04-30,30.0,0.0453,0.0449429988861084,3.5700111389160014,False
2010-05-31,2.0,0.0076,0.00783699989318848,-2.369998931884805,False
2010-05-31,5.0,0.021,0.0215289998054504,-5.289998054503996,False
2010-05-31,10.0,0.0331,0.0346449995040894,-15.449995040894004,False
2010-05-31,30.0,0.042199999999999994,0.0420149993896484,1.8500061035159332,False
2010-06-30,2.0,0.0060999999999999995,0.006083999872207641,0.16000127792358682,False
2010-06-30,5.0,0.0179,0.018148000240325902,-2.480002403259032,False
2010-06-30,10.0,0.0297,0.0311680006980896,-14.680006980896005,False
2010-06-30,30.0,0.0391,0.0389790010452271,1.2099895477290374,False
2010-07-31,2.0,0.0055000000000000005,0.00504899978637695,4.510002136230507,False
2010-07-31,5.0,0.016,0.0162890005111694,-2.8900051116939953,False
2010-07-31,10.0,0.0294,0.0304270005226135,-10.270005226135012,False
2010-07-31,30.0,0.0398,0.039742999076843304,0.5700092315669841,False
2010-08-31,2.0,0.004699999999999999,0.0044870001077652,2.1299989223479923,False
2010-08-31,5.0,0.013300000000000001,0.013638999462127701,-3.3899946212770025,False
2010-08-31,10.0,0.024700000000000003,0.025703001022338898,-10.030010223388945,False
2010-08-31,30.0,0.0352,0.0352539992332458,-0.539992332457967,False
2010-09-30,2.0,0.0042,0.0039179998636245696,2.8200013637543018,False
2010-09-30,5.0,0.0127,0.0131149995326996,-4.149995326996007,False
2010-09-30,10.0,0.0253,0.0262930011749268,-9.93001174926799,False
2010-09-30,30.0,0.0369,0.0368939995765686,0.06000423431400115,False
2010-10-31,2.0,0.0034000000000000002,0.00293300002813339,4.669999718666102,False
2010-10-31,5.0,0.011699999999999999,0.0122339999675751,-5.339999675751019,False
2010-10-31,10.0,0.0263,0.027230999469757097,-9.30999469757096,False
2010-10-31,30.0,0.039900000000000005,0.039895999431610096,0.040005683899085875,False
2010-11-30,2.0,0.0045000000000000005,0.00452399998903275,-0.2399998903274917,False
2010-11-30,5.0,0.0147,0.014699000120163,0.009998798369999229,False
2010-11-30,10.0,0.0281,0.029075000286102298,-9.750002861022983,False
2010-11-30,30.0,0.0412,0.0412200021743774,-0.2000217437739954,False
2010-12-31,2.0,0.0060999999999999995,0.005953999757766721,1.4600024223327888,False
2010-12-31,5.0,0.020099999999999996,0.019847999811172502,2.5200018882749404,False
2010-12-31,10.0,0.033,0.0339630007743835,-9.630007743835003,False
2010-12-31,30.0,0.0434,0.043221001625061,1.7899837493900312,False
2011-01-31,2.0,0.0058,0.005543000102043149,2.569998979568503,False
2011-01-31,5.0,0.0195,0.0193379998207092,1.620001792907999,False
2011-01-31,10.0,0.0342,0.0348110008239746,-6.110008239745973,False
2011-01-31,30.0,0.0458,0.0456479978561401,1.5200214385990147,False
2011-02-28,2.0,0.0069,0.00661400020122528,2.859997987747203,False
2011-02-28,5.0,0.0213,0.021127998828887898,1.7200117111210167,False
2011-02-28,10.0,0.0342,0.0348909997940063,-6.909997940062959,False
2011-02-28,30.0,0.0449,0.044783000946044905,1.169990539550969,False
2011-03-31,2.0,0.008,0.0077649998664856,2.3500013351440003,False
2011-03-31,5.0,0.022400000000000003,0.022228000164032,1.7199983596800221,False
2011-03-31,10.0,0.0347,0.0355130004882812,-8.130004882812013,False
2011-03-31,30.0,0.0451,0.0450390005111694,0.6099948883060008,False
2011-04-30,2.0,0.0060999999999999995,0.00580299973487854,2.970002651214599,False
2011-04-30,5.0,0.0197,0.0195229995250702,1.7700047492980042,False
2011-04-30,10.0,0.0332,0.0339969992637634,-7.969992637633997,False
2011-04-30,30.0,0.044000000000000004,0.0440259981155396,-0.2599811553959802,False
2011-05-31,2.0,0.0045000000000000005,0.00441799998283386,0.8200001716614052,False
2011-05-31,5.0,0.0168,0.0165040004253387,2.959995746612994,False
2011-05-31,10.0,0.0305,0.0312739992141724,-7.739992141723995,False
2011-05-31,30.0,0.042199999999999994,0.042232999801635696,-0.329998016357011,False
2011-06-30,2.0,0.0045000000000000005,0.00480800002813339,-3.0800002813338985,False
2011-06-30,5.0,0.0176,0.0172920000553131,3.0799994468690137,False
2011-06-30,10.0,0.0318,0.0327320003509521,-9.32000350952096,False
2011-06-30,30.0,0.0438,0.0437290000915527,0.709999084472987,False
2011-07-31,2.0,0.0036,0.00337900012731552,2.2099987268447974,False
2011-07-31,5.0,0.013500000000000002,0.013241000175476102,2.589998245238999,False
2011-07-31,10.0,0.0282,0.028794999122619597,-5.949991226195974,False
2011-07-31,30.0,0.0412,0.040995998382568406,2.040016174315942,False
2011-08-31,2.0,0.002,0.00189600005745888,1.0399994254112004,False
2011-08-31,5.0,0.0096,0.009617999792099,-0.1799979209900042,False
2011-08-31,10.0,0.0223,0.023011999130249,-7.119991302490004,False
2011-08-31,30.0,0.036000000000000004,0.0361129999160767,-1.1299991607669617,False
2011-09-30,2.0,0.0025,0.00285299986600876,-3.5299986600876005,False
2011-09-30,5.0,0.0096,0.00945299983024597,1.4700016975402983,False
2011-09-30,10.0,0.0192,0.0199790000915527,-7.790000915527013,False
2011-09-30,30.0,0.028999999999999998,0.0292440009117126,-2.4400091171260243,False
2011-10-31,2.0,0.0025,0.0024539999663829803,0.4600003361701979,False
2011-10-31,5.0,0.009899999999999999,0.0100999999046326,-1.9999990463260078,False
2011-10-31,10.0,0.0217,0.0222510004043579,-5.510004043579007,False
2011-10-31,30.0,0.0316,0.0316109991073608,-0.10999107360798455,False
2011-11-30,2.0,0.0025,0.0024770000576973,0.22999942302699955,False
2011-11-30,5.0,0.0096,0.0097680002450943,-1.6800024509430052,False
2011-11-30,10.0,0.0208,0.021324000358581497,-5.24000358581498,False
2011-11-30,30.0,0.030600000000000002,0.030511999130249,0.8800086975100165,False
2011-12-31,2.0,0.0025,0.0024250000715255703,0.7499992847442979,False
2011-12-31,5.0,0.0083,0.00871900022029877,-4.1900022029876975,False
2011-12-31,10.0,0.0189,0.019239000082016,-3.3900008201600067,False
2011-12-31,30.0,0.028900000000000002,0.028798999786377,1.0100021362300162,False
2012-01-31,2.0,0.0022,0.0018840000033378602,3.1599999666213994,False
2012-01-31,5.0,0.0070999999999999995,0.00738699972629547,-2.869997262954704,False
2012-01-31,10.0,0.0183,0.0184049999713898,-1.049999713897999,False
2012-01-31,30.0,0.0294,0.0291120004653931,2.8799953460689753,False
2012-02-29,2.0,0.003,0.0029539999365806604,0.46000063419339693,False
2012-02-29,5.0,0.0087,0.00899900019168854,-2.990001916885407,False
2012-02-29,10.0,0.019799999999999998,0.0199269998073578,-1.2699980735780132,False
2012-02-29,30.0,0.0308,0.0304620003700256,3.3799962997440107,False
2012-03-31,2.0,0.0033,0.0035299998521804796,-2.2999985218047967,False
2012-03-31,5.0,0.0104,0.0107720005512238,-3.7200055122380005,False
2012-03-31,10.0,0.0223,0.0226489996910095,-3.4899969100949875,False
2012-03-31,30.0,0.0335,0.0330830001831055,4.169998168945047,False
2012-04-30,2.0,0.0027,0.0026699998974800097,0.30000102519990407,False
2012-04-30,5.0,0.008199999999999999,0.00850899994373322,-3.0899994373322084,False
2012-04-30,10.0,0.0195,0.0196329998970032,-1.3299989700319912,False
2012-04-30,30.0,0.031200000000000002,0.0308430004119873,3.569995880127012,False
2012-05-31,2.0,0.0027,0.0027979999780654904,-0.9799997806549023,False
2012-05-31,5.0,0.0067,0.006995999813079829,-2.9599981307982905,False
2012-05-31,10.0,0.0159,0.015740000009536702,1.5999999046329914,False
2012-05-31,30.0,0.026699999999999998,0.026421000957489,2.789990425109967,False
2012-06-30,2.0,0.0033,0.0032150000333785998,0.8499996662140021,False
2012-06-30,5.0,0.0072,0.0076700001955032305,-4.700001955032307,False
2012-06-30,10.0,0.0167,0.016632000207901,0.6799979209900011,False
2012-06-30,30.0,0.0276,0.0271799993515015,4.200006484984982,False
2012-07-31,2.0,0.0023,0.00212599992752075,1.7400007247925013,False
2012-07-31,5.0,0.006,0.00624499976634979,-2.4499976634979013,False
2012-07-31,10.0,0.0151,0.015125000476837201,-0.25000476837200647,False
2012-07-31,30.0,0.0256,0.025262000560760497,3.3799943923950444,False
2012-08-31,2.0,0.0022,0.0021119999885559097,0.8800001144409044,False
2012-08-31,5.0,0.0059,0.006306999921798711,-4.06999921798711,False
2012-08-31,10.0,0.015700000000000002,0.0156579995155334,0.4200048446660262,False
2012-08-31,30.0,0.0268,0.026247000694274897,5.529993057251034,False
2012-09-30,2.0,0.0023,0.0022079999744892102,0.9200002551078973,False
2012-09-30,5.0,0.0062,0.00649200022220612,-2.9200022220612043,False
2012-09-30,10.0,0.0165,0.0162849998474121,2.1500015258790057,False
2012-09-30,30.0,0.0282,0.0274399995803833,7.600004196166993,False
2012-10-31,2.0,0.003,0.0027930000424385096,2.0699995756149043,False
2012-10-31,5.0,0.0072,0.007508000135421749,-3.0800013542174947,False
2012-10-31,10.0,0.0172,0.017038999795913702,1.610002040862979,False
2012-10-31,30.0,0.0285,0.0278740000724792,6.259999275208019,False
2012-11-30,2.0,0.0025,0.0023860000073909803,1.1399999260901976,False
2012-11-30,5.0,0.0060999999999999995,0.00656300008296967,-4.630000829696701,False
2012-11-30,10.0,0.016200000000000003,0.0160099995136261,1.9000048637390217,False
2012-11-30,30.0,0.0281,0.027493999004364,6.0600099563599965,False
2012-12-31,2.0,0.0025,0.00248600006103516,0.13999938964840125,False
2012-12-31,5.0,0.0072,0.0074989998340606705,-2.9899983406067068,False
2012-12-31,10.0,0.0178,0.0176059997081757,1.9400029182430056,False
2012-12-31,30.0,0.029500000000000002,0.0287430000305176,7.569999694824019,False
2013-01-31,2.0,0.0027,0.0026199999451637303,0.8000005483626985,False
2013-01-31,5.0,0.0088,0.00890500009059906,-1.050000905990587,False
2013-01-31,10.0,0.0202,0.0200859999656677,1.1400003433230042,False
2013-01-31,30.0,0.0317,0.030922999382019,7.770006179809997,False
2013-02-28,2.0,0.0025,0.00232600003480911,1.739999651908901,False
2013-02-28,5.0,0.0077,0.007839000225067139,-1.3900022506713876,False
2013-02-28,10.0,0.0189,0.018896000385284398,0.03999614715602395,False
2013-02-28,30.0,0.031,0.030385999679565397,6.140003204346025,False
2013-03-31,2.0,0.0025,0.0023989999294281,1.0100007057189986,False
2013-03-31,5.0,0.0077,0.007803999781608581,-1.0399978160858039,False
2013-03-31,10.0,0.0187,0.0185870003700256,1.1299962997440156,False
2013-03-31,30.0,0.031,0.0305710005760193,4.289994239807006,False
2013-04-30,2.0,0.0022,0.0020049999654293098,1.9500003457069035,False
2013-04-30,5.0,0.0068000000000000005,0.006844000220298771,-0.44000220298770315,False
2013-04-30,10.0,0.017,0.0168509995937347,1.4900040626530249,False
2013-04-30,30.0,0.0288,0.028390998840332,4.090011596680002,False
2013-05-31,2.0,0.003,0.00317900002002716,-1.7900002002715996,False
2013-05-31,5.0,0.0105,0.0104480004310608,0.5199956893920006,False
2013-05-31,10.0,0.0216,0.021719999313354502,-1.1999931335450118,False
2013-05-31,30.0,0.033,0.0325460004806519,4.539995193481028,False
2013-06-30,2.0,0.0036,0.00386500000953674,-2.6500000953673992,False
2013-06-30,5.0,0.0141,0.013980000019073499,1.199999809265006,False
2013-06-30,10.0,0.0252,0.0254999995231628,-2.9999952316279996,False
2013-06-30,30.0,0.0352,0.034539999961853,6.600000381470003,False
2013-07-31,2.0,0.0031,0.00325199991464615,-1.5199991464614993,False
2013-07-31,5.0,0.0138,0.0137590003013611,0.409996986389001,False
2013-07-31,10.0,0.026000000000000002,0.0264369988441467,-4.36998844146698,False
2013-07-31,30.0,0.0364,0.035815000534057596,5.849994659424055,False
2013-08-31,2.0,0.0039000000000000003,0.00427500009536743,-3.7500009536743,False
2013-08-31,5.0,0.016200000000000003,0.016227999925613402,-0.279999256133992,False
2013-08-31,10.0,0.0278,0.0282999992370605,-4.999992370605007,False
2013-08-31,30.0,0.037000000000000005,0.036768000125885,2.3199987411500618,False
2013-09-30,2.0,0.0033,0.0033840000629425,-0.8400006294250004,False
2013-09-30,5.0,0.0139,0.0140369999408722,-1.3699994087220009,False
2013-09-30,10.0,0.0264,0.026761999130249,-3.6199913024900083,False
2013-09-30,30.0,0.0369,0.036849000453949,0.5099954605099905,False
2013-10-31,2.0,0.0031,0.00317699998617172,-0.7699998617172015,False
2013-10-31,5.0,0.0131,0.013229999542236298,-1.2999954223629797,False
2013-10-31,10.0,0.025699999999999997,0.0260599994659424,-3.5999946594240244,False
2013-10-31,30.0,0.0363,0.0361949992179871,1.050007820128998,False
2013-11-30,2.0,0.0028000000000000004,0.0028990000486373902,-0.9900004863738981,False
2013-11-30,5.0,0.0137,0.0138329994678497,-1.3299946784969991,False
2013-11-30,10.0,0.0275,0.0280369997024536,-5.369997024535985,False
2013-11-30,30.0,0.0382,0.037869000434875504,3.309995651244943,False
2013-12-31,2.0,0.0038,0.00395099997520447,-1.509999752044703,False
2013-12-31,5.0,0.0175,0.0173810005187988,1.1899948120120198,False
2013-12-31,10.0,0.0304,0.0308260011672974,-4.260011672974004,False
2013-12-31,30.0,0.039599999999999996,0.0394190001487732,1.8099985122679851,False
2014-01-31,2.0,0.0034000000000000002,0.00347299993038177,-0.729999303817697,False
2014-01-31,5.0,0.0149,0.015112999677658102,-2.1299967765810166,False
2014-01-31,10.0,0.026699999999999998,0.0272180008888245,-5.180008888245012,False
2014-01-31,30.0,0.0361,0.0358920001983643,2.0799980163570266,False
2014-02-28,2.0,0.0033,0.0033910000324249303,-0.910000324249303,False
2014-02-28,5.0,0.0151,0.015211000442504901,-1.1100044250490075,False
2014-02-28,10.0,0.026600000000000002,0.0270029997825623,-4.029997825622973,False
2014-02-28,30.0,0.0359,0.0357940006256104,1.0599937438959817,False
2014-03-31,2.0,0.0044,0.00438899993896484,0.11000061035160158,False
2014-03-31,5.0,0.0173,0.0174140000343323,-1.1400003433230042,False
2014-03-31,10.0,0.0273,0.0277300000190735,-4.300000190734996,False
2014-03-31,30.0,0.0356,0.0356459999084473,-0.4599990844730145,False
2014-04-30,2.0,0.0042,0.00424100011587143,-0.41000115871429876,False
2014-04-30,5.0,0.0169,0.0169809997081757,-0.8099970817570037,False
2014-04-30,10.0,0.026699999999999998,0.0270619988441467,-3.619988441467027,False
2014-04-30,30.0,0.0347,0.0346129989624023,0.87001037597699,False
2014-05-31,2.0,0.0037,0.00384999990463257,-1.4999990463256987,False
2014-05-31,5.0,0.0154,0.0154789996147156,-0.7899961471559934,False
2014-05-31,10.0,0.0248,0.0250999999046326,-2.9999990463260016,False
2014-05-31,30.0,0.0333,0.033231999874115,0.6800012588500243,False
2014-06-30,2.0,0.004699999999999999,0.00453999996185303,1.600000381469695,False
2014-06-30,5.0,0.016200000000000003,0.0162860000133514,-0.8600001335139912,False
2014-06-30,10.0,0.0253,0.0256240010261536,-3.2400102615360096,False
2014-06-30,30.0,0.0334,0.0334019994735718,-0.01999473571802357,False
2014-07-31,2.0,0.0053,0.005480999946594241,-1.8099994659424075,False
2014-07-31,5.0,0.0176,0.0178709995746613,-2.7099957466129867,False
2014-07-31,10.0,0.0258,0.026105999946594197,-3.0599994659419663,False
2014-07-31,30.0,0.0332,0.0332010006904602,-0.010006904601969624,False
2014-08-31,2.0,0.0048,0.00526300013065338,-4.630001306533804,False
2014-08-31,5.0,0.0163,0.0165470004081726,-2.470004081726006,False
2014-08-31,10.0,0.0235,0.0239039993286133,-4.039993286132984,False
2014-08-31,30.0,0.030899999999999997,0.030945999622345,-0.4599962234500335,False
2014-09-30,2.0,0.0058,0.00616199970245361,-3.6199970245361004,False
2014-09-30,5.0,0.0178,0.0181099998950958,-3.0999989509580135,False
2014-09-30,10.0,0.0252,0.0255769991874695,-3.769991874695011,False
2014-09-30,30.0,0.0321,0.0321140003204346,-0.14000320434602587,False
2014-10-31,2.0,0.005,0.00537999987602234,-3.7999987602233953,False
2014-10-31,5.0,0.016200000000000003,0.0165550005435944,-3.5500054359439632,False
2014-10-31,10.0,0.0235,0.024045000076293902,-5.450000762939021,False
2014-10-31,30.0,0.030699999999999998,0.0308080005645752,-1.0800056457520302,False
2014-11-30,2.0,0.004699999999999999,0.00494899988174438,-2.4899988174438037,False
2014-11-30,5.0,0.0149,0.0152699995040894,-3.6999950408939974,False
2014-11-30,10.0,0.0218,0.022255001068115197,-4.550010681151975,False
2014-11-30,30.0,0.028900000000000002,0.029091999530792202,-1.9199953079220011,False
2014-12-31,2.0,0.0067,0.00705900013446808,-3.5900013446807986,False
2014-12-31,5.0,0.0165,0.0167719995975494,-2.7199959754940077,False
2014-12-31,10.0,0.0217,0.022097001075744596,-3.970010757445956,False
2014-12-31,30.0,0.0275,0.0277419996261597,-2.4199962615970017,False
2015-01-31,2.0,0.004699999999999999,0.00488499999046326,-1.849999904632608,False
2015-01-31,5.0,0.0118,0.0121420001983643,-3.42000198364301,False
2015-01-31,10.0,0.0168,0.017474999427795398,-6.749994277953989,False
2015-01-31,30.0,0.0225,0.0227439999580383,-2.439999580382997,False
2015-02-28,2.0,0.0063,0.0066130000352859495,-3.1300003528594944,False
2015-02-28,5.0,0.015,0.0153289997577667,-3.2899975776670005,False
2015-02-28,10.0,0.02,0.0206489992141724,-6.489992141723993,False
2015-02-28,30.0,0.026000000000000002,0.0263129997253418,-3.1299972534179834,False
2015-03-31,2.0,0.005600000000000001,0.00582300007343292,-2.2300007343291957,False
2015-03-31,5.0,0.0137,0.0140269994735718,-3.269994735717995,False
2015-03-31,10.0,0.0194,0.0198689997196198,-4.689997196197989,False
2015-03-31,30.0,0.0254,0.0258559989929199,-4.559989929199017,False
2015-04-30,2.0,0.0058,0.00605799973011017,-2.5799973011017032,False
2015-04-30,5.0,0.0143,0.014579999446868901,-2.799994468689008,False
2015-04-30,10.0,0.020499999999999997,0.021024000644683797,-5.240006446837995,False
2015-04-30,30.0,0.0275,0.027959001064300503,-4.59001064300503,False
2015-05-31,2.0,0.0060999999999999995,0.00630999982357025,-2.0999982357025084,False
2015-05-31,5.0,0.0149,0.015104000568389899,-2.040005683898987,False
2015-05-31,10.0,0.0212,0.0218910002708435,-6.910002708435011,False
2015-05-31,30.0,0.0288,0.0295429992675781,-7.429992675780997,False
2015-06-30,2.0,0.0064,0.00662999987602234,-2.2999987602233958,False
2015-06-30,5.0,0.0163,0.016599999666214,-2.999996662140028,False
2015-06-30,10.0,0.0235,0.024040000438690198,-5.400004386901975,False
2015-06-30,30.0,0.0311,0.031981999874115,-8.819998741150005,False
2015-07-31,2.0,0.0067,0.0067849999666214,-0.8499996662139977,False
2015-07-31,5.0,0.0154,0.0157019996643066,-3.0199966430660004,False
2015-07-31,10.0,0.022000000000000002,0.0222839999198914,-2.839999198913992,False
2015-07-31,30.0,0.0292,0.0300550007820129,-8.550007820129006,False
2015-08-31,2.0,0.0074,0.00769599974155426,-2.9599974155425977,False
2015-08-31,5.0,0.0154,0.015995999574661298,-5.959995746612975,False
2015-08-31,10.0,0.022099999999999998,0.0226259994506836,-5.259994506836008,False
2015-08-31,30.0,0.029500000000000002,0.0300570011138916,-5.57001113891599,False
2015-09-30,2.0,0.0064,0.006529999971389771,-1.2999997138977026,False
2015-09-30,5.0,0.0137,0.014092999696731601,-3.92999696731601,False
2015-09-30,10.0,0.0206,0.0209540009498596,-3.5400094985960084,False
2015-09-30,30.0,0.0287,0.0295050001144409,-8.050001144409013,False
2015-10-31,2.0,0.0075,0.007624999880790711,-1.2499988079071096,False
2015-10-31,5.0,0.0152,0.0156369996070862,-4.369996070861994,False
2015-10-31,10.0,0.0216,0.0220110011100769,-4.110011100769001,False
2015-10-31,30.0,0.029300000000000003,0.0297429990768433,-4.429990768432986,False
2015-11-30,2.0,0.009399999999999999,0.00963500022888184,-2.350002288818414,False
2015-11-30,5.0,0.0165,0.0168949997425079,-3.9499974250789895,False
2015-11-30,10.0,0.022099999999999998,0.0227880001068115,-6.880001068115018,False
2015-11-30,30.0,0.0298,0.0304169988632202,-6.169988632202007,False
2015-12-31,2.0,0.0106,0.0107650005817413,-1.6500058174129943,False
2015-12-31,5.0,0.0176,0.0178709995746613,-2.7099957466129867,False
2015-12-31,10.0,0.0227,0.0234360003471375,-7.360003471374998,False
2015-12-31,30.0,0.0301,0.0306909990310669,-5.909990310669008,False
2016-01-31,2.0,0.0076,0.00805999994277954,-4.599999427795402,False
2016-01-31,5.0,0.013300000000000001,0.013691999912262,-3.919999122619991,False
2016-01-31,10.0,0.0194,0.019889999628067,-4.899996280669991,False
2016-01-31,30.0,0.0275,0.0281859993934631,-6.859993934630985,False
2016-02-29,2.0,0.0078000000000000005,0.00790799975395203,-1.0799975395202939,False
2016-02-29,5.0,0.012199999999999999,0.0126419997215271,-4.419997215271004,False
2016-02-29,10.0,0.0174,0.018144999742507897,-7.449997425078986,False
2016-02-29,30.0,0.026099999999999998,0.0267449998855591,-6.44999885559102,False
2016-03-31,2.0,0.0073,0.0073360002040863004,-0.36000204086300386,False
2016-03-31,5.0,0.0121,0.0124210000038147,-3.2100000381470037,False
2016-03-31,10.0,0.0178,0.0182939994335175,-4.939994335175016,False
2016-03-31,30.0,0.026099999999999998,0.026975998878479,-8.759988784790007,False
2016-04-30,2.0,0.0077,0.00765600025653839,0.4399974346161028,False
2016-04-30,5.0,0.0128,0.013095999956131,-2.9599995613099894,False
2016-04-30,10.0,0.0183,0.0186539995670319,-3.539995670319013,False
2016-04-30,30.0,0.026600000000000002,0.0272550010681152,-6.550010681151964,False
2016-05-31,2.0,0.0087,0.00883400022983551,-1.3400022983551043,False
2016-05-31,5.0,0.0137,0.014005000591278101,-3.0500059127810086,False
2016-05-31,10.0,0.0184,0.018889000415802,-4.8900041580200035,False
2016-05-31,30.0,0.0264,0.027102999687194804,-7.029996871948038,False
2016-06-30,2.0,0.0058,0.00595600008964539,-1.5600008964539083,False
2016-06-30,5.0,0.0101,0.010336999893188502,-2.3699989318850223,False
2016-06-30,10.0,0.0149,0.0151510000228882,-2.510000228881995,False
2016-06-30,30.0,0.023,0.023910000324249298,-9.100003242492987,False
2016-07-31,2.0,0.0067,0.0066430002450943,0.5699975490569987,False
2016-07-31,5.0,0.0103,0.010514999628067002,-2.1499962806700164,False
2016-07-31,10.0,0.0146,0.0148199999332428,-2.1999993324279923,False
2016-07-31,30.0,0.0218,0.022816998958587603,-10.169989585876033,False
2016-08-31,2.0,0.008,0.008144000172615051,-1.4400017261505076,False
2016-08-31,5.0,0.011899999999999999,0.0123169994354248,-4.169994354248016,False
2016-08-31,10.0,0.0158,0.0160989999771118,-2.989999771117989,False
2016-08-31,30.0,0.0223,0.023081998825073204,-7.819988250732032,False
2016-09-30,2.0,0.0077,0.00783399999141693,-1.3399999141693042,False
2016-09-30,5.0,0.011399999999999999,0.011904000043869,-5.040000438690014,False
2016-09-30,10.0,0.016,0.016311000585556,-3.110005855559983,False
2016-09-30,30.0,0.0232,0.0238849997520447,-6.84999752044703,False
2016-10-31,2.0,0.0086,0.008715000152587889,-1.1500015258788903,False
2016-10-31,5.0,0.0131,0.0136129999160767,-5.12999916076699,False
2016-10-31,10.0,0.0184,0.0186819994449615,-2.819994449614997,False
2016-10-31,30.0,0.0258,0.0264709997177124,-6.709997177123984,False
2016-11-30,2.0,0.0111,0.011440000534057599,-3.4000053405759854,False
2016-11-30,5.0,0.0183,0.0189370000362396,-6.370000362396003,False
2016-11-30,10.0,0.023700000000000002,0.0243530011177063,-6.530011177062963,False
2016-11-30,30.0,0.0302,0.0309730005264282,-7.73000526428199,False
2016-12-31,2.0,0.012,0.0120309996604919,-0.3099966049189933,False
2016-12-31,5.0,0.019299999999999998,0.0196819996833801,-3.819996833801034,False
2016-12-31,10.0,0.0245,0.0251189994812012,-6.18999481201199,False
2016-12-31,30.0,0.030600000000000002,0.0315089988708496,-9.08998870849595,False
2017-01-31,2.0,0.011899999999999999,0.0119959998130798,-0.9599981307980079,False
2017-01-31,5.0,0.019,0.0194860005378723,-4.860005378722991,False
2017-01-31,10.0,0.0245,0.0249119997024536,-4.1199970245359845,False
2017-01-31,30.0,0.0305,0.0312619996070862,-7.619996070862001,False
2017-02-28,2.0,0.012199999999999999,0.012380000352859499,-1.8000035285949991,False
2017-02-28,5.0,0.0189,0.019326000213623,-4.260002136230005,False
2017-02-28,10.0,0.0236,0.024086000919342,-4.860009193420021,False
2017-02-28,30.0,0.0297,0.030478999614715598,-7.789996147155969,False
2017-03-31,2.0,0.0127,0.0128159999847412,-1.1599998474120035,False
2017-03-31,5.0,0.019299999999999998,0.0195969998836517,-2.9699988365170307,False
2017-03-31,10.0,0.024,0.024412000179290797,-4.120001792907966,False
2017-03-31,30.0,0.0302,0.0310829997062683,-8.829997062682997,False
2017-04-30,2.0,0.0128,0.0128110003471375,-0.11000347137499894,False
2017-04-30,5.0,0.0181,0.0184210002422333,-3.2100024223329777,False
2017-04-30,10.0,0.0229,0.0232489991188049,-3.489991188048991,False
2017-04-30,30.0,0.0296,0.0303949999809265,-7.949999809264973,False
2017-05-31,2.0,0.0128,0.0128740000724792,-0.7400007247919914,False
2017-05-31,5.0,0.0175,0.0178519999980927,-3.5199999809269746,False
2017-05-31,10.0,0.022099999999999998,0.0224300003051758,-3.3000030517580172,False
2017-05-31,30.0,0.0287,0.0293470001220703,-6.470001220703001,False
2017-06-30,2.0,0.0138,0.013983000516891499,-1.8300051689149923,False
2017-06-30,5.0,0.0189,0.0189699995517731,-0.6999955177310058,False
2017-06-30,10.0,0.0231,0.0233310008049011,-2.3100080490110266,False
2017-06-30,30.0,0.028399999999999998,0.0290590000152588,-6.5900001525880105,False
2017-07-31,2.0,0.0134,0.0136039996147156,-2.0399961471559944,False
2017-07-31,5.0,0.0184,0.018503999710083,-1.039997100829998,False
2017-07-31,10.0,0.023,0.023224000930786103,-2.2400093078610297,False
2017-07-31,30.0,0.028900000000000002,0.0295020008087158,-6.020008087157976,False
2017-08-31,2.0,0.013300000000000001,0.013264000415802,0.3599958419800084,False
2017-08-31,5.0,0.017,0.0172399997711182,-2.399997711181982,False
2017-08-31,10.0,0.0212,0.0213940000534058,-1.9400005340580035,False
2017-08-31,30.0,0.0273,0.0278029990196228,-5.02999019622797,False
2017-09-30,2.0,0.0147,0.014852000474929801,-1.5200047492980144,False
2017-09-30,5.0,0.0192,0.019365999698638902,-1.6599969863890367,False
2017-09-30,10.0,0.0233,0.0234349989891052,-1.349989891051978,False
2017-09-30,30.0,0.0286,0.029149000644683797,-5.490006446837968,False
2017-10-31,2.0,0.016,0.0160140001773834,-0.1400017738339976,False
2017-10-31,5.0,0.020099999999999996,0.0201990008354187,-0.9900083541870484,False
2017-10-31,10.0,0.023799999999999998,0.023840000629425,-0.4000062942500007,False
2017-10-31,30.0,0.0288,0.0292750000953674,-4.750000953674012,False
2017-11-30,2.0,0.0178,0.0179639995098114,-1.6399950981139944,False
2017-11-30,5.0,0.021400000000000002,0.021477999687194802,-0.7799968719479979,False
2017-11-30,10.0,0.0242,0.024407000541687,-2.0700054168699964,False
2017-11-30,30.0,0.028300000000000002,0.0288369989395142,-5.369989395141994,False
2017-12-31,2.0,0.0189,0.0189260005950928,-0.2600059509279967,False
2017-12-31,5.0,0.022000000000000002,0.0219440007209778,0.559992790222022,False
2017-12-31,10.0,0.024,0.0242630004882812,-2.6300048828119955,False
2017-12-31,30.0,0.0274,0.027916998863220202,-5.169988632202013,False
2018-01-31,2.0,0.021400000000000002,0.0215249991416931,-1.2499914169309887,False
2018-01-31,5.0,0.0252,0.0252839994430542,-0.8399944305419876,False
2018-01-31,10.0,0.027200000000000002,0.0272490000724792,-0.4900007247919669,False
2018-01-31,30.0,0.029500000000000002,0.0297009992599487,-2.009992599486983,False
2018-02-28,2.0,0.0225,0.0227290010452271,-2.2900104522709936,False
2018-02-28,5.0,0.0265,0.0265809988975525,-0.8099889755249987,False
2018-02-28,10.0,0.0287,0.028928999900817903,-2.2899990081790347,False
2018-02-28,30.0,0.0313,0.0316339993476868,-3.339993476867975,False
2018-03-31,2.0,0.0227,0.022822999954223603,-1.2299995422360155,False
2018-03-31,5.0,0.0256,0.025715000629425,-1.1500062942499876,False
2018-03-31,10.0,0.0274,0.0274259996414185,-0.2599964141850042,False
2018-03-31,30.0,0.0297,0.0299959993362427,-2.959993362426985,False
2018-04-30,2.0,0.024900000000000002,0.0249729990959167,-0.7299909591669886,False
2018-04-30,5.0,0.0279,0.028055000305175798,-1.550003051757967,False
2018-04-30,10.0,0.029500000000000002,0.0294449996948242,0.5500030517580079,False
2018-04-30,30.0,0.0311,0.0311150002479553,-0.15000247955299778,False
2018-05-31,2.0,0.024,0.024254000186920203,-2.540001869202023,False
2018-05-31,5.0,0.0268,0.0269370007514954,-1.3700075149539885,False
2018-05-31,10.0,0.028300000000000002,0.028347001075744598,-0.47001075744596,False
2018-05-31,30.0,0.03,0.030114998817443797,-1.1499881744379825,False
2018-06-30,2.0,0.0252,0.0253340005874634,-1.3400058746339956,False
2018-06-30,5.0,0.0273,0.027418000698089598,-1.180006980895966,False
2018-06-30,10.0,0.0285,0.028712000846862804,-2.1200084686280247,False
2018-06-30,30.0,0.0298,0.0296620011329651,1.3799886703489903,False
2018-07-31,2.0,0.026699999999999998,0.026772999763488802,-0.729997634888041,False
2018-07-31,5.0,0.0285,0.0284899997711182,0.10000228881801992,False
2018-07-31,10.0,0.0296,0.0296280002593994,-0.2800025939939804,False
2018-07-31,30.0,0.0308,0.0308030009269714,-0.030009269713984765,False
2018-08-31,2.0,0.0262,0.026340999603271503,-1.409996032715015,False
2018-08-31,5.0,0.0274,0.0275699996948242,-1.6999969482419872,False
2018-08-31,10.0,0.0286,0.0286409997940063,-0.40999794006298107,False
2018-08-31,30.0,0.0302,0.030229001045227098,-0.29001045227097094,False
2018-09-30,2.0,0.0281,0.0281730008125305,-0.7300081253050137,False
2018-09-30,5.0,0.0294,0.0294919991493225,-0.9199914932250114,False
2018-09-30,10.0,0.0305,0.030566999912262,-0.6699991226200019,False
2018-09-30,30.0,0.0319,0.0319350004196167,-0.35000419616702805,False
2018-10-31,2.0,0.0287,0.0287800002098083,-0.8000020980829942,False
2018-10-31,5.0,0.0298,0.0299990010261536,-1.9900102615360085,False
2018-10-31,10.0,0.0315,0.0315939998626709,-0.9399986267089738,False
2018-10-31,30.0,0.0339,0.0339840006828308,-0.8400068283079959,False
2018-11-30,2.0,0.027999999999999997,0.0281139993667603,-1.1399936676030273,False
2018-11-30,5.0,0.028399999999999998,0.0286800003051758,-2.800003051758003,False
2018-11-30,10.0,0.0301,0.030139000415802003,-0.3900041580200478,False
2018-11-30,30.0,0.033,0.0330859994888306,-0.8599948883059733,False
2018-12-31,2.0,0.0248,0.0250279998779297,-2.2799987792970073,False
2018-12-31,5.0,0.025099999999999997,0.0252119994163513,-1.1199941635130217,False
2018-12-31,10.0,0.0269,0.027019000053405802,-1.1900005340580166,False
2018-12-31,30.0,0.0302,0.030645000934600798,-4.45000934600797,False
2019-01-31,2.0,0.0245,0.0246119999885559,-1.1199998855589839,False
2019-01-31,5.0,0.024300000000000002,0.024556000232696502,-2.5600023269650025,False
2019-01-31,10.0,0.0263,0.0262360000610352,0.6399993896480036,False
2019-01-31,30.0,0.029900000000000003,0.030409998893737803,-5.099988937378002,False
2019-02-28,2.0,0.0252,0.0252110004425049,-0.1100044250490137,False
2019-02-28,5.0,0.0252,0.025604000091552698,-4.040000915526976,False
2019-02-28,10.0,0.0273,0.027302000522613497,-0.020005226134961474,False
2019-02-28,30.0,0.030899999999999997,0.0313529992103577,-4.52999210357706,False
2019-03-31,2.0,0.0227,0.022822999954223603,-1.2299995422360155,False
2019-03-31,5.0,0.0223,0.0225279998779297,-2.2799987792970073,False
2019-03-31,10.0,0.0241,0.024166998863220202,-0.6699886322020232,False
2019-03-31,30.0,0.0281,0.0285960006713867,-4.9600067138669965,False
2019-04-30,2.0,0.0227,0.0227040004730225,-0.04000473022500173,False
2019-04-30,5.0,0.022799999999999997,0.0229949998855591,-1.94999885559103,False
2019-04-30,10.0,0.025099999999999997,0.025204999446868902,-1.0499944686890443,False
2019-04-30,30.0,0.029300000000000003,0.0298309993743896,-5.309993743895965,False
2019-05-31,2.0,0.0195,0.0196809995174408,-1.8099951744079967,False
2019-05-31,5.0,0.019299999999999998,0.0195420002937317,-2.420002937317013,False
2019-05-31,10.0,0.021400000000000002,0.021580998897552498,-1.8099889755249579,False
2019-05-31,30.0,0.0258,0.0263420009613037,-5.420009613037006,False
2019-06-30,2.0,0.0175,0.0177260005474091,-2.260005474090977,False
2019-06-30,5.0,0.0176,0.017775000333785998,-1.750003337859969,False
2019-06-30,10.0,0.02,0.0201419997215271,-1.4199972152709877,False
2019-06-30,30.0,0.0252,0.0259299993515015,-7.299993515015,False
2019-07-31,2.0,0.0189,0.0190450000762939,-1.4500007629390104,False
2019-07-31,5.0,0.0184,0.0185640001296997,-1.6400012969969984,False
2019-07-31,10.0,0.0202,0.0202099990844727,-0.09999084472699787,False
2019-07-31,30.0,0.0253,0.0259380006790161,-6.380006790161,False
2019-08-31,2.0,0.015,0.0153559994697571,-3.5599946975710046,False
2019-08-31,5.0,0.0139,0.014086999893188502,-1.8699989318850252,False
2019-08-31,10.0,0.015,0.0152359998226166,-2.3599982261660046,False
2019-08-31,30.0,0.0196,0.020301001071929902,-7.010010719299027,False
2019-09-30,2.0,0.0163,0.0166439998149872,-3.4399981498720034,False
2019-09-30,5.0,0.0155,0.015719000101089498,-2.1900010108949832,False
2019-09-30,10.0,0.0168,0.0169509994983673,-1.5099949836730118,False
2019-09-30,30.0,0.0212,0.021907999515533398,-7.079995155333981,False
2019-10-31,2.0,0.0152,0.0154849994182587,-2.849994182586996,False
2019-10-31,5.0,0.0151,0.015371999740600599,-2.719997406005984,False
2019-10-31,10.0,0.0169,0.017026000022888198,-1.260000228881994,False
2019-10-31,30.0,0.0217,0.0223169994354248,-6.169994354248004,False
2019-11-30,2.0,0.0161,0.0164869999885559,-3.869999885558993,False
2019-11-30,5.0,0.016200000000000003,0.016545000076293902,-3.4500007629389984,False
2019-11-30,10.0,0.0178,0.0180809998512268,-2.809998512268014,False
2019-11-30,30.0,0.022099999999999998,0.0225270009040833,-4.270009040833016,False
2019-12-31,2.0,0.0158,0.0160080003738403,-2.0800037384029886,False
2019-12-31,5.0,0.0169,0.0171459996700287,-2.4599967002870287,False
2019-12-31,10.0,0.0192,0.0195500004291534,-3.500004291534034,False
2019-12-31,30.0,0.0239,0.0244980001449585,-5.980001449584979,False
2020-01-31,2.0,0.013300000000000001,0.0134730005264282,-1.7300052642819919,False
2020-01-31,5.0,0.0132,0.0132990002632141,-0.9900026321409995,False
2020-01-31,10.0,0.0151,0.0152550005912781,-1.5500059127810002,False
2020-01-31,30.0,0.0199,0.0208540010452271,-9.540010452270993,False
2020-02-29,2.0,0.0086,0.00885299980640411,-2.5299980640411044,False
2020-02-29,5.0,0.0089,0.00922999978065491,-3.299997806549097,False
2020-02-29,10.0,0.0113,0.011444000005721999,-1.440000057219993,False
2020-02-29,30.0,0.0165,0.0175720000267029,-10.720000267029004,False
2020-03-31,2.0,0.0023,0.0027700001001357997,-4.700001001357998,False
2020-03-31,5.0,0.0037,0.00449600011110306,-7.960001111030597,False
2020-03-31,10.0,0.006999999999999999,0.0077890002727508505,-7.890002727508512,False
2020-03-31,30.0,0.013500000000000002,0.014848999977111801,-13.489999771117995,False
2020-04-30,2.0,0.002,0.00216000005602837,-1.6000005602836986,False
2020-04-30,5.0,0.0036,0.0039770001173019395,-3.770001173019396,False
2020-04-30,10.0,0.0064,0.006905000209808349,-5.050002098083489,False
2020-04-30,30.0,0.0128,0.0140550005435944,-12.550005435943996,False
2020-05-31,2.0,0.0016,0.0017430000007152599,-1.4300000071525978,False
2020-05-31,5.0,0.003,0.00335599988698959,-3.559998869895899,False
2020-05-31,10.0,0.006500000000000001,0.0067769998311996505,-2.769998311996499,False
2020-05-31,30.0,0.0141,0.015382000207901002,-12.82000207901002,False
2020-06-30,2.0,0.0016,0.00159299999475479,0.07000005245210145,False
2020-06-30,5.0,0.0029,0.0031880000233650203,-2.880000233650205,False
2020-06-30,10.0,0.0066,0.006754999756813051,-1.5499975681305087,False
2020-06-30,30.0,0.0141,0.0153550004959106,-12.550004959106,False
2020-07-31,2.0,0.0011,0.00113200001418591,-0.32000014185909953,False
2020-07-31,5.0,0.0021,0.0024269999563694,-3.2699995636940002,False
2020-07-31,10.0,0.0055000000000000005,0.00546999990940094,0.30000090599060886,False
2020-07-31,30.0,0.012,0.013095999956131,-10.959999561309994,False
2020-08-31,2.0,0.0014000000000000002,0.0013510000705718999,0.4899992942810033,False
2020-08-31,5.0,0.0028000000000000004,0.0030689999461174,-2.6899994611739952,False
2020-08-31,10.0,0.0072,0.00723399996757507,-0.33999967575070245,False
2020-08-31,30.0,0.0149,0.0157480001449585,-8.480001449585016,False
2020-09-30,2.0,0.0013,0.00130799993872643,-0.07999938726429992,False
2020-09-30,5.0,0.0028000000000000004,0.0029679998755455,-1.6799987554549967,False
2020-09-30,10.0,0.0069,0.00681900024414062,0.809997558593803,False
2020-09-30,30.0,0.0146,0.0154460000991821,-8.460000991820996,False
2020-10-31,2.0,0.0014000000000000002,0.0015179999999999998,-1.1799999999999962,False
2020-10-31,5.0,0.0038,0.004113,-3.1300000000000034,False
2020-10-31,10.0,0.0088,0.00886,-0.5999999999999929,False
2020-10-31,30.0,0.0165,0.017109,-6.089999999999984,False
2020-11-30,2.0,0.0016,0.0014169999999999999,1.8300000000000023,False
2020-11-30,5.0,0.0036,0.003921,-3.210000000000001,False
2020-11-30,10.0,0.0084,0.008447,-0.47000000000000164,False
2020-11-30,30.0,0.0158,0.01635,-5.499999999999984,False
2020-12-31,2.0,0.0013,0.001157,1.429999999999999,False
2020-12-31,5.0,0.0036,0.003889,-2.890000000000002,False
2020-12-31,10.0,0.009300000000000001,0.009192,1.0800000000000045,False
2020-12-31,30.0,0.0165,0.016968,-4.679999999999997,False
2021-01-31,2.0,0.0011,0.001132,-0.3199999999999991,False
2021-01-31,5.0,0.0045000000000000005,0.0047599999999999995,-2.5999999999999894,False
2021-01-31,10.0,0.0111,0.011128,-0.28000000000000247,False
2021-01-31,30.0,0.0187,0.019129,-4.2899999999999885,False
2021-02-28,2.0,0.0014000000000000002,0.0016539999999999999,-2.5399999999999965,False
2021-02-28,5.0,0.0075,0.0076549999999999995,-1.5499999999999976,False
2021-02-28,10.0,0.0144,0.015081,-6.81000000000001,False
2021-02-28,30.0,0.0217,0.022254999999999997,-5.549999999999964,False
2021-03-31,2.0,0.0016,0.001683,-0.8299999999999996,False
2021-03-31,5.0,0.0092,0.009319,-1.189999999999993,False
2021-03-31,10.0,0.0174,0.01805,-6.500000000000012,False
2021-03-31,30.0,0.0241,0.024708,-6.080000000000009,False
2021-04-30,2.0,0.0016,0.001684,-0.8399999999999987,False
2021-04-30,5.0,0.0086,0.008702,-1.0199999999999967,False
2021-04-30,10.0,0.0165,0.016994,-4.939999999999979,False
2021-04-30,30.0,0.023,0.023689,-6.890000000000021,False
2021-05-31,2.0,0.0014000000000000002,0.001419,-0.18999999999999703,False
2021-05-31,5.0,0.0079,0.007989000000000001,-0.8900000000000053,False
2021-05-31,10.0,0.0158,0.016403,-6.029999999999994,False
2021-05-31,30.0,0.0226,0.023222999999999997,-6.229999999999985,False
2021-06-30,2.0,0.0025,0.002557,-0.5699999999999976,False
2021-06-30,5.0,0.0087,0.008793,-0.9300000000000107,False
2021-06-30,10.0,0.014499999999999999,0.015032,-5.320000000000012,False
2021-06-30,30.0,0.0206,0.021391,-7.91,False
2021-07-31,2.0,0.0019,0.001933,-0.3300000000000004,False
2021-07-31,5.0,0.0069,0.007073,-1.7300000000000042,False
2021-07-31,10.0,0.0124,0.012833,-4.330000000000011,False
2021-07-31,30.0,0.0189,0.01976,-8.599999999999996,False
2021-08-31,2.0,0.002,0.00221,-2.100000000000001,False
2021-08-31,5.0,0.0077,0.00784,-1.399999999999995,False
2021-08-31,10.0,0.013000000000000001,0.013387,-3.8699999999999846,False
2021-08-31,30.0,0.0192,0.019943,-7.430000000000006,False
2021-09-30,2.0,0.0028000000000000004,0.002899,-0.989999999999997,False
2021-09-30,5.0,0.0098,0.009917,-1.170000000000008,False
2021-09-30,10.0,0.0152,0.01565,-4.500000000000007,False
2021-09-30,30.0,0.0208,0.021472,-6.720000000000025,False
2021-10-31,2.0,0.0048,0.004867,-0.6700000000000021,False
2021-10-31,5.0,0.0118,0.011821,-0.21000000000000185,False
2021-10-31,10.0,0.0155,0.016141000000000003,-6.410000000000027,False
2021-10-31,30.0,0.019299999999999998,0.020163,-8.630000000000027,False
2021-11-30,2.0,0.0052,0.005472,-2.7200000000000055,False
2021-11-30,5.0,0.011399999999999999,0.011557999999999999,-1.5800000000000016,False
2021-11-30,10.0,0.0143,0.014924999999999999,-6.2499999999999885,False
2021-11-30,30.0,0.0178,0.018868,-10.679999999999994,False
2021-12-31,2.0,0.0073,0.007549,-2.490000000000001,False
2021-12-31,5.0,0.0126,0.012655000000000001,-0.5500000000000123,False
2021-12-31,10.0,0.0152,0.015780000000000002,-5.800000000000024,False
2021-12-31,30.0,0.019,0.02008,-10.800000000000011,False
2022-01-31,2.0,0.0118,0.011800999999999999,-0.009999999999992654,False
2022-01-31,5.0,0.016200000000000003,0.016295999999999998,-0.959999999999954,False
2022-01-31,10.0,0.0179,0.018636,-7.360000000000006,False
2022-01-31,30.0,0.021099999999999997,0.022146,-10.460000000000019,False
2022-02-28,2.0,0.0144,0.014624,-2.2400000000000024,False
2022-02-28,5.0,0.0171,0.017452000000000002,-3.520000000000016,False
2022-02-28,10.0,0.0183,0.018978,-6.779999999999981,False
2022-02-28,30.0,0.0217,0.023246000000000003,-15.460000000000022,False
2022-03-31,2.0,0.022799999999999997,0.023212,-4.120000000000027,False
2022-03-31,5.0,0.0242,0.024586,-3.860000000000009,False
2022-03-31,10.0,0.0232,0.023793,-5.930000000000033,False
2022-03-31,30.0,0.024399999999999998,0.025876,-14.760000000000016,False
2022-04-30,2.0,0.027000000000000003,0.027267,-2.669999999999964,False
2022-04-30,5.0,0.0292,0.029449999999999997,-2.4999999999999676,False
2022-04-30,10.0,0.028900000000000002,0.029624,-7.2399999999999896,False
2022-04-30,30.0,0.0296,0.03131,-17.099999999999962,False
2022-05-31,2.0,0.0253,0.025308,-0.08000000000001062,False
2022-05-31,5.0,0.0281,0.028428,-3.2799999999999843,False
2022-05-31,10.0,0.0285,0.029301,-8.009999999999996,False
2022-05-31,30.0,0.030699999999999998,0.03308,-23.8,False
2022-06-30,2.0,0.0292,0.029996000000000002,-7.960000000000016,False
2022-06-30,5.0,0.0301,0.030162,-0.6200000000000303,False
2022-06-30,10.0,0.0298,0.031117,-13.169999999999987,False
2022-06-30,30.0,0.031400000000000004,0.0333,-18.99999999999999,False
2022-07-31,2.0,0.028900000000000002,0.029261,-3.6099999999999675,False
2022-07-31,5.0,0.027000000000000003,0.027386,-3.8599999999999746,False
2022-07-31,10.0,0.026699999999999998,0.027264,-5.64000000000002,False
2022-07-31,30.0,0.03,0.032739,-27.389999999999983,False
2022-08-31,2.0,0.0345,0.034901,-4.009999999999986,False
2022-08-31,5.0,0.033,0.033492,-4.919999999999994,False
2022-08-31,10.0,0.0315,0.032344,-8.439999999999975,False
2022-08-31,30.0,0.0327,0.03543,-27.300000000000033,False
2022-09-30,2.0,0.042199999999999994,0.04330199999999999,-11.019999999999989,False
2022-09-30,5.0,0.0406,0.041059,-4.5900000000000105,False
2022-09-30,10.0,0.0383,0.039366,-10.659999999999975,False
2022-09-30,30.0,0.0379,0.040373,-24.72999999999996,False
2022-10-31,2.0,0.0451,0.045841,-7.409999999999986,False
2022-10-31,5.0,0.042699999999999995,0.043026999999999996,-3.270000000000009,False
2022-10-31,10.0,0.040999999999999995,0.042433,-14.330000000000037,False
2022-10-31,30.0,0.042199999999999994,0.044615999999999996,-24.160000000000014,False
2022-11-30,2.0,0.0438,0.044051,-2.510000000000012,False
2022-11-30,5.0,0.0382,0.038853,-6.530000000000008,False
2022-11-30,10.0,0.0368,0.037357999999999995,-5.57999999999996,False
2022-11-30,30.0,0.038,0.039708,-17.080000000000013,False
2022-12-31,2.0,0.0441,0.044893,-7.93000000000002,False
2022-12-31,5.0,0.039900000000000005,0.040437,-5.369999999999958,False
2022-12-31,10.0,0.0388,0.039281,-4.810000000000023,False
2022-12-31,30.0,0.0397,0.040773000000000004,-10.730000000000045,False
2023-01-31,2.0,0.0421,0.042608,-5.080000000000015,False
2023-01-31,5.0,0.0363,0.036505,-2.050000000000038,False
2023-01-31,10.0,0.0352,0.035512999999999996,-3.1299999999999386,False
2023-01-31,30.0,0.0365,0.037395,-8.95,False
2023-02-28,2.0,0.0481,0.048391,-2.9100000000000654,False
2023-02-28,5.0,0.0418,0.042008000000000004,-2.080000000000068,False
2023-02-28,10.0,0.0392,0.040355,-11.550000000000033,False
2023-02-28,30.0,0.0393,0.040721,-14.209999999999987,False
2023-03-31,2.0,0.0406,0.041331,-7.3100000000000245,False
2023-03-31,5.0,0.036000000000000004,0.036351,-3.5099999999999714,False
2023-03-31,10.0,0.0348,0.035677,-8.770000000000028,False
2023-03-31,30.0,0.036699999999999997,0.038291,-15.910000000000021,False
2023-04-30,2.0,0.0404,0.041334,-9.340000000000042,False
2023-04-30,5.0,0.0351,0.035426,-3.259999999999999,False
2023-04-30,10.0,0.0344,0.035152,-7.520000000000026,False
2023-04-30,30.0,0.036699999999999997,0.038100999999999996,-14.009999999999994,False
2023-05-31,2.0,0.044000000000000004,0.044627,-6.269999999999956,False
2023-05-31,5.0,0.0374,0.037778,-3.779999999999964,False
2023-05-31,10.0,0.0364,0.03735,-9.499999999999995,False
2023-05-31,30.0,0.0385,0.039636,-11.359999999999982,False
2023-06-30,2.0,0.0487,0.049211,-5.1099999999999755,False
2023-06-30,5.0,0.041299999999999996,0.04154,-2.400000000000041,False
2023-06-30,10.0,0.0381,0.039109,-10.08999999999996,False
2023-06-30,30.0,0.0385,0.040212000000000005,-17.12000000000005,False
2023-07-31,2.0,0.048799999999999996,0.049226,-4.260000000000027,False
2023-07-31,5.0,0.0418,0.042016,-2.160000000000009,False
2023-07-31,10.0,0.0397,0.040477,-7.77,False
2023-07-31,30.0,0.04019999999999999,0.041666999999999996,-14.67000000000003,False
2023-08-31,2.0,0.048499999999999995,0.0489,-4.000000000000045,False
2023-08-31,5.0,0.042300000000000004,0.042712,-4.119999999999957,False
2023-08-31,10.0,0.0409,0.041678,-7.780000000000009,False
2023-08-31,30.0,0.042,0.042888,-8.879999999999999,False
2023-09-30,2.0,0.050300000000000004,0.05085,-5.499999999999949,False
2023-09-30,5.0,0.046,0.046502999999999996,-5.029999999999965,False
2023-09-30,10.0,0.045899999999999996,0.047107,-12.070000000000066,False
2023-09-30,30.0,0.0473,0.048788,-14.879999999999963,False
2023-10-31,2.0,0.0507,0.050942999999999995,-2.429999999999932,False
2023-10-31,5.0,0.0482,0.048467,-2.6700000000000337,False
2023-10-31,10.0,0.048799999999999996,0.049976,-11.760000000000034,False
2023-10-31,30.0,0.0504,0.051322,-9.219999999999992,False
2023-11-30,2.0,0.0473,0.047436,-1.3599999999999723,False
2023-11-30,5.0,0.0431,0.043522,-4.219999999999987,False
2023-11-30,10.0,0.0437,0.044748,-10.480000000000004,False
2023-11-30,30.0,0.0454,0.04633,-9.300000000000002,False
2023-12-31,2.0,0.042300000000000004,0.042714999999999996,-4.149999999999918,False
2023-12-31,5.0,0.0384,0.038822999999999996,-4.229999999999998,False
2023-12-31,10.0,0.0388,0.039458,-6.5799999999999885,False
2023-12-31,30.0,0.0403,0.041757999999999997,-14.57999999999994,False
2024-01-31,2.0,0.042699999999999995,0.042721,-0.21000000000007124,False
2024-01-31,5.0,0.0391,0.039336,-2.360000000000001,False
2024-01-31,10.0,0.039900000000000005,0.040399000000000004,-4.989999999999995,False
2024-01-31,30.0,0.042199999999999994,0.043586,-13.860000000000053,False
2024-02-29,2.0,0.0464,0.046593,-1.9300000000000566,False
2024-02-29,5.0,0.0426,0.042838,-2.380000000000021,False
2024-02-29,10.0,0.0425,0.043124,-6.239999999999996,False
2024-02-29,30.0,0.0438,0.044793,-9.930000000000009,False
2024-03-31,2.0,0.045899999999999996,0.046605,-7.0500000000000425,False
2024-03-31,5.0,0.0421,0.042403,-3.0300000000000464,False
2024-03-31,10.0,0.042,0.042332,-3.3199999999999896,False
2024-03-31,30.0,0.0434,0.044388,-9.879999999999958,False
2024-04-30,2.0,0.0504,0.050494000000000004,-0.940000000000038,False
2024-04-30,5.0,0.0472,0.047443,-2.4300000000000015,False
2024-04-30,10.0,0.046900000000000004,0.047052,-1.519999999999924,False
2024-04-30,30.0,0.0479,0.048427,-5.269999999999997,False
2024-05-31,2.0,0.0489,0.048903999999999996,-0.039999999999970615,False
2024-05-31,5.0,0.0452,0.045397999999999994,-1.979999999999968,False
2024-05-31,10.0,0.0451,0.045563,-4.629999999999981,False
2024-05-31,30.0,0.04650000000000001,0.047347,-8.469999999999937,False
2024-06-30,2.0,0.0471,0.047448,-3.4799999999999414,False
2024-06-30,5.0,0.0433,0.043551,-2.510000000000012,False
2024-06-30,10.0,0.0436,0.043851,-2.510000000000012,False
2024-06-30,30.0,0.0451,0.04585,-7.500000000000007,False
2024-07-31,2.0,0.0429,0.043167,-2.669999999999964,False
2024-07-31,5.0,0.0397,0.039778,-0.7800000000000168,False
2024-07-31,10.0,0.0409,0.041082,-1.820000000000016,False
2024-07-31,30.0,0.0435,0.044496,-9.960000000000038,False
2024-08-31,2.0,0.0391,0.039419,-3.1899999999999986,False
2024-08-31,5.0,0.0371,0.037538,-4.380000000000009,False
2024-08-31,10.0,0.0391,0.039338000000000005,-2.380000000000021,False
2024-08-31,30.0,0.042,0.043391,-13.909999999999965,False
2024-09-30,2.0,0.0366,0.036638000000000004,-0.3800000000000331,False
2024-09-30,5.0,0.0358,0.036066,-2.6600000000000232,False
2024-09-30,10.0,0.0381,0.038149,-0.4900000000000043,False
2024-09-30,30.0,0.0414,0.042706999999999995,-13.069999999999956,False
2024-10-31,2.0,0.0416,0.041718000000000005,-1.1800000000000699,False
2024-10-31,5.0,0.0415,0.041653,-1.5300000000000036,False
2024-10-31,10.0,0.042800000000000005,0.043237,-4.36999999999993,False
2024-10-31,30.0,0.0447,0.0458,-11.000000000000037,False
2024-11-30,2.0,0.041299999999999996,0.042035,-7.3500000000000645,False
2024-11-30,5.0,0.0405,0.040742,-2.4199999999999915,False
2024-11-30,10.0,0.0418,0.042192999999999994,-3.9299999999999753,False
2024-11-30,30.0,0.0436,0.044543,-9.429999999999994,False
2024-12-31,2.0,0.0425,0.042714999999999996,-2.1499999999999297,False
2024-12-31,5.0,0.0438,0.043914,-1.1400000000000299,False
2024-12-31,10.0,0.0458,0.046089000000000005,-2.8900000000000454,False
2024-12-31,30.0,0.0478,0.048475000000000004,-6.7500000000000195,False
2025-01-31,2.0,0.042199999999999994,0.042416,-2.1600000000000783,False
2025-01-31,5.0,0.0436,0.043817,-2.170000000000019,False
2025-01-31,10.0,0.0458,0.046125,-3.249999999999989,False
2025-01-31,30.0,0.0483,0.049198000000000006,-8.980000000000029,False
2025-02-28,2.0,0.039900000000000005,0.040114000000000004,-2.139999999999989,False
2025-02-28,5.0,0.0403,0.040529,-2.2900000000000005,False
2025-02-28,10.0,0.0424,0.042733,-3.3299999999999996,False
2025-02-28,30.0,0.0451,0.046164,-10.639999999999954,False
2025-03-31,2.0,0.038900000000000004,0.039171,-2.7099999999999347,False
2025-03-31,5.0,0.039599999999999996,0.039702,-1.0200000000000486,False
2025-03-31,10.0,0.042300000000000004,0.042608,-3.079999999999958,False
2025-03-31,30.0,0.045899999999999996,0.04678499999999999,-8.84999999999997,False
2025-04-30,2.0,0.036000000000000004,0.036274,-2.7399999999999647,False
2025-04-30,5.0,0.037200000000000004,0.037384,-1.8399999999999666,False
2025-04-30,10.0,0.0417,0.042061,-3.610000000000002,False
2025-04-30,30.0,0.0466,0.047367,-7.669999999999969,False
2025-05-31,2.0,0.038900000000000004,0.039383,-4.829999999999973,False
2025-05-31,5.0,0.039599999999999996,0.039906000000000004,-3.0600000000000764,False
2025-05-31,10.0,0.0441,0.044555,-4.5499999999999705,False
2025-05-31,30.0,0.0492,0.049786000000000004,-5.860000000000031,False
2025-06-30,2.0,0.037200000000000004,0.037475999999999995,-2.7599999999999154,False
2025-06-30,5.0,0.0379,0.038043999999999994,-1.4399999999999136,False
2025-06-30,10.0,0.0424,0.042699999999999995,-2.999999999999947,False
2025-06-30,30.0,0.0478,0.048403,-6.029999999999994,False
2025-07-31,2.0,0.0394,0.03956,-1.600000000000004,False
2025-07-31,5.0,0.039599999999999996,0.039705,-1.0500000000000091,False
2025-07-31,10.0,0.0437,0.043948,-2.479999999999982,False
2025-07-31,30.0,0.0489,0.04929,-3.9000000000000146,False
2025-08-31,2.0,0.0359,0.036398,-4.979999999999984,False
2025-08-31,5.0,0.0368,0.037084,-2.8399999999999954,False
2025-08-31,10.0,0.042300000000000004,0.042554,-2.539999999999973,False
2025-08-31,30.0,0.0492,0.049444,-2.4400000000000115,False
2025-09-30,2.0,0.036000000000000004,0.036285,-2.8499999999999357,False
2025-09-30,5.0,0.0374,0.037469,-0.6899999999999962,False
2025-09-30,10.0,0.0416,0.041905,-3.049999999999997,False
2025-09-30,30.0,0.0473,0.047729,-4.2899999999999885,False
2025-10-31,2.0,0.036000000000000004,0.03618,-1.7999999999999265,False
2025-10-31,5.0,0.0371,0.037179000000000004,-0.7900000000000268,False
2025-10-31,10.0,0.041100000000000005,0.041474000000000004,-3.739999999999993,False
2025-10-31,30.0,0.0467,0.047069,-3.690000000000013,False
2025-11-30,2.0,0.0347,0.035239,-5.389999999999978,False
2025-11-30,5.0,0.0359,0.036054,-1.5400000000000136,False
2025-11-30,10.0,0.04019999999999999,0.04074900000000001,-5.490000000000148,False
2025-11-30,30.0,0.0467,0.04704,-3.4000000000000004,False
2025-12-31,2.0,0.0347,0.035029,-3.2899999999999596,False
2025-12-31,5.0,0.0373,0.037309999999999996,-0.09999999999996123,False
2025-12-31,10.0,0.0418,0.042276999999999995,-4.769999999999983,False
2025-12-31,30.0,0.0484,0.049013999999999995,-6.139999999999965,False
2026-01-31,2.0,0.0352,0.035355,-1.549999999999954,False
2026-01-31,5.0,0.0379,0.038113,-2.129999999999979,False
2026-01-31,10.0,0.0426,0.042971,-3.710000000000033,False
2026-01-31,30.0,0.0487,0.049344,-6.439999999999987,False
2026-02-28,2.0,0.0338,0.034028,-2.2800000000000598,False
2026-02-28,5.0,0.0351,0.035294,-1.9399999999999973,False
2026-02-28,10.0,0.0397,0.040177,-4.769999999999983,False
2026-02-28,30.0,0.0464,0.04677800000000001,-3.780000000000103,False
2026-03-31,2.0,0.0379,0.037943,-0.4299999999999443,False
2026-03-31,5.0,0.0392,0.039486,-2.8600000000000154,False
2026-03-31,10.0,0.043,0.043510999999999994,-5.1099999999999755,False
2026-03-31,30.0,0.048799999999999996,0.049121,-3.2100000000000186,False
2026-04-30,2.0,0.0388,0.038481,3.1899999999999986,False
2026-04-30,5.0,0.04019999999999999,0.040477,-2.770000000000064,False
2026-04-30,10.0,0.044000000000000004,0.044497,-4.969999999999974,False
2026-04-30,30.0,0.049800000000000004,0.050263999999999996,-4.639999999999922,False
2026-05-31,2.0,0.0398,0.039718,0.8199999999999874,False
2026-05-31,5.0,0.041299999999999996,0.041753,-4.53000000000002,False
2026-05-31,10.0,0.044500000000000005,0.045198,-6.979999999999972,False
2026-05-31,30.0,0.0499,0.050506999999999996,-6.069999999999965,False
2026-06-30,2.0,0.0414,0.041117,2.8299999999999854,False
2026-06-30,5.0,0.04190000000000001,0.042196,-2.959999999999907,False
2026-06-30,10.0,0.0444,0.044966,-5.659999999999971,False
2026-06-30,30.0,0.049100000000000005,0.049767,-6.6699999999999395,False
2026-07-31,2.0,0.042800000000000005,0.042541,2.590000000000023,False
2026-07-31,5.0,0.044500000000000005,0.044768999999999996,-2.6899999999999147,False
2026-07-31,10.0,0.0475,0.048302,-8.019999999999971,False
2026-07-31,30.0,0.0527,0.053377,-6.7700000000000395,False
2026-08-31,2.0,0.0434,0.043067,3.3299999999999996,False
2026-08-31,5.0,0.0449,0.04519599999999999,-2.959999999999907,False
2026-08-31,10.0,0.0475,0.04829,-7.899999999999991,False
2026-08-31,30.0,0.0525,0.053139000000000006,-6.390000000000076,False
