date,tenor_years,zero_bootstrap,zero_gsw,diff_bp
1962-01-31,2.0,0.03586852435948207,0.03631173387574371,-4.432095162616445
1962-01-31,5.0,0.040515850302863754,0.04012926635347469,3.8658394938906326
1962-02-28,2.0,0.03401508858853952,0.03399816352846141,0.1692506007811012
1962-02-28,5.0,0.03826626848998638,0.037716888052108155,5.493804378782219
1962-03-31,2.0,0.03209136650365707,0.03210251668628672,-0.11150182629648953
1962-03-31,5.0,0.036630884316461554,0.03660401499439736,0.2686932206419357
1962-04-30,2.0,0.033005105736363394,0.03296364922755912,0.41456508804271763
1962-04-30,5.0,0.03690312879157709,0.03654285716168659,3.602716298904962
1962-05-31,2.0,0.0320359213464565,0.031914691120894734,1.2123022556176366
1962-05-31,5.0,0.03718591872208221,0.03668902000878482,4.96898713297389
1962-06-30,2.0,0.034120783588933,0.03359084849836136,5.299350905716427
1962-06-30,5.0,0.03814425646918318,0.03822860860667032,-0.8435213748714254
1962-07-31,2.0,0.035081035338213606,0.034548396900558,5.326384376556081
1962-07-31,5.0,0.03874686778041725,0.03871253588457946,0.34331895837791393
1962-08-31,2.0,0.03309547990093753,0.03190334012172302,11.921397792145072
1962-08-31,5.0,0.03713279347055787,0.037142152112682236,-0.09358642124368544
1962-09-30,2.0,0.032133939143013324,0.031222508616353783,9.114305266595402
1962-09-30,5.0,0.03718574641206773,0.03698866643239018,1.970799796775502
1962-10-31,2.0,0.031936056308015104,0.03148344091757793,4.526153904371721
1962-10-31,5.0,0.03697136223611386,0.036866308988982244,1.0505324713161457
1962-11-30,2.0,0.03244460805167049,0.032030272038710894,4.14336012959593
1962-11-30,5.0,0.03639625508965949,0.03667761649228418,-2.8136140262469134
1962-12-31,2.0,0.03254260392525077,0.032259408192275574,2.831957329751944
1962-12-31,5.0,0.03607062757070678,0.03594287255969375,1.27755011013031
1963-01-31,2.0,0.03249453912557776,0.03205504106246693,4.394980631108325
1963-01-31,5.0,0.03704673714709372,0.03709548176592792,-0.48744618834195563
1963-02-28,2.0,0.032496401190523994,0.03218508819043775,3.1131300008624407
1963-02-28,5.0,0.03737024743208606,0.037455416343138204,-0.8516891105214697
1963-03-31,2.0,0.032949508282446915,0.03266619853153774,2.8330975090917754
1963-03-31,5.0,0.03767594536356955,0.03756124219263168,1.1470317093786875
1963-04-30,2.0,0.03356771265280578,0.03264864335538209,9.190692974236914
1963-04-30,5.0,0.037842213535053126,0.0375633173171912,2.7889621786192365
1963-05-31,2.0,0.0342764329441656,0.0333169832122624,9.594497319032058
1963-05-31,5.0,0.03834757271626121,0.03801683157250646,3.307411437547536
1963-06-30,2.0,0.03433029381624353,0.03349886300626004,8.31430809983491
1963-06-30,5.0,0.03877579621834881,0.03853077709515751,2.450191231913035
1963-07-31,2.0,0.03670874764812648,0.035898327973889144,8.104196742373393
1963-07-31,5.0,0.03929701593795398,0.03911459542947071,1.8242050848327196
1963-08-31,2.0,0.037365826242004685,0.03667346979011166,6.923564518930281
1963-08-31,5.0,0.039806507441807026,0.039519929156627276,2.865782851797505
1963-09-30,2.0,0.037417858647849744,0.03647548406562029,9.42374582229455
1963-09-30,5.0,0.039910556310679635,0.03971225813340307,1.9829817727656796
1963-10-31,2.0,0.03838743684021195,0.03727491480478373,11.125220354282206
1963-10-31,5.0,0.04060755922630355,0.04016463134973236,4.429278765711864
1963-11-30,2.0,0.03879090627482906,0.037766699658203784,10.242066166252783
1963-11-30,5.0,0.04036808074550513,0.04018231429876984,1.8576644673529152
1963-12-31,2.0,0.03981324183212487,0.038888093137313895,9.251486948109733
1963-12-31,5.0,0.041058782048311704,0.04090861500360843,1.5016704470327547
1964-01-31,2.0,0.03920336999606211,0.03833555166082947,8.678183352326396
1964-01-31,5.0,0.04076997260791604,0.04093880179114984,-1.6882918323379847
1964-02-29,2.0,0.04031653003029079,0.0398027170347659,5.138129955248871
1964-02-29,5.0,0.041470770290461756,0.04145419404709605,0.16576243365706844
1964-03-31,2.0,0.0409359383798138,0.04079932533684083,1.3661304297296617
1964-03-31,5.0,0.04207328056122628,0.04231374827455103,-2.404677133247546
1964-04-30,2.0,0.04012398488963154,0.03933595041176585,7.880344778656845
1964-04-30,5.0,0.04179571926147507,0.041865649710888464,-0.6993044941339122
1964-05-31,2.0,0.03975879694687445,0.03916135663838438,5.974403084900715
1964-05-31,5.0,0.04073997129125795,0.04125633654728489,-5.163652560269405
1964-06-30,2.0,0.0390425068011806,0.03847469794734493,5.678088538356718
1964-06-30,5.0,0.04057408282521857,0.040729594118065204,-1.555112928466329
1964-07-31,2.0,0.03843731933820704,0.037386946545187705,10.503727930193385
1964-07-31,5.0,0.04093379542113573,0.04061928262770098,3.1451279343475136
1964-08-31,2.0,0.03924422886392431,0.03834905011074086,8.951787531834565
1964-08-31,5.0,0.041219222919030685,0.04099501400416261,2.242089148680737
1964-09-30,2.0,0.03965449646455643,0.038970168538607464,6.843279259489687
1964-09-30,5.0,0.04096878837244233,0.04099709599627266,-0.28307623830325923
1964-10-31,2.0,0.03975422791531713,0.03905640664142784,6.978212738892875
1964-10-31,5.0,0.04096518661492343,0.0409773172393475,-0.12130624424067094
1964-11-30,2.0,0.04173361927252528,0.04090653318846016,8.270860840651206
1964-11-30,5.0,0.04171586296401353,0.041742716817406045,-0.2685385339251667
1964-12-31,2.0,0.04066319209942448,0.03970809929268837,9.55092806736113
1964-12-31,5.0,0.04168019429614156,0.04153647217836931,1.437221177722492
1965-01-31,2.0,0.04040928505097585,0.03942741599982891,9.818690511469441
1965-01-31,5.0,0.04158698583920062,0.041057475578831326,5.295102603692925
1965-02-28,2.0,0.04147485116159144,0.04043510931449501,10.397418470964315
1965-02-28,5.0,0.042067148209744776,0.04158855030392039,4.78597905824385
1965-03-31,2.0,0.041123575114355715,0.04019895734894274,9.246177654129717
1965-03-31,5.0,0.041864804487873775,0.041881277812844564,-0.1647332497078935
1965-04-30,2.0,0.041225636566355695,0.040046059340491436,11.79577225864259
1965-04-30,5.0,0.04207639122244933,0.04164479760430018,4.315936181491509
1965-05-31,2.0,0.041121211455950046,0.040041899164574346,10.793122913757003
1965-05-31,5.0,0.0419777469396827,0.0417083398749738,2.694070647089042
1965-06-30,2.0,0.04051363955066467,0.03924761061047555,12.660289401891234
1965-06-30,5.0,0.04190458531222685,0.041472940391305446,4.316449209214035
1965-07-31,2.0,0.04107372672282583,0.03992542099476726,11.48305728058574
1965-07-31,5.0,0.04230452524119954,0.041880235932087784,4.242893091117583
1965-08-31,2.0,0.04214441479612585,0.04111265308722811,10.317617088977382
1965-08-31,5.0,0.04266754864798461,0.04252014682949201,1.4740181849259848
1965-09-30,2.0,0.04391818488542354,0.042641086180871035,12.77098704552504
1965-09-30,5.0,0.043762956324972846,0.04339414486656601,3.6881145840683693
1965-10-31,2.0,0.044030485356953974,0.04255663567318191,14.73849683772066
1965-10-31,5.0,0.04450916101590274,0.04414774745695804,3.6141355894470095
1965-11-30,2.0,0.04495559847621511,0.0436758993208195,12.796991553956083
1965-11-30,5.0,0.045201782919555455,0.04493533174050257,2.664511790528845
1965-12-31,2.0,0.05042583266248002,0.04864095790338774,17.84874759092281
1965-12-31,5.0,0.04930116443155841,0.048769948673979435,5.312157575789733
1966-01-31,2.0,0.0499718360891066,0.048800363443503025,11.714726456035773
1966-01-31,5.0,0.05044005594317924,0.04935742432306611,10.82631620113128
1966-02-28,2.0,0.05099114269493987,0.05003552822315638,9.556144717834947
1966-02-28,5.0,0.05091714456791241,0.0512216877956051,-3.045432276926885
1966-03-31,2.0,0.04954759599061642,0.04817022380100333,13.773721896130908
1966-03-31,5.0,0.04894095034881518,0.04875631475326747,1.846355955477108
1966-04-30,2.0,0.05001875181149895,0.0488192420199518,11.995097915471487
1966-04-30,5.0,0.04899880534199896,0.0492021309162618,-2.0332557426283593
1966-05-31,2.0,0.05135152109470775,0.05022770230821383,11.238187864939242
1966-05-31,5.0,0.05055032530092429,0.05013843674735763,4.118885535666639
1966-06-30,2.0,0.05203476431397114,0.05117333271014202,8.614316038291214
1966-06-30,5.0,0.05146964503773921,0.05157706078073132,-1.0741574299211187
1966-07-31,2.0,0.05350933696661997,0.052488120947481676,10.212160191382935
1966-07-31,5.0,0.053254670712731045,0.053232493153560156,0.22177559170888372
1966-08-31,2.0,0.05941219414472143,0.05741262033547723,19.99573809244204
1966-08-31,5.0,0.0574223229447981,0.0577563352877406,-3.3401234294250237
1966-09-30,2.0,0.05656530733289489,0.05432737040418312,22.3793692871177
1966-09-30,5.0,0.05390512916565182,0.05419664191558682,-2.9151274993499676
1966-10-31,2.0,0.05512070231419686,0.053211428714342146,19.092735998547106
1966-10-31,5.0,0.05270592647414141,0.052889195321379256,-1.8326884723784964
1966-11-30,2.0,0.05540146553955938,0.053634904821679985,17.66560717879395
1966-11-30,5.0,0.053317536674221566,0.0536738900343805,-3.5635336015893415
1966-12-31,2.0,0.05030880982968222,0.048487867499405146,18.209423302770755
1966-12-31,5.0,0.048445378808878115,0.04832536447425251,1.2001433462560662
1967-01-31,2.0,0.04678611371192032,0.04576952293324932,10.165907786710005
1967-01-31,5.0,0.0472800975956178,0.04670067210857942,5.794254870383764
1967-02-28,2.0,0.048324196145811404,0.04707441095693721,12.497851888741973
1967-02-28,5.0,0.04836920603829542,0.047835910825365424,5.3329521292999615
1967-03-31,2.0,0.042614987880725375,0.041911492808016426,7.034950727089484
1967-03-31,5.0,0.04481486503982235,0.04428453977157587,5.303252682464787
1967-04-30,2.0,0.044078703245212125,0.04309681990609837,9.818833391137538
1967-04-30,5.0,0.047972937155623896,0.04710477655515399,8.681606004699027
1967-05-31,2.0,0.04433065225575472,0.04410598238236685,2.246698733878727
1967-05-31,5.0,0.047958179095249465,0.047455615417528296,5.025636777211684
1967-06-30,2.0,0.05100292749202007,0.05128476298910978,-2.818354970897108
1967-06-30,5.0,0.05448541119351913,0.052908147497463975,15.772636960551534
1967-07-31,2.0,0.05097936464816022,0.050627915298526505,3.5144934963371455
1967-07-31,5.0,0.05193909623146431,0.05120171477328128,7.373814581830285
1967-08-31,2.0,0.05352172103791464,0.05266390114091757,8.578198969970696
1967-08-31,5.0,0.05413229695050292,0.0536665143429651,4.657826075378235
1967-09-30,2.0,0.0540289736094719,0.05329252911667859,7.364444927933089
1967-09-30,5.0,0.0545430496221293,0.05395525852404148,5.877910980878198
1967-10-31,2.0,0.05629614345539102,0.055226040102696716,10.701033526943071
1967-10-31,5.0,0.05815140093379556,0.057215959878084366,9.354410557111947
1967-11-30,2.0,0.05751038694497401,0.05611385847772188,13.965284672521339
1967-11-30,5.0,0.05862532403020526,0.05795203831174045,6.732857184648111
1967-12-31,2.0,0.058642009439747955,0.057431653933945226,12.103555058027293
1967-12-31,5.0,0.058624976140980944,0.05854465737104442,0.8031876993652709
1968-01-31,2.0,0.055165382572898825,0.05419137094555482,9.74011627344007
1968-01-31,5.0,0.05633972894609229,0.05601670047207863,3.2302847401366463
1968-02-29,2.0,0.05620309168444804,0.05542866295356785,7.744287308801834
1968-02-29,5.0,0.05645140951266292,0.056650500613390165,-1.9909110072724445
1968-03-31,2.0,0.05774286661403383,0.05695485978318371,7.880068308501187
1968-03-31,5.0,0.05845050776612837,0.05830333670076571,1.4717106536266122
1968-04-30,2.0,0.060899999999999954,0.057798646387368535,31.01353612631419
1968-04-30,5.0,0.06044535370023718,0.05962810264330365,8.172510569335323
1968-05-31,2.0,0.06087880195032058,0.059185270654732225,16.935312955883575
1968-05-31,5.0,0.060590790817652396,0.05937170366799127,12.190871496611244
1968-06-30,2.0,0.05928175652783385,0.056756170946880236,25.255855809536154
1968-06-30,5.0,0.058714558901912905,0.057656910865244715,10.576480366681906
1968-07-31,2.0,0.05565028118500215,0.052771278334977634,28.790028500245146
1968-07-31,5.0,0.05577087286499349,0.05459731276215418,11.735601028393106
1968-08-31,2.0,0.05466658113756395,0.05198620383053876,26.803773070251946
1968-08-31,5.0,0.05565059896334201,0.055078318797814996,5.722801655270171
1968-09-30,2.0,0.055086886715436156,0.052400768058638025,26.86118656798131
1968-09-30,5.0,0.05559704496962503,0.05541072081880616,1.8632415081887288
1968-10-31,2.0,0.05681730223898285,0.053230386690680476,35.86915548302372
1968-10-31,5.0,0.05646791970070608,0.05639799131980627,0.6992838089980857
1968-11-30,2.0,0.05778546430138998,0.05472387203309004,30.615922682999397
1968-11-30,5.0,0.058078900744108486,0.05749615923222673,5.827415118817569
1968-12-31,2.0,0.06516175181642159,0.062225249849760855,29.365019666607317
1968-12-31,5.0,0.06423036530879878,0.0632805633993232,9.498019094755783
1969-01-31,2.0,0.0643252602155171,0.06167091296385374,26.54347251663358
1969-01-31,5.0,0.06399487361716405,0.06254184014382691,14.530334733371397
1969-02-28,2.0,0.0659071328103944,0.06535065660817918,5.56476202215217
1969-02-28,5.0,0.06537587246926324,0.06430393146242919,10.71941006834054
1969-03-31,2.0,0.0637362428339967,0.06286809056562848,8.681522683682275
1969-03-31,5.0,0.06470602971807615,0.0634113549521369,12.946747659392521
1969-04-30,2.0,0.06390024560157581,0.0627086723087118,11.915732928640121
1969-04-30,5.0,0.06478929451782789,0.0632199581344759,15.693363833519935
1969-05-31,2.0,0.06782407300493798,0.06762974530027921,1.9432770465876992
1969-05-31,5.0,0.06802502390802934,0.06651358843850086,15.11435469528477
1969-06-30,2.0,0.07523580898624194,0.07444150892764667,7.943000585952653
1969-06-30,5.0,0.07061045826242518,0.06947941281477177,11.310454476534115
1969-07-31,2.0,0.07567226239501013,0.07631696984578018,-6.447074507700545
1969-07-31,5.0,0.07052878368200322,0.06947192648508427,10.568571969189477
1969-08-31,2.0,0.07639781317699779,0.07612217410378475,2.7563907321304093
1969-08-31,5.0,0.07217289244742253,0.07129907409040626,8.73818357016276
1969-09-30,2.0,0.08235711072294771,0.08199655878639067,3.6055193655704088
1969-09-30,5.0,0.08168899077026426,0.07987252309688864,18.164676733756213
1969-10-31,2.0,0.07631644082059785,0.07596399577058377,3.52445050014083
1969-10-31,5.0,0.07447917464560705,0.07284607454671121,16.331000988958344
1969-11-30,2.0,0.0800058228200986,0.07856451041469703,14.413124054015736
1969-11-30,5.0,0.07733537726697826,0.07503906451166897,22.96312755309282
1969-12-31,2.0,0.08542191441833857,0.08452705721916298,8.948571991755916
1969-12-31,5.0,0.08363367332898042,0.08069569954988598,29.379737790944382
1970-01-31,2.0,0.08381462487597258,0.08368904173864422,1.2558313732835558
1970-01-31,5.0,0.08445570779911904,0.08275746979609999,16.98238003019048
1970-02-28,2.0,0.07322661476123349,0.07326563938143882,-0.3902462020533015
1970-02-28,5.0,0.07454318276434946,0.0740150403082247,5.281424561247583
1970-03-31,2.0,0.07142818717295896,0.07170624509615209,-2.7805792319313127
1970-03-31,5.0,0.0739331046294891,0.0733740446853921,5.590599440969957
1970-04-30,2.0,0.07961259633959128,0.07992003853323681,-3.0744219364553516
1970-04-30,5.0,0.08123095392087598,0.08094212626096087,2.8882765991511405
1970-05-31,2.0,0.07899357812881402,0.08034236982869114,-13.487916998771166
1970-05-31,5.0,0.07988675290978442,0.07932516649430199,5.6158641548242905
1970-06-30,2.0,0.07737208239462934,0.07824206783365129,-8.699854390219475
1970-06-30,5.0,0.07934187166715656,0.07922047703067325,1.213946364833074
1970-07-31,2.0,0.07397610743284688,0.0755121857790999,-15.360783462530225
1970-07-31,5.0,0.07751283077019133,0.07726454565144891,2.4828511874241954
1970-08-31,2.0,0.07237011647715641,0.07350822482706199,-11.381083499055755
1970-08-31,5.0,0.0761898556315721,0.07632019880153318,-1.3034316996107798
1970-09-30,2.0,0.06897591258778601,0.0697778391994921,-8.01926611706083
1970-09-30,5.0,0.07349503614745911,0.0733686778285858,1.2635831887330973
1970-10-31,2.0,0.06688818322592849,0.06887746536946282,-19.892821435343322
1970-10-31,5.0,0.07206606452934006,0.07179734399863369,2.687205307063678
1970-11-30,2.0,0.05473084497730918,0.055407554591393016,-6.767096140838369
1970-11-30,5.0,0.06126985833418086,0.06254609031968794,-12.762319855070814
1970-12-31,2.0,0.0547689835481473,0.056446586745093175,-16.77603196945876
1970-12-31,5.0,0.061090715557431174,0.061975656244443345,-8.849406870121701
1971-01-31,2.0,0.04857802146733636,0.048863293353188064,-2.8527188585170116
1971-01-31,5.0,0.05939031203262779,0.06023650376863943,-8.461917360116367
1971-02-28,2.0,0.04324790622878116,0.043938938789029436,-6.910325602482725
1971-02-28,5.0,0.05510260319825688,0.05647828061810123,-13.756774198443456
1971-03-31,2.0,0.04292848004282024,0.04313541520244346,-2.0693515962322273
1971-03-31,5.0,0.051839300382575004,0.052381825015300976,-5.425246327259714
1971-04-30,2.0,0.053496217890551145,0.05476817136599488,-12.719534754437323
1971-04-30,5.0,0.06235347727638252,0.06206061769535576,2.928595810267609
1971-05-31,2.0,0.0560884706462943,0.05647933709691011,-3.9086645061581216
1971-05-31,5.0,0.06397116929314905,0.06363256751927637,3.386017738726821
1971-06-30,2.0,0.06621001095062606,0.0668730640860491,-6.630531354230307
1971-06-30,5.0,0.07005592655267456,0.07001856629409442,0.3736025858014358
1971-07-31,2.0,0.06623319034175168,0.06704164334758578,-8.084530058340977
1971-07-31,5.0,0.07118479237808928,0.0709605970651801,2.2419531290918115
1971-08-31,2.0,0.056305102562267395,0.05686502243824343,-5.599198759760338
1971-08-31,5.0,0.06205334441831889,0.06175372652475186,2.9961789356702795
1971-08-31,10.0,0.06438187473410917,0.06388574219693743,4.96132537171734
1971-09-30,2.0,0.05604290297806913,0.056653670569646986,-6.107675915778543
1971-09-30,5.0,0.06197428221205503,0.06104789501160246,9.26387200452572
1971-09-30,10.0,0.06090915994249224,0.06292867577345285,-20.195158309606054
1971-10-31,2.0,0.05041360940063755,0.05109554876156297,-6.81939360925421
1971-10-31,5.0,0.05931139553620035,0.05828746226977377,10.239332664265799
1971-10-31,10.0,0.06000326737265249,0.061296209270670365,-12.929418980178742
1971-11-30,2.0,0.05148761292599957,0.05191887886791546,-4.312659419158926
1971-11-30,5.0,0.05989625260506859,0.05902322770492385,8.730249001447365
1971-11-30,10.0,0.06045164396286662,0.06271929944857058,-22.676554857039566
1971-12-31,2.0,0.048724207824623056,0.04907833236907155,-3.541245444484975
1971-12-31,5.0,0.05627468178412576,0.05675194393065053,-4.772621465247706
1971-12-31,10.0,0.06059187325774129,0.06149362872503472,-9.017554672934303
1972-01-31,2.0,0.0491217578368206,0.050427264529463,-13.055066926423997
1972-01-31,5.0,0.05902661623223171,0.059407722918239925,-3.8110668600821462
1972-01-31,10.0,0.06270269663449657,0.06346346338517561,-7.607667506790428
1972-02-29,2.0,0.04875806199633126,0.049670179433711326,-9.121174373800667
1972-02-29,5.0,0.05826869427717685,0.05885167983778805,-5.829855606112044
1972-02-29,10.0,0.06226251508169156,0.06329438613649496,-10.318710548034016
1972-03-31,2.0,0.05572314979365167,0.05729631134435209,-15.731615507004193
1972-03-31,5.0,0.06240451279397585,0.062071238354635794,3.3327443934005885
1972-03-31,10.0,0.062342233426991855,0.06374106357436804,-13.988301473761844
1972-04-30,2.0,0.051744046092414786,0.05312928142668838,-13.852353342735935
1972-04-30,5.0,0.06035910739292705,0.060460237273989526,-1.0112988106247833
1972-04-30,10.0,0.06306833985689408,0.06343155995982785,-3.6322010293377005
1972-05-31,2.0,0.05125900888734036,0.05190941164060825,-6.504027532678869
1972-05-31,5.0,0.0592999099693432,0.05938335682082396,-0.8344685148076181
1972-05-31,10.0,0.06211718368210195,0.06324547571968075,-11.282920375788041
1972-06-30,2.0,0.05560403701981054,0.05663465097475373,-10.306139549431936
1972-06-30,5.0,0.06129448323153519,0.06133547795687955,-0.40994725344356553
1972-06-30,10.0,0.0628729936897996,0.06315616685074543,-2.8317316094583767
1972-07-31,2.0,0.053692744980802676,0.055472991888313006,-17.8024690751033
1972-07-31,5.0,0.061197055041528836,0.06126224833535154,-0.6519329382270733
1972-07-31,10.0,0.0625907837425208,0.06334010877812846,-7.4932503560765085
1972-08-31,2.0,0.057912971365747135,0.05890674155673192,-9.937701909847885
1972-08-31,5.0,0.06347057331058759,0.06366128598629683,-1.907126757092481
1972-08-31,10.0,0.06582229767457015,0.06561915880350022,2.0313887106993
1972-09-30,2.0,0.05917205749133325,0.05992166028359214,-7.496027922588855
1972-09-30,5.0,0.06303214280516745,0.06393255419945065,-9.00411394283207
1972-09-30,10.0,0.06744163708123674,0.06546572069244161,19.759163887951292
1972-10-31,2.0,0.058378373307158116,0.06015910932879587,-17.80736021637752
1972-10-31,5.0,0.06330183375332621,0.063669795310622,-3.6796155729579283
1972-10-31,10.0,0.06573031855532552,0.06490330328317806,8.270152721474577
1972-11-30,2.0,0.05745103599251444,0.05861875809055528,-11.677220980408354
1972-11-30,5.0,0.06248356518300868,0.06263959848993528,-1.5603330692659512
1972-11-30,10.0,0.06434359599874484,0.06418260772982665,1.6098826891819407
1972-12-31,2.0,0.06005335519219668,0.060991660963382266,-9.38305771185588
1972-12-31,5.0,0.06384677954796913,0.06373680861862363,1.0997092934550423
1972-12-31,10.0,0.06565383522925305,0.06477126346020934,8.825717690437163
1973-01-31,2.0,0.06369605416820101,0.06480320707726483,-11.071529090638244
1973-01-31,5.0,0.06565445538206705,0.06571933171248068,-0.6487633041363239
1973-01-31,10.0,0.06682558103471914,0.06598579485191336,8.397861828057795
1973-02-28,2.0,0.06699451854884941,0.0681946708451755,-12.001522963260847
1973-02-28,5.0,0.06851521459056431,0.06828440296622285,2.3081162434146485
1973-02-28,10.0,0.06735317701614596,0.06716009154375069,1.930854723952713
1973-03-31,2.0,0.0710800439549053,0.07109233332023268,-0.12289365327378121
1973-03-31,5.0,0.069098873101471,0.06890953217442353,1.8934092704747663
1973-03-31,10.0,0.06819125798841297,0.06802911350222018,1.6214448619278343
1973-04-30,2.0,0.0692097173885653,0.06931579498169449,-1.0607759312919463
1973-04-30,5.0,0.06833781315442033,0.06843397325231382,-0.961600978934829
1973-04-30,10.0,0.06795233443213933,0.06809640145591911,-1.4406702377978142
1973-05-31,2.0,0.07121237029148775,0.0705794029492035,6.329673422842408
1973-05-31,5.0,0.0687680190597788,0.06906774249246017,-2.997234326813647
1973-05-31,10.0,0.07074766521957132,0.06856433014865959,21.833350709117294
1973-06-30,2.0,0.07527350629828433,0.073560828018846,17.12678279438329
1973-06-30,5.0,0.06976954184024842,0.07011166195896479,-3.421201187163714
1973-06-30,10.0,0.07048465341329058,0.06896404795070499,15.206054625855892
1973-07-31,2.0,0.08601822703224005,0.08400660914922731,20.116178830127396
1973-07-31,5.0,0.07972723680971683,0.07793265676279537,17.945800469214568
1973-07-31,10.0,0.07435203035583626,0.07587469446499018,-15.22664109153915
1973-08-31,2.0,0.08099639953376658,0.07918702171444525,18.09377819321334
1973-08-31,5.0,0.07355498690233686,0.07293405153183108,6.2093537050578185
1973-08-31,10.0,0.0735375560251299,0.07225509918829887,12.824568368310363
1973-09-30,2.0,0.07257593502550552,0.07108912004805279,14.868149774527328
1973-09-30,5.0,0.06802868719934008,0.06796610164339167,0.6258555594840232
1973-09-30,10.0,0.07048472922241023,0.06996827660329563,5.164526191145935
1973-10-31,2.0,0.07129916271630421,0.06984095795398981,14.582047623143968
1973-10-31,5.0,0.06901110055805293,0.06878233950820856,2.287610498443726
1973-10-31,10.0,0.0678343978225262,0.06856539871352418,-7.310008909979793
1973-11-30,2.0,0.07148512565359044,0.0704991125049117,9.860131486787438
1973-11-30,5.0,0.06867106261715383,0.06812524044808299,5.45822169070842
1973-11-30,10.0,0.06769202089562687,0.06733405281613081,3.579680794960627
1973-12-31,2.0,0.07179942288824015,0.07024222354581866,15.571993424214892
1973-12-31,5.0,0.06932065692238987,0.06902498063800322,2.9567628438664784
1973-12-31,10.0,0.07045487272533113,0.06969867856837064,7.56194156960488
1974-01-31,2.0,0.07117518200597717,0.0696665880893732,15.08593916603962
1974-01-31,5.0,0.07025594429873805,0.07036637884461805,-1.1043454588000046
1974-01-31,10.0,0.07140896573439814,0.07160122303029781,-1.9225729589966711
1974-02-28,2.0,0.07169654903162814,0.07052587531725796,11.70673714370185
1974-02-28,5.0,0.07099891243003631,0.07094453277670665,0.5437965332966144
1974-02-28,10.0,0.07132952213267485,0.07120373271556613,1.2578941710872371
1974-03-31,2.0,0.08235138047523227,0.08034020914611206,20.111713291202094
1974-03-31,5.0,0.07754732484252136,0.07722361037648917,3.237144660321878
1974-03-31,10.0,0.07456964955314738,0.07618136245102503,-16.117128978776485
1974-04-30,2.0,0.08819423235461055,0.08669176166434478,15.02470690265767
1974-04-30,5.0,0.08337765471967007,0.08184725356357547,15.304011560945963
1974-04-30,10.0,0.07641008702904362,0.08005395692078343,-36.43869891739815
1974-05-31,2.0,0.08577168445999561,0.0840770718688355,16.94612591160105
1974-05-31,5.0,0.08191699215055381,0.08063950483458471,12.774873159691058
1974-05-31,10.0,0.07488718629642732,0.07943634271192801,-45.491564155006884
1974-06-30,2.0,0.0877644033186582,0.08656136647681278,12.030368418454174
1974-06-30,5.0,0.08481618873313557,0.08248464929053889,23.31539442596675
1974-06-30,10.0,0.07581624963839917,0.08022893983503798,-44.12690196638813
1974-07-31,2.0,0.0896659436398648,0.08899036898014145,6.755746597233436
1974-07-31,5.0,0.08604899170749469,0.08526587168290156,7.8312002459313135
1974-07-31,10.0,0.07862657922354943,0.0798584848453372,-12.319056217877655
1974-08-31,2.0,0.09382285001463742,0.09190295027642081,19.198997382166016
1974-08-31,5.0,0.08767791170257255,0.08608447072320624,15.934409793663118
1974-08-31,10.0,0.08095493230981776,0.08412043581898354,-31.65503509165779
1974-09-30,2.0,0.08302239132790623,0.08297620889690416,0.4618243100207309
1974-09-30,5.0,0.08203838420323817,0.0817271751829034,3.112090203347684
1974-09-30,10.0,0.08058628272005652,0.08129565213457846,-7.09369414521932
1974-10-31,2.0,0.08103520134165554,0.08081134017640101,2.2386116525452415
1974-10-31,5.0,0.08095766395723625,0.08039962949165957,5.5803446557667336
1974-10-31,10.0,0.07905793719066789,0.07765243070300354,14.055064876643542
1974-11-30,2.0,0.07714615266817448,0.0768197272554163,3.2642541275818004
1974-11-30,5.0,0.07706727921568302,0.07648381190603204,5.834673096509757
1974-11-30,10.0,0.07808831393648119,0.07583919118588023,22.491227506009626
1974-12-31,2.0,0.07479654004078551,0.07415896796656374,6.375720742217705
1974-12-31,5.0,0.07497786806438045,0.07422234521528415,7.555228490963017
1974-12-31,10.0,0.07555521906278462,0.07424382987703426,13.113891857503557
1975-01-31,2.0,0.06793492619482056,0.0689747376446328,-10.398114498122446
1975-01-31,5.0,0.07544706293567427,0.07380348018464034,16.43582751033934
1975-01-31,10.0,0.07756488170406461,0.07551111026745194,20.537714366126725
1975-02-28,2.0,0.06436806815841667,0.06480107747298036,-4.330093145636926
1975-02-28,5.0,0.0734254173547273,0.07180591841168327,16.194989430440287
1975-02-28,10.0,0.07713830515960485,0.07476281497167592,23.754901879289303
1975-03-31,2.0,0.06852642477914794,0.0699062202429046,-13.797954637566612
1975-03-31,5.0,0.07723268493055602,0.0753616246126183,18.710603179377117
1975-03-31,10.0,0.08357691591008876,0.07728070474082638,62.96211169262378
1975-04-30,2.0,0.0753820765557156,0.07693603006619854,-15.539535104829305
1975-04-30,5.0,0.08359356796353623,0.0814275782514684,21.659897120678284
1975-04-30,10.0,0.08575920357204536,0.08293180778256848,28.27395789476883
1975-05-31,2.0,0.06783089262959874,0.07016302855152712,-23.3213592192838
1975-05-31,5.0,0.07850706137452468,0.0773065597879996,12.005015865250712
1975-05-31,10.0,0.08372972287444336,0.07989088108582387,38.388417886194844
1975-06-30,2.0,0.07312190819965925,0.07395597110542562,-8.340629057663751
1975-06-30,5.0,0.0804432436220257,0.07823128546688474,22.119581551409695
1975-06-30,10.0,0.0819601369649543,0.07919133847116577,27.68798493788527
1975-07-31,2.0,0.07819510261638785,0.0786540349842797,-4.589323678918511
1975-07-31,5.0,0.0827337424211616,0.08086538209444649,18.683603267151128
1975-07-31,10.0,0.08425163684956583,0.08019545325694777,40.561835926180564
1975-08-31,2.0,0.07946992221538651,0.07982824923106224,-3.583270156757301
1975-08-31,5.0,0.08366388167247818,0.08215021320694404,15.136684655341348
1975-08-31,10.0,0.08430609673960476,0.08223137751655818,20.74719223046584
1975-09-30,2.0,0.08271687027277874,0.08272498755924218,-0.08117286463438234
1975-09-30,5.0,0.08627471274856435,0.08518990573072305,10.84807017841305
1975-09-30,10.0,0.08692975128740099,0.08491538741260474,20.143638747962544
1975-10-31,2.0,0.06942432512179209,0.07172017736789771,-22.95852246105623
1975-10-31,5.0,0.07890632793598007,0.07829490298942576,6.114249465543065
1975-10-31,10.0,0.08172489811907813,0.08068273127930126,10.421668397768702
1975-11-30,2.0,0.07276218698552595,0.07402792856603768,-12.657415805117367
1975-11-30,5.0,0.08136508893768779,0.08018357117231356,11.815177653742293
1975-11-30,10.0,0.08403784044377538,0.08249763918426956,15.402012595058245
1975-12-31,2.0,0.06758399967037043,0.06923559930444645,-16.515996340760175
1975-12-31,5.0,0.07729311427881025,0.07643752409731497,8.555901814952804
1975-12-31,10.0,0.08017526030661193,0.07947196469899698,7.03295607614951
1976-01-31,2.0,0.06418152057211834,0.06612331588936549,-19.417953172471414
1976-01-31,5.0,0.0768079291474022,0.0760436200523329,7.643090950693043
1976-01-31,10.0,0.08086635096556472,0.0797040761224912,11.622748430735186
1976-02-29,2.0,0.06810210401080585,0.06969974826758407,-15.97644256778219
1976-02-29,5.0,0.07674671839923697,0.07609849967637405,6.482187228629144
1976-02-29,10.0,0.08032086277390471,0.07837901327211738,19.418495017873294
1976-03-31,2.0,0.06690478732477567,0.0685632615848637,-16.584742600880276
1976-03-31,5.0,0.07608563457446382,0.07536485070233145,7.207838721323689
1976-03-31,10.0,0.07912969849977514,0.07803398719498689,10.957113047882494
1976-04-30,2.0,0.06673189812303182,0.06803445366113792,-13.025555381060983
1976-04-30,5.0,0.07554367024787667,0.07501756394538517,5.261063024915025
1976-04-30,10.0,0.07942834338070814,0.07784642559954702,15.81917781161124
1976-05-31,2.0,0.07289446845966152,0.0746671653376152,-17.726968779536723
1976-05-31,5.0,0.07994690595807974,0.07897983769657846,9.670682615012804
1976-05-31,10.0,0.08195037927839488,0.08031320097848704,16.371782999078377
1976-06-30,2.0,0.07166634716105058,0.07125408047416681,4.1226668688376655
1976-06-30,5.0,0.07789687148628288,0.0771557474267408,7.411240595420754
1976-06-30,10.0,0.08122138084437802,0.07957883771362906,16.425431307489635
1976-07-31,2.0,0.06878436385859876,0.06896404795070499,-1.7968409210622482
1976-07-31,5.0,0.07695013659954841,0.07628252825381354,6.676083457348714
1976-07-31,10.0,0.08161114673023473,0.0795280987006326,20.830480296021303
1976-08-31,2.0,0.06628787469519648,0.0665477174193918,-2.5984272419532495
1976-08-31,5.0,0.07366757165760607,0.07434803658247602,-6.804649248699501
1976-08-31,10.0,0.07976383626058814,0.07829921617766411,14.646200829240286
1976-09-30,2.0,0.06450814911882086,0.06450510391567343,0.03045203147422626
1976-09-30,5.0,0.07256070023769978,0.07250281872671649,0.5788151098329308
1976-09-30,10.0,0.07857916988724889,0.07749618242882517,10.829874584237231
1976-10-31,2.0,0.06139805413903332,0.06175372652475186,-3.5567238571854176
1976-10-31,5.0,0.06974365725483067,0.07025506652955893,-5.114092747282584
1976-10-31,10.0,0.07751721464708439,0.0759769074160026,15.403072310817834
1976-11-30,2.0,0.055084317860783605,0.055126853516769714,-0.4253565598610898
1976-11-30,5.0,0.06198826173667027,0.06373148994787714,-17.43228211206871
1976-11-30,10.0,0.07426866227491757,0.07272163161989309,15.470306550244839
1976-12-31,2.0,0.05426364614699075,0.05506987820502718,-8.062320580364268
1976-12-31,5.0,0.06293907577508473,0.06386340083093645,-9.243250558517158
1976-12-31,10.0,0.07134348803391344,0.06966337909442255,16.801089394908875
1977-01-31,2.0,0.06298184981547017,0.06362831299751526,-6.464631820450872
1977-01-31,5.0,0.07013136932832409,0.07121872967280263,-10.873603444785385
1977-01-31,10.0,0.0771260385512198,0.074976714054108,21.49324497111804
1977-02-28,2.0,0.06191122078613942,0.06283514216552377,-9.239213793843515
1977-02-28,5.0,0.07192594718124679,0.07149192527982873,4.34021901418058
1977-02-28,10.0,0.07757763230122405,0.07596291980712588,16.147124940981694
1977-03-31,2.0,0.06121993790292013,0.06176965295009773,-5.497150471776013
1977-03-31,5.0,0.0715688831483734,0.07115767194537304,4.112112030003612
1977-03-31,10.0,0.07729121106794135,0.07612217410378475,11.690369641566
1977-04-30,2.0,0.06253878075364794,0.062361223383862185,1.7755736978575243
1977-04-30,5.0,0.07099055536619758,0.07126907813627703,-2.7852277007944792
1977-04-30,10.0,0.07762050498278206,0.07624485902454015,13.756459582419112
1977-05-31,2.0,0.06287173786680378,0.06315085108320062,-2.791132163968424
1977-05-31,5.0,0.07055791969995617,0.07062758010631409,-0.696604063579187
1977-05-31,10.0,0.07677891497794209,0.07609096701324058,6.879479647015074
1977-06-30,2.0,0.06185351396912475,0.061644371522799,2.0914244632574963
1977-06-30,5.0,0.06874822686678073,0.0689266348637596,-1.7840799697887988
1977-06-30,10.0,0.07479416702426,0.07444473225700832,3.4943476725168843
1977-07-31,2.0,0.06616409122042244,0.06622993355174867,-0.6584233132622686
1977-07-31,5.0,0.07209715896698876,0.07207926377093044,0.17895196058326235
1977-07-31,10.0,0.07677698665308874,0.07574990023863726,10.270864144514835
1977-08-31,2.0,0.06707554196825782,0.06672691248788243,3.486294803753953
1977-08-31,5.0,0.07097511863974093,0.07136549669207914,-3.9037805233821388
1977-08-31,10.0,0.07517350283247493,0.07455433120915012,6.191716233248101
1977-09-30,2.0,0.06942756871230826,0.06923987625539763,1.8769245691063752
1977-09-30,5.0,0.07267067838786878,0.07283856465047411,-1.6788626260533235
1977-09-30,10.0,0.07640030599557979,0.07539173515965314,10.085708359266476
1977-10-31,2.0,0.07368430809382343,0.07293512446641914,7.491836274042818
1977-10-31,5.0,0.0760086557295041,0.07576173355262306,2.469221768810481
1977-10-31,10.0,0.07822111066379245,0.0770620389530925,11.590717106999548
1977-11-30,2.0,0.07244416787470032,0.0719013133834352,5.428544912651212
1977-11-30,5.0,0.07523253187962253,0.07502616412029739,2.063677593251434
1977-11-30,10.0,0.07757249683005396,0.07681434317024016,7.581536598137983
1977-12-31,2.0,0.07360641837304915,0.07362846448153748,-0.2204610848832722
1977-12-31,5.0,0.07718773996395556,0.07750372492850088,-3.1598496454532388
1977-12-31,10.0,0.08015357826590397,0.07987684259562,2.767356702839674
1978-01-31,2.0,0.07618861395705401,0.07590266757069508,2.859463863589262
1978-01-31,5.0,0.07899616013179189,0.07938237224406519,-3.8621211227329866
1978-01-31,10.0,0.08174459500428921,0.0814946288398668,2.499661644224105
1978-02-28,2.0,0.0772456510856876,0.07686280090597375,3.8285017971384505
1978-02-28,5.0,0.08049539437345743,0.08050443333862467,-0.09038965167240676
1978-02-28,10.0,0.08270293249428051,0.08229523105149239,4.07701442788122
1978-03-31,2.0,0.07858350099065392,0.07816767169766692,4.158292929870022
1978-03-31,5.0,0.0816088089238225,0.08142541539847481,1.8339352534768594
1978-03-31,10.0,0.08386153642162997,0.08276180083464135,10.99735586988615
1978-04-30,2.0,0.08141695295253681,0.0799826757119324,14.34277240604409
1978-04-30,5.0,0.08275990402114952,0.08251495928505692,2.449447360926005
1978-04-30,10.0,0.08465651971276222,0.0834019021902539,12.546175225083278
1978-05-31,2.0,0.08293597331850444,0.0830639335226242,-1.2796020411975917
1978-05-31,5.0,0.08471895447361355,0.08442728531947674,2.9166915413680883
1978-05-31,10.0,0.08649293079842169,0.08488284043918926,16.1009035923243
1978-06-30,2.0,0.08664870088868293,0.08662221561709549,0.2648527158743974
1978-06-30,5.0,0.086808184125168,0.08724067959409676,-4.324954689287619
1978-06-30,10.0,0.08853810250577632,0.08742878850261815,11.093140031581683
1978-07-31,2.0,0.08656477110332728,0.0860790403144287,4.857307888985751
1978-07-31,5.0,0.08640194738085283,0.08652442401837801,-1.2247663752518179
1978-07-31,10.0,0.08785270790080024,0.08666676804125428,11.859398595459592
1978-08-31,2.0,0.08637913629969929,0.08588573544989608,4.93400849803205
1978-08-31,5.0,0.08598506818979335,0.08546449351076246,5.2057467903088295
1978-08-31,10.0,0.08554568991118505,0.08527346857059226,2.7222134059279313
1978-09-30,2.0,0.08883475406216923,0.08797590277093792,8.588512912313107
1978-09-30,5.0,0.08667764960941349,0.08649617475059546,1.814748588180315
1978-09-30,10.0,0.08752523107864763,0.08600084543857545,15.24385640072179
1978-10-31,2.0,0.09690545145339291,0.09611268716836485,7.927642850280581
1978-10-31,5.0,0.09322145110866553,0.09220435708292296,10.170940257425709
1978-10-31,10.0,0.09088664145501357,0.09082468291333701,0.6195854167656556
1978-11-30,2.0,0.09746922521041723,0.0968648784438717,6.043467665455271
1978-11-30,5.0,0.09067913877456224,0.09093158897057374,-2.524501960115
1978-11-30,10.0,0.08995859411815732,0.08880743396512436,11.511601530329596
1978-12-31,2.0,0.10193408403136206,0.102588944093988,-6.548600626259393
1978-12-31,5.0,0.09452080720487444,0.09486383068843751,-3.4302348356307633
1978-12-31,10.0,0.09264201769900349,0.09192697240556935,7.150452934341356
1979-01-31,2.0,0.09843822894603038,0.09771747364476346,7.207553012669177
1979-01-31,5.0,0.09075555518638256,0.09160380985215455,-8.482546657719858
1979-01-31,10.0,0.09117608505789154,0.0894445726588915,17.31512399000046
1979-02-28,2.0,0.10108214745233224,0.09948952070149897,15.926267508332703
1979-02-28,5.0,0.09440127076562499,0.09420710942610477,1.9416133952021575
1979-02-28,10.0,0.09311444052814966,0.09233542946995899,7.790110581906706
1979-03-31,2.0,0.09929780695066537,0.09819947740777835,10.983295428870221
1979-03-31,5.0,0.09341521808005049,0.09362295881176652,-2.077407317160329
1979-03-31,10.0,0.09264618198280217,0.09183525439209772,8.109275907044466
1979-04-30,2.0,0.10132733797749549,0.09969404477249832,16.33293204997166
1979-04-30,5.0,0.0950408543046024,0.09533034204017365,-2.8948773557124774
1979-04-30,10.0,0.09541326053690558,0.0936776413267586,17.35619210146977
1979-05-31,2.0,0.09768286400128523,0.09604692238009815,16.35941621187076
1979-05-31,5.0,0.09187443101663817,0.09233324480128458,-4.588137846464058
1979-05-31,10.0,0.0925032972220936,0.09105487120544264,14.48426016650961
1979-06-30,2.0,0.09147986118884655,0.0906261708861893,8.536903026572507
1979-06-30,5.0,0.08904093132385205,0.08895116603251552,0.8976529133652988
1979-06-30,10.0,0.0902043284274252,0.08839376574215785,18.105626852673584
1979-07-31,2.0,0.09502025672471182,0.09420710942610477,8.13147298607042
1979-07-31,5.0,0.09156467668887225,0.09151757655743631,0.4710013143593983
1979-07-31,10.0,0.09196732102765082,0.0906218083902306,13.455126374202209
1979-08-31,2.0,0.10048782706080361,0.0995280035081687,9.598235526349086
1979-08-31,5.0,0.09515580772014975,0.09460985174241476,5.459559777349909
1979-08-31,10.0,0.09382928973340054,0.09294730862063383,8.819811127667165
1979-09-30,2.0,0.10312284863324139,0.10291866747946177,2.0418115377962565
1979-09-30,5.0,0.09616947643954821,0.09702393538259546,-8.544589430472538
1979-09-30,10.0,0.09605675687055748,0.0950510684118544,10.056884587030801
1979-10-31,2.0,0.12362264800391887,0.12358222900433735,0.4041899958151518
1979-10-31,5.0,0.1136523158681848,0.1128752705269267,7.770453412581091
1979-10-31,10.0,0.10753520595467148,0.10800488814658049,-4.696821919090155
1979-11-30,2.0,0.11612861124522889,0.11225445934839962,38.741518968292695
1979-11-30,5.0,0.10604187657862307,0.10517754912104915,8.643274575739213
1979-11-30,10.0,0.10561268689568215,0.10453783653477333,10.74850360908819
1979-12-31,2.0,0.11513049320332969,0.11334722968990207,17.83263513427613
1979-12-31,5.0,0.10546538771084601,0.10486924759490712,5.961401159388924
1979-12-31,10.0,0.1052532516053486,0.10475545192298252,4.977996823660735
1980-01-31,2.0,0.12048395878914642,0.1183887126078571,20.95246181289312
1980-01-31,5.0,0.11340568938533124,0.1120787370262517,13.269523590795362
1980-01-31,10.0,0.11408994147438412,0.11401209642900167,0.7784504538244086
1980-02-29,2.0,0.15206084985965362,0.14953556007836522,25.25289781288409
1980-02-29,5.0,0.13701806967343888,0.13225814831831761,47.59921355121266
1980-02-29,10.0,0.12650992590054755,0.12761073451237648,-11.008086118289295
1980-03-31,2.0,0.15058450657599742,0.15002076645606333,5.6374011993409745
1980-03-31,5.0,0.13526914318596317,0.128600082892397,66.69060293566176
1980-03-31,10.0,0.1269203340057108,0.12652424153805963,3.960924676511546
1980-04-30,2.0,0.11081715338020293,0.10751968827210168,32.974651081012496
1980-04-30,5.0,0.11125365340643545,0.10695389028509217,42.99763121343281
1980-04-30,10.0,0.11043777751506711,0.11116165041844672,-7.238729033796076
1980-05-31,2.0,0.09487435547619083,0.0937924835082069,10.818719679839273
1980-05-31,5.0,0.1023860188919623,0.09869817316589291,36.87845726069394
1980-05-31,10.0,0.10718019974019666,0.10659086894783254,5.893307923641178
1980-06-30,2.0,0.09197185243068651,0.0927582450907094,-7.863926600228943
1980-06-30,5.0,0.097831128787222,0.09799193731970446,-1.608085324824593
1980-06-30,10.0,0.10638069017422414,0.10291425581361535,34.66434360608783
1980-07-31,2.0,0.09977454627553617,0.09971273973016603,0.6180654537013552
1980-07-31,5.0,0.10396990297605146,0.10466707502195205,-6.971720459005848
1980-07-31,10.0,0.11373385674741465,0.11003217345635696,37.016832910576895
1980-08-31,2.0,0.11697280660803089,0.11907785228805357,-21.05045680022677
1980-08-31,5.0,0.12057480337746496,0.11845358103435455,21.21222343110407
1980-08-31,10.0,0.11854401339800535,0.11623565269813652,23.08360699868839
1980-09-30,2.0,0.12485882541519766,0.12487059232995934,-0.11766914761679459
1980-09-30,5.0,0.12180257754028867,0.12081376794619025,9.888095940984165
1980-09-30,10.0,0.12179778245540174,0.1220428532515736,-2.4507079617186456
1980-10-31,2.0,0.13451123087941386,0.1337333085483463,7.779223310675487
1980-10-31,5.0,0.13055715784628852,0.12939376769819244,11.633901480960773
1980-10-31,10.0,0.12683862555481018,0.12789267243677682,-10.540468819666415
1980-11-30,2.0,0.14541322146252988,0.14181602579153307,35.97195670996811
1980-11-30,5.0,0.13355963327874876,0.13214492816458767,14.147051141610856
1980-11-30,10.0,0.12842177487178352,0.127956964151402,4.648107203815144
1980-12-31,2.0,0.13421888071475085,0.1307475922108603,34.71288503890557
1980-12-31,5.0,0.1287818390412796,0.12747655681870063,13.05282222578974
1980-12-31,10.0,0.12693180539515136,0.12571005887392706,12.217465212243095
1981-01-31,2.0,0.1363885612492075,0.13455442867335288,18.3413257585463
1981-01-31,5.0,0.1310377168704231,0.12937118004871584,16.66536821707254
1981-01-31,10.0,0.12973733838844304,0.12788703298751325,18.50305400929786
1981-02-28,2.0,0.1453083812432574,0.14087441603768558,44.33965205571822
1981-02-28,5.0,0.14150201717290756,0.1378152769626675,36.86740210240069
1981-02-28,10.0,0.13669813220049165,0.13679852466106035,-1.00392460568699
1981-03-31,2.0,0.1361345745500906,0.13570317892475714,4.313956253334528
1981-03-31,5.0,0.1388464645621439,0.1366905339308584,21.559306312854964
1981-03-31,10.0,0.13430056184196193,0.13702022198815622,-27.196601461942915
1981-04-30,2.0,0.15344957740440068,0.15054414496438207,29.054324400186182
1981-04-30,5.0,0.1486972620023972,0.1458388627664271,28.583992359700883
1981-04-30,10.0,0.1437176814362866,0.142969842556965,7.478388793216162
1981-05-31,2.0,0.14881468927078534,0.1490540055714067,-2.3931630062135056
1981-05-31,5.0,0.14365283287495467,0.13974322977812426,39.09603096830416
1981-05-31,10.0,0.13678471543030923,0.1354170177814864,13.676976488228298
1981-06-30,2.0,0.1517796530799469,0.1485841385774782,31.955145024686882
1981-06-30,5.0,0.1464805043913182,0.14246933138587337,40.11173005444846
1981-06-30,10.0,0.1402837245935462,0.13947656106381245,8.071635297337565
1981-07-31,2.0,0.1643919667378677,0.16167856737023945,27.133993676282664
1981-07-31,5.0,0.15663993938042453,0.15278067265939832,38.59266721026211
1981-07-31,10.0,0.14832201132420342,0.14615171947896055,21.702918452428666
1981-08-31,2.0,0.17404148141629827,0.16995817464030005,40.833067759982185
1981-08-31,5.0,0.16627321706424691,0.16001507416074623,62.58142903500685
1981-08-31,10.0,0.155182702708903,0.1554686277547208,-2.859250458178142
1981-09-30,2.0,0.1740192148344486,0.1709495490019941,30.696658324544934
1981-09-30,5.0,0.16846989382755773,0.16389949374342283,45.70400084134896
1981-09-30,10.0,0.1613695143773739,0.16058129966472268,7.882147126512251
1981-10-31,2.0,0.15154790849632715,0.15068567059786075,8.622378984664003
1981-10-31,5.0,0.1538595974012844,0.15153979620685787,23.198011944265406
1981-10-31,10.0,0.15089318754715553,0.15190028457655735,-10.070970294018267
1981-11-30,2.0,0.12789482572710242,0.12634401207815493,15.50813648947491
1981-11-30,5.0,0.132553327955806,0.13100995608528576,15.43371870520227
1981-11-30,10.0,0.13818156748486854,0.13308386544576623,50.977020391023146
1981-12-31,2.0,0.14125818463664364,0.14390746219937722,-26.492775627335874
1981-12-31,5.0,0.1450191201795179,0.14425297442268104,7.661457568368668
1981-12-31,10.0,0.14498778464195383,0.14468558380503516,3.022008369186757
1982-01-31,2.0,0.14770186357359827,0.1474280965147996,2.7376705879866847
1982-01-31,5.0,0.14752464124373277,0.14619985886209852,13.247823816342486
1982-01-31,10.0,0.14565141015571026,0.14626977918603723,-6.183690303269707
1982-02-28,2.0,0.14979820302896263,0.1469738049442475,28.243980847151295
1982-02-28,5.0,0.14533538944347435,0.14375533262374574,15.800568197286147
1982-02-28,10.0,0.14425724089529224,0.14356548499631927,6.917558989729677
1982-03-31,2.0,0.1506775764683126,0.14848536458890305,21.922118794095447
1982-03-31,5.0,0.14877397634493938,0.14668480396105466,20.891723838847298
1982-03-31,10.0,0.14505647798430843,0.1430647129909659,19.917649933425263
1982-04-30,2.0,0.14510387278059267,0.14371072703558796,13.931457450047091
1982-04-30,5.0,0.14367982301067217,0.14162421681160553,20.556061990666397
1982-04-30,10.0,0.14328496200081986,0.1390413641453896,42.4359785543027
1982-05-31,2.0,0.14149522977836648,0.13943212234449165,20.631074338748334
1982-05-31,5.0,0.14279500190886374,0.1400350413952407,27.599605136230387
1982-05-31,10.0,0.1411910607749578,0.13965661258415607,15.344481908017293
1982-06-30,2.0,0.15230814368034373,0.1517413333051758,5.668103751679254
1982-06-30,5.0,0.1517344703322716,0.14890463825976807,28.298320725035353
1982-06-30,10.0,0.14773820103646318,0.14559024270945864,21.4795832700454
1982-07-31,2.0,0.13665554017331538,0.13704751080094835,-3.9197062763296486
1982-07-31,5.0,0.1432029041855467,0.13937515216264074,38.277520229059725
1982-07-31,10.0,0.14158570290666295,0.14017299398121263,14.127089254503122
1982-08-31,2.0,0.12428279386873853,0.1250022098887391,-7.19416020000585
1982-08-31,5.0,0.13192376158010388,0.12882695430887203,30.968072712318495
1982-08-31,10.0,0.13311244912360576,0.13009533904328952,30.17110080316243
1982-09-30,2.0,0.11636558623547755,0.11698489816483915,-6.19311929361599
1982-09-30,5.0,0.1213401187625649,0.12164011216360704,-2.9999340104214234
1982-09-30,10.0,0.12140261977230815,0.12319578319005076,-17.931634177426048
1982-10-31,2.0,0.10137261073040116,0.10522507277741266,-38.52462047011507
1982-10-31,5.0,0.10964616171199504,0.11084501447084327,-11.988527588482345
1982-10-31,10.0,0.11092263036405603,0.11272949341509708,-18.06863051041052
1982-11-30,2.0,0.10247719417917023,0.10326172852827598,-7.845343491057477
1982-11-30,5.0,0.10722830934214778,0.1117295991203453,-45.012897781975255
1982-11-30,10.0,0.11271791001207676,0.11443438703256259,-17.164770204858293
1982-12-31,2.0,0.09754096123979505,0.09880255445037611,-12.615932105810579
1982-12-31,5.0,0.10453010547659858,0.10828192399665548,-37.51818520056904
1982-12-31,10.0,0.10762409029465303,0.11059510245874304,-29.710121640900145
1983-01-31,2.0,0.09851791097011597,0.0999833023419765,-14.65391371860525
1983-01-31,5.0,0.10696343191819713,0.11086723159330303,-39.03799675105901
1983-01-31,10.0,0.11318341002630161,0.11532852191112308,-21.451118848214712
1983-02-28,2.0,0.09569100189002366,0.09636811118021682,-6.7710929019315635
1983-02-28,5.0,0.10159428926223124,0.10563960990055699,-40.453206383257445
1983-02-28,10.0,0.10764427499523088,0.10909902884079048,-14.547538455595976
1983-03-31,2.0,0.10147230082579761,0.10139768943457028,0.7461139122733051
1983-03-31,5.0,0.10605966010143009,0.10895374638422117,-28.940862827910863
1983-03-31,10.0,0.11058799076585268,0.11197643048861816,-13.884397227654777
1983-04-30,2.0,0.09605079986842258,0.09643389524038981,-3.8309537196723475
1983-04-30,5.0,0.10212911989687012,0.10506261663253369,-29.334967356635655
1983-04-30,10.0,0.10710441325264619,0.10857787477803371,-14.734615253875205
1983-05-31,2.0,0.10306917003913729,0.10237506258601092,6.941074531263691
1983-05-31,5.0,0.10927863930224868,0.1109005581101461,-16.219188078974156
1983-05-31,10.0,0.11233165444528725,0.11375924438290519,-14.275899376179346
1983-06-30,2.0,0.10528409932594207,0.10529580944561978,-0.11710119677710296
1983-06-30,5.0,0.11152719831935154,0.11283965908805604,-13.124607687045042
1983-06-30,10.0,0.11378404588325464,0.11524264492124248,-14.5859903798784
1983-07-31,2.0,0.1137864430094544,0.11343630103108349,3.5014197837091032
1983-07-31,5.0,0.12045904275126729,0.12107158476061497,-6.12542009347683
1983-07-31,10.0,0.12222753986342139,0.12401039539410563,-17.828555306842464
1983-08-31,2.0,0.11539045723338925,0.11492261620846711,4.678410249221443
1983-08-31,5.0,0.12260398810494055,0.12235370217251229,2.5028593242826247
1983-08-31,10.0,0.12472038612449587,0.12538365028838627,-6.63264163890398
1983-09-30,2.0,0.10855226447639899,0.10808577545576603,4.664890206329542
1983-09-30,5.0,0.11646155408478176,0.11700165306397303,-5.400989791912725
1983-09-30,10.0,0.11919172549357859,0.12018180721074812,-9.90081717169522
1983-10-31,2.0,0.10950246910389261,0.1084481787540501,10.542903498425016
1983-10-31,5.0,0.11863303351082322,0.11886524769419493,-2.3221418337171507
1983-10-31,10.0,0.12306475698348485,0.1230082251557898,0.5653182769504994
1983-11-30,2.0,0.11005056232714194,0.10881180938884549,12.387529382964502
1983-11-30,5.0,0.11818348905583953,0.11828358900975844,-1.0009995391890847
1983-11-30,10.0,0.12136003468138234,0.12125994060830303,1.000940730793154
1983-12-31,2.0,0.11200736851979198,0.11126832705728362,7.390414625083608
1983-12-31,5.0,0.12054045990456674,0.12019300908482955,3.4745081973719394
1983-12-31,10.0,0.12336730958504738,0.1234945930083231,-1.2728342327572584
1984-01-31,2.0,0.10911720962903981,0.10822097016708132,8.962394619584924
1984-01-31,5.0,0.11810846329739544,0.1181035598446647,0.0490345273074233
1984-01-31,10.0,0.12221832130474186,0.12166366685328578,5.546544514560825
1984-02-29,2.0,0.11349405795840428,0.11263825333753119,8.558046208730907
1984-02-29,5.0,0.12251354774331058,0.1222044390563406,3.091086869699833
1984-02-29,10.0,0.12604260487691188,0.12561888005195043,4.237248249614467
1984-03-31,2.0,0.11998603426328436,0.1188216128004207,11.644214628636629
1984-03-31,5.0,0.1281101109912841,0.12761975543433612,4.903555569479856
1984-03-31,10.0,0.13111547306828752,0.13024791221251752,8.675608557699999
1984-04-30,2.0,0.12310976010042296,0.1208126471329829,22.971129674400625
1984-04-30,5.0,0.13116678183865882,0.13071140886684596,4.5537297181286185
1984-04-30,10.0,0.1341802532942613,0.13359613511717194,5.841181770893655
1984-05-31,2.0,0.13506034526406308,0.13379113042152735,12.692148425357264
1984-05-31,5.0,0.1442551521950577,0.1420444118345343,22.107403605233777
1984-05-31,10.0,0.14563647965589288,0.14531533404156805,3.211456143248359
1984-06-30,2.0,0.13695235963035945,0.13593488600657655,10.174736237829052
1984-06-30,5.0,0.14328476137510893,0.14210037338176096,11.843879933479684
1984-06-30,10.0,0.14440256817625463,0.14412940177448652,2.7316640176811013
1984-07-31,2.0,0.13028352190641934,0.12924018058994569,10.43341316473656
1984-07-31,5.0,0.13339975157958484,0.132646579475326,7.5317210425884795
1984-07-31,10.0,0.13384691993682107,0.1342311267338956,-3.8420679707451555
1984-08-31,2.0,0.12986437109484994,0.12890033044560067,9.640406492492648
1984-08-31,5.0,0.1324722168865169,0.13229211657228834,1.8010031422854844
1984-08-31,10.0,0.13216029945010255,0.1321619104658771,-0.016110157745607978
1984-09-30,2.0,0.12488241988148663,0.12419137563628269,6.9104424520394225
1984-09-30,5.0,0.12961139586349368,0.12899854904679664,6.1284681669704355
1984-09-30,10.0,0.12874506773042937,0.12848158610488358,2.634816255457917
1984-10-31,2.0,0.11460421983501501,0.11443215816601748,1.7206166899752517
1984-10-31,5.0,0.12027884464488725,0.12037785618079444,-0.990115359071897
1984-10-31,10.0,0.1227947515315353,0.12161655796857151,11.781935629637807
1984-11-30,2.0,0.10833926712500341,0.10794173366787585,3.975334571275635
1984-11-30,5.0,0.11707976269370768,0.11822096688220984,-11.412041885021651
1984-11-30,10.0,0.12089196765082799,0.12092361307777266,-0.31645426944670874
1984-12-31,2.0,0.10327733662507521,0.10467149369908935,-13.941570740141351
1984-12-31,5.0,0.11575919809571711,0.11690336124340694,-11.441631476898362
1984-12-31,10.0,0.12127951561227279,0.12161992282329281,-3.404072110200218
1985-01-31,2.0,0.10200314057868098,0.10216673338691162,-1.6359280823063926
1985-01-31,5.0,0.11207013301348323,0.11337283697066769,-13.02703957184459
1985-01-31,10.0,0.11701175963949817,0.11670568684316751,3.0607279633065865
1985-02-28,2.0,0.11011386649501897,0.10989120832180332,2.2265817321565073
1985-02-28,5.0,0.12064349852379119,0.12111306517663412,-4.695666528429232
1985-02-28,10.0,0.12479759124364542,0.12514621938801618,-3.4862814437075507
1985-03-31,2.0,0.10768117641515484,0.10811901852767325,-4.378421125184051
1985-03-31,5.0,0.11779567260099877,0.11863254792428957,-8.368753232907977
1985-03-31,10.0,0.12202957570496542,0.12302843948577102,-9.988637808056033
1985-04-30,2.0,0.10216917594051744,0.10335440640588867,-11.852304653712231
1985-04-30,5.0,0.11385281692928828,0.11533744457498907,-14.846276457007868
1985-04-30,10.0,0.12005033606238169,0.12125209181618968,-12.01755753807987
1985-05-31,2.0,0.09174039202957984,0.09234416818834945,-6.037761587696089
1985-05-31,5.0,0.10039299876430108,0.10354861387117187,-31.556151068707905
1985-05-31,10.0,0.10798153585357984,0.10893156753108268,-9.500316775028494
1985-06-30,2.0,0.08912691317498211,0.08986299970764433,-7.360865326622168
1985-06-30,5.0,0.10042534529222391,0.10344267828922948,-30.17332997005573
1985-06-30,10.0,0.10797566509555323,0.10896705390902262,-9.913888134693849
1985-07-31,2.0,0.09265070633953121,0.09351906956549683,-8.683632259656182
1985-07-31,5.0,0.10384459638277943,0.10663734674035519,-27.927503575757573
1985-07-31,10.0,0.11133797500922493,0.11257149704503977,-12.33522035814838
1985-08-31,2.0,0.09215184366143281,0.09163546682166412,5.163768397686841
1985-08-31,5.0,0.1010408883998335,0.1038565468891004,-28.156584892669034
1985-08-31,10.0,0.10777532187700345,0.1092376748845929,-14.623530075894564
1985-09-30,2.0,0.09131531345128074,0.09168022479333615,-3.649113420554073
1985-09-30,5.0,0.1010460666227655,0.10347357511677502,-24.275084940095226
1985-09-30,10.0,0.10841477140429712,0.11016316498117273,-17.483935768756176
1985-10-31,2.0,0.08933143160601476,0.0896254354691508,-2.9400386313604976
1985-10-31,5.0,0.09812457734480584,0.10037276536189288,-22.481880170870383
1985-10-31,10.0,0.10506780330926202,0.10693285836098054,-18.650550517185227
1985-11-30,2.0,0.08672495690892124,0.08670262863629619,0.2232827262504955
1985-11-30,5.0,0.09369517593018895,0.09639113515230258,-26.959592221136308
1985-11-30,10.0,0.1001913028729049,0.10289440353568158,-27.031006627766807
1985-11-30,30.0,0.0990179001724576,0.11240907346368112,-133.91173291223524
1985-12-31,2.0,0.0815905802370902,0.08259723354834514,-10.066533112549347
1985-12-31,5.0,0.08736058026938598,0.0895753138519253,-22.14733582539319
1985-12-31,10.0,0.09375200121166616,0.09615653255275336,-24.045313410872016
1985-12-31,30.0,0.09280476064979015,0.10786528832564746,-150.60527675857304
1986-01-31,2.0,0.08171407426071364,0.08265894334936985,-9.448690886562083
1986-01-31,5.0,0.08781767057215228,0.09033610290548522,-25.184323333329317
1986-01-31,10.0,0.09488930836821097,0.09749136713496265,-26.020587667516804
1986-01-31,30.0,0.09522925030549989,0.10694282080153683,-117.1357049603694
1986-02-28,2.0,0.07872224543311956,0.07947304417150147,-7.507987383819081
1986-02-28,5.0,0.08093997719846202,0.08286250236466741,-19.22525166205391
1986-02-28,10.0,0.08365959522116939,0.08568269380235272,-20.230985811833246
1986-02-28,30.0,0.08434925828257867,0.09209186582754247,-77.42607544963809
1986-03-31,2.0,0.07049286422463297,0.07260685654588572,-21.139923212527556
1986-03-31,5.0,0.07350586641037826,0.07575527900158541,-22.49412591207145
1986-03-31,10.0,0.07608392149626875,0.07798224280547683,-18.98321309208084
1986-03-31,30.0,0.07604553394492175,0.08108373895493015,-50.38205010008401
1986-04-30,2.0,0.06959276940185033,0.0717737647164387,-21.809953145883743
1986-04-30,5.0,0.07332911743649362,0.07616629601741587,-28.371785809222505
1986-04-30,10.0,0.07589986396770532,0.07860549664482619,-27.056326771208727
1986-04-30,30.0,0.07578266318032756,0.08338456789849347,-76.01904718165909
1986-05-31,2.0,0.07518258639597986,0.07701141822685798,-18.288318308781193
1986-05-31,5.0,0.08029474427588323,0.08378766192859288,-34.92917652709649
1986-05-31,10.0,0.08286598160522374,0.08642664122050814,-35.606596152844006
1986-05-31,30.0,0.07572800035509175,0.09088904346824656,-151.61043113154804
1986-06-30,2.0,0.06943819288291797,0.07189809768431865,-24.599048014006808
1986-06-30,5.0,0.0740837253706923,0.07751557753466431,-34.31852163972016
1986-06-30,10.0,0.07539604183994886,0.08044608767457162,-50.50045834622763
1986-06-30,30.0,0.07273557725411295,0.08476567941923085,-120.30102165117907
1986-07-31,2.0,0.06693529553384758,0.06903460190612454,-20.993063722769545
1986-07-31,5.0,0.07188489008991272,0.07581767461722277,-39.327845273100515
1986-07-31,10.0,0.0757218119737253,0.0813843220134689,-56.62510039743607
1986-07-31,30.0,0.07739702564753959,0.0882773138395112,-108.80288191971621
1986-08-31,2.0,0.06044022678499372,0.06166029630780745,-12.20069522813727
1986-08-31,5.0,0.06548954846240407,0.06963342893911206,-41.43880476707995
1986-08-31,10.0,0.07214776707081416,0.07641384273228091,-42.660756614667505
1986-08-31,30.0,0.07621101037195133,0.08493925581367923,-87.282454417279
1986-09-30,2.0,0.06504702178758115,0.06632163326906548,-12.746114814843335
1986-09-30,5.0,0.07164821314554448,0.07539926292814658,-37.51049782602101
1986-09-30,10.0,0.07726877570191237,0.08235367657198411,-50.849008700717405
1986-09-30,30.0,0.07931977167311888,0.09070578950270813,-113.86017829589257
1986-10-31,2.0,0.06379503742702841,0.06401448016023292,-2.1944273320451124
1986-10-31,5.0,0.06926094975043373,0.0725575177652853,-32.965680148515645
1986-10-31,10.0,0.07642350251018049,0.08010688086129858,-36.83378351118094
1986-10-31,30.0,0.08045376489059963,0.0886593662229398,-82.05601332340163
1986-11-30,2.0,0.06323840417722759,0.06314234591041257,0.960582668150245
1986-11-30,5.0,0.06808568664767223,0.07066291139942082,-25.77224751748597
1986-11-30,10.0,0.0740936429855601,0.07820001721299819,-41.06374227438092
1986-11-30,30.0,0.07861623309481636,0.0867276230841898,-81.11389989373441
1986-12-31,2.0,0.06466512647334133,0.06567990082668329,-10.147743533419629
1986-12-31,5.0,0.06973643691403231,0.07153049968347402,-17.940627694417177
1986-12-31,10.0,0.0747832898121863,0.07856127472601937,-37.77984913833077
1986-12-31,30.0,0.07930679374191141,0.08745271219912487,-81.45918457213463
1987-01-31,2.0,0.06445991414077623,0.06423262548779785,2.2728865297838574
1987-01-31,5.0,0.06862020193649454,0.07046378661707942,-18.435846805848755
1987-01-31,10.0,0.07438497233699959,0.0774487736397993,-30.63801302799707
1987-02-28,2.0,0.06469557752749866,0.06490543309191454,-2.0985556441588393
1987-02-28,5.0,0.06862339724913324,0.07034497173111309,-17.215744819798484
1987-02-28,10.0,0.07450862372918388,0.07667867311039411,-21.700493812102373
1987-03-31,2.0,0.06663249934435256,0.06743331949887188,-8.008201545193216
1987-03-31,5.0,0.07191909290808862,0.07326134632746739,-13.422534193787694
1987-03-31,10.0,0.07801088791949362,0.0796446940313269,-16.338061118332803
1987-04-30,2.0,0.07553330456132334,0.07612002186158873,-5.867173002653825
1987-04-30,5.0,0.0802993402568617,0.0817931625531838,-14.938222963221115
1987-04-30,10.0,0.08510764976603324,0.08721676056225602,-21.091107962227795
1987-05-31,2.0,0.07879390295705258,0.07939640430611261,-6.025013490600362
1987-05-31,5.0,0.08380026148085307,0.08457043916908513,-7.7017768823206545
1987-05-31,10.0,0.0880050538700694,0.08927463256122903,-12.69578691159623
1987-06-30,2.0,0.0765739452877574,0.07637616890708099,1.9777638067641767
1987-06-30,5.0,0.08251654243429574,0.08348857780940766,-9.720353751119237
1987-06-30,10.0,0.08691993180785551,0.08871924413470955,-17.993123268540412
1987-07-31,2.0,0.0781372451191591,0.07712774174138337,10.095033777757223
1987-07-31,5.0,0.08453472389388961,0.08546232258394637,-9.275986900567634
1987-07-31,10.0,0.09018202402886577,0.09148919746937567,-13.071734405099011
1987-08-31,2.0,0.08170684792846439,0.08083079495561662,8.760529728477628
1987-08-31,5.0,0.08777596625589479,0.08884989828309786,-10.739320272030728
1987-08-31,10.0,0.09384304236036245,0.09447084511835091,-6.278027579884604
1987-09-30,2.0,0.08828528979230033,0.08821746023323929,0.6782955906103894
1987-09-30,5.0,0.09511609051959002,0.09594828259594079,-8.321920763507684
1987-09-30,10.0,0.10038540364863513,0.10122037868047018,-8.349750318350502
1987-10-31,2.0,0.07766181807205719,0.07943850158677224,-17.766835147150495
1987-10-31,5.0,0.08647308251490582,0.08867678491214859,-22.037023972427683
1987-10-31,10.0,0.09282473771363842,0.09387233327398392,-10.475955603455045
1987-11-30,2.0,0.0791926148987705,0.07975374365233723,-5.611287535667309
1987-11-30,5.0,0.08704684490535208,0.08886732002084385,-18.20475115491771
1987-11-30,10.0,0.0940286959047909,0.09482003701108943,-7.913411062985265
1987-12-31,2.0,0.0795862171838626,0.07985033183652557,-2.641146526629612
1987-12-31,5.0,0.08580930608380033,0.08728104255087188,-14.717364670715494
1987-12-31,10.0,0.09206014967766274,0.09360280046068126,-15.426507830185177
1988-01-31,2.0,0.07377676204241923,0.07393615204775594,-1.5939000533671255
1988-01-31,5.0,0.0797683018249844,0.0805390815100877,-7.707796851033066
1988-01-31,10.0,0.08603312569904631,0.08854361492761509,-25.104892285687797
1988-02-29,2.0,0.07283675749142748,0.07273798512616714,0.9877236526034672
1988-02-29,5.0,0.07852005812256002,0.07915828970396688,-6.382315814068562
1988-02-29,10.0,0.08503118631076378,0.0872048976640809,-21.737113533171204
1988-03-31,2.0,0.07580371463455982,0.07565432800270977,1.4938663185004586
1988-03-31,5.0,0.08287423469374522,0.0835081317776123,-6.338970838670743
1988-03-31,10.0,0.0894288143469506,0.09158335785600258,-21.54543509051976
1988-04-30,2.0,0.07911602422658692,0.07891418929084981,2.0183493573711075
1988-04-30,5.0,0.08586934946939451,0.08631396844531292,-4.446189759184094
1988-04-30,10.0,0.09275154168277244,0.09492674102073972,-21.751993379672818
1988-05-31,2.0,0.08410753320651065,0.08425762572466056,-1.5009251814990243
1988-05-31,5.0,0.08996330376839468,0.0904135367160106,-4.50232947615925
1988-05-31,10.0,0.09594919800099189,0.09721852971254719,-12.693317115552993
1988-06-30,2.0,0.08210696080415336,0.08204264843832276,0.6431236583059885
1988-06-30,5.0,0.08645154334961136,0.08694226092144164,-4.907175718302792
1988-06-30,10.0,0.0915624885050621,0.0930253171328621,-14.628286278000058
1988-07-31,2.0,0.08595149052124018,0.08594711650444209,0.043740167980921285
1988-07-31,5.0,0.08994355420336309,0.09000145102189072,-0.5789681852763628
1988-07-31,10.0,0.0946781386766049,0.0972860101901436,-26.078715135386954
1988-08-31,2.0,0.0892672726089927,0.08919810992585497,0.6916268313772456
1988-08-31,5.0,0.09189211379952322,0.09224768998527977,-3.5557618575654537
1988-08-31,10.0,0.09577891594459831,0.0968554658058931,-10.765498612947955
1988-09-30,2.0,0.08625966906817162,0.08637550867685628,-1.158396086846647
1988-09-30,5.0,0.08822742872342038,0.08874687693408045,-5.194482106600784
1988-09-30,10.0,0.0915432414411892,0.09275753969217027,-12.142982509810718
1988-10-31,2.0,0.08431395626407223,0.08425965020256765,0.5430606150458317
1988-10-31,5.0,0.08561560068006124,0.0860339225974287,-4.1832191736745905
1988-10-31,10.0,0.08929771510237638,0.09063683575033821,-13.391206479618223
1988-11-30,2.0,0.0904940815377342,0.09078859344527745,-2.9451190754326007
1988-11-30,5.0,0.09122704272232962,0.0916861905523878,-4.591478300581819
1988-11-30,10.0,0.09312820746598449,0.09415070702571038,-10.224995597258868
1988-12-31,2.0,0.09359669502925683,0.0938656926403314,-2.6899761107457287
1988-12-31,5.0,0.09348797068956749,0.09421462558813887,-7.266548985713772
1988-12-31,10.0,0.09339068176911591,0.09424435716553647,-8.536753964205612
1989-01-31,2.0,0.09333892269569555,0.0934427785377363,-1.0385584204075649
1989-01-31,5.0,0.09280552132834519,0.09292968809431001,-1.2416676596482823
1989-01-31,10.0,0.09191370360779016,0.0922826978013982,-3.6899419360802987
1989-02-28,2.0,0.09788818413419564,0.09817400390913855,-2.858197749429081
1989-02-28,5.0,0.09636485520078364,0.0969303478587431,-5.654926579594655
1989-02-28,10.0,0.09496160894612138,0.09578517845473145,-8.23569508610067
1989-03-31,2.0,0.09973270346558194,0.10038789423155547,-6.551907659735345
1989-03-31,5.0,0.0973152844025662,0.09765265830589098,-3.37373903324778
1989-03-31,10.0,0.09431555868457897,0.094983261359604,-6.677026750250281
1989-04-30,2.0,0.09439540916621136,0.09464167548945124,-2.462663232398743
1989-04-30,5.0,0.09248244008223527,0.09328824436218675,-8.05804279951472
1989-04-30,10.0,0.09202151780476031,0.09309366045286227,-10.721426481019591
1989-05-31,2.0,0.09012243370831596,0.09044787257493203,-3.254388666160679
1989-05-31,5.0,0.08812813773646822,0.08933289052937243,-12.047527929042179
1989-05-31,10.0,0.08754462786152573,0.08888177454913726,-13.371466876115345
1989-06-30,2.0,0.08241072333954902,0.08284047019423446,-4.297468546854422
1989-06-30,5.0,0.08185734045315418,0.08305184574104696,-11.945052878927775
1989-06-30,10.0,0.08273680682291129,0.08417859937582373,-14.417925529124354
1989-07-31,2.0,0.07664619020254348,0.0773794635688223,-7.332733662788193
1989-07-31,5.0,0.07699802146726276,0.07806470932693088,-10.66687859668125
1989-07-31,10.0,0.08043788166723376,0.08093945657708845,-5.015749098546962
1989-08-31,2.0,0.08605091115518437,0.08569295437182167,3.5795678336270065
1989-08-31,5.0,0.0842586576885469,0.08523234235427202,-9.736846657251164
1989-08-31,10.0,0.0841273556621629,0.08531631571417941,-11.889600520165189
1989-09-30,2.0,0.08639457263271733,0.08637108608645883,0.23486546258499885
1989-09-30,5.0,0.08519377551808227,0.08616810249488238,-9.743269768001106
1989-09-30,10.0,0.08446746206790712,0.08601260896974372,-15.451469018366026
1989-10-31,2.0,0.08001529101080007,0.0805754390504767,-5.601480396766334
1989-10-31,5.0,0.08009385717725581,0.08130390099648732,-12.1004381923151
1989-10-31,10.0,0.08084622298219868,0.08230080782654992,-14.545848443512366
1989-11-30,2.0,0.07900940592789762,0.07919024318482704,-1.8083725692941144
1989-11-30,5.0,0.07888654359812941,0.08034121630083946,-14.54672702710047
1989-11-30,10.0,0.08012180974591399,0.08109599522174737,-9.74185475833389
1989-12-31,2.0,0.08028892750800276,0.0807808624815951,-4.919349735923451
1989-12-31,5.0,0.08014613445478735,0.08144549094710629,-12.993564923189371
1989-12-31,10.0,0.0809135141262709,0.08232054545262102,-14.070313263501166
1990-01-31,2.0,0.08460795362789253,0.0849863402327744,-3.7838660488187514
1990-01-31,5.0,0.08531125771585213,0.0864594569483943,-11.481992325421686
1990-01-31,10.0,0.08634814212932573,0.08716417110742714,-8.160289781014018
1990-02-28,2.0,0.0862315815979986,0.08601752068243185,2.1406091556674944
1990-02-28,5.0,0.08623871918256176,0.08771853627057835,-14.798170880165884
1990-02-28,10.0,0.08700514621253252,0.08830739524558595,-13.022490330534264
1990-03-31,2.0,0.0884296136282825,0.0884757647275598,-0.46151099277302876
1990-03-31,5.0,0.08840087225897375,0.08947685083814272,-10.75978579168968
1990-03-31,10.0,0.0882726757627097,0.08941409166543801,-11.414159027283155
1990-04-30,2.0,0.09182924585186103,0.09176866117478544,0.6058467707559245
1990-04-30,5.0,0.09257205670155622,0.09318196265357281,-6.099059520165984
1990-04-30,10.0,0.09245942384352546,0.09333801324186863,-8.78589398343177
1990-05-31,2.0,0.0869605697389948,0.08655153037980812,4.090393591866803
1990-05-31,5.0,0.08755986950826311,0.08858756345084373,-10.276939425806209
1990-05-31,10.0,0.08789979211048071,0.08897712520152323,-10.773330910425205
1990-06-30,2.0,0.08419460852757443,0.08431028752436376,-1.156789967893257
1990-06-30,5.0,0.08537516699825054,0.08645183936817813,-10.766723699275893
1990-06-30,10.0,0.08622699880328133,0.08746895414397882,-12.41955340697487
1990-07-31,2.0,0.08075415483837567,0.08114742052409785,-3.9326568572217724
1990-07-31,5.0,0.0831984238597947,0.08401496021328803,-8.165363534933245
1990-07-31,10.0,0.08607752998078522,0.08689218369823393,-8.1465371744871
1990-08-31,2.0,0.08248027958200166,0.08344711502010638,-9.668354381047184
1990-08-31,5.0,0.08736661884365371,0.08831384586294844,-9.472270192947274
1990-08-31,10.0,0.09179716331553522,0.09295665659796626,-11.594932824310344
1990-09-30,2.0,0.08198245619260769,0.08241082240952546,-4.283662169177749
1990-09-30,5.0,0.08711407789669434,0.08764182696774414,-5.27749071049799
1990-09-30,10.0,0.09138592511555932,0.09269543492469756,-13.095098091382429
1990-10-31,2.0,0.07936440077088514,0.07991713008624646,-5.527293153613222
1990-10-31,5.0,0.08469488814212833,0.08517786395823879,-4.829758161104536
1990-10-31,10.0,0.08983961493692649,0.09063325891578677,-7.9364397886028115
1990-11-30,2.0,0.07681150870888076,0.07769585534716206,-8.84346638281297
1990-11-30,5.0,0.08113355802732736,0.08194682401902464,-8.132659916972873
1990-11-30,10.0,0.08537315507508936,0.0864407690637925,-10.676139887031422
1990-12-31,2.0,0.07292700025467447,0.07408258747859842,-11.555872239239484
1990-12-31,5.0,0.07887092974664389,0.07995902825666978,-10.880985100258922
1990-12-31,10.0,0.08364077115073187,0.0856649456594416,-20.241745087097307
1991-01-31,2.0,0.07197135772797747,0.07237232399320659,-4.0096626522911905
1991-01-31,5.0,0.0783362952437725,0.07898570685855377,-6.494116147812701
1991-01-31,10.0,0.08330751321012642,0.08484170335030283,-15.341901401764169
1991-02-28,2.0,0.07191189191621361,0.07177368565334152,1.3820626287208704
1991-02-28,5.0,0.07887464340683015,0.07923988788953218,-3.652444827020318
1991-02-28,10.0,0.08315354733037994,0.08475749357578044,-16.039462454005005
1991-03-31,2.0,0.07176327270842053,0.07195962037666637,-1.9634766824583316
1991-03-31,5.0,0.0797130123175811,0.08038402884583573,-6.71016528254631
1991-03-31,10.0,0.08336925752406832,0.08518186045953602,-18.126029354676998
1991-04-30,2.0,0.06947635555560594,0.07016594784052099,-6.8959228491505264
1991-04-30,5.0,0.0787711125385051,0.0792047607909645,-4.336482524593954
1991-04-30,10.0,0.08334506997731861,0.08517927912964107,-18.342091523224635
1991-05-31,2.0,0.06814120776102417,0.06992316024247702,-17.81952481452853
1991-05-31,5.0,0.07955899885338136,0.07936767368551978,1.9132516786157794
1991-05-31,10.0,0.08381815573179208,0.08594171367591041,-21.235579441183372
1991-06-30,2.0,0.07046204736248884,0.0717205269829786,-12.584796204897497
1991-06-30,5.0,0.08177069985381902,0.08180501445341526,-0.3431459959624128
1991-06-30,10.0,0.08558620653098958,0.08806506734707042,-24.788608160808412
1991-07-31,2.0,0.0695339673322648,0.06987411043372882,-3.4014310146401883
1991-07-31,5.0,0.0803693615723382,0.08031961700247647,0.4974456986173159
1991-07-31,10.0,0.08546893683030587,0.08655436599554456,-10.854291652386827
1991-08-31,2.0,0.06486276037764749,0.06498586465449607,-1.231042768485846
1991-08-31,5.0,0.07593135358476744,0.07593677863440962,-0.054250496421826
1991-08-31,10.0,0.08151993114238487,0.08395747457775249,-24.375434353676173
1991-09-30,2.0,0.061005184315113814,0.06178557186148059,-7.8038754636677865
1991-09-30,5.0,0.07145263843210703,0.07210789469353429,-6.552562614272617
1991-09-30,10.0,0.07793861347244158,0.08018123657784293,-22.426231054013535
1991-10-31,2.0,0.058019316082250194,0.05866169196696336,-6.423758847131644
1991-10-31,5.0,0.06964916637782315,0.07031292759057384,-6.637612127506909
1991-10-31,10.0,0.07857629049832071,0.08087828035263711,-23.019898543163997
1991-11-30,2.0,0.054750738250780584,0.0554248435240976,-6.741052733170161
1991-11-30,5.0,0.06698994222086885,0.06869954632901232,-17.0960410814347
1991-11-30,10.0,0.07808430070256245,0.080672224775308,-25.87924072745551
1991-12-31,2.0,0.04845802285332779,0.049322022846613356,-8.639999932855691
1991-12-31,5.0,0.061301616785165436,0.06267351118535203,-13.718944001865907
1991-12-31,10.0,0.07059742091123034,0.07385173618638752,-32.543152751571824
1992-01-31,2.0,0.05202823648489807,0.05293517847814044,-9.069419932423717
1992-01-31,5.0,0.0667586605493875,0.06855901206572068,-18.003515163331762
1992-01-31,10.0,0.07739080214850924,0.07961649463199305,-22.2569248348381
1992-02-29,2.0,0.05369468611173889,0.054095936299429104,-4.012501876902164
1992-02-29,5.0,0.06826596975508381,0.06950477046632786,-12.38800711244048
1992-02-29,10.0,0.07653266264818881,0.07923567964862688,-27.030170004380683
1992-03-31,2.0,0.05715144703477715,0.05785570352103342,-7.042564862562717
1992-03-31,5.0,0.07206159960494518,0.07320646762789518,-11.448680229499963
1992-03-31,10.0,0.07921991689086294,0.08068588763221318,-14.65970741350242
1992-04-30,2.0,0.0557182281317834,0.055375499723286925,3.4272840849647324
1992-04-30,5.0,0.0718807224340019,0.07237340178608842,-4.926793520865225
1992-04-30,10.0,0.08035451688886175,0.08164644033082724,-12.919234419654924
1992-05-31,2.0,0.052883025522583615,0.052835855194439896,0.47170328143719686
1992-05-31,5.0,0.06866553856960222,0.06891834663855856,-2.528080689563339
1992-05-31,10.0,0.07729959861983571,0.07917216581003528,-18.7256719019957
1992-06-30,2.0,0.04912199768455605,0.04979684377923643,-6.748460946803814
1992-06-30,5.0,0.06530474339550008,0.06561601626810054,-3.1127287260046543
1992-06-30,10.0,0.0755735908936166,0.0787319315148074,-31.583406211908027
1992-07-31,2.0,0.04490915870535672,0.04528072475567235,-3.715660503156304
1992-07-31,5.0,0.06052283462513186,0.06097667903637438,-4.538444112425211
1992-07-31,10.0,0.0711732552663833,0.07411827080607569,-29.45015539692397
1992-08-31,2.0,0.04210170264450874,0.04298958040589129,-8.878777613825495
1992-08-31,5.0,0.05801479723375391,0.05893458807946916,-9.197908457152515
1992-08-31,10.0,0.07031892476068125,0.07456533134164145,-42.46406580960205
1992-09-30,2.0,0.038531620370731545,0.03943048104084568,-8.988606701141322
1992-09-30,5.0,0.05526461812566952,0.05574122440599938,-4.76606280329861
1992-09-30,10.0,0.06765863992693211,0.07255675829979213,-48.98118372860027
1992-10-31,2.0,0.04471985021958247,0.04558575647065166,-8.659062510691928
1992-10-31,5.0,0.061231684439322365,0.06231222806862968,-10.805436293073178
1992-10-31,10.0,0.07210361552729849,0.07491419749909967,-28.105819718011738
1992-11-30,2.0,0.04875946563254141,0.04953098721018989,-7.715215776484818
1992-11-30,5.0,0.0646676918670619,0.06567935590841345,-10.116640413515565
1992-11-30,10.0,0.07322893458841784,0.07581405140365804,-25.85116815240207
1992-12-31,2.0,0.046387620052395384,0.046082341251989956,3.0527880040542854
1992-12-31,5.0,0.06271323549762586,0.0630444122423488,-3.3117674472293857
1992-12-31,10.0,0.0703539828526627,0.07352464291666028,-31.70660063997577
1993-01-31,2.0,0.04265233996896711,0.04281472497500216,-1.6238500603504846
1993-01-31,5.0,0.057650810442243516,0.058284678948559154,-6.33868506315638
1993-01-31,10.0,0.06739457121988113,0.07049635879620908,-31.017875763279523
1993-02-28,2.0,0.03973020986021236,0.040022470744613736,-2.922608844013741
1993-02-28,5.0,0.05380818871278725,0.054477635094254184,-6.694463814669316
1993-02-28,10.0,0.0634355999816163,0.06709712721135741,-36.615272297411124
1993-03-31,2.0,0.040151457732642726,0.04041034021107737,-2.5888247843464107
1993-03-31,5.0,0.054113408134105034,0.05477572360492666,-6.623154708216283
1993-03-31,10.0,0.063313828605702,0.06748994670705044,-41.76118101348436
1993-04-30,2.0,0.03880309862766951,0.038654962494092615,1.481361335768927
1993-04-30,5.0,0.05307876013026647,0.05330375363623663,-2.2499350597016132
1993-04-30,10.0,0.06386806725859318,0.06658285840397049,-27.147911453773155
1993-05-31,2.0,0.043019351446863974,0.04293563772758735,0.8371371927662352
1993-05-31,5.0,0.05536953597406824,0.055478791603644106,-1.092556295758662
1993-05-31,10.0,0.06471756167783793,0.06679238484026206,-20.74823162424133
1993-06-30,2.0,0.04085417667767621,0.04105401292208155,-1.998362444053381
1993-06-30,5.0,0.05193424235110666,0.05208686978928645,-1.5262743817978652
1993-06-30,10.0,0.06072621253810451,0.06280222645697053,-20.760139188660265
1993-07-31,2.0,0.04188427595255395,0.042012765628213655,-1.2848967565970426
1993-07-31,5.0,0.05308767135211556,0.053080577766706494,0.07093585409068126
1993-07-31,10.0,0.06093153474145119,0.06259842076533428,-16.668860238830963
1993-08-31,2.0,0.03929769422424556,0.039217107777460125,0.8058644678543558
1993-08-31,5.0,0.04925414257958871,0.04919211175107385,0.6203082851485853
1993-08-31,10.0,0.05683030325969529,0.0589750737319481,-21.447704722528105
1993-09-30,2.0,0.0394044695802056,0.03963900518949748,-2.345356092918749
1993-09-30,5.0,0.04911906271667843,0.049283693989653043,-1.6463127297461355
1993-09-30,10.0,0.05616939530984988,0.05843525734336863,-22.658620335187507
1993-10-31,2.0,0.04042857449571424,0.04043746027823758,-0.08885782523337937
1993-10-31,5.0,0.04950436659676272,0.04983216051035266,-3.277939135899466
1993-10-31,10.0,0.05639215727151714,0.05873246729293413,-23.403100214169914
1993-10-31,30.0,0.06152787931778558,0.06969970721519347,-81.71827897407891
1993-11-30,2.0,0.04279918556957618,0.04265339952367353,1.4578604590265165
1993-11-30,5.0,0.05290906910839377,0.05326448534886441,-3.554162404706407
1993-11-30,10.0,0.06085692048695135,0.062431620199754345,-15.74699712802996
1993-11-30,30.0,0.06470278845759836,0.07218174486745199,-74.78956409853632
1993-12-31,2.0,0.04312353826890147,0.04296801820211238,1.5552006678909436
1993-12-31,5.0,0.053571126289771565,0.05346396466570247,1.0716162406909646
1993-12-31,10.0,0.06080119967965203,0.06261423653510834,-18.13036855456307
1993-12-31,30.0,0.0659148777174805,0.0727108660790392,-67.95988361558702
1994-01-31,2.0,0.0417810020484084,0.041500472962796575,2.8052908561182477
1994-01-31,5.0,0.05153736133478093,0.05152631315004652,0.1104818473440794
1994-01-31,10.0,0.0595474047215645,0.06038678926112917,-8.393845395646693
1994-01-31,30.0,0.06539281574881528,0.0711934123363549,-58.00596587539619
1994-02-28,2.0,0.04743907209101783,0.04759472960068134,-1.5565750966350933
1994-02-28,5.0,0.05758647979005138,0.05772642636805858,-1.3994657800719956
1994-02-28,10.0,0.06393887882857441,0.06632159758563638,-23.827187570619746
1994-02-28,30.0,0.06970528937179465,0.07478910473634337,-50.83815364548716
1994-03-31,2.0,0.053035678414924625,0.05345934922827178,-4.236708133471545
1994-03-31,5.0,0.06423762655863463,0.06465931240857348,-4.216858499388465
1994-03-31,10.0,0.07048750755148725,0.07228910793604193,-18.016003845546802
1994-03-31,30.0,0.07309332288762982,0.07814826138452013,-50.549384968903155
1994-04-30,2.0,0.05839057496599853,0.05890337334739004,-5.127983813915105
1994-04-30,5.0,0.0684116029463755,0.06832610556125096,0.8549738512453331
1994-04-30,10.0,0.0733077321041935,0.0745814460118539,-12.73713907660401
1994-04-30,30.0,0.0745433278149581,0.07820491995097001,-36.61592136011915
1994-05-31,2.0,0.061267100218986625,0.06143164479812846,-1.645445791418343
1994-05-31,5.0,0.06963950749334291,0.06952453156825711,1.149759250858029
1994-05-31,10.0,0.07436687719433155,0.07572431700770976,-13.57439813378214
1994-05-31,30.0,0.07581174496490717,0.07802845539425607,-22.167104293489004
1994-06-30,2.0,0.06316254369232288,0.06298189754982064,1.8064614250223876
1994-06-30,5.0,0.07179140340282908,0.07160043149697604,1.9097190585304347
1994-06-30,10.0,0.07611169776415228,0.07806764969812252,-19.559519339702458
1994-06-30,30.0,0.07809252076535,0.08037542586074009,-22.829050953900865
1994-07-31,2.0,0.06105583197430109,0.061187641036026585,-1.3180906172549633
1994-07-31,5.0,0.0692016633432797,0.06894170192780047,2.5996141547923735
1994-07-31,10.0,0.07384716118187828,0.0749193922765714,-10.722310946931213
1994-07-31,30.0,0.0761557673010449,0.07776821694457103,-16.12449643526137
1994-08-31,2.0,0.06291742176938309,0.06242269848960169,4.94723279781395
1994-08-31,5.0,0.06996713574119595,0.06982131226530153,1.4582347589442435
1994-08-31,10.0,0.07451457386553462,0.07539222261859879,-8.776487530641752
1994-08-31,30.0,0.07599414877817612,0.08134833239220352,-53.54183614027397
1994-09-30,2.0,0.0676014258813582,0.06728554842313317,3.1587745822503344
1994-09-30,5.0,0.07489713410849252,0.07478865412739766,1.0847998109486667
1994-09-30,10.0,0.07894653966973642,0.07999989897902049,-10.533593092840743
1994-09-30,30.0,0.07902685752614347,0.0821831956792205,-31.563381530770318
1994-10-31,2.0,0.06987982605566634,0.06955108061895832,3.2874543670802225
1994-10-31,5.0,0.07699873808889146,0.07687635113038072,1.223869585107451
1994-10-31,10.0,0.08094324508027273,0.0814651762866676,-5.219312063948767
1994-10-31,30.0,0.0808816379002315,0.08509643591540339,-42.14798015171883
1994-11-30,2.0,0.07565266665097514,0.07591127482646454,-2.586081754893943
1994-11-30,5.0,0.07990162758512454,0.07981637118564988,0.8525639947465358
1994-11-30,10.0,0.0812621264533322,0.08166227349946231,-4.001470461301171
1994-11-30,30.0,0.08057768235908824,0.08493274619767321,-43.550638385849716
1994-12-31,2.0,0.07867378075902542,0.078563431850726,1.1034890829941801
1994-12-31,5.0,0.08005587892131194,0.08049362834831641,-4.377494270044746
1994-12-31,10.0,0.08006549855194911,0.08124807617256335,-11.825776206142447
1994-12-31,30.0,0.07901056060677081,0.08201170684424985,-30.011462374790465
1995-01-31,2.0,0.07414138524149627,0.07425457236904554,-1.1318712754926352
1995-01-31,5.0,0.07719098598118057,0.07724192333352531,-0.5093735234473762
1995-01-31,10.0,0.07776829060451207,0.07867776563408557,-9.094750295735032
1995-01-31,30.0,0.07793166336388246,0.08130213992795454,-33.70476564072078
1995-02-28,2.0,0.0692159069857734,0.06913081935001619,0.8508763575720835
1995-02-28,5.0,0.07217438594534009,0.07238806706443612,-2.1368111909603194
1995-02-28,10.0,0.07404785995907814,0.07550465722014943,-14.567972610712854
1995-02-28,30.0,0.07582441453138244,0.08024190266009268,-44.17488128710234
1995-03-31,2.0,0.06931309422843213,0.06929354387013498,0.19550358297149018
1995-03-31,5.0,0.07238459550890863,0.07240701104219172,-0.22415533283082212
1995-03-31,10.0,0.07370549610996657,0.07540052106947326,-16.950249595066857
1995-03-31,30.0,0.07581512926390155,0.0797469983781629,-39.318691142613545
1995-04-30,2.0,0.06721916533557559,0.0671321848383597,0.8698049721589385
1995-04-30,5.0,0.07029522349149708,0.0702846381588158,0.10585332681278814
1995-04-30,10.0,0.07261120778189811,0.07348012631022538,-8.689185283272671
1995-04-30,30.0,0.07525553708929023,0.07677530666444365,-15.19769575153429
1995-05-31,2.0,0.059796247035027505,0.05985189519982792,-0.5564816480041479
1995-05-31,5.0,0.06190296008899332,0.06194071213685204,-0.37752047858718996
1995-05-31,10.0,0.06456042414523955,0.06613974433894287,-15.793201937033263
1995-05-31,30.0,0.06900607453576058,0.07074434437013966,-17.382698343790803
1995-06-30,2.0,0.05879030657150475,0.059291851644014626,-5.015450725098791
1995-06-30,5.0,0.06085922424155288,0.06122428313530914,-3.650588937562649
1995-06-30,10.0,0.06358585615502177,0.0651291857976275,-15.433296426057286
1995-06-30,30.0,0.06918969513719664,0.0698703724534191,-6.806773162224555
1995-07-31,2.0,0.05974018273966619,0.06006245053920134,-3.222677995351475
1995-07-31,5.0,0.06279429780735146,0.06347694179917451,-6.826439918230509
1995-07-31,10.0,0.06622479222042466,0.06755461144538599,-13.298192249613372
1995-07-31,30.0,0.07155562077807986,0.07291509999712598,-13.594792190461114
1995-08-31,2.0,0.059433576033334434,0.05944113335507395,-0.07557321739515288
1995-08-31,5.0,0.061825630575703006,0.06218132804327858,-3.556974675755775
1995-08-31,10.0,0.0642768928226145,0.0658275277491791,-15.50634926564598
1995-08-31,30.0,0.06856274420253561,0.07074843310188061,-21.856888993450063
1995-09-30,2.0,0.059217563328605394,0.059637225922223536,-4.1966259361814195
1995-09-30,5.0,0.061171416835522185,0.06141169749912412,-2.402806636019328
1995-09-30,10.0,0.06303464526473013,0.06447038056349097,-14.35735298760843
1995-09-30,30.0,0.06627073286650775,0.06944446387998404,-31.737310134762886
1995-10-31,2.0,0.05690658089763967,0.0575086157246083,-6.0203482696863375
1995-10-31,5.0,0.0591016380974263,0.059426590939015256,-3.2495284158895466
1995-10-31,10.0,0.06172778038731619,0.06275084780572593,-10.2306741840974
1995-10-31,30.0,0.06519641550097255,0.06745384184427672,-22.574263433041697
1995-11-30,2.0,0.054311363855638284,0.05474192892663732,-4.3056507099903385
1995-11-30,5.0,0.05619843386493861,0.05664799255539843,-4.49558690459817
1995-11-30,10.0,0.05888451797919236,0.06038370601828502,-14.991880390926582
1995-11-30,30.0,0.0633488738267074,0.06724885654101742,-38.99982714310024
1995-12-31,2.0,0.052471474303255494,0.052820754551277105,-3.492802480216106
1995-12-31,5.0,0.054673413846483054,0.05498073051201202,-3.073166655289672
1995-12-31,10.0,0.05700546235650927,0.058480957300119485,-14.754949436102116
1995-12-31,30.0,0.061539093897172936,0.06532531559484678,-37.86221697673842
1996-01-31,2.0,0.04991184519601788,0.05050971672347737,-5.978715274594926
1996-01-31,5.0,0.05341372015659718,0.05391887342331958,-5.0515326672240235
1996-01-31,10.0,0.05749914173149784,0.058906874170122636,-14.07732438624798
1996-01-31,30.0,0.06265514772266667,0.06544197890394399,-27.86831181277316
1996-02-29,2.0,0.05521958363663071,0.05503711500111663,1.82468635514077
1996-02-29,5.0,0.05837538982193857,0.05915426175853722,-7.788719365986463
1996-02-29,10.0,0.06310399630475261,0.06433693689746489,-12.329405927122838
1996-02-29,30.0,0.06665454990407271,0.0694004675403661,-27.459176362933935
1996-03-31,2.0,0.05888362375907219,0.05901895284803205,-1.3532908895985685
1996-03-31,5.0,0.06225064139561831,0.06266997627777338,-4.1933488215506465
1996-03-31,10.0,0.06495713966884309,0.06703532229138531,-20.78182622542224
1996-03-31,30.0,0.06773160418994961,0.07119989845138486,-34.682942614352456
1996-04-30,2.0,0.061380199065490526,0.061554217335059835,-1.7401826956930933
1996-04-30,5.0,0.06541071397687803,0.06572391760782192,-3.1320363094389236
1996-04-30,10.0,0.06841349986687106,0.0698155210616962,-14.020211948251315
1996-04-30,30.0,0.06950601683737045,0.07282940037000385,-33.233835326333946
1996-05-31,2.0,0.06390206160717216,0.06352050958570388,3.8155202146827882
1996-05-31,5.0,0.06791476816732067,0.06802610193245195,-1.113337651312829
1996-05-31,10.0,0.07031483922292225,0.07137406592272444,-10.592266998021849
1996-05-31,30.0,0.07025994913549383,0.07330362670727197,-30.436775717781472
1996-06-30,2.0,0.062207645935431266,0.06264950549944115,-4.418595640098832
1996-06-30,5.0,0.06610408034758009,0.06623624658742133,-1.321662398412471
1996-06-30,10.0,0.06919374313692028,0.06979958748216908,-6.0584434524879605
1996-06-30,30.0,0.06979138799175844,0.07244662685859837,-26.552388668399374
1996-07-31,2.0,0.06333409938422885,0.06345185101558748,-1.1775163135863131
1996-07-31,5.0,0.06714115369953122,0.06713515473671405,0.05998962817166387
1996-07-31,10.0,0.06988144375149452,0.07034949723491524,-4.680534834207162
1996-07-31,30.0,0.0710561763355495,0.07311826951549061,-20.620931799411046
1996-08-31,2.0,0.0646010849349461,0.06472060698231608,-1.1952204736997984
1996-08-31,5.0,0.06884134397238606,0.06880635229416066,0.349916782254045
1996-08-31,10.0,0.07154193231040273,0.07237467281639742,-8.32740505994689
1996-08-31,30.0,0.07188911472060489,0.07537925715445004,-34.90142433845156
1996-09-30,2.0,0.06209784602255741,0.06225300311599824,-1.551570934408275
1996-09-30,5.0,0.06600488078401412,0.06633524588790762,-3.3036510389350404
1996-09-30,10.0,0.06909152268889152,0.06987665324629466,-7.851305574031464
1996-09-30,30.0,0.07036662133987037,0.07485004835341003,-44.83427013539654
1996-10-31,2.0,0.05865501881614543,0.05861705148831198,0.3796732783345469
1996-10-31,5.0,0.062242403759859455,0.062436200931188734,-1.9379717132927965
1996-10-31,10.0,0.06544507149970058,0.06619101159694396,-7.459400972433805
1996-10-31,30.0,0.06832586030998278,0.07011338814855428,-17.87527838571501
1996-11-30,2.0,0.056759623004922544,0.056908024839948945,-1.4840183502640159
1996-11-30,5.0,0.05947543900192054,0.059478175242995146,-0.027362410746079036
1996-11-30,10.0,0.0620450198917164,0.06289502171571959,-8.500018240031881
1996-11-30,30.0,0.06509251624885048,0.0673847382446835,-22.922219958330103
1996-12-31,2.0,0.05980646918274535,0.05998967435659863,-1.8320517385328472
1996-12-31,5.0,0.06338256548421839,0.06353529347449549,-1.527279902771017
1996-12-31,10.0,0.06594063840054432,0.06648879301522981,-5.481546146854921
1996-12-31,30.0,0.06789444755451912,0.06946238569890917,-15.679381443900464
1997-01-31,2.0,0.06043145060558053,0.060299792082617376,1.3165852296315173
1997-01-31,5.0,0.06390628355293226,0.06414616464871425,-2.398810957819908
1997-01-31,10.0,0.06712120753765238,0.06748272068957673,-3.6151315192434197
1997-01-31,30.0,0.06990950639207694,0.07144119774121349,-15.316913491365547
1997-02-28,2.0,0.06200060249260231,0.06180155875222959,1.9904374037271744
1997-02-28,5.0,0.0652400120031209,0.06537467282224285,-1.346608191219456
1997-02-28,10.0,0.0671737374828123,0.06815410954351075,-9.803720606984534
1997-02-28,30.0,0.06917516027087922,0.07152840917999881,-23.532489091195874
1997-03-31,2.0,0.06574403060474321,0.06569158650568352,0.5244409905968972
1997-03-31,5.0,0.06921123813031405,0.0693605928994907,-1.4935476917665724
1997-03-31,10.0,0.07085901255280902,0.07205225912087676,-11.932465680677407
1997-03-31,30.0,0.07186445572904376,0.07372638832530454,-18.619325962607736
1997-04-30,2.0,0.06406461370417693,0.06391031126958757,1.5430243458935955
1997-04-30,5.0,0.06708999842650876,0.06720680946313062,-1.1681103662186665
1997-04-30,10.0,0.06876974099187083,0.06998481965722858,-12.150786653577494
1997-04-30,30.0,0.07075415143482733,0.07219636636219406,-14.422149273667362
1997-05-31,2.0,0.06335511559918872,0.06322038876811842,1.347268310702976
1997-05-31,5.0,0.06647037991140858,0.06647285073415099,-0.024708227424063978
1997-05-31,10.0,0.06829769077313252,0.06938253655210613,-10.848457789736088
1997-05-31,30.0,0.0708662177504722,0.07187440822806468,-10.081904775924855
1997-06-30,2.0,0.061897609833750256,0.06209045878614616,-1.928489523959076
1997-06-30,5.0,0.06534528214768032,0.06528616449017388,0.5911765750643561
1997-06-30,10.0,0.0665071029333888,0.06794183087313233,-14.347279397435297
1997-06-30,30.0,0.06984450883753146,0.06986866952559456,-0.24160688063101787
1997-07-31,2.0,0.05833066887211147,0.05817658814890381,1.540807232076613
1997-07-31,5.0,0.06003740217498765,0.06011133338308383,-0.7393120809617848
1997-07-31,10.0,0.061385697796728866,0.06265643291617784,-12.707351194489735
1997-07-31,30.0,0.06466900885038496,0.06510550125782344,-4.364924074384824
1997-08-31,2.0,0.0607404907442759,0.06094496112174319,-2.044703774672918
1997-08-31,5.0,0.06341920984065008,0.06357258784931608,-1.5337800866599416
1997-08-31,10.0,0.06470993368941613,0.0663806904133788,-16.70756723962663
1997-08-31,30.0,0.06757308570541931,0.06820179606409948,-6.287103586801734
1997-09-30,2.0,0.05896812015027719,0.059183741307396565,-2.1562115711937224
1997-09-30,5.0,0.0611146627873973,0.0615325634427637,-4.179006553663989
1997-09-30,10.0,0.06241523971547891,0.06413655471266888,-17.21314997189971
1997-09-30,30.0,0.06575936871708876,0.06817610569666899,-24.16736979580225
1997-10-31,2.0,0.05718480018930916,0.05756590402943629,-3.811038401271283
1997-10-31,5.0,0.058102737219662304,0.05888999310863352,-7.872558889712167
1997-10-31,10.0,0.05940124644384137,0.0611816620503125,-17.804156064711307
1997-10-31,30.0,0.06308073988816165,0.0636391791259523,-5.584392377906422
1997-11-30,2.0,0.058517565846857966,0.0590153027347462,-4.977368878882338
1997-11-30,5.0,0.05923235335700472,0.05951258445503349,-2.8023109802877144
1997-11-30,10.0,0.05949565202284002,0.06063586127524423,-11.402092524042118
1997-11-30,30.0,0.061279474746315454,0.062042775887616086,-7.633011413006319
1997-12-31,2.0,0.05745520626448597,0.05776465464338032,-3.094483788943503
1997-12-31,5.0,0.0579752617266045,0.058268087744141495,-2.9282601753699566
1997-12-31,10.0,0.05837792118319385,0.05950040630648612,-11.224851232922717
1997-12-31,30.0,0.06007796565943724,0.06118917394076395,-11.112082813267143
1998-01-31,2.0,0.05393251624765383,0.05445221079968765,-5.196945520338225
1998-01-31,5.0,0.054685486076815115,0.055094918750522304,-4.094326737071885
1998-01-31,10.0,0.056280809415028,0.05781988391344317,-15.390744984151716
1998-01-31,30.0,0.059607340639500794,0.060268802934433374,-6.614622949325799
1998-02-28,2.0,0.05632144450768983,0.05657993422526775,-2.584897175779144
1998-02-28,5.0,0.05674179521698375,0.05714011997203894,-3.983247550551905
1998-02-28,10.0,0.05699015533126417,0.058963784793226504,-19.73629461962334
1998-02-28,30.0,0.06051856147246126,0.06108378576043538,-5.652242879741198
1998-03-31,2.0,0.056856689534670934,0.05715169063755754,-2.950011028866051
1998-03-31,5.0,0.05725850657470266,0.05776138183910273,-5.028752644000711
1998-03-31,10.0,0.057479076280495534,0.05929578612327413,-18.167098427785966
1998-03-31,30.0,0.06053409803941312,0.06093622916279373,-4.021311233806113
1998-04-30,2.0,0.05675520059269901,0.057088760061980715,-3.3355946928170788
1998-04-30,5.0,0.05736957498909767,0.05767264498903635,-3.0306999993867656
1998-04-30,10.0,0.05759904195751386,0.059814662730492074,-22.156207729782107
1998-04-30,30.0,0.06056290273863696,0.061857016539651255,-12.94113801014296
1998-05-31,2.0,0.056106665605808015,0.05658304449793339,-4.763788921253731
1998-05-31,5.0,0.05641330918181331,0.05699492459632216,-5.816154145088515
1998-05-31,10.0,0.05630368548193321,0.05853869223855246,-22.35006756619251
1998-05-31,30.0,0.0590347792241277,0.061474803726948135,-24.40024502820437
1998-06-30,2.0,0.05569886514571043,0.05625951101208604,-5.6064586637560865
1998-06-30,5.0,0.055446644340911844,0.056027189711119973,-5.805453702081298
1998-06-30,10.0,0.05500636429154859,0.05697707796172957,-19.70713670180979
1998-06-30,30.0,0.05670178546706972,0.05863268578784209,-19.309003207723663
1998-07-31,2.0,0.05570098785861455,0.05615647820396319,-4.554903453486414
1998-07-31,5.0,0.05601652523254841,0.05632275630611305,-3.062310735646445
1998-07-31,10.0,0.05568528026197206,0.05743869846213845,-17.5341820016639
1998-07-31,30.0,0.05801461690419818,0.05889250816757441,-8.778912633762292
1998-08-31,2.0,0.04968620699170567,0.05116590975179225,-14.797027600865764
1998-08-31,5.0,0.04972856987604213,0.050938315757339536,-12.097458812974082
1998-08-31,10.0,0.051318383621668406,0.05315385017497487,-18.35466553306464
1998-08-31,30.0,0.05349615477327263,0.05543798975394498,-19.418349806723523
1998-09-30,2.0,0.0434303851503004,0.04469343278332616,-12.6304763302576
1998-09-30,5.0,0.0427016716562334,0.04403371602282147,-13.320443665880699
1998-09-30,10.0,0.04511560562675765,0.048027522582005044,-29.119169552473956
1998-09-30,30.0,0.05081114708000256,0.054830838593158626,-40.19691513156065
1998-10-31,2.0,0.04160056921416877,0.04397735714891726,-23.76787934748492
1998-10-31,5.0,0.042872963195742964,0.04470409364390382,-18.31130448160856
1998-10-31,10.0,0.04750730784389279,0.0503157112478787,-28.08403403985915
1998-10-31,30.0,0.05235212931217781,0.055318966499594335,-29.668371874165267
1998-11-30,2.0,0.04591503328674418,0.04694600007830774,-10.30966791563559
1998-11-30,5.0,0.04558474049336514,0.047418282402503786,-18.335419091386473
1998-11-30,10.0,0.0482132028747746,0.05058911074731931,-23.759078725447136
1998-11-30,30.0,0.0509318172853197,0.0554940456021229,-45.62228316803196
1998-12-31,2.0,0.04591677413868456,0.04689567974767028,-9.789056089857251
1998-12-31,5.0,0.046131420372832244,0.047747853973947096,-16.164336011148528
1998-12-31,10.0,0.047048660090222905,0.051286088146467845,-42.37428056244941
1998-12-31,30.0,0.05091065729837507,0.05582938964676898,-49.18732348393906
1999-01-31,2.0,0.04634544766545523,0.04713830802553498,-7.928603600797501
1999-01-31,5.0,0.04600699826151522,0.04708785191241094,-10.80853650895719
1999-01-31,10.0,0.04717912087764908,0.05107916039685256,-39.0003951920348
1999-01-31,30.0,0.05113442735976648,0.05421868808594321,-30.842607261767352
1999-02-28,2.0,0.05204501038526388,0.05254480859274735,-4.997982074834706
1999-02-28,5.0,0.052870617707722944,0.05402512924276048,-11.54511535037539
1999-02-28,10.0,0.053612955346929114,0.05731705345873306,-37.04098111803944
1999-02-28,30.0,0.055362758167154524,0.057837035470981624,-24.742773038270993
1999-03-31,2.0,0.05061363094634275,0.05116949011291383,-5.558591665710821
1999-03-31,5.0,0.051965392310323155,0.053407104778118164,-14.417124677950088
1999-03-31,10.0,0.05323073410774315,0.057696301419899676,-44.655673121565265
1999-03-31,30.0,0.05619469365045715,0.0590348972534005,-28.402036029433475
1999-04-30,2.0,0.051542361455855,0.051885648926633055,-3.432874707780531
1999-04-30,5.0,0.05322317484912853,0.05384327117373067,-6.200963246021374
1999-04-30,10.0,0.05444751065146347,0.057933505936540675,-34.85995285077203
1999-04-30,30.0,0.056753129010104875,0.05911415940038256,-23.610303902776852
1999-05-31,2.0,0.05508774609829992,0.05542771276380254,-3.3996666550262233
1999-05-31,5.0,0.05697142130700783,0.058181049448433164,-12.09628141425334
1999-05-31,10.0,0.05708931285792462,0.06103084515352952,-39.415322956048996
1999-05-31,30.0,0.05752793582560023,0.060097619066928454,-25.696832413282245
1999-06-30,2.0,0.05621648289108494,0.05632740762419508,-1.109247331101404
1999-06-30,5.0,0.0576701441806029,0.0587965783788309,-11.26434198227999
1999-06-30,10.0,0.05903664758396787,0.06286049559221185,-38.23848008243979
1999-06-30,30.0,0.05886504156770744,0.06109622392078706,-22.311823530796193
1999-07-31,2.0,0.057278851421519006,0.05740416634268364,-1.2531492116463205
1999-07-31,5.0,0.05927696677317473,0.06058834062913765,-13.113738559629162
1999-07-31,10.0,0.06006809710443184,0.06406542373967294,-39.97326635241105
1999-07-31,30.0,0.06031666133963309,0.06178769860100952,-14.710372613764289
1999-08-31,2.0,0.058272804379889465,0.05869522077680345,-4.224163969139827
1999-08-31,5.0,0.059825720803611704,0.06125836992819167,-14.326491245799655
1999-08-31,10.0,0.06059336891636535,0.06523535740223463,-46.419884858692754
1999-08-31,30.0,0.05860712980984628,0.0631622762974553,-45.551464876090186
1999-09-30,2.0,0.05724520379867548,0.0575036695915534,-2.584657928779155
1999-09-30,5.0,0.0588081302880763,0.06014655812065439,-13.38427832578093
1999-09-30,10.0,0.05983107706950941,0.06472470034509925,-48.93623275589842
1999-09-30,30.0,0.0588167079812445,0.062464136365346645,-36.474283841021474
1999-10-31,2.0,0.058872265637244015,0.059312870700005904,-4.406050627618896
1999-10-31,5.0,0.06076574154281422,0.06138997407087321,-6.242325280589878
1999-10-31,10.0,0.06101728384382543,0.06540419765329619,-43.86913809470761
1999-10-31,30.0,0.06007216868552501,0.06304881385423666,-29.766451687116557
1999-11-30,2.0,0.06112313225220323,0.06123938594698264,-1.1625369477941128
1999-11-30,5.0,0.06216466958911515,0.062681662462857,-5.1699287374185054
1999-11-30,10.0,0.06276616635829901,0.06665773471996639,-38.915683616673746
1999-11-30,30.0,0.061492211039639866,0.06306293735993407,-15.707263202942023
1999-12-31,2.0,0.06348878645054579,0.06378374531208841,-2.9495886154262685
1999-12-31,5.0,0.0647602945980792,0.065596848305576,-8.36553707496801
1999-12-31,10.0,0.06558432317085283,0.06930499622543396,-37.206730545811254
1999-12-31,30.0,0.06289301285366156,0.06631745520552657,-34.244423518650095
2000-01-31,2.0,0.06734221886019731,0.06764783171151167,-3.05612851314363
2000-01-31,5.0,0.06837796627261139,0.06850876397815098,-1.3079770553958703
2000-01-31,10.0,0.0678363196113303,0.06915202496100847,-13.157053496781757
2000-01-31,30.0,0.06322607267249825,0.06459943093448928,-13.733582619910312
2000-02-29,2.0,0.06650905962274556,0.06667270617563537,-1.6364655288980678
2000-02-29,5.0,0.06730858309564591,0.06770056857863183,-3.9198548298591263
2000-02-29,10.0,0.06465249002002538,0.06745795733215498,-28.05467312129606
2000-02-29,30.0,0.05897005750240791,0.06184637633665968,-28.763188342517676
2000-03-31,2.0,0.0661519018341985,0.06619339148144743,-0.41489647248926786
2000-03-31,5.0,0.06407379246652511,0.06433505772994574,-2.6126526342062917
2000-03-31,10.0,0.06044183485590793,0.06365079621337655,-32.089613574686204
2000-03-31,30.0,0.05586804939136503,0.05915301601030665,-32.849666189416205
2000-04-30,2.0,0.06810060248346295,0.06805665632933566,0.4394615412728342
2000-04-30,5.0,0.06663573625428443,0.06647911520797467,1.5662104630975726
2000-04-30,10.0,0.06244899423266559,0.06517981734357314,-27.308231109075543
2000-04-30,30.0,0.057022418702401545,0.06115265437010242,-41.30235667700877
2000-05-31,2.0,0.06814771136962516,0.06876319495949423,-6.154835898690703
2000-05-31,5.0,0.0663645218577209,0.06681211896741068,-4.475971096897791
2000-05-31,10.0,0.06317456207669592,0.0659935394661213,-28.18977389425381
2000-05-31,30.0,0.057074995457951916,0.0625658397655986,-54.90844307646681
2000-06-30,2.0,0.06491853195051234,0.06548467217229725,-5.661402217849165
2000-06-30,5.0,0.0626206611827842,0.06344191404325983,-8.212528604756297
2000-06-30,10.0,0.06064923098966535,0.06368304612671905,-30.33815137053697
2000-06-30,30.0,0.05665690299010584,0.061171706917930946,-45.14803927825106
2000-07-31,2.0,0.06404944718571803,0.06480002430361864,-7.505771179006082
2000-07-31,5.0,0.062457794416766355,0.0630371244711343,-5.793300543679436
2000-07-31,10.0,0.060906688629972505,0.06278149876992623,-18.748101399537198
2000-07-31,30.0,0.05546739985594917,0.05985237624228268,-43.849763863335056
2000-08-31,2.0,0.06272750928897053,0.06304777606792378,-3.2026677895324873
2000-08-31,5.0,0.06053014710141569,0.06079353873021032,-2.633916287946292
2000-08-31,10.0,0.05742297166832189,0.060719306836151565,-32.96335167829678
2000-08-31,30.0,0.05508692843097185,0.05841387531141473,-33.269468804428826
2000-09-30,2.0,0.06064620667505083,0.06121037181167899,-5.641651366281586
2000-09-30,5.0,0.05924705002555464,0.059604248719022035,-3.5719869346739763
2000-09-30,10.0,0.058553365413722025,0.06173084754062996,-31.77482126907938
2000-09-30,30.0,0.0579341560665263,0.06028666837076457,-23.525123042382745
2000-10-31,2.0,0.06020094663427389,0.0608583547217596,-6.574080874857113
2000-10-31,5.0,0.05904922054962003,0.05914815618358049,-0.989356339604619
2000-10-31,10.0,0.05827817734066798,0.060612174269454755,-23.339969287867746
2000-10-31,30.0,0.057027645977859365,0.05991930987643346,-28.916638985740928
2000-11-30,2.0,0.05676626927688333,0.0578453103892651,-10.790411123817734
2000-11-30,5.0,0.0547599310352751,0.0555525233479941,-7.925923127189982
2000-11-30,10.0,0.055504804970489596,0.05753333776798497,-20.28532797495375
2000-11-30,30.0,0.05585874995338669,0.05775060385642572,-18.918539030390313
2000-12-31,2.0,0.05166535698142494,0.0528046490111167,-11.39292029691763
2000-12-31,5.0,0.050410587075452984,0.0517354383089359,-13.248512334829154
2000-12-31,10.0,0.05188730769817296,0.05488053206609678,-29.93224367923819
2000-12-31,30.0,0.05547026605534611,0.0571417256118405,-16.714595564943924
2001-01-31,2.0,0.046725418232531846,0.04780318283659479,-10.777646040629474
2001-01-31,5.0,0.0492547620958208,0.05057554296915456,-13.2078087333376
2001-01-31,10.0,0.05316015050118872,0.0552390778444094,-20.789273432206823
2001-01-31,30.0,0.05667101428050181,0.058647434044309055,-19.764197638072467
2001-02-28,2.0,0.04455788032829533,0.045657586956387775,-10.99706628092445
2001-02-28,5.0,0.047744024385603545,0.048539026190248746,-7.950018046452012
2001-02-28,10.0,0.05011715822716245,0.05353076637354626,-34.13608146383807
2001-02-28,30.0,0.0543147076597994,0.05764307937709989,-33.28371717300493
2001-03-31,2.0,0.04225867943097539,0.04305461796408805,-7.959385331126612
2001-03-31,5.0,0.04702564087056449,0.04775514841812778,-7.295075475632906
2001-03-31,10.0,0.05045868954255517,0.05410646500747096,-36.47775464915792
2001-03-31,30.0,0.0561897774301745,0.05906488524627962,-28.751078161051158
2001-04-30,2.0,0.043550838140459236,0.0443118526882198,-7.610145477605634
2001-04-30,5.0,0.05081401014004716,0.05104270593388338,-2.2869579383621996
2001-04-30,10.0,0.055074250191073704,0.05780110150206519,-27.26851310991485
2001-04-30,30.0,0.059283755863155596,0.061664199301878275,-23.80443438722679
2001-05-31,2.0,0.04279268828137828,0.043599701718753714,-8.070134373754367
2001-05-31,5.0,0.050566020486414454,0.05161771390626013,-10.516934198456784
2001-05-31,10.0,0.056112986991170954,0.05854182126079266,-24.288342696217047
2001-05-31,30.0,0.05886053233874455,0.061477889516154294,-26.173571774097404
2001-06-30,2.0,0.04308792001423045,0.04388558638082296,-7.976663665925088
2001-06-30,5.0,0.0508711797863759,0.051773335588182645,-9.021558018067477
2001-06-30,10.0,0.055932374519705785,0.058560860879044,-26.284863593382113
2001-06-30,30.0,0.05853625032402432,0.06049819810314916,-19.619477791248396
2001-07-31,2.0,0.0383191948188808,0.03899183309529275,-6.726382764119521
2001-07-31,5.0,0.046746887250057156,0.04729463880038676,-5.477515503296004
2001-07-31,10.0,0.052415724757370885,0.05466915724267918,-22.534324853082932
2001-07-31,30.0,0.05691195669458282,0.058536835825598876,-16.24879131016055
2001-08-31,2.0,0.03678440954129969,0.03744192951039027,-6.575199690905809
2001-08-31,5.0,0.045638218687411136,0.04579462170298387,-1.5640301557273695
2001-08-31,10.0,0.04992278357828894,0.05324091904720896,-33.181354689200134
2001-08-31,30.0,0.05603695541371212,0.057149357370612996,-11.12401956900877
2001-09-30,2.0,0.02887025357975581,0.029461654427607176,-5.914008478513644
2001-09-30,5.0,0.04030874419979824,0.04097211236577358,-6.633681659753421
2001-09-30,10.0,0.047787675982799094,0.051750585311140185,-39.62909328341091
2001-09-30,30.0,0.05788065462261538,0.05816999888080043,-2.893442581850536
2001-10-31,2.0,0.024604457847320793,0.025215669781176953,-6.112119338561595
2001-10-31,5.0,0.037581747335224014,0.037515590502319895,0.6615683290411845
2001-10-31,10.0,0.04468469192162239,0.04814926060615998,-34.64568684537595
2001-10-31,30.0,0.0506169385540296,0.05309874112036361,-24.818025663340126
2001-11-30,2.0,0.02873958997240389,0.028947052261655726,-2.074622892518363
2001-11-30,5.0,0.041987294389830065,0.04313541520244346,-11.481208126133957
2001-11-30,10.0,0.049793077437668476,0.05387305321992519,-40.79975782256717
2001-11-30,30.0,0.053577216392538096,0.05774364228787521,-41.66425895337112
2001-12-31,2.0,0.031109281019783053,0.031100831539425666,0.08449480357386463
2001-12-31,5.0,0.04515192372232546,0.04662949888279311,-14.77575160467648
2001-12-31,10.0,0.052875670701225896,0.05665261391650489,-37.76943215278994
2001-12-31,30.0,0.05554263777689927,0.05978493920811445,-42.423014312151786
2002-01-31,2.0,0.03202542362860794,0.031878574738746,1.4684888986193911
2002-01-31,5.0,0.04551726099802855,0.04628312184722483,-7.6586084919627595
2002-01-31,10.0,0.052823448751218915,0.05593961406663217,-31.16165315413255
2002-01-31,30.0,0.05513415036808644,0.05865581039550016,-35.2166002741372
2002-02-28,2.0,0.030992673974233664,0.030777116704211238,2.155572700224262
2002-02-28,5.0,0.04389026855320721,0.044635478331315426,-7.452097781082134
2002-02-28,10.0,0.05065271261502868,0.05482091109304554,-41.681984780168605
2002-02-28,30.0,0.05472263367405761,0.058323444655187906,-36.00810981130298
2002-03-31,2.0,0.03779528019957268,0.037589256724365416,2.0602347520726205
2002-03-31,5.0,0.0505624445436208,0.05125637868369881,-6.939341400780119
2002-03-31,10.0,0.05617049021955278,0.05997783762027331,-38.07347400720529
2002-04-30,2.0,0.032848251734555634,0.03286862094319831,-0.2036920864267877
2002-04-30,5.0,0.04666626734129187,0.047028340696408266,-3.6207335511639904
2002-04-30,10.0,0.05314580624255272,0.056276512535968326,-31.307062934156082
2002-05-31,2.0,0.032641546271407806,0.032191281319546405,4.50264951861401
2002-05-31,5.0,0.04492576141909743,0.045331437288492094,-4.056758693946616
2002-05-31,10.0,0.053024608147687946,0.05571894574793479,-26.943376002468433
2002-06-30,2.0,0.029362811609016548,0.02886473979001747,4.980718189990796
2002-06-30,5.0,0.04205680485949492,0.042777681109933186,-7.2087625043826264
2002-06-30,10.0,0.050817201976100845,0.05382141470547119,-30.04212729370348
2002-07-31,2.0,0.022482208770024936,0.0224901749113513,-0.07966141326365417
2002-07-31,5.0,0.0362854583986969,0.03696688989904939,-6.814315003524918
2002-07-31,10.0,0.047425243983125975,0.05035478754869516,-29.295435655691815
2002-08-31,2.0,0.02156548990479923,0.02133337090794707,2.3211899685215975
2002-08-31,5.0,0.0329707993270425,0.033532969031485615,-5.621697044431162
2002-08-31,10.0,0.043298014681936614,0.046643105154719144,-33.450904727825304
2002-09-30,2.0,0.01729304939556764,0.01719414647248252,0.9890292308512016
2002-09-30,5.0,0.026812091514861525,0.02798132445974355,-11.69232944882026
2002-09-30,10.0,0.037922528558119284,0.04195733792228529,-40.34809364166003
2002-10-31,2.0,0.01689229305423612,0.017051749260013738,-1.5945620577761943
2002-10-31,5.0,0.028749901516930798,0.029684042161974178,-9.341406450433798
2002-10-31,10.0,0.04135853826984581,0.04493010707690548,-35.71568807059666
2002-11-30,2.0,0.020977117973566273,0.021111765611504296,-1.3464763793802348
2002-11-30,5.0,0.033648043845623476,0.03435392008333449,-7.058762377110117
2002-11-30,10.0,0.0441855110524485,0.047791902641289186,-36.063915888406854
2002-12-31,2.0,0.016193285847823313,0.016072799865263887,1.2048598255942622
2002-12-31,5.0,0.028462758291096568,0.028866797521554854,-4.040392304582863
2002-12-31,10.0,0.0402415761099828,0.04340249205311353,-31.609159431307265
2003-01-31,2.0,0.017316898778495515,0.017398623045130623,-0.8172426663510812
2003-01-31,5.0,0.030998904841797348,0.0310781475706563,-0.7924272885895256
2003-01-31,10.0,0.042015751206617935,0.04475352881009331,-27.377776034753776
2003-02-28,2.0,0.015384798791910237,0.015390228313482357,-0.05429521572120066
2003-02-28,5.0,0.027529318330675068,0.027714084058141575,-1.847657274665071
2003-02-28,10.0,0.038936374618188774,0.04162813142086841,-26.917568026796346
2003-03-31,2.0,0.015185712412584929,0.015511066940407492,-3.2535452782256336
2003-03-31,5.0,0.028501174680687358,0.02879580816168681,-2.946334809994511
2003-03-31,10.0,0.04027942833605547,0.043059269096500374,-27.79840760444907
2003-04-30,2.0,0.015183313874577387,0.015444045421723729,-2.607315471463423
2003-04-30,5.0,0.029251489908058037,0.029273280181616013,-0.2179027355797558
2003-04-30,10.0,0.040948673395404755,0.04313541520244346,-21.867418070387057
2003-05-31,2.0,0.013360033336842214,0.013340196916556746,0.19836420285468392
2003-05-31,5.0,0.02346435596434082,0.02353978819034719,-0.7543222600636668
2003-05-31,10.0,0.03534601472876342,0.03738383438901627,-20.378196602528487
2003-06-30,2.0,0.013262676555360287,0.013362490646119163,-0.9981409075887626
2003-06-30,5.0,0.02515915891918108,0.025162359952416002,-0.03201033234923045
2003-06-30,10.0,0.03720768380859307,0.03912914313564042,-19.21459327047348
2003-07-31,2.0,0.018140550447836024,0.018358482449241764,-2.1793200140574065
2003-07-31,5.0,0.034875645001817945,0.03427738072523945,5.9826427657849734
2003-07-31,10.0,0.04754426815902413,0.049891683209398296,-23.474150503741686
2003-08-31,2.0,0.01966938449345612,0.019635285377735956,0.3409911572016533
2003-08-31,5.0,0.035661319288933235,0.03540225149459153,2.5906779434170524
2003-08-31,10.0,0.04689782239895224,0.04927452836097812,-23.767059620258824
2003-09-30,2.0,0.015088863276689901,0.014901943055682265,1.8692022100763594
2003-09-30,5.0,0.029258644352134766,0.029002616902709555,2.5602744942521127
2003-09-30,10.0,0.041807934641499456,0.043727040692839614,-19.19106051340158
2003-10-31,2.0,0.018649155549040897,0.018666073154800067,-0.1691760575917023
2003-10-31,5.0,0.03364566312384887,0.03339965187762184,2.460112462270292
2003-10-31,10.0,0.04573355424292869,0.04747865969455356,-17.451054516248732
2003-11-30,2.0,0.02079457911243998,0.02074933526990419,0.452438425357915
2003-11-30,5.0,0.03474349954786837,0.034445981678902005,2.9751786896636823
2003-11-30,10.0,0.045632126848741184,0.04753732014197376,-19.051932932325766
2003-12-31,2.0,0.018551416441596524,0.01841754895413583,1.3386748746069266
2003-12-31,5.0,0.03342773065338056,0.03299773759043845,4.299930629421134
2003-12-31,10.0,0.04501487877028887,0.04659705387122792,-15.821751009390539
2004-01-31,2.0,0.018550002870256987,0.01848578521580513,0.6421765445185912
2004-01-31,5.0,0.03255855275453645,0.03237296297257508,1.8558978196137055
2004-01-31,10.0,0.043763242800305635,0.04544747551803385,-16.84232717728218
2004-02-29,2.0,0.016715810007673637,0.016587062799545693,1.2874720812794394
2004-02-29,5.0,0.03091644490351908,0.030583348821022538,3.3309608249654232
2004-02-29,10.0,0.04197951162439795,0.043671724625571784,-16.922130011738368
2004-03-31,2.0,0.0161044132595356,0.015884843783762426,2.1956947577317365
2004-03-31,5.0,0.028689749430621747,0.028563326580450576,1.264228501711706
2004-03-31,10.0,0.04063810117643141,0.04221681760330753,-15.787164268761256
2004-04-30,2.0,0.02334575011427442,0.02372608938469223,-3.8033927041780657
2004-04-30,5.0,0.037327117900920914,0.037338190504476065,-0.11072603555151161
2004-04-30,10.0,0.047561175421056756,0.04938995490744147,-18.28779486384713
2004-05-31,2.0,0.02567962507938959,0.025943831373498094,-2.642062941085044
2004-05-31,5.0,0.039155254822571095,0.039181100891730214,-0.2584606915911891
2004-05-31,10.0,0.0488464140563043,0.050763455041725525,-19.170409854212256
2004-06-30,2.0,0.027291465696204664,0.027444858238240943,-1.5339254203627917
2004-06-30,5.0,0.03907840258554707,0.039139534479028404,-0.6113189348133652
2004-06-30,10.0,0.04830819029200106,0.050046028630940764,-17.378383389397012
2004-07-31,2.0,0.027076904282179015,0.027201382659834072,-1.2447837765505732
2004-07-31,5.0,0.03800374051610955,0.03812686718843761,-1.2312667232805552
2004-07-31,10.0,0.046979547034559976,0.04869234256923893,-17.12795534678957
2004-08-31,2.0,0.02430953298390559,0.024220668517110466,0.8886446679512439
2004-08-31,5.0,0.034024238001453266,0.03400953757081737,0.14700430635894435
2004-08-31,10.0,0.04303891583942554,0.04494891598811268,-19.10000148687141
2004-09-30,2.0,0.026543577112313477,0.026380976550975044,1.6260056133843293
2004-09-30,5.0,0.0344681904099533,0.03461667934804957,-1.484889380962695
2004-09-30,10.0,0.04304320981568166,0.04464488009292822,-16.016702772465585
2004-10-31,2.0,0.025809937897407265,0.025779693491859046,0.3024440554821872
2004-10-31,5.0,0.033627477369015724,0.0336931790576418,-0.6570168862607417
2004-10-31,10.0,0.04207506921182058,0.04368424876141175,-16.091795495911665
2004-11-30,2.0,0.030503353480903606,0.03076165516342244,-2.5830168251883556
2004-11-30,5.0,0.037929193944844064,0.03781651365531369,1.1268028953037579
2004-11-30,10.0,0.045165789836430825,0.046733120332359546,-15.673304959287204
2004-12-31,2.0,0.03110214486577334,0.03112764050956085,-0.2549564378750979
2004-12-31,5.0,0.03694103117439762,0.0369119321102791,0.290990641185207
2004-12-31,10.0,0.04385094189982275,0.045055506213552476,-12.04564313729728
2005-01-31,2.0,0.033240547852471325,0.03310930737075801,1.3124048171331282
2005-01-31,5.0,0.03769070448154643,0.03747305323512906,2.176512464173719
2005-01-31,10.0,0.042531500023544,0.04364145858441715,-11.099585608731477
2005-02-28,2.0,0.03631214695976359,0.03649517728690266,-1.8303032713906653
2005-02-28,5.0,0.04065732821778978,0.040557887901188305,0.9944031660147346
2005-02-28,10.0,0.044711985566994183,0.04574756200385832,-10.355764368641385
2005-03-31,2.0,0.03847111749774035,0.03858062776886473,-1.0951027112438005
2005-03-31,5.0,0.042490907845681436,0.042299155984221404,1.917518614600322
2005-03-31,10.0,0.046109746946635166,0.0471068707668012,-9.971238201660348
2005-04-30,2.0,0.03701244598977538,0.03689637854794947,1.1606744182590667
2005-04-30,5.0,0.03954678082927754,0.03936297349777518,1.838073315023614
2005-04-30,10.0,0.04306531703120853,0.04388152372632481,-8.162066951162839
2005-05-31,2.0,0.036388865942510895,0.036336605655816756,0.5226028669413907
2005-05-31,5.0,0.03806464908153795,0.03782689187234123,2.377572091967206
2005-05-31,10.0,0.040774381829730366,0.041734382909007106,-9.6000107927674
2005-06-30,2.0,0.03698457718785875,0.03685697723419423,1.2759995366451449
2005-06-30,5.0,0.037600795090110495,0.03756746757876095,0.333275113495457
2005-06-30,10.0,0.04011044989433632,0.04088259261351457,-7.721427191782482
2005-07-31,2.0,0.040661070728022386,0.04092318782622795,-2.6211709820556095
2005-07-31,5.0,0.04170167801300795,0.04168750591651649,0.1417209649146045
2005-07-31,10.0,0.0435208311923827,0.04431482446235502,-7.939932699723151
2005-08-31,2.0,0.038785692765607394,0.038804985414216064,-0.1929264860867086
2005-08-31,5.0,0.03910559997780916,0.039002377113062314,1.0322286474684361
2005-08-31,10.0,0.040819326768941844,0.04168958929361177,-8.702625246699291
2005-09-30,2.0,0.042282424529519025,0.04216679239667709,1.156321328419363
2005-09-30,5.0,0.0422550555722494,0.04270990276348119,-4.548471912317886
2005-09-30,10.0,0.04412527215171358,0.04513493345022157,-10.096612985079911
2005-10-31,2.0,0.044509875040160685,0.044995939747358715,-4.860647071980306
2005-10-31,5.0,0.0450396134738249,0.04506909202344089,-0.29478549615991056
2005-10-31,10.0,0.04643715818099148,0.04756141377741274,-11.242555964212642
2005-11-30,2.0,0.04471069883361101,0.044975040037561476,-2.643412039504689
2005-11-30,5.0,0.04470214979369813,0.04455399994170417,1.481498519939617
2005-11-30,10.0,0.045513936741061745,0.04716132173979415,-16.47384998732404
2005-12-31,2.0,0.04459446743560891,0.04478905103394726,-1.9458359833834926
2005-12-31,5.0,0.043949747640499304,0.04388152372632481,0.6822391417449225
2005-12-31,10.0,0.04443413915145711,0.04542343050261555,-9.89291351158439
2006-01-31,2.0,0.045904133856292884,0.04602576785508927,-1.216339987963888
2006-01-31,5.0,0.04516486482400417,0.04537116063784796,-2.0629581384379314
2006-01-31,10.0,0.045890149279654624,0.04686815761459995,-9.780083349453239
2006-02-28,2.0,0.04743836477243368,0.047690271755910674,-2.5190698347699048
2006-02-28,5.0,0.046572313689051015,0.046631592143884015,-0.5927845483300054
2006-02-28,10.0,0.045913718734601705,0.04706812852931885,-11.544097947171483
2006-02-28,30.0,0.044550883412971976,0.04479949897669733,-2.4861556372535176
2006-03-31,2.0,0.048781427050921033,0.049278725467485796,-4.97298416564762
2006-03-31,5.0,0.048775756922813995,0.04875421724273554,0.2153968007845286
2006-03-31,10.0,0.049260006068247986,0.0504010041761056,-11.409981078576159
2006-03-31,30.0,0.04876293416359556,0.0483494762349197,4.134579286758644
2006-04-30,2.0,0.04928376845249538,0.049570465503151695,-2.866970506563149
2006-04-30,5.0,0.049844819388904726,0.04975205690088691,0.9276248801781684
2006-04-30,10.0,0.05162239585456141,0.05246812386315658,-8.457280085951702
2006-04-30,30.0,0.051863969743020766,0.05137412599183766,4.898437511831055
2006-05-31,2.0,0.05102555439038947,0.051300532378824704,-2.7497798843523213
2006-05-31,5.0,0.05103681202299071,0.05081179127238222,2.2502075060848448
2006-05-31,10.0,0.052009598495106335,0.05307873243436534,-10.691339392590038
2006-05-31,30.0,0.05219687554867436,0.051042995297972515,11.538802507018442
2006-06-30,2.0,0.05224856115654197,0.05264284807342601,-3.942869168840346
2006-06-30,5.0,0.051606403469915074,0.05135099601549653,2.5540745441854362
2006-06-30,10.0,0.05224010539531743,0.05306714863201978,-8.270432367023517
2006-06-30,30.0,0.05195899817732652,0.05136045821704038,5.985399602861374
2006-07-31,2.0,0.050272451239465,0.05057958752597025,-3.071362865052496
2006-07-31,5.0,0.049654708322407703,0.04944137627504519,2.133320473625133
2006-07-31,10.0,0.05064673579832424,0.05139410229000574,-7.473664916815004
2006-07-31,30.0,0.05099279271159851,0.04932384542275292,16.689472888455903
2006-08-31,2.0,0.04840608793545753,0.04856755560544479,-1.6146766998725859
2006-08-31,5.0,0.047492878640689185,0.04719797302744899,2.949056132401928
2006-08-31,10.0,0.048012205796703844,0.0490164385733467,-10.04232776642855
2006-08-31,30.0,0.04936850819824068,0.04968487491909146,-3.1636672085078033
2006-09-30,2.0,0.04759313115573938,0.047705987227852686,-1.1285607211330984
2006-09-30,5.0,0.046351646864422724,0.04610840715495912,2.432397094636052
2006-09-30,10.0,0.04698813048619255,0.04787677722277728,-8.886467365847306
2006-09-30,30.0,0.04822091754337254,0.0482876254404383,-0.667078970657542
2006-10-31,2.0,0.04756943989553086,0.047673508845666124,-1.0406895013526096
2006-10-31,5.0,0.04612232372351155,0.04589397691134334,2.2834681216821195
2006-10-31,10.0,0.04665878659738598,0.04751741712197033,-8.586305245843473
2006-10-31,30.0,0.04754694487015354,0.04791974105139585,-3.727961812423075
2006-11-30,2.0,0.04663823654260746,0.04674672795137336,-1.0849140876589836
2006-11-30,5.0,0.04487509844560922,0.0444934175666134,3.8168087899581593
2006-11-30,10.0,0.04505586751802815,0.04599124957430467,-9.353820562765236
2006-11-30,30.0,0.045826519472384586,0.046107361047075024,-2.8084157469043802
2006-12-31,2.0,0.04872469123913592,0.04889580861926612,-1.711173801302035
2006-12-31,5.0,0.04747281159005734,0.0470806934222503,3.921181678070429
2006-12-31,10.0,0.047634730165475814,0.04858747857826895,-9.527484127931363
2006-12-31,30.0,0.048364174960324524,0.04702624664182098,13.379283185035451
2007-01-31,2.0,0.04996242082085933,0.04990218217872511,0.6023864213422492
2007-01-31,5.0,0.04870835543919161,0.04844383193372348,2.645235054681283
2007-01-31,10.0,0.048867444790991366,0.049670179433711326,-8.0273464271996
2007-01-31,30.0,0.04963793788562687,0.04890944435341016,7.284935322167119
2007-02-28,2.0,0.046947245834799256,0.04709116428153881,-1.439184467395549
2007-02-28,5.0,0.0456213203357172,0.045276036190457836,3.4528414525936135
2007-02-28,10.0,0.04614152908583957,0.04717598210092078,-10.344530150812048
2007-02-28,30.0,0.047110047705668734,0.04727546854475162,-1.6542083908288596
2007-03-31,2.0,0.04622989014756107,0.0469655208805797,-7.356307330186329
2007-03-31,5.0,0.045865937977278115,0.04562939920567577,2.3653877160234593
2007-03-31,10.0,0.047190919747761795,0.04831068802188532,-11.197682741235226
2007-03-31,30.0,0.04906581438468538,0.04918219626515419,-1.163818804688077
2007-04-30,2.0,0.04644322507005283,0.046812675072546606,-3.6945000249377635
2007-04-30,5.0,0.045533585693853906,0.0453303919575776,2.031937362763081
2007-04-30,10.0,0.046991773530105085,0.047905070277716844,-9.132967476117582
2007-04-30,30.0,0.04879194557786293,0.04898287058440309,-1.9092500654016575
2007-05-31,2.0,0.049795908519216336,0.05002397789587287,-2.280693766565367
2007-05-31,5.0,0.049156946748894814,0.048834974426574806,3.219723223200077
2007-05-31,10.0,0.04965602916910683,0.05052705985979644,-8.710306906896115
2007-05-31,30.0,0.05050000286810974,0.04862522840699057,18.747744611191663
2007-06-30,2.0,0.04928030273015693,0.049669129764056796,-3.888270338998634
2007-06-30,5.0,0.04983256062946517,0.04966808009545165,1.6448053401352247
2007-06-30,10.0,0.05113921098437424,0.05200619175829635,-8.669807739221103
2007-06-30,30.0,0.05161425467405034,0.049280824027035264,23.33430647015078
2007-07-31,2.0,0.04603483602995584,0.04637415243859877,-3.393164086429312
2007-07-31,5.0,0.046531928542955514,0.04650077137133479,0.31157171620721513
2007-07-31,10.0,0.04866566136948358,0.0497678032998381,-11.021419303545166
2007-07-31,30.0,0.04980358963367415,0.04925669084561535,5.468987880588028
2007-08-31,2.0,0.041919865495427366,0.04238358563521083,-4.637201397834634
2007-08-31,5.0,0.04301669064420599,0.04299981641257933,0.1687423162666235
2007-08-31,10.0,0.046400429408639754,0.0477573260790185,-13.568966703787488
2007-08-31,30.0,0.049576181603371294,0.04820900681676532,13.671747866059736
2007-09-30,2.0,0.04007359052379855,0.04037164470851695,-2.980541847183993
2007-09-30,5.0,0.04290310177892742,0.042635872988473045,2.6722879045437686
2007-09-30,10.0,0.047066469482947904,0.04825827379785075,-11.918043149028446
2007-09-30,30.0,0.04938409159265067,0.04856860417352471,8.154874191259598
2007-10-31,2.0,0.03976275291350473,0.0398755057725344,-1.1275285902967447
2007-10-31,5.0,0.042181615650312976,0.041691672674873725,4.899429754392504
2007-10-31,10.0,0.04586471851565821,0.047118389005729844,-12.536704900716344
2007-10-31,30.0,0.048538038698717534,0.04844697726993741,0.9106142878012591
2007-11-30,2.0,0.03058835985207997,0.030827626020397902,-2.392661683179309
2007-11-30,5.0,0.03457091450080596,0.034845354901903436,-2.7444040109747547
2007-11-30,10.0,0.04094125809186244,0.04303423597444067,-20.929778825782286
2007-11-30,30.0,0.045608942245988215,0.04615129847891852,-5.423562329303078
2007-12-31,2.0,0.03067595384119426,0.030766808984582728,-0.9085514338846856
2007-12-31,5.0,0.03500282592048154,0.034917796612176755,0.8502930830478483
2007-12-31,10.0,0.041720461124666874,0.04379070998421564,-20.702488595487623
2007-12-31,30.0,0.04605350672903685,0.04612409889875413,-0.7059216971727622
2008-01-31,2.0,0.02182627173599605,0.021707247336912427,1.1902439908362261
2008-01-31,5.0,0.028688307654431977,0.02879992335314996,-1.1161569871798172
2008-01-31,10.0,0.038257129396683576,0.040378927335519066,-21.2179793883549
2008-01-31,30.0,0.046104776247343215,0.04404020577746137,20.645704698818435
2008-02-29,2.0,0.01655554635159806,0.01634616021374624,2.0938613785181914
2008-02-29,5.0,0.02545401553346549,0.026072082367939897,-6.180668344744067
2008-02-29,10.0,0.03701991878217381,0.039601014873403395,-25.810960912295844
2008-02-29,30.0,0.04763090611394927,0.04515165574293456,24.792503710147074
2008-03-31,2.0,0.016272890307397425,0.01617034753626423,1.025427711331961
2008-03-31,5.0,0.02506536986504404,0.024702165374211438,3.6320449083260264
2008-03-31,10.0,0.03615760192987527,0.03897640237832012,-28.18800448444847
2008-03-31,30.0,0.04610752784041683,0.041940666738248256,41.668611021685734
2008-04-30,2.0,0.023095107816922367,0.02234601396027447,7.490938566478977
2008-04-30,5.0,0.03088651916122709,0.031012160680814915,-1.2564151958782688
2008-04-30,10.0,0.03921228177804559,0.04158438395805186,-23.721021800062747
2008-04-30,30.0,0.04768305823652863,0.04548302133647697,22.000369000516606
2008-05-31,2.0,0.02685144245454385,0.02635942241657996,4.920200379638917
2008-05-31,5.0,0.03477476593318185,0.03521589550641946,-4.411295732376086
2008-05-31,10.0,0.04213193894626599,0.04471696238305056,-25.850234367845726
2008-05-31,30.0,0.04983529982169288,0.048554973982251726,12.803258394411543
2008-06-30,2.0,0.02652012989809105,0.026310157512742682,2.0997238534836704
2008-06-30,5.0,0.034013729609188914,0.03433944022807944,-3.25710618890529
2008-06-30,10.0,0.04137036243195946,0.04347031447196814,-20.99952040008679
2008-06-30,30.0,0.04724119185451614,0.045927444354411984,13.137475001041565
2008-07-31,2.0,0.02540715740906485,0.025032172087539273,3.749853215255783
2008-07-31,5.0,0.03309899131345584,0.03323431993433257,-1.3532862087672903
2008-07-31,10.0,0.041497716425962894,0.043417101207250175,-19.19384781287281
2008-07-31,30.0,0.04820288987260857,0.04601321568503214,21.89674187576429
2008-08-31,2.0,0.023770957964167838,0.023661595856466322,1.093621077015161
2008-08-31,5.0,0.03157383083912513,0.031285415347984236,2.8841549114089204
2008-08-31,10.0,0.03977184728709382,0.04192191138679702,-21.500640997031972
2008-08-31,30.0,0.046472997995495646,0.04431795774616343,21.550402493322185
2008-09-30,2.0,0.020129742396398864,0.02007892357105301,0.5081882534585525
2008-09-30,5.0,0.030456109835882872,0.03020622366132808,2.49886174554792
2008-09-30,10.0,0.04025458872312959,0.04330545919415174,-30.50870471022149
2008-09-30,30.0,0.044564218044948145,0.04289030947269845,16.739085722496938
2008-10-31,2.0,0.01568831740244736,0.014203930997314762,14.843864051325983
2008-10-31,5.0,0.028746239664097395,0.02909008652951539,-3.4384686541799603
2008-10-31,10.0,0.042595004771728506,0.04954317454351287,-69.48169771784363
2008-10-31,30.0,0.04362934743638203,0.039274630658255205,43.547167781268215
2008-11-30,2.0,0.010036475063858852,0.007810342809216442,22.2613225464241
2008-11-30,5.0,0.01965246723670333,0.01946807879918233,1.843884375209992
2008-11-30,10.0,0.030677347162330948,0.037019775395993104,-63.42428233662156
2008-11-30,30.0,0.035258894719423894,0.0321665078842166,30.923868352072947
2008-12-31,2.0,0.007632217616132531,0.005729350605354844,19.02867010777687
2008-12-31,5.0,0.015742617530222214,0.015689812696775274,0.5280483344693998
2008-12-31,10.0,0.02324930243765566,0.029209468084140155,-59.60165646484494
2008-12-31,30.0,0.027008491687054548,0.025336652274171145,16.718394128834024
2009-01-31,2.0,0.009446847365959243,0.008197416237479827,12.494311284794168
2009-01-31,5.0,0.018817378639902183,0.02016155242887252,-13.441737889703376
2009-01-31,10.0,0.030053515626947247,0.03643506299000521,-63.8154736305796
2009-01-31,30.0,0.03687923955135908,0.03393509080297985,29.441487483792272
2009-02-28,2.0,0.010044317107393841,0.009664401396328959,3.799157110648821
2009-02-28,5.0,0.020266248559298816,0.021500883561911266,-12.346350026124497
2009-02-28,10.0,0.03148302717400786,0.037643212420230165,-61.60185246222305
2009-02-28,30.0,0.03815555132415893,0.03657499091142413,15.805604127347994
2009-03-31,2.0,0.008128855229321497,0.007781116688844847,3.4773854047664976
2009-03-31,5.0,0.016963599071831315,0.017607210653289407,-6.436115814580923
2009-03-31,10.0,0.028260694662583186,0.03204988122141672,-37.89186558833535
2009-03-31,30.0,0.03777391913800754,0.036100348571384666,16.73570566622873
2009-04-30,2.0,0.00914472199538685,0.00916272324835421,-0.18001252967358994
2009-04-30,5.0,0.020606226009649342,0.02147432534790017,-8.680993382508273
2009-04-30,10.0,0.03315054408113971,0.03693059556569844,-37.80051484558733
2009-04-30,30.0,0.04325049157170535,0.04046736338219925,27.83128189506101
2009-05-31,2.0,0.009246669682979602,0.00914859513071975,0.9807455225985251
2009-05-31,5.0,0.024011593472833326,0.023820276404195928,1.9131706863739772
2009-05-31,10.0,0.03649405806227568,0.040774346611590184,-42.80288549314504
2009-05-31,30.0,0.04666384773870136,0.044555043085656276,21.08804653045082
2009-06-30,2.0,0.01116853554731101,0.010965687342371133,2.028482049398761
2009-06-30,5.0,0.026081087873452757,0.02611928170854516,-0.38193835092403816
2009-06-30,10.0,0.03697236674778526,0.04100230299620389,-40.299362484186304
2009-06-30,30.0,0.04626116574522299,0.044719054656588986,15.421110886340017
2009-07-31,2.0,0.011376956924761927,0.011163856378357373,2.1310054640455434
2009-07-31,5.0,0.02598160997410104,0.025906897226791514,0.7471274730952437
2009-07-31,10.0,0.03690094657600418,0.040410138437277254,-35.09191861273075
2009-07-31,30.0,0.04616831830746215,0.044304383182895535,18.63935124566618
2009-08-31,2.0,0.009755660645250241,0.00973104167124994,0.24618974000301108
2009-08-31,5.0,0.024528329747643962,0.024597651767655382,-0.6932202001141974
2009-08-31,10.0,0.035630793949398054,0.03934738211150002,-37.165881621019636
2009-08-31,30.0,0.04481921630395003,0.043132283484977885,16.869328189721422
2009-09-30,2.0,0.009554938258513168,0.009308053197906174,2.468850606069939
2009-09-30,5.0,0.02368370456695268,0.023662620908740717,0.2108365821196223
2009-09-30,10.0,0.03466296436226912,0.03784868557512033,-31.857212128512113
2009-09-30,30.0,0.04287822105657302,0.04195837913288991,9.198419236831068
2009-10-31,2.0,0.009049767665575192,0.00909410255768539,-0.44334892110198254
2009-10-31,5.0,0.0236952367208918,0.023754755334957522,-0.5951861406572334
2009-10-31,10.0,0.035843355568126345,0.03867618061920419,-28.328250510778474
2009-10-31,30.0,0.04552543635574602,0.04469815701730795,8.272793384380694
2009-11-30,2.0,0.0067274346380732375,0.006463800612379167,2.6363402569407057
2009-11-30,5.0,0.020586450789269906,0.02046152514395483,1.249256453150771
2009-11-30,10.0,0.03383872098751506,0.03635629620280367,-25.175752152886144
2009-11-30,30.0,0.0461851834879492,0.04545897584649161,7.26207641457588
2009-12-31,2.0,0.011479960307434256,0.011481411331710989,-0.014510242767329373
2009-12-31,5.0,0.027689833686243004,0.027187001819671375,5.0283186657162915
2009-12-31,10.0,0.04066145588742143,0.04271094783661544,-20.494919491940156
2009-12-31,30.0,0.049969280818890516,0.048432298619070835,15.369821998196809
2010-01-31,2.0,0.00824259530546656,0.008233712011245675,0.08883294220884963
2010-01-31,5.0,0.024041283562832305,0.0241192763658149,-0.7799280298259603
2010-01-31,10.0,0.03846730530000997,0.040353958405956236,-18.866531059462677
2010-01-31,30.0,0.04948080426982049,0.048110482135929944,13.703221338905447
2010-02-28,2.0,0.008140279985437315,0.008055270270450166,0.8500971498714982
2010-02-28,5.0,0.02361613719363942,0.023658525586985668,-0.42388393346248776
2010-02-28,10.0,0.038266595050384655,0.04032378977315165,-20.571947227669973
2010-02-28,30.0,0.05024860417695565,0.048631520241239734,16.170839357159128
2010-03-31,2.0,0.01026364195354601,0.010046126823189061,2.175151303569489
2010-03-31,5.0,0.02621884030420052,0.026373791486432374,-1.54951182231855
2010-03-31,10.0,0.04073726561633739,0.042045906931260646,-13.086413149232534
2010-03-31,30.0,0.0521484200389033,0.04998302693416212,21.653931047411756
2010-04-30,2.0,0.009756399682532946,0.00953416314108968,2.222365414432659
2010-04-30,5.0,0.024954212383085705,0.025057798798709507,-1.03586415623802
2010-04-30,10.0,0.03908893573956851,0.04011678506761873,-10.278493280502232
2010-04-30,30.0,0.049822415242245954,0.048015103840077344,18.0731140216861
2010-05-31,2.0,0.007633707883819563,0.00786980562924433,-2.3609774542476814
2010-05-31,5.0,0.021503244773640295,0.022058775338829273,-5.555305651889775
2010-05-31,10.0,0.03493337207163405,0.03668901958168225,-17.556475100481972
2010-05-31,30.0,0.0464302159638883,0.04478278133800684,16.47434625881461
2010-06-30,2.0,0.006120089761298297,0.006103551259852402,0.16538501445895193
2010-06-30,5.0,0.01827910165632729,0.01853772910365925,-2.5862744733196052
2010-06-30,10.0,0.031249026780599154,0.03293059501816331,-16.815682375641572
2010-06-30,30.0,0.04294167929961579,0.041526055165234554,14.156241343812326
2010-07-31,2.0,0.005516278930809859,0.005060762835774835,4.5551609503502455
2010-07-31,5.0,0.016310399921594776,0.016616544271236267,-3.061443496414906
2010-07-31,10.0,0.031069421573600042,0.03224495623251222,-11.755346589121807
2010-07-31,30.0,0.04443252578183343,0.0431604518670492,12.72073914784233
2010-08-31,2.0,0.00471172379172935,0.004497081765909128,2.1464202582022196
2010-08-31,5.0,0.013509184287799014,0.013863214787784628,-3.5403049998561364
2010-08-31,10.0,0.025863947925013342,0.026987748088061814,-11.238001630484717
2010-08-31,30.0,0.039221684995607964,0.038296096000162594,9.2558899544537
2010-09-30,2.0,0.004208391213106122,0.0039246814663571605,2.8370974674896132
2010-09-30,5.0,0.012897566191257148,0.013331077409942882,-4.335112186857337
2010-09-30,10.0,0.02660012993852634,0.02771614020972346,-11.16010271197121
2010-09-30,30.0,0.041617763175840095,0.040419502484201786,11.982606916383087
2010-10-31,2.0,0.0034054063594246564,0.0029363023777539965,4.691039816706599
2010-10-31,5.0,0.01187998934033696,0.012436699891248182,-5.5671055091122135
2010-10-31,10.0,0.02784481322026977,0.028891491472716746,-10.466782524469753
2010-10-31,30.0,0.04607933687405685,0.044555043085656276,15.24293788400577
2010-11-30,2.0,0.004509979881260895,0.004533244325186647,-0.23264443925752332
2010-11-30,5.0,0.01497246314878864,0.014967913940225674,0.04549208562965035
2010-11-30,10.0,0.029679406907464845,0.030821440526610733,-11.42033619145888
2010-11-30,30.0,0.047281657440985114,0.045850048212185746,14.316092287993687
2010-12-31,2.0,0.006121128843124435,0.005973772324470605,1.4735651865382948
2010-12-31,5.0,0.020612042932775188,0.02033295565235571,2.790872804194766
2010-12-31,10.0,0.034939157263575105,0.036083770817811,-11.44613554235896
2010-12-31,30.0,0.048475731980745174,0.04681476954656616,16.60962434179014
2011-01-31,2.0,0.0058195789681445564,0.00555939667688321,2.6018229126134607
2011-01-31,5.0,0.019985238257361537,0.019809657369490585,1.7558088787095194
2011-01-31,10.0,0.036447772270502776,0.037168080947073356,-7.203086765705802
2011-01-31,30.0,0.05208088056672944,0.050333780454664856,17.471001120645813
2011-02-28,2.0,0.00692973537187247,0.006639947621865483,2.8978775000698676
2011-02-28,5.0,0.02185221998474085,0.02166740139875456,1.8481858598629053
2011-02-28,10.0,0.036235739774839404,0.03705503557369649,-8.192957988570893
2011-02-28,30.0,0.05052042018716851,0.048992311392690446,15.28108794478067
2011-03-31,2.0,0.008040037084491303,0.007801272853931618,2.3876423055968488
2011-03-31,5.0,0.02299167634273358,0.022800036528155765,1.9163981457781532
2011-03-31,10.0,0.03670626648461317,0.03766915441856589,-9.628879339527163
2011-03-31,30.0,0.05049679653935013,0.04905630374022918,14.404927991209515
2011-04-30,2.0,0.006123632151012748,0.005823893109923706,2.9973904108904215
2011-04-30,5.0,0.02019142851988831,0.019996300189898175,1.9512832999013519
2011-04-30,10.0,0.03524225931733693,0.03616458709268611,-9.223277753491743
2011-04-30,30.0,0.04959683548831384,0.048285529011244055,13.113064770697846
2011-05-31,2.0,0.004512273704090575,0.004428778327883354,0.8349537620722103
2011-05-31,5.0,0.0171729894296333,0.016856493908275594,3.1649552135770698
2011-05-31,10.0,0.03233682327234466,0.03324052038758163,-9.036971152369677
2011-05-31,30.0,0.048078063953262085,0.046757193003278186,13.208709499838989
2011-06-30,2.0,0.004512188723329258,0.004821586682052681,-3.09397958723423
2011-06-30,5.0,0.018015186260103677,0.01767539301645038,3.397932436532969
2011-06-30,10.0,0.03378779097712559,0.034897099497555484,-11.09308520429897
2011-06-30,30.0,0.05001243322962723,0.048371493716710345,16.409395129168836
2011-07-31,2.0,0.0036066735677262596,0.003383711833002234,2.2296173472402536
2011-07-31,5.0,0.013749451706248195,0.013473966714948604,2.7548499129959048
2011-07-31,10.0,0.029919969209436292,0.030633848913627748,-7.138797041914557
2011-07-31,30.0,0.047522730376499345,0.04551438711120648,20.083432652928668
2011-08-31,2.0,0.0020022529104595232,0.0018977986020685123,1.04454308391011
2011-08-31,5.0,0.009734434640128686,0.009749217000318167,-0.14782360189480315
2011-08-31,10.0,0.023440160265647325,0.024240130090278145,-7.999698246308196
2011-08-31,30.0,0.04154669823649848,0.04029361953493682,12.530787015616607
2011-09-30,2.0,0.0025034742566751866,0.0028570735432722483,-3.5359928659706164
2011-09-30,5.0,0.009722905562102646,0.009564449832093924,1.5845573000872193
2011-09-30,10.0,0.019950709858873816,0.02081976983623468,-8.690599773608643
2011-09-30,30.0,0.031750852634144566,0.031288508492873346,4.623441412712204
2011-10-31,2.0,0.0025035840582177116,0.00245701348885774,0.46570569359971614
2011-10-31,5.0,0.010033751964871662,0.010237043351962516,-2.032913870908537
2011-10-31,10.0,0.022719632014805535,0.0233310066008956,-6.113745860900632
2011-10-31,30.0,0.034901868450988305,0.033926820447859996,9.750480031283093
2011-11-30,2.0,0.0025035840582177116,0.0024790678603217042,0.2451619789600734
2011-11-30,5.0,0.00972407484216764,0.009894631411082822,-1.7055656891518112
2011-11-30,10.0,0.021721096932007633,0.022308188064234402,-5.870911322267691
2011-11-30,30.0,0.033783184172940794,0.03268168806554339,11.014961073974039
2011-12-31,2.0,0.0025035840582177116,0.0024279427623934424,0.7564129582426915
2011-12-31,5.0,0.008390574728187827,0.00881663949562661,-4.26064767438783
2011-12-31,10.0,0.01967942031484804,0.020041181166232214,-3.6176085138417413
2011-12-31,30.0,0.031952389983143314,0.030856489951931243,10.959000312120715
2012-01-31,2.0,0.0022024642582612053,0.0018847739441638645,3.1769031409734083
2012-01-31,5.0,0.007166055418778461,0.007459685897909907,-2.936304791314459
2012-01-31,10.0,0.01907932796968148,0.019194897590635085,-1.155696209536039
2012-01-31,30.0,0.03283490600001393,0.03133904264755394,14.958633524599918
2012-02-29,2.0,0.0030044696476696497,0.00295836729372545,0.4610235394419959
2012-02-29,5.0,0.008792358469651207,0.009097129745412103,-3.0477127576089558
2012-02-29,10.0,0.020659633919669185,0.020792207151653308,-1.325732319841233
2012-02-29,30.0,0.03443834941863311,0.032793224983224345,16.451244354087624
2012-03-31,2.0,0.0033054961769438673,0.0035362376392948924,-2.307414623510251
2012-03-31,5.0,0.010534608005831947,0.01091311820613483,-3.7851020030288396
2012-03-31,10.0,0.023363042738553608,0.023736327298180093,-3.7328455962648555
2012-03-31,30.0,0.03766845015754061,0.03571809762190781,19.503525356328044
2012-04-30,2.0,0.0027030576053754807,0.002672564981055725,0.30492624319755635
2012-04-30,5.0,0.00828396682818866,0.008598758552678332,-3.147917244896714
2012-04-30,10.0,0.020362171577766652,0.0204952004355361,-1.3302885776944606
2012-04-30,30.0,0.03519670739631531,0.03344098973118559,17.55717665129719
2012-05-31,2.0,0.0027033285278501573,0.0028009153644286133,-0.9758683657845602
2012-05-31,5.0,0.006751561250234461,0.007050740268764288,-2.991790185298271
2012-05-31,10.0,0.016476077982620962,0.01627603521326204,2.000427693589213
2012-05-31,30.0,0.029762600489916746,0.028475902974306244,12.86697515610502
2012-06-30,2.0,0.0033051646647379584,0.003219170302788843,0.8599436194911547
2012-06-30,5.0,0.007255679106709767,0.007733752038501462,-4.780729317916954
2012-06-30,10.0,0.017318963143842403,0.01721957611240743,0.9938703143497207
2012-06-30,30.0,0.030760044422136534,0.029156979618028434,16.030648041081008
2012-07-31,2.0,0.0023022878302492167,0.0021272594723653615,1.7502835788385518
2012-07-31,5.0,0.006042373810845492,0.006292716711916668,-2.5034290107117663
2012-07-31,10.0,0.015626953519562337,0.01564309155180399,-0.16138032241652667
2012-07-31,30.0,0.028308580811460926,0.027023693131570825,12.84887679890101
2012-08-31,2.0,0.002202009205469535,0.0021132297007782075,0.8877950469132756
2012-08-31,5.0,0.005940777285286858,0.006355108351089767,-4.143310658029087
2012-08-31,10.0,0.016281792447324195,0.016222173553293917,0.5961889403027776
2012-08-31,30.0,0.029906552805954334,0.02819105514377207,17.154976621822637
2012-09-30,2.0,0.0023021869168922127,0.0022094371746173014,0.9274974227491128
2012-09-30,5.0,0.006245420837134086,0.006543314389541033,-2.9789355240694704
2012-09-30,10.0,0.017152762449086145,0.016901236729626623,2.515257194595222
2012-09-30,30.0,0.031681952271721325,0.029500773610203312,21.81178661518013
2012-10-31,2.0,0.0030043567021329487,0.0027959011380833676,2.084555640495811
2012-10-31,5.0,0.007259162881533943,0.007573534950001903,-3.1437206846796073
2012-10-31,10.0,0.017869542114506753,0.017676410861224623,1.9313125328213054
2012-10-31,30.0,0.031917733378338475,0.029997113934929986,19.20619443408489
2012-11-30,2.0,0.002502705946993755,0.0023878463653588256,1.148595816349296
2012-11-30,5.0,0.00614107387288354,0.0066137751804313805,-4.727013075478403
2012-11-30,10.0,0.01681758801608013,0.01659519564104106,2.2239237503907106
2012-11-30,30.0,0.03170974727292375,0.02976024182041903,19.495054525047184
2012-12-31,2.0,0.0025029881129339238,0.0024880902158792573,0.14897897054666487
2012-12-31,5.0,0.007262556818830035,0.00756748972487209,-3.049329060420547
2012-12-31,10.0,0.018530402186549333,0.018302473872840785,2.279283137085475
2012-12-31,30.0,0.033242518201108684,0.031022470484266984,22.200477168417
2013-01-31,2.0,0.0027037519705321866,0.002622432653935247,0.8131931659693947
2013-01-31,5.0,0.00889764561907147,0.00900530588353221,-1.076602644607405
2013-01-31,10.0,0.021118797229214392,0.02097698750082122,1.4180972839317185
2013-01-31,30.0,0.03572021356146471,0.03344098973118559,22.7922383027912
2013-02-28,2.0,0.002502815673082859,0.0023277049263208394,1.7511074676201943
2013-02-28,5.0,0.007774113095333712,0.007917176674263393,-1.430635789296808
2013-02-28,10.0,0.019726515338262196,0.01971481954751364,0.11695790748555979
2013-02-28,30.0,0.03503677768740343,0.03293059501816331,21.061826692401198
2013-03-31,2.0,0.00250320763346612,0.0024008775632828883,1.0233007018323192
2013-03-31,5.0,0.007774607393118638,0.007880892295569097,-1.0628490245045974
2013-03-31,10.0,0.019509374085489917,0.019375311829406217,1.3406225608370015
2013-03-31,30.0,0.035070597708790174,0.033256020451757795,18.145772570323793
2013-04-30,2.0,0.002202629796382416,0.0020070113218919605,1.9561847449045544
2013-04-30,5.0,0.006858145714934816,0.006903721805526564,-0.4557609059174794
2013-04-30,10.0,0.017675037450843423,0.0175074904677619,1.675469830815235
2013-04-30,30.0,0.03236411800337757,0.03074413250578001,16.199854975975647
2013-05-31,2.0,0.003005223044299843,0.0031840583993665295,-1.7883535506668657
2013-05-31,5.0,0.010639559787063657,0.010584624536652987,0.5493525041067038
2013-05-31,10.0,0.0225872857935292,0.022712079542332564,-1.2479374880336458
2013-05-31,30.0,0.03710024768650455,0.035352553485922034,17.47694200582517
2013-06-30,2.0,0.0036077369507876433,0.0038734824944706148,-2.6574554368297143
2013-06-30,5.0,0.014362741044045668,0.014226243804680738,1.3649723936492997
2013-06-30,10.0,0.026419063618907446,0.026741298880050612,-3.222352611431667
2013-06-30,30.0,0.039170418205911384,0.03704051696812538,21.299012377860027
2013-07-31,2.0,0.003106020142140453,0.0032582968272294455,-1.5227668508899228
2013-07-31,5.0,0.014060269956425397,0.014010235835099305,0.5003412132609242
2013-07-31,10.0,0.027353194253065594,0.02783741594043221,-4.84221687366615
2013-07-31,30.0,0.04070646943591183,0.0386896844997795,20.16784936132332
2013-08-31,2.0,0.003909926642039707,0.004286159547898238,-3.762329058585312
2013-08-31,5.0,0.01654641830580439,0.016563681296473565,-0.17262990669175693
2013-08-31,10.0,0.02922249728651316,0.029774658501869,-5.521612153558397
2013-08-31,30.0,0.04082381028513127,0.039621806970749684,12.020033143815834
2013-09-30,2.0,0.0033072586867233245,0.0033907355129469963,-0.8347682622367181
2013-09-30,5.0,0.014161365654140612,0.014297241817120332,-1.3587616297972005
2013-09-30,10.0,0.027805223265634504,0.028190025556915854,-3.848022912813498
2013-09-30,30.0,0.04123733023082532,0.04026449184836656,9.728383824587628
2013-10-31,2.0,0.003106156495019885,0.0031830550493421317,-0.7689855432224668
2013-10-31,5.0,0.013334632029105009,0.0134628179208649,-1.2818589175989104
2013-10-31,10.0,0.027056866735414964,0.02744485804227126,-3.8799130685629457
2013-10-31,30.0,0.040650860436818315,0.03957606446292106,10.747959738972579
2013-11-30,2.0,0.0028044004106528853,0.0029032062128531155,-0.9880580220023027
2013-11-30,5.0,0.013963891755744307,0.014096430165266405,-1.3253840952209828
2013-11-30,10.0,0.029078450443950077,0.029687130354586255,-6.086799106361784
2013-11-30,30.0,0.042866650922823046,0.04130111223152744,15.655386912956093
2013-12-31,2.0,0.0038091223182010747,0.003960823418845294,-1.5170110064421927
2013-12-31,5.0,0.01792210711711606,0.017783272028598418,1.3883508851764148
2013-12-31,10.0,0.032144801105382204,0.0326176654716015,-4.728643662192944
2013-12-31,30.0,0.04389491155490233,0.04280687768666791,10.88033868234417
2014-01-31,2.0,0.003407670886723002,0.003481044776492359,-0.7337388976935699
2014-01-31,5.0,0.015199603660897898,0.015414598385861122,-2.1499472496322447
2014-01-31,10.0,0.02805305381261136,0.028620926617327402,-5.6787280471604085
2014-01-31,30.0,0.03992678951737649,0.03878317143203991,11.43618085336584
2014-02-28,2.0,0.003306802271250131,0.00339876280682172,-0.9196053557158912
2014-02-28,5.0,0.0154095720750127,0.015517160511261618,-1.0758843624891767
2014-02-28,10.0,0.027929214686364334,0.02836483230754383,-4.35617621179496
2014-02-28,30.0,0.039751678433392,0.03877278192853195,9.788965048600495
2014-03-31,2.0,0.00441288806417961,0.004402663376417815,0.10224687761795082
2014-03-31,5.0,0.017684007398585777,0.017796504279432135,-1.1249688084635778
2014-03-31,10.0,0.028541380289916818,0.029012905900851482,-4.715256109346644
2014-03-31,30.0,0.03899002374900484,0.03846638907379085,5.236346752139909
2014-04-30,2.0,0.004212091065458612,0.004254022660281409,-0.4193159482279718
2014-04-30,5.0,0.01726920415104094,0.01734571947684338,-0.765153258024398
2014-04-30,10.0,0.027887925262508384,0.028282567470737208,-3.9464220822882368
2014-04-30,30.0,0.03789979523908937,0.03720853182119632,6.91263417893051
2014-05-31,2.0,0.0037092549280408615,0.003859428425365463,-1.5017349732460161
2014-05-31,5.0,0.015706768289139417,0.015782244272332324,-0.7547598319290749
2014-05-31,10.0,0.025845765550770006,0.026166484774383436,-3.207192236134304
2014-05-31,30.0,0.03651460243467097,0.03585792874664606,6.566736880249113
2014-06-30,2.0,0.004715335926217312,0.004553334932316577,1.6200099390073497
2014-06-30,5.0,0.01652588080738515,0.016610444789989742,-0.8456398260459075
2014-06-30,10.0,0.02634426870389106,0.026696123104025915,-3.5185440013485447
2014-06-30,30.0,0.03645740680481957,0.035924226897861455,5.331799069581145
2014-07-31,2.0,0.005319799725576502,0.0055020809040784435,-1.822811785019418
2014-07-31,5.0,0.01797254858997399,0.018242396754737378,-2.6984816476338658
2014-07-31,10.0,0.026797210827587348,0.02711921070992518,-3.2199988233783117
2014-07-31,30.0,0.036021563379677435,0.035523400712257125,4.981626674203099
2014-08-31,2.0,0.004816600413128258,0.0052819000772585945,-4.652996641303364
2014-08-31,5.0,0.01662087057707695,0.016860562017334768,-2.3969144025781652
2014-08-31,10.0,0.024308093650278195,0.024733931723620595,-4.258380733423994
2014-08-31,30.0,0.03345093668783816,0.03306178636960566,3.891503182325007
2014-09-30,2.0,0.005823937188465855,0.006189073494850428,-3.651363063845725
2014-09-30,5.0,0.01817052029295607,0.018476619459993238,-3.06099167037166
2014-09-30,10.0,0.026100443980239918,0.026496964593068384,-3.9652061282846596
2014-09-30,30.0,0.0345988675617841,0.03418016244750888,4.187051142752196
2014-10-31,2.0,0.005017670077207992,0.0053995252837468755,-3.818552065388836
2014-10-31,5.0,0.016511984774077115,0.016868695859874716,-3.567110857976008
2014-10-31,10.0,0.024307907896037095,0.024886628138391265,-5.787202423541693
2014-10-31,30.0,0.03319422807674477,0.03285519486919153,3.3903320755324096
2014-11-30,2.0,0.004714921102421776,0.0049642814980996874,-2.4936039567791113
2014-11-30,5.0,0.01516064541627915,0.01553543938613866,-3.747939698595104
2014-11-30,10.0,0.022498889916184428,0.022976995121075205,-4.781052048907775
2014-11-30,30.0,0.031195619707543365,0.030995664716536142,1.9995499100722292
2014-12-31,2.0,0.006728281788119794,0.007089008671399943,-3.6072688328014912
2014-12-31,5.0,0.016784721814639747,0.017055817657495975,-2.7109584285622823
2014-12-31,10.0,0.022272525762880857,0.02268548983818497,-4.129640753041119
2014-12-31,30.0,0.029424251571001037,0.029418417902897342,0.05833668103694123
2015-01-31,2.0,0.004713884433618976,0.004898960885242554,-1.850764516235781
2015-01-31,5.0,0.011946961217462304,0.012293956830093267,-3.4699561263096257
2015-01-31,10.0,0.01717747487926502,0.017901341914681845,-7.238670354168253
2015-01-31,30.0,0.023803528759136938,0.023796728562592184,0.06800196544753945
2015-02-28,2.0,0.006325759444202994,0.006639947621865483,-3.1418817766248885
2015-02-28,5.0,0.015232291621887217,0.01556184318980347,-3.2955156791625306
2015-02-28,10.0,0.020487031620439744,0.021185288535248814,-6.9825691480907
2015-02-28,30.0,0.027644927920188245,0.02774080488544617,-0.9587696525792389
2015-03-31,2.0,0.005618198399550023,0.005841998109658908,-2.237997101088851
2015-03-31,5.0,0.013896834051793538,0.014228271386743208,-3.314373349496691
2015-03-31,10.0,0.019907954191334065,0.02040540050552142,-4.974463141873553
2015-03-31,30.0,0.027040639432236224,0.027329791163690054,-2.8915173145382944
2015-04-30,2.0,0.0058208968731545685,0.006079405255312587,-2.585083821580181
2015-04-30,5.0,0.01451926706279938,0.014800458088628066,-2.811910258286865
2015-04-30,10.0,0.02108549262335435,0.021643903073223836,-5.584104498694842
2015-04-30,30.0,0.02957324318669108,0.029837476047337885,-2.6423286064680696
2015-05-31,2.0,0.006122939059117094,0.006332968707384534,-2.100296482674402
2015-05-31,5.0,0.015138990424300447,0.01534047563008789,-2.014852057874439
2015-05-31,10.0,0.02182045740168137,0.02256993201754187,-7.494746158605015
2015-05-31,30.0,0.031073714998469004,0.03176610495054,-6.923899520709931
2015-06-30,2.0,0.00642467154459303,0.0066550468399164675,-2.3037529532343726
2015-06-30,5.0,0.01659153360884158,0.016892084353228753,-3.0055074438717355
2015-06-30,10.0,0.024275749358236842,0.024859981897702443,-5.842325394656012
2015-06-30,30.0,0.03375857794574344,0.03473049273589246,-9.7191479014902
2015-07-31,2.0,0.006725741400873675,0.006810083578804749,-0.8434217793107379
2015-07-31,5.0,0.015646004004899572,0.015952910491895844,-3.069064869962723
2015-07-31,10.0,0.0226649315651124,0.022958583523247755,-2.936519581353547
2015-07-31,30.0,0.03164461846443567,0.03263212215708844,-9.875036926527692
2015-08-31,2.0,0.007429500248062215,0.0077266979576799955,-2.9719770961778025
2015-08-31,5.0,0.015627421162043298,0.016239449920965043,-6.120287589217455
2015-08-31,10.0,0.022759009353920945,0.023315657863457906,-5.566485095369611
2015-08-31,30.0,0.03200586766847224,0.03233166807264687,-3.258004041746254
2015-09-30,2.0,0.006423499799174559,0.006552373623471386,-1.288738242968268
2015-09-30,5.0,0.01388664384836491,0.014288112877355985,-4.0146902899107495
2015-09-30,10.0,0.02122235896743585,0.0215918004419835,-3.694414745476493
2015-09-30,30.0,0.03139215878877022,0.03212315799023102,-7.309992014608024
2015-10-31,2.0,0.0075325535132455546,0.007654144220484715,-1.2159070723916088
2015-10-31,5.0,0.01542274400313115,0.015867574403617857,-4.448304004867065
2015-10-31,10.0,0.022231450020583576,0.022653785476037358,-4.223354554537817
2015-10-31,30.0,0.031984688918834214,0.03218508767069128,-2.0039875185706713
2015-11-30,2.0,0.00944613281530704,0.009675507803382333,-2.2937498807529266
2015-11-30,5.0,0.016731230933020758,0.017133116326742304,-4.018853937215461
2015-11-30,10.0,0.02267510318972321,0.023416969641076424,-7.418664513532125
2015-11-30,30.0,0.032472001590223565,0.03294918855879092,-4.771869685673558
2015-12-31,2.0,0.0106549574762973,0.010813043025380997,-1.5808554908369743
2015-12-31,5.0,0.017857839445494683,0.018123269015802412,-2.654295703077292
2015-12-31,10.0,0.023257439146687764,0.024059879080472246,-8.024399337844823
2015-12-31,30.0,0.032704046148852806,0.033195058651135145,-4.910125022823397
2016-01-31,2.0,0.0076273196529341725,0.008085512593692501,-4.581929407583285
2016-01-31,5.0,0.013451423505888904,0.013845980025403604,-3.945565195146994
2016-01-31,10.0,0.01990996139058021,0.020426829150510084,-5.168677599298732
2016-01-31,30.0,0.030091090636384932,0.030674044944391632,-5.829543080067001
2016-02-29,2.0,0.007823557407882209,0.00793027945395508,-1.0672204607287128
2016-02-29,5.0,0.012315713880745038,0.012765795583573603,-4.500817028285642
2016-02-29,10.0,0.01778351907463227,0.018578472117352973,-7.94953042720703
2016-02-29,30.0,0.028648701564643275,0.029183737580159796,-5.3503601551652125
2016-03-31,2.0,0.007320947601259675,0.007355923089168881,-0.3497548790920568
2016-03-31,5.0,0.012221202234056205,0.012547061714713204,-3.258594806569981
2016-03-31,10.0,0.018224383369784602,0.018755719245336033,-5.313358755514308
2016-03-31,30.0,0.028581675681665475,0.02950798010942335,-9.263044277578736
2016-04-30,2.0,0.007725538999928672,0.007679335864959835,0.46203134968836324
2016-04-30,5.0,0.012937500600838536,0.013236842067466448,-2.993414666279115
2016-04-30,10.0,0.018733326549817964,0.019111327746903273,-3.780011970853092
2016-04-30,30.0,0.02911253639609024,0.029723169877716282,-6.106334816260439
2016-05-31,2.0,0.00873038025367534,0.0088630460119703,-1.3266575829495864
2016-05-31,5.0,0.013846232790347468,0.014152207795854466,-3.0597500550699763
2016-05-31,10.0,0.01878569923591411,0.019309054529195846,-5.233552932817354
2016-05-31,30.0,0.02884086819938836,0.029544015816836522,-7.031476174481632
2016-06-30,2.0,0.005813330452218546,0.005968742233138702,-1.5541178092015606
2016-06-30,5.0,0.010187690172949848,0.010425975380277563,-2.382852073277153
2016-06-30,10.0,0.015197800117012772,0.015462323439591863,-2.6452332257909106
2016-06-30,30.0,0.025124804074662554,0.02615724900833616,-10.324449336736041
2016-07-31,2.0,0.006718682441868795,0.006658067310719495,0.6061513114929973
2016-07-31,5.0,0.010383261663208687,0.010598772758752206,-2.155110955435191
2016-07-31,10.0,0.014862719988911977,0.015096822661686549,-2.341026727745721
2016-07-31,30.0,0.02357960141281601,0.024774921372944902,-11.953199601288933
2016-08-31,2.0,0.008026026001891173,0.008168178892124622,-1.4215289023344901
2016-08-31,5.0,0.012004079638752385,0.012424551121540173,-4.204714827877876
2016-08-31,10.0,0.01606694378744944,0.01638274933411399,-3.158055466645493
2016-08-31,30.0,0.023886565401549875,0.024734955406529258,-8.483900049793824
2016-09-30,2.0,0.00772403330312077,0.007855695612250857,-1.3166230913008725
2016-09-30,5.0,0.011495328657398218,0.012005494555980434,-5.101658985822155
2016-09-30,10.0,0.016306839128697126,0.016631793740419232,-3.2495461172210582
2016-09-30,30.0,0.024974069542046395,0.025638146697994246,-6.640771559478509
2016-10-31,2.0,0.008629869808362445,0.008742998975800997,-1.1312916743855261
2016-10-31,5.0,0.013229506217368181,0.013750682879833054,-5.211766624648728
2016-10-31,10.0,0.018816261796757328,0.019108269910175446,-2.920081134181185
2016-10-31,30.0,0.027890641050903886,0.028529384177984785,-6.387431270808985
2016-11-30,2.0,0.011152895407779084,0.011493548784043961,-3.406533762648767
2016-11-30,5.0,0.01856591495939197,0.01921833958780339,-6.524246284114188
2016-11-30,10.0,0.024304434765703986,0.0249983470805617,-6.939123148577142
2016-11-30,30.0,0.032510553028300304,0.033311817188169,-8.012641598686976
2016-12-31,2.0,0.012063400772854838,0.012090506217339758,-0.2710544448492058
2016-12-31,5.0,0.01959526029013703,0.01998304055569511,-3.8778026555807976
2016-12-31,10.0,0.02513239986613547,0.025793029775000642,-6.606299088651735
2016-12-31,30.0,0.032820438367178406,0.03384410821065176,-10.236698434733515
2017-01-31,2.0,0.01196212026649257,0.012057108272019779,-0.9498800552720787
2017-01-31,5.0,0.019282356336538076,0.019779064540392355,-4.967082038542792
2017-01-31,10.0,0.025147700385556915,0.025579685847365363,-4.319854618084484
2017-01-31,30.0,0.032701521702689806,0.03349059446494462,-7.890727622548166
2017-02-28,2.0,0.012263756112115498,0.012443788148981838,-1.8003203686633995
2017-02-28,5.0,0.01916690517674624,0.0196006183809887,-4.337132042424585
2017-02-28,10.0,0.02415137179961624,0.024669375800897564,-5.180040012813247
2017-02-28,30.0,0.03180711364778244,0.032640382155948666,-8.332685081662294
2017-03-31,2.0,0.012759592819434395,0.012875180236729511,-1.1558741729511546
2017-03-31,5.0,0.019574198404617826,0.01987084821258156,-2.9664980796373364
2017-03-31,10.0,0.02456825656595485,0.025004498109625573,-4.362415436707234
2017-03-31,30.0,0.03234210767213441,0.0333965515098642,-10.544438377297904
2017-04-30,2.0,0.01285754690110208,0.012865052269687594,-0.07505368585514205
2017-04-30,5.0,0.01832112258195906,0.018645699528025972,-3.2457694606691234
2017-04-30,10.0,0.02342413436775126,0.02379570581694712,-3.7157144919586216
2017-04-30,30.0,0.031853120005848945,0.03274984876778797,-8.967287619390252
2017-05-31,2.0,0.012850417906476563,0.012922787143885728,-0.7236923740916446
2017-05-31,5.0,0.01769108754349258,0.018052003191999955,-3.609156485073761
2017-05-31,10.0,0.022578751338432568,0.02292687069489885,-3.48119356466281
2017-05-31,30.0,0.030775393101939663,0.031452497795293466,-6.7710469335380274
2017-06-30,2.0,0.01386034733222452,0.014043699442580548,-1.833521103560276
2017-06-30,5.0,0.01912553192888189,0.0191898019982375,-0.6427006935560975
2017-06-30,10.0,0.023587117440897698,0.023836657936967542,-2.495404960698444
2017-06-30,30.0,0.030124806600037246,0.030876075974805683,-7.512693747684374
2017-07-31,2.0,0.013454964706034467,0.013660462614079938,-2.054979080454711
2017-07-31,5.0,0.018612754115409746,0.018713951472676182,-1.0119735726643597
2017-07-31,10.0,0.023509197385887415,0.023754755334957522,-2.4555794907010764
2017-07-31,30.0,0.03076951818589735,0.03143702478609356,-6.675066001962104
2017-08-31,2.0,0.013354303299926373,0.013315877451480107,0.38425848446266286
2017-08-31,5.0,0.017163684474671426,0.01740879763140768,-2.451131567362541
2017-08-31,10.0,0.021615542604437543,0.021824749608084337,-2.092070036467941
2017-08-31,30.0,0.029122780596594344,0.029641824964390162,-5.190443677958179
2017-09-30,2.0,0.014769462238515718,0.014920210913046628,-1.5074867453090945
2017-09-30,5.0,0.01941606136643026,0.01957920708616845,-1.6314571973818914
2017-09-30,10.0,0.023778924858074202,0.02391959240095831,-1.4066754288410976
2017-09-30,30.0,0.030334579590867383,0.03094617727464266,-6.115976837752779
2017-10-31,2.0,0.016082544897731754,0.016093121921776143,-0.10577024044389205
2017-10-31,5.0,0.020322325907531358,0.020416625672830202,-0.9429976529884421
2017-10-31,10.0,0.024258754816645745,0.024299535388378146,-0.4078057173240168
2017-10-31,30.0,0.030460750284009297,0.031017315758439024,-5.565654744297266
2017-11-30,2.0,0.017899526617809913,0.018063201256679484,-1.636746388695709
2017-11-30,5.0,0.021627787205152016,0.02169703144578894,-0.6924424063692314
2017-11-30,10.0,0.02459702235475314,0.02482103882621267,-2.2401647145953163
2017-11-30,30.0,0.029646946513135264,0.030271128414933512,-6.241819017982486
2017-12-31,2.0,0.019008843956799026,0.01903082113595156,-0.219771791525325
2017-12-31,5.0,0.022224843466727595,0.022153831158679527,0.7101230804806846
2017-12-31,10.0,0.024328107258061227,0.024618142440340662,-2.900351822794356
2017-12-31,30.0,0.028513286366722124,0.02914977557579257,-6.364892090704455
2018-01-31,2.0,0.02155043685824598,0.021672509378282134,-1.2207252003615388
2018-01-31,5.0,0.025499030562644354,0.02557148232638884,-0.7245176374448548
2018-01-31,10.0,0.027600987187476722,0.027650367368138085,-0.49380180661362516
2018-01-31,30.0,0.030457870004058307,0.03067095118515284,-2.130811810945321
2018-02-28,2.0,0.022655771793834267,0.02288902291747341,-2.3325112363914435
2018-02-28,5.0,0.026822679822929185,0.026896348545638604,-0.7366872270941904
2018-02-28,10.0,0.02915161299743274,0.02940400620875927,-2.5239321132652925
2018-02-28,30.0,0.03236499396460024,0.03276947076402004,-4.044767994197951
2018-03-31,2.0,0.02285685355904543,0.022976995121075205,-1.201415620297741
2018-03-31,5.0,0.025870494065031835,0.025980765210003032,-1.1027114497119683
2018-03-31,10.0,0.027775106401169536,0.027798359731119993,-0.23253329950456703
2018-03-31,30.0,0.030655419478798462,0.030995664716536142,-3.4024523773767967
2018-04-30,2.0,0.02509709971797003,0.025165435049128826,-0.6833533115879753
2018-04-30,5.0,0.028218171592993446,0.028366889380558202,-1.4871778756475607
2018-04-30,10.0,0.029900144341645563,0.029835416032665263,0.6472830898029969
2018-04-30,30.0,0.03194468621043467,0.031844522866779634,1.0016334365503532
2018-05-31,2.0,0.02417197979757879,0.0244275813214605,-2.5560152388171
2018-05-31,5.0,0.027080369467743948,0.027214737171821213,-1.3436770407726506
2018-05-31,10.0,0.02866575099458668,0.028709391785647798,-0.43640791061116957
2018-05-31,30.0,0.030783126309875453,0.03086267367802198,-0.7954736814652641
2018-06-30,2.0,0.02539330879227686,0.02552738249585662,-1.3407370357976234
2018-06-30,5.0,0.02756732550384533,0.027688391319421024,-1.2106581557569385
2018-06-30,10.0,0.028835684446552268,0.02906538701899919,-2.297025724469215
2018-06-30,30.0,0.030448359055484486,0.03010835844366988,3.4000061181460595
2018-07-31,2.0,0.026921363908522622,0.02699185428040418,-0.7049037188155971
2018-07-31,5.0,0.028778942247750683,0.02876288758361012,0.16054664140563446
2018-07-31,10.0,0.029946702774470868,0.02998475444841775,-0.3805167394688169
2018-07-31,30.0,0.03140350882133425,0.031319447828592084,0.8406099274216317
2018-08-31,2.0,0.026401694973609002,0.026544185032900236,-1.424900592912337
2018-08-31,5.0,0.027633124730024994,0.02781069298159755,-1.775682515725574
2018-08-31,10.0,0.028924618418845416,0.028967632629228746,-0.43014210383329754
2018-08-31,30.0,0.03090039877984263,0.03082556450483742,0.748342750052089
2018-09-30,2.0,0.02834122989056631,0.02840596964583697,-0.6473975527065967
2018-09-30,5.0,0.02967796228654085,0.02976847884717948,-0.9051656063863156
2018-09-30,10.0,0.030855750178343966,0.030931744192116195,-0.7599401377222925
2018-09-30,30.0,0.0325962002207274,0.03252783027577677,0.6836994495063031
2018-10-31,2.0,0.028942980277891772,0.029020108985000403,-0.7712870710863129
2018-10-31,5.0,0.030074490178120472,0.0302824621120934,-2.07971933972928
2018-10-31,10.0,0.03193380230825582,0.03203233730207078,-0.9853499381495823
2018-10-31,30.0,0.034958373348447536,0.03490434377102414,0.5402957742339787
2018-11-30,2.0,0.028218511726550544,0.028328840325189564,-1.1032859863902011
2018-11-30,5.0,0.028621119714106413,0.028912068016830217,-2.9094830272380356
2018-11-30,10.0,0.03049322828008072,0.030527699907747285,-0.3447162766656575
2018-11-30,30.0,0.03416307892261483,0.03409743240888896,0.6564651372586994
2018-12-31,2.0,0.024934643617023244,0.025170560517600693,-2.3591690057744863
2018-12-31,5.0,0.025267784880559585,0.02538176823196081,-1.1398335140122562
2018-12-31,10.0,0.027235602618425947,0.027358556675149748,-1.2295405672380078
2018-12-31,30.0,0.03140649619478708,0.03192707512805337,-5.205789332662913
2019-01-31,2.0,0.024638813484777033,0.024752377718040508,-1.1356423326347453
2019-01-31,5.0,0.024440043634494923,0.024709339209625147,-2.6929557513022395
2019-01-31,10.0,0.026635334435881175,0.026552396334501793,0.8293810137938173
2019-01-31,30.0,0.03116924542473809,0.03178158289640609,-6.123374716680008
2019-02-28,2.0,0.025357145219649935,0.02536536197720385,-0.08216757553913823
2019-02-28,5.0,0.025363411357870236,0.025785849280228312,-4.224379223580765
2019-02-28,10.0,0.027656393275215185,0.02764625609278215,0.10137182433034297
2019-02-28,30.0,0.0321984229486616,0.032724029753371076,-5.256068047094775
2019-03-31,2.0,0.02281079905874761,0.022938123600128923,-1.2732454138131288
2019-03-31,5.0,0.022416195690955654,0.022650718229283662,-2.3452253832800807
2019-03-31,10.0,0.024373211150921836,0.024436801519907236,-0.6359036898540005
2019-03-31,30.0,0.029367057101145955,0.029978573532946973,-6.11516431801018
2019-04-30,2.0,0.02281123748377345,0.02281844771098318,-0.07210227209730746
2019-04-30,5.0,0.02293389269434809,0.023141709397507038,-2.078167031589473
2019-04-30,10.0,0.025432786412683983,0.02554379134300655,-1.1100493032256686
2019-04-30,30.0,0.030690009958847853,0.03134419898190366,-6.541890230558067
2019-05-31,2.0,0.019562734613898902,0.019748471413400415,-1.8573679950151245
2019-05-31,5.0,0.01938387721199053,0.019637324677573176,-2.5344746558264575
2019-05-31,10.0,0.021642646543581945,0.021828837593503847,-1.8619104992190216
2019-05-31,30.0,0.02701117499601402,0.027645229501561674,-6.340545055476543
2019-06-30,2.0,0.017555882822998026,0.01778530793495947,-2.2942511196144544
2019-06-30,5.0,0.017679348416578033,0.017859609170476354,-1.802607538983203
2019-06-30,10.0,0.020244819248526724,0.020392134336739476,-1.4731508821275163
2019-06-30,30.0,0.026534787616961486,0.027414034943315624,-8.792473263541378
2019-07-31,2.0,0.01897506567050522,0.0191184615200648,-1.4339584955957996
2019-07-31,5.0,0.018473240791067047,0.018641625491561342,-1.683847004942951
2019-07-31,10.0,0.020405406849396623,0.020414584502965738,-0.09177653569114597
2019-07-31,30.0,0.026632777838957455,0.02740478794899137,-7.720101100339161
2019-08-31,2.0,0.015031653134789602,0.015393274996154283,-3.6162186136468044
2019-08-31,5.0,0.013925250491977348,0.014114684676523215,-1.8943418454586691
2019-08-31,10.0,0.015089386541474958,0.01534047563008789,-2.5108908861293244
2019-08-31,30.0,0.02042236290213295,0.021243496458362765,-8.211335562298139
2019-09-30,2.0,0.016353650238203565,0.0166978770128694,-3.442267746658345
2019-09-30,5.0,0.015545744865105293,0.015764976888176685,-2.192320230713918
2019-09-30,10.0,0.01692383818034937,0.01708327824236311,-1.5944006201373817
2019-09-30,30.0,0.02209615033048551,0.022940169817913914,-8.440194874284046
2019-10-31,2.0,0.015256129431418408,0.015540516708001606,-2.8438727658319785
2019-10-31,5.0,0.015153840160560428,0.015430844213943917,-2.7700405338348943
2019-10-31,10.0,0.01705719303454556,0.017191094487191583,-1.339014526460236
2019-10-31,30.0,0.02266116793967088,0.023342263951900977,-6.81096012230098
2019-11-30,2.0,0.0161651109425458,0.016551483004907608,-3.863720623618061
2019-11-30,5.0,0.01626843782958809,0.016616544271236267,-3.4810644164817717
2019-11-30,10.0,0.01795237293738805,0.01825461533672601,-3.022423993379597
2019-11-30,30.0,0.022962544943526675,0.02339650298986573,-4.339580463390558
2019-12-31,2.0,0.01586131133907709,0.016068735566689085,-2.074242276119964
2019-12-31,5.0,0.01699503221019172,0.017248059747770883,-2.5302753757916463
2019-12-31,10.0,0.01942442637414077,0.01980455870352471,-3.8013232938394204
2019-12-31,30.0,0.024926826288522497,0.025614557045417596,-6.877307568950997
2020-01-31,2.0,0.013333657135523147,0.013506397741597231,-1.7274060607408437
2020-01-31,5.0,0.013241238447461612,0.013343237057675372,-1.0199861021376044
2020-01-31,10.0,0.015236367431794129,0.015405459389596032,-1.6909195780190345
2020-01-31,30.0,0.02074470410681517,0.02188606136118265,-11.41357254367481
2020-02-29,2.0,0.008611629701637868,0.00886203758334747,-2.5040788170960226
2020-02-29,5.0,0.008922269074329803,0.009256579680425592,-3.34310606095789
2020-02-29,10.0,0.011406088988954677,0.011556264088379287,-1.5017509942460983
2020-02-29,30.0,0.01725078399862734,0.01849800760033138,-12.472236017040395
2020-03-31,2.0,0.0023021580963502597,0.002771834515566285,-4.696764192160252
2020-03-31,5.0,0.0037102065875627144,0.004512149141151722,-8.019425535890079
2020-03-31,10.0,0.007081715538743483,0.007888954910701074,-8.07239371957591
2020-03-31,30.0,0.014201071812879107,0.015704032391697487,-15.029605788183797
2020-04-30,2.0,0.0020015760696989737,0.0021613323578750787,-1.5975628817610499
2020-04-30,5.0,0.003611640117977988,0.003990942606767911,-3.7930248878992323
2020-04-30,10.0,0.00646440109616786,0.006985284040375239,-5.208829442073792
2020-04-30,30.0,0.013477734745493075,0.014886719590383013,-14.089848448899378
2020-05-31,2.0,0.001600529882730406,0.0017435181471781025,-1.4298826444769652
2020-05-31,5.0,0.003008131684864912,0.00336665461468888,-3.5852292982396783
2020-05-31,10.0,0.006577853482254481,0.006865459843472976,-2.8760636121849537
2020-05-31,30.0,0.014949931945237749,0.016489474660488224,-15.395427152504748
2020-06-30,2.0,0.0016005999720019037,0.0015942694932606916,0.06330478741212175
2020-06-30,5.0,0.002907655693126898,0.0031981030132661736,-2.9044732013927543
2020-06-30,10.0,0.006684090125584463,0.006845322994902592,-1.6123286931812864
2020-06-30,30.0,0.014947219992248462,0.016465080004609334,-15.178600123608721
2020-07-31,2.0,0.0011003162582503556,0.001132640968032339,-0.3232470978198343
2020-07-31,5.0,0.0021045425367345327,0.002433957300532974,-3.2941476379844126
2020-07-31,10.0,0.005563455228721148,0.0055322466299552175,0.3120859876593052
2020-07-31,30.0,0.012632707290186396,0.013929118096595694,-12.964108064092983
2020-08-31,2.0,0.0014006301759632578,0.0013509117139176574,0.49718462045600376
2020-08-31,5.0,0.002808203268257925,0.0030787294643845886,-2.705261961266636
2020-08-31,10.0,0.007310571845171587,0.007346856623083653,-0.36284777912065636
2020-08-31,30.0,0.01583265736006867,0.01683412323584821,-10.014658757795392
2020-09-30,2.0,0.0013005119682691912,0.0013078545676381559,-0.07342599368964642
2020-09-30,5.0,0.0028080618628891774,0.0029774238568680556,-1.693619939788782
2020-09-30,10.0,0.007001266276721152,0.006916811410449419,0.844548662717326
2020-09-30,30.0,0.01550726372263922,0.016540300356381765,-10.330366337425456
2020-10-31,2.0,0.0014006038753924255,0.0015181512265634023,-1.175473511709768
2020-10-31,5.0,0.003816776596711202,0.004132515389798419,-3.1573879308721686
2020-10-31,10.0,0.008958333825692444,0.009019432143302364,-0.6109831760992002
2020-10-31,30.0,0.0175518489647708,0.0183126573486041,-7.608083838333002
2020-11-30,2.0,0.0016011307879226777,0.0014180044188645269,1.8312636905815083
2020-11-30,5.0,0.0036143977636449165,0.003938736514591312,-3.2433875094639575
2020-11-30,10.0,0.00854209137132611,0.008591698589994978,-0.4960721866886786
2020-11-30,30.0,0.016756224030123557,0.017443389569400836,-6.871655392772791
2020-12-31,2.0,0.0013006584125900833,0.0011566684255417403,1.4398998704834298
2020-12-31,5.0,0.0036156276433090273,0.003907614896146772,-2.919872528377443
2020-12-31,10.0,0.0094883410134603,0.009374669501523991,1.1367151193630853
2020-12-31,30.0,0.01749594591614212,0.018069309704699554,-5.73363788557435
2021-01-31,2.0,0.0011004057183607863,0.0011326409538303661,-0.3223523546957985
2021-01-31,5.0,0.004526748605877984,0.004790437633391598,-2.636890275136139
2021-01-31,10.0,0.01136696658349945,0.011396450332316732,-0.29483748817282773
2021-01-31,30.0,0.019902095746762383,0.020418666056581936,-5.165703098195529
2021-02-28,2.0,0.0014010158118682448,0.0016553686124576306,-2.543528005893858
2021-02-28,5.0,0.007578832419806059,0.007733752162476959,-1.5491974267090036
2021-02-28,10.0,0.01478981440384275,0.015525284194865208,-7.3546979102245835
2021-02-28,30.0,0.02292324775036425,0.023606320438854134,-6.83072688489883
2021-03-31,2.0,0.001601491615194961,0.0016844170393475189,-0.8292542415255788
2021-03-31,5.0,0.009321761421873687,0.00943927154761548,-1.175101257417932
2021-03-31,10.0,0.01797152687789727,0.018682371942360554,-7.1084506446328355
2021-03-31,30.0,0.025487603194830344,0.026275264754641148,-7.876615598108039
2021-04-30,2.0,0.001601672104130536,0.0016854187242654195,-0.8374662013488354
2021-04-30,5.0,0.008704165239025619,0.008806551502817506,-1.0238626379188709
2021-04-30,10.0,0.01701533967105573,0.017556332053835,-5.409923827792706
2021-04-30,30.0,0.02429540683012177,0.025194140478170146,-8.987336480483776
2021-05-31,2.0,0.0014012350493399772,0.001420007256876188,-0.18772207536210672
2021-05-31,5.0,0.0079896715450265,0.008078456046720861,-0.8878450169436114
2021-05-31,10.0,0.01628825867160333,0.016946998324605778,-6.587396530024492
2021-05-31,30.0,0.023837430992296627,0.024607897111403654,-7.704661191070272
2021-06-30,2.0,0.0025041332428550334,0.0025602719126658346,-0.5613866981080129
2021-06-30,5.0,0.008793500405938515,0.008887259255204949,-0.937588492664343
2021-06-30,10.0,0.01484641032445766,0.015420690477262022,-5.742801528043628
2021-06-30,30.0,0.021543934906973705,0.022567887117670882,-10.239522106971766
2021-07-31,2.0,0.0019022356184026368,0.0019358713842245745,-0.33635765821937724
2021-07-31,5.0,0.006959692722304567,0.007134328926037492,-1.746362037329252
2021-07-31,10.0,0.012670568544488336,0.013132483467544809,-4.619149230564723
2021-07-31,30.0,0.01980923933414447,0.020904500961159034,-10.952616270145654
2021-08-31,2.0,0.002002491184418087,0.002212443849971102,-2.0995266555301484
2021-08-31,5.0,0.007774190636667733,0.00791516056413255,-1.4096992746481796
2021-08-31,10.0,0.013281045696492466,0.01369391436538514,-4.1286866889267415
2021-08-31,30.0,0.02007904241442704,0.02106173236081399,-9.826899463869498
2021-09-30,2.0,0.0028051036816036934,0.002904209067781993,-0.9910538617829978
2021-09-30,5.0,0.009917661066750405,0.01003400641078045,-1.1634534403004437
2021-09-30,10.0,0.015549933223380608,0.016037237939606097,-4.873047162254895
2021-09-30,30.0,0.021696070377472232,0.022601632414740003,-9.055620372677708
2021-10-31,2.0,0.004815208039329999,0.004881877723677208,-0.6666968434720921
2021-10-31,5.0,0.011949568121215615,0.011962990961073228,-0.13422839857613056
2021-10-31,10.0,0.015779963586865176,0.016473211424308243,-6.932478374430673
2021-10-31,30.0,0.019734561881487922,0.02090041735132231,-11.65855469834387
2021-11-30,2.0,0.005215916735217485,0.005490015202737952,-2.740984675204672
2021-11-30,5.0,0.01152458150472535,0.01168069266903804,-1.561111643126889
2021-11-30,10.0,0.014507986930012207,0.015179049109391718,-6.710621793795113
2021-11-30,30.0,0.01811849220346784,0.019534346481041354,-14.158542775735139
2021-12-31,2.0,0.00732924100214527,0.007579580692814281,-2.503396906690103
2021-12-31,5.0,0.012731237574385768,0.012779974703380548,-0.4873712899478022
2021-12-31,10.0,0.015412636550528047,0.016034189832464296,-6.21553281936249
2021-12-31,30.0,0.019415211432026513,0.02086468646200923,-14.494750299827164
2022-01-31,2.0,0.011866018907995546,0.01186382344724679,0.02195460748755096
2022-01-31,5.0,0.016367344660392247,0.01645898089896214,-0.9163623856989211
2022-01-31,10.0,0.018108927421670806,0.018904468907133598,-7.955414854627918
2022-01-31,30.0,0.021457961442749696,0.02286549767305779,-14.07536230308093
2022-02-28,2.0,0.01449302271633468,0.014714203562655515,-2.2118084632083423
2022-02-28,5.0,0.017238329026001864,0.017592964741173445,-3.5463571517158066
2022-02-28,10.0,0.01846781541045517,0.01919795565424187,-7.301402437867033
2022-02-28,30.0,0.022034295884442834,0.024118251571191518,-20.83955686748684
2022-03-31,2.0,0.02303186608460739,0.023436415892128748,-4.045498075213594
2022-03-31,5.0,0.02440400813441812,0.024781070478752776,-3.7706234433465546
2022-03-31,10.0,0.02328046293844288,0.023921639742229273,-6.411768037863919
2022-03-31,30.0,0.024342407718648262,0.026431270451016564,-20.888627323683018
2022-04-30,2.0,0.027299632557610254,0.027556855831546656,-2.572232739364022
2022-04-30,5.0,0.02952141503702732,0.02975921184071173,-2.3779680368440914
2022-04-30,10.0,0.029115679759987856,0.029915747137292836,-8.000673773049805
2022-04-30,30.0,0.029426944358952767,0.03197970379431303,-25.527594353602634
2022-05-31,2.0,0.0255397732072411,0.025543791292148788,-0.040180849076865144
2022-05-31,5.0,0.028413904528712175,0.02874539840213619,-3.314938734240158
2022-05-31,10.0,0.028772627540814,0.02966550801602308,-8.928804752090791
2022-05-31,30.0,0.030671468398154378,0.03437253862146217,-37.01070223307789
2022-06-30,2.0,0.02944411557397375,0.030251554404470138,-8.074388304963875
2022-06-30,5.0,0.030363220360458465,0.030409194951488194,-0.4597459102972934
2022-06-30,10.0,0.02998587886343529,0.03147003172000584,-14.84152856570553
2022-06-30,30.0,0.03116045425477698,0.03414086512121184,-29.804108664348572
2022-07-31,2.0,0.029096412574968644,0.02946783121606389,-3.714186410952447
2022-07-31,5.0,0.027107798977054065,0.027505479273179922,-3.9768029612585742
2022-07-31,10.0,0.02680976875297514,0.02743869358758544,-6.289248346103005
2022-07-31,30.0,0.03009989429207316,0.03449667077387697,-43.967764818038106
2022-08-31,2.0,0.034795497071966164,0.03522107195425206,-4.255748822858951
2022-08-31,5.0,0.033183265858692135,0.033704549745150025,-5.212838864578906
2022-08-31,10.0,0.031549281744178925,0.03249169269014485,-9.424109459659213
2022-08-31,30.0,0.03227706904488126,0.0366631031072473,-43.8603406236604
2022-09-30,2.0,0.04269397885399395,0.04379279756772303,-10.988187137290772
2022-09-30,5.0,0.04090505210051898,0.04135317788963633,-4.481257891173485
2022-09-30,10.0,0.03833026987578103,0.03952824534932531,-11.979754735442771
2022-09-30,30.0,0.036991753399790106,0.04108558451014077,-40.93831110350665
2022-10-31,2.0,0.045574320349655695,0.04634485437250535,-7.70534022849656
2022-10-31,5.0,0.04299283076247096,0.04333884644230923,-3.460156798382741
2022-10-31,10.0,0.04113443923541227,0.0427662106185287,-16.317713831164316
2022-10-31,30.0,0.04181267743695338,0.045979743733841616,-41.67066296888233
2022-11-30,2.0,0.04419032407903334,0.04444746086729534,-2.5713678826200237
2022-11-30,5.0,0.03826927926238488,0.038960817849168716,-6.915385867838353
2022-11-30,10.0,0.036834481952896514,0.03746890335121589,-6.344213983193736
2022-11-30,30.0,0.037707637932786975,0.04039037156666292,-26.827336338759444
2022-12-31,2.0,0.04450258068729873,0.045317848068137545,-8.152673808388133
2022-12-31,5.0,0.040060741896175145,0.040604714059724545,-5.439721635493999
2022-12-31,10.0,0.03891163050013513,0.03946691499211297,-5.552844919778366
2022-12-31,30.0,0.039480683773777336,0.04112826989415019,-16.47586120372857
2023-01-31,2.0,0.04242211661728423,0.04293723830095675,-5.151216836725148
2023-01-31,5.0,0.036348240491284045,0.03654700334140748,-1.9876285012343509
2023-01-31,10.0,0.03524709457692632,0.03563627884752418,-3.891842705978643
2023-01-31,30.0,0.036494347962528595,0.03795974221674148,-14.653942542128817
2023-02-28,2.0,0.04861033099131484,0.04888636859946871,-2.7603760815386735
2023-02-28,5.0,0.041894344598983,0.04212406443411809,-2.297198351350893
2023-02-28,10.0,0.03910158508855033,0.040441351943878656,-13.397668553283282
2023-02-28,30.0,0.03886442089349473,0.04121572834202469,-23.5130744852996
2023-03-31,2.0,0.04086062379290101,0.041635422843308234,-7.747990504072266
2023-03-31,5.0,0.036083544537973467,0.03644439026750779,-3.6084572953432037
2023-03-31,10.0,0.03485490898102994,0.03584446266134478,-9.895536803148364
2023-03-31,30.0,0.036767440557625486,0.039475230760696034,-27.07790203070548
2023-04-30,2.0,0.04061761668830255,0.041602091043088985,-9.844743547864354
2023-04-30,5.0,0.03513353438267108,0.0354695548282733,-3.3602044560221422
2023-04-30,10.0,0.03447895718821048,0.035339093883577144,-8.601366953666645
2023-04-30,30.0,0.0368845200989929,0.03936920969432478,-24.846895953318793
2023-05-31,2.0,0.04426988634427165,0.04494055643022299,-6.706700859513415
2023-05-31,5.0,0.03739964676440066,0.03779990872393513,-4.0026195953446475
2023-05-31,10.0,0.03645234775185391,0.03754152871630878,-10.891809644548722
2023-05-31,30.0,0.03853190731542777,0.04047568707501936,-19.437797595915907
2023-06-30,2.0,0.04913842579724226,0.049669129764056796,-5.307039668145386
2023-06-30,5.0,0.04131789043154832,0.04156980187875137,-2.5191144720304592
2023-06-30,10.0,0.03791178131493944,0.03906575819116953,-11.539768762300895
2023-06-30,30.0,0.0379461499088205,0.040993973009669116,-30.478231008486123
2023-07-31,2.0,0.04924628107775941,0.04969747121316814,-4.5119013540873
2023-07-31,5.0,0.04184900763093924,0.0420636229911997,-2.146153602604617
2023-07-31,10.0,0.03965544843422908,0.040575577535644,-9.201291014149238
2023-07-31,30.0,0.03972595619800412,0.042374204225156475,-26.482480271523556
2023-08-31,2.0,0.04893457505386345,0.049356374966166294,-4.217999123028449
2023-08-31,5.0,0.04238345649721009,0.04281939305141069,-4.359365542006
2023-08-31,10.0,0.04094312027497016,0.041880235932087784,-9.371156571176265
2023-08-31,30.0,0.04169492608582859,0.04318340053519698,-14.884744493683932
2023-09-30,2.0,0.050801960613326314,0.051381485636478264,-5.7952502315195
2023-09-30,5.0,0.046252616305571204,0.04680220699813642,-5.495906925652161
2023-09-30,10.0,0.04625949966943477,0.04767141350074389,-14.119138313091195
2023-09-30,30.0,0.04712112425326409,0.04976360423702286,-26.42479983758772
2023-10-31,2.0,0.05122673473782169,0.05149083499705265,-2.6410025923095937
2023-10-31,5.0,0.048615738601544445,0.04890524872402402,-2.8951012247957486
2023-10-31,10.0,0.04936000496102433,0.05080758803362362,-14.4758307259929
2023-10-31,30.0,0.05043051298447643,0.05190204830049838,-14.715353160219546
2023-11-30,2.0,0.04772782872123149,0.04787153785198961,-1.4370913075811842
2023-11-30,5.0,0.043319940882625696,0.04378027212930502,-4.603312466793241
2023-11-30,10.0,0.04409602831856896,0.04536384306533492,-12.678147467659606
2023-11-30,30.0,0.04536884445887135,0.04678859865789997,-14.197541990286222
2023-12-31,2.0,0.04258513475993042,0.04303214990805482,-4.470151481243967
2023-12-31,5.0,0.03854345526009584,0.0390044551198947,-4.609998597988607
2023-12-31,10.0,0.03909304084660725,0.03985782803919746,-7.6478719259021055
2023-12-31,30.0,0.040257057382117045,0.04280062247127159,-25.435650891545425
2024-01-31,2.0,0.0430177294567855,0.04304675246037126,-0.2902300358575971
2024-01-31,5.0,0.039282056285210754,0.03955215477392571,-2.700984887149538
2024-01-31,10.0,0.04029317664526455,0.040886756152212156,-5.9357950694760575
2024-01-31,30.0,0.042582520479942376,0.04508476817739204,-25.022476974496666
2024-02-29,2.0,0.04682134172362651,0.04702938772527254,-2.0804600164603393
2024-02-29,5.0,0.042827542276266506,0.04308951825391483,-2.6197597764832103
2024-02-29,10.0,0.04280271490644649,0.043566319104452855,-7.636041980063624
2024-02-29,30.0,0.04389129452569018,0.04557816462037234,-16.86870094682158
2024-03-31,2.0,0.046289027065881116,0.04703985807150146,-7.508310056203449
2024-03-31,5.0,0.04230271797429985,0.042621276188429036,-3.1855821412918317
2024-03-31,10.0,0.0423127920041233,0.042703646522833205,-3.908545187099044
2024-03-31,30.0,0.04361017808023204,0.04536802452907018,-17.578464488381407
2024-04-30,2.0,0.05096102478695563,0.051069271701308594,-1.0824691435296074
2024-04-30,5.0,0.04755322304584264,0.04781181087656705,-2.585878307244105
2024-04-30,10.0,0.04729981417304674,0.04750484698838586,-2.0503281533912343
2024-04-30,30.0,0.04806295425117124,0.049018536608322005,-9.555823571507638
2024-05-31,2.0,0.049400206995438456,0.04941514056858609,-0.14933573147635215
2024-05-31,5.0,0.04548231307701389,0.045716190047579985,-2.338769705660937
2024-05-31,10.0,0.04547566215739418,0.046041458359285414,-5.6579620189123325
2024-05-31,30.0,0.04690510799293923,0.048504643439492456,-15.995354465532241
2024-06-30,2.0,0.04753613577233984,0.047902974469671955,-3.6683869733211694
2024-06-30,5.0,0.04352939326101457,0.04380532315644725,-2.7592989543268054
2024-06-30,10.0,0.044009230344892014,0.04431169152258119,-3.024611776891728
2024-06-30,30.0,0.04542558951876696,0.046774990494570456,-13.494009758034942
2024-07-31,2.0,0.04322845566063327,0.04351205506673672,-2.835994061034519
2024-07-31,5.0,0.0399077221397397,0.04000341832620524,-0.9569618646554368
2024-07-31,10.0,0.041399178290047134,0.041622923293231695,-2.2374500318456114
2024-07-31,30.0,0.04414510358294277,0.046046688579652884,-19.01584996710115
2024-08-31,2.0,0.039350878650200816,0.039697702263680634,-3.468236134798186
2024-08-31,5.0,0.03731462193559709,0.03779679532887892,-4.821733932818262
2024-08-31,10.0,0.039661689700565494,0.039923341146005153,-2.61651445439659
2024-08-31,30.0,0.04275794054865534,0.045320984026385736,-25.63043477730398
2024-09-30,2.0,0.03684878116209522,0.03689637854794947,-0.47597385854247776
2024-09-30,5.0,0.03606820773675112,0.03635940531193649,-2.911975751853646
2024-09-30,10.0,0.038724087568845045,0.038766550340809,-0.4246277196395809
2024-09-30,30.0,0.04239579209590816,0.04480785740612281,-24.120653102146505
2024-10-31,2.0,0.041997610856392864,0.04211260113245752,-1.1499027606465262
2024-10-31,5.0,0.04192738112298233,0.04208654864308681,-1.591675201044751
2024-10-31,10.0,0.0434336464594729,0.043931631242034364,-4.979847825614669
2024-10-31,30.0,0.04514576229013745,0.04724823973654568,-21.024774464082352
2024-11-30,2.0,0.04167939877732629,0.04243362124816641,-7.542224708401157
2024-11-30,5.0,0.04084862850208659,0.0410949543225656,-2.4632582047900975
2024-11-30,10.0,0.04238653030796691,0.04282877846818267,-4.422481602157635
2024-11-30,30.0,0.044093062873451716,0.04552170492390828,-14.286420504565633
2024-12-31,2.0,0.04296946454494521,0.043179227809940324,-2.097632649951109
2024-12-31,5.0,0.044377079621567006,0.044474616854304205,-0.9753723273719928
2024-12-31,10.0,0.04666374970070786,0.04699483632557877,-3.3108662487091323
2024-12-31,30.0,0.04854517646719936,0.04956941593321096,-10.242394660116005
2025-01-31,2.0,0.042651549235947384,0.04286214952302769,-2.106002870803092
2025-01-31,5.0,0.0441608170041532,0.04438688467129159,-2.2606766713839654
2025-01-31,10.0,0.046686651670361456,0.04704928147262932,-3.6262980226786645
2025-01-31,30.0,0.04936655878764795,0.051042995297972515,-16.764365103245638
2025-02-28,2.0,0.04026855747862168,0.040485051398342575,-2.1649391972089482
2025-02-28,5.0,0.04072210327517056,0.04096898945412075,-2.468861789501897
2025-02-28,10.0,0.0431300507559198,0.043514142092933916,-3.8409133701411413
2025-02-28,30.0,0.04613730167898167,0.04797213834837,-18.34836669388329
2025-03-31,2.0,0.039236885923270126,0.039519929156627276,-2.8304323335714976
2025-03-31,5.0,0.040023234792148754,0.040135507147795346,-1.122723556465921
2025-03-31,10.0,0.043124481638463275,0.04349014154367303,-3.6565990520975866
2025-03-31,30.0,0.0472794868503541,0.04885280477269749,-15.733179223433869
2025-04-30,2.0,0.03625655861628374,0.03654285716168659,-2.8629854540285216
2025-04-30,5.0,0.037603191311484485,0.03780198432582815,-1.987930143436678
2025-04-30,10.0,0.042768239351573145,0.04318340053519698,-4.151611836238356
2025-04-30,30.0,0.048510809303974334,0.0497195150915235,-12.087057875491691
2025-05-31,2.0,0.039216443690607505,0.039718496425666716,-5.020527350592108
2025-05-31,5.0,0.0400234545812892,0.04035187783505334,-3.2842325376414294
2025-05-31,10.0,0.04523381599648868,0.04577056870329521,-5.367527068065314
2025-05-31,30.0,0.051378034685988005,0.052113501862578016,-7.3546717659001
2025-06-30,2.0,0.03747882500791433,0.037764624126879864,-2.857991189655351
2025-06-30,5.0,0.03829392805683396,0.03845185175529919,-1.5792369846523435
2025-06-30,10.0,0.04350010448500785,0.04383872546122225,-3.386209762143988
2025-06-30,30.0,0.049982024946002124,0.05099569942734905,-10.136744813469267
2025-07-31,2.0,0.039741070444422766,0.03989734338744988,-1.562729430271137
2025-07-31,5.0,0.04000826792333578,0.04012406572014471,-1.1579779680892521
2025-07-31,10.0,0.044773517884607594,0.045072227235419815,-2.987093508122207
2025-07-31,30.0,0.0511293570613649,0.051724291875176576,-5.949348138116761
2025-08-31,2.0,0.03616427840998493,0.03667968984959069,-5.154114396057619
2025-08-31,5.0,0.03717591341610249,0.03748239053462599,-3.06477118523496
2025-08-31,10.0,0.04353341606393779,0.04381784889547946,-2.8443283154167
2025-08-31,30.0,0.05242626438164333,0.0525196960647345,-0.9343168309117189
2025-09-30,2.0,0.03630049573539962,0.03658950263977423,-2.890069043746113
2025-09-30,5.0,0.03782648276308165,0.037895390707641585,-0.6890794455993721
2025-09-30,10.0,0.04264061280575482,0.04300190241429824,-3.6128960854342473
2025-09-30,30.0,0.0496946208606317,0.05036529114908839,-6.706702884566873
2025-10-31,2.0,0.03629907965405543,0.0364827394194025,-1.8365976534706618
2025-10-31,5.0,0.03750437173862875,0.03759029431414085,-0.8592257551209848
2025-10-31,10.0,0.04208694330473506,0.04253161461417965,-4.446713094445887
2025-10-31,30.0,0.04900768339938266,0.04951693877435437,-5.092553749717066
2025-11-30,2.0,0.03496726246973325,0.035519258559784994,-5.519960900517429
2025-11-30,5.0,0.03627481099460339,0.03643506230997118,-1.6025131536778758
2025-11-30,10.0,0.04119403300322699,0.04183439421023194,-6.403612070049469
2025-11-30,30.0,0.049445949702391134,0.04970481912118441,-2.5886941879327274
2025-12-31,2.0,0.03499416718360049,0.03532666988899469,-3.325027053941998
2025-12-31,5.0,0.03778074635266848,0.037788492987725686,-0.07746635057204188
2025-12-31,10.0,0.042916173625516585,0.04348701107794417,-5.708374524275861
2025-12-31,30.0,0.05135336418186354,0.05234920168438961,-9.958375025260757
2026-01-31,2.0,0.035512079735827706,0.03565906309628453,-1.4698336045682048
2026-01-31,5.0,0.038404937930895056,0.03863048083546161,-2.255429045665558
2026-01-31,10.0,0.04378113158958197,0.04419891195010317,-4.177803605212027
2026-01-31,30.0,0.051549542265861614,0.05261442710021291,-10.648848343512984
2026-02-28,2.0,0.03406096442176931,0.03429186070992918,-2.308962881598653
2026-02-28,5.0,0.03547262865440448,0.035681847846303905,-2.092191918994235
2026-02-28,10.0,0.040716866218872605,0.04127299678195118,-5.561305630785718
2026-02-28,30.0,0.04931123955290029,0.04966493109593495,-3.536915430346621
2026-03-31,2.0,0.03828133460935734,0.03830544036644712,-0.24105757089776247
2026-03-31,5.0,0.039673407211221035,0.03997117871995348,-2.977715087324473
2026-03-31,10.0,0.04402426203939158,0.044630255166981714,-6.05993127590132
2026-03-31,30.0,0.051182488523939584,0.051424593161087495,-2.4210463714791075
2026-04-30,2.0,0.03921287942807239,0.03886108239803354,3.5179703003884732
2026-04-30,5.0,0.04070404781803272,0.04100854702730916,-3.0449920927644314
2026-04-30,10.0,0.04507534152917958,0.04566076855818979,-5.854270290102104
2026-04-30,30.0,0.05232613164108568,0.05290604168327473,-5.7991004218904685
2026-05-31,2.0,0.04024044277556893,0.04012614597035635,1.1429680521257701
2026-05-31,5.0,0.04181699129079153,0.04231479058882037,-4.977992980288448
2026-05-31,10.0,0.04551199835261843,0.0462956773200196,-7.8367896740116905
2026-05-31,30.0,0.05228141876053316,0.053216694784651075,-9.352760241179148
2026-06-30,2.0,0.0418654154094682,0.04154272141595006,3.2269399351814165
2026-06-30,5.0,0.04238582209615016,0.04271198818537214,-3.2616608922197976
2026-06-30,10.0,0.045280484880907856,0.045933721637611,-6.532367567031461
2026-06-30,30.0,0.05098842716070484,0.052108241308219894,-11.198141475150525
2026-07-31,2.0,0.04331328543454083,0.04301128947366162,3.019959608792089
2026-07-31,5.0,0.04512157557276586,0.045418203398530865,-2.966278257650057
2026-07-31,10.0,0.04859511260858285,0.04953583024927499,-9.407176406921458
2026-07-31,30.0,0.05507362237624025,0.05617828338802866,-11.046610117884104
2026-08-31,2.0,0.04392584902243324,0.043550665727067006,3.7518329536623263
2026-08-31,5.0,0.045515444262814064,0.045847958588769666,-3.325143259556018
2026-08-31,10.0,0.0485147049779302,0.04944452460389659,-9.298196259663882
2026-08-31,30.0,0.05490327792324701,0.056044157263227534,-11.408793399805273
